query_target_class,decoy_reference_class,molecule_chembl_id,canonical_smiles,decoy_label,mw,logp,scaffold_smiles
70S_ribosome,DHFR,CHEMBL353764,Nc1nc(N)c2c(ccc3[nH]ccc32)n1,cross_target_decoy_not_inactive,199.217,1.2755,c1ncc2c(ccc3[nH]ccc32)n1
70S_ribosome,LpxC,CHEMBL324231,CCCc1cccc(C2=N[C@@H](C(=O)NO)CO2)c1,cross_target_decoy_not_inactive,248.28199999999995,1.2899,c1ccc(C2=NCCO2)cc1
70S_ribosome,FabI,CHEMBL4211939,O=C(Cc1ccccc1Cl)N1CCC(c2ccc3c(c2)OCO3)C1,cross_target_decoy_not_inactive,343.8100000000001,3.6273000000000026,O=C(Cc1ccccc1)N1CCC(c2ccc3c(c2)OCO3)C1
70S_ribosome,LpxC,CHEMBL321146,CCOc1cc(C2=NC(C(=O)NO)CO2)ccc1F,cross_target_decoy_not_inactive,268.24399999999997,0.8752,c1ccc(C2=NCCO2)cc1
70S_ribosome,MurC,CHEMBL4474283,O=C(O)c1ccc(C(=O)N2CCc3c(c(=O)oc4ccccc34)C2)cc1,cross_target_decoy_not_inactive,349.342,2.689700000000001,O=C(c1ccccc1)N1CCc2c(c(=O)oc3ccccc23)C1
70S_ribosome,MurC,CHEMBL199457,COc1ccc(C2=C(O)O/C(=C\c3cccc4ccccc34)C2=O)cc1,cross_target_decoy_not_inactive,344.3660000000001,4.715400000000003,O=C1C(=Cc2cccc3ccccc23)OC=C1c1ccccc1
70S_ribosome,LpxC,CHEMBL2012185,CC(CO)(OCc1ccc(-c2ccccc2)cc1)C(=O)NO,cross_target_decoy_not_inactive,301.34200000000004,2.1266,c1ccc(-c2ccccc2)cc1
70S_ribosome,FabI,CHEMBL111031,CN(Cc1cc2ccccc2n1C)C(=O)/C=C/c1cnc(N)nc1,cross_target_decoy_not_inactive,321.384,2.2222999999999997,O=C(C=Cc1cncnc1)NCc1cc2ccccc2[nH]1
70S_ribosome,MurC,CHEMBL4538051,O=C(O)c1ccc(C(=O)N2CCc3c(c(=O)[nH]c4ccccc34)C2)cc1,cross_target_decoy_not_inactive,348.358,2.4248000000000003,O=C(c1ccccc1)N1CCc2c(c(=O)[nH]c3ccccc23)C1
70S_ribosome,DHFR,CHEMBL58038,COc1cc(Cc2cnc(N)nc2N)cc2c1NCCC2C,cross_target_decoy_not_inactive,299.3780000000001,2.1594999999999995,c1ncc(Cc2ccc3c(c2)CCCN3)cn1
70S_ribosome,FabI,CHEMBL2178284,CCc1cc(O)c(Oc2ccc(C(N)=O)cc2F)cc1F,cross_target_decoy_not_inactive,293.26899999999995,3.1240000000000006,c1ccc(Oc2ccccc2)cc1
70S_ribosome,DHFR,CHEMBL58744,Cc1ccnc2c(N)cc(Cc3cnc(N)nc3N)cc12,cross_target_decoy_not_inactive,280.335,1.6706199999999995,c1cnc2ccc(Cc3cncnc3)cc2c1
70S_ribosome,FabI,CHEMBL5527934,Cn1c(C2CC(=O)N(c3cccc4ccccc34)C2)nc2ccccc21,cross_target_decoy_not_inactive,341.4140000000001,4.247000000000003,O=C1CC(c2nc3ccccc3[nH]2)CN1c1cccc2ccccc12
70S_ribosome,DHPS,CHEMBL160727,Nc1nc(O)c(N=O)c(NCCCOc2ccc(O)cc2)n1,cross_target_decoy_not_inactive,305.2939999999999,1.7488999999999997,c1ccc(OCCCNc2ccncn2)cc1
70S_ribosome,DHFR,CHEMBL60636,CC1CC(C)c2cc(Cc3cnc(N)nc3N)cc(Cl)c2N1,cross_target_decoy_not_inactive,317.824,3.1928,c1ncc(Cc2ccc3c(c2)CCCN3)cn1
70S_ribosome,FabI,CHEMBL488937,Cc1c(N)cccc1Cn1ccc(OCCc2cccs2)cc1=O,cross_target_decoy_not_inactive,340.448,3.470220000000002,O=c1cc(OCCc2cccs2)ccn1Cc1ccccc1
70S_ribosome,D-Ala-D-Ala,CHEMBL28,O=c1cc(-c2ccc(O)cc2)oc2cc(O)cc(O)c12,cross_target_decoy_not_inactive,270.24,2.576800000000001,O=c1cc(-c2ccccc2)oc2ccccc12
70S_ribosome,LpxC,CHEMBL3647087,CC(CCc1ccc(-c2cccc(F)c2)cc1)(C(=O)NO)S(C)(=O)=O,cross_target_decoy_not_inactive,365.42600000000004,2.734000000000001,c1ccc(-c2ccccc2)cc1
70S_ribosome,LpxH,CHEMBL3672344,CC(CN)c1ccc(-c2c(O)ccc3[nH]c(=O)c4sccc4c23)cc1Cl,cross_target_decoy_not_inactive,384.88800000000003,4.831000000000003,O=c1[nH]c2cccc(-c3ccccc3)c2c2ccsc12
70S_ribosome,LpxC,CHEMBL3647079,CC(CCc1ccc(OCCC2CC2)cc1)(C(=O)NO)S(C)(=O)=O,cross_target_decoy_not_inactive,355.456,2.1068,c1ccc(OCCC2CC2)cc1
70S_ribosome,FtsZ,CHEMBL3416826,O=C1NC(=S)S/C1=C/c1ccc(-c2cccc(C(F)(F)F)c2)o1,cross_target_decoy_not_inactive,355.3620000000001,4.454200000000001,O=C1NC(=S)SC1=Cc1ccc(-c2ccccc2)o1
70S_ribosome,MurA,CHEMBL199929,O=C1O/C(=C\c2ccc(-c3ccccc3)cc2)C(O)=C1c1ccc2ccccc2c1,cross_target_decoy_not_inactive,390.4380000000001,6.373800000000005,O=C1OC(=Cc2ccc(-c3ccccc3)cc2)C=C1c1ccc2ccccc2c1
70S_ribosome,FabI,CHEMBL5768692,O=C1CCc2cc(/C=C/C(=O)N3CC4C=C(c5ccsc5)CC4C3)cnc2N1,cross_target_decoy_not_inactive,391.4960000000001,3.6029000000000018,O=C1CCc2cc(C=CC(=O)N3CC4C=C(c5ccsc5)CC4C3)cnc2N1
70S_ribosome,FtsZ,CHEMBL1926723,CCOC(=O)Nc1cc(NCCN(C)C)c2nc(-c3ccco3)c(-c3ccco3)nc2n1,cross_target_decoy_not_inactive,436.47200000000015,4.086700000000003,c1coc(-c2nc3cccnc3nc2-c2ccco2)c1
70S_ribosome,DHPS,CHEMBL158792,CS(=O)(=O)c1ccc(OCCCNc2nc(N)nc(O)c2N=O)cc1,cross_target_decoy_not_inactive,367.38700000000006,1.4467999999999999,c1ccc(OCCCNc2ccncn2)cc1
70S_ribosome,FtsZ,CHEMBL1926715,CCOC(=O)Nc1cc(NC(C)CCCN(CC)CC)c2nc(CC)c(CC)nc2n1,cross_target_decoy_not_inactive,430.59700000000026,4.640400000000004,c1cnc2nccnc2c1
70S_ribosome,MurC,CHEMBL89482,Oc1c2c(nn1-c1cc(C(F)(F)F)cc(C(F)(F)F)c1)CCS2,cross_target_decoy_not_inactive,354.27500000000003,4.263700000000001,c1ccc(-n2cc3c(n2)CCS3)cc1
70S_ribosome,Gyr,CHEMBL383497,NCc1ccc(-c2cc3c(cc2F)c(=O)c2c(=O)[nH]sc2n3C2CC2)cc1,cross_target_decoy_not_inactive,381.4320000000001,3.5042000000000018,O=c1[nH]sc2c1c(=O)c1ccc(-c3ccccc3)cc1n2C1CC1
70S_ribosome,FabI,CHEMBL5808519,O=C1CCc2cc(/C=C/C(=O)N3CCC(c4cccc(O)c4)CC3)cnc2N1,cross_target_decoy_not_inactive,377.4440000000001,3.0913000000000013,O=C1CCc2cc(C=CC(=O)N3CCC(c4ccccc4)CC3)cnc2N1
70S_ribosome,FabI,CHEMBL5836482,Cc1ccc(C2=CC3CN(C(=O)/C=C/c4cnc5c(c4)CCC(=O)N5)CC3C2)o1,cross_target_decoy_not_inactive,389.4550000000002,3.442820000000001,O=C1CCc2cc(C=CC(=O)N3CC4C=C(c5ccco5)CC4C3)cnc2N1
70S_ribosome,FabI,CHEMBL5556257,Cc1c(N2CC(c3nc4ccccc4n3C)CC2=O)cccc1C(F)(F)F,cross_target_decoy_not_inactive,373.37800000000004,4.421020000000004,O=C1CC(c2nc3ccccc3[nH]2)CN1c1ccccc1
70S_ribosome,DHFR,CHEMBL3234117,CCc1nc(N)nc(N)c1C#CC(C)c1ccc(-c2ccncc2)cc1OC,cross_target_decoy_not_inactive,373.4600000000001,3.4292000000000025,C(#Cc1cncnc1)Cc1ccc(-c2ccncc2)cc1
70S_ribosome,TopoIV,CHEMBL3329317,CCNC(=O)Nc1cc(Nc2ccc(O)cc2)c(C(=O)Nc2cccnc2)cn1,cross_target_decoy_not_inactive,392.4190000000001,3.3195000000000006,O=C(Nc1cccnc1)c1cnccc1Nc1ccccc1
70S_ribosome,FabI,CHEMBL5986792,O=C1CCc2cc(/C=C/C(=O)N3CC4CC(n5nccn5)CC4C3)cnc2N1,cross_target_decoy_not_inactive,378.4360000000001,1.6806999999999996,O=C1CCc2cc(C=CC(=O)N3CC4CC(n5nccn5)CC4C3)cnc2N1
70S_ribosome,GyrB,CHEMBL3736246,CCNC(=O)Nc1cn(-c2ncc(OC)cn2)c2cc(-c3cccnc3)cnc12,cross_target_decoy_not_inactive,389.4190000000001,3.0275000000000016,c1cnc(-n2ccc3ncc(-c4cccnc4)cc32)nc1
70S_ribosome,DHFR,CHEMBL575009,COc1cc(-c2cc(C)cc(C)c2)cc([C@H](C)C#Cc2c(C)nc(N)nc2N)c1,cross_target_decoy_not_inactive,386.49900000000014,4.397060000000002,C(#Cc1cncnc1)Cc1cccc(-c2ccccc2)c1
70S_ribosome,PBP2a,CHEMBL4743698,CN1CCN(CCCOc2ccc(-c3nn(C)c4nc(N)ncc34)cc2F)CC1,cross_target_decoy_not_inactive,399.47400000000016,1.7678999999999996,c1ncc2c(-c3ccc(OCCCN4CCNCC4)cc3)n[nH]c2n1
70S_ribosome,LpxC,CHEMBL3828313,O=C(NO)[C@@H]1CN(c2ccc(C#Cc3ccc(CN4CCOCC4)cc3)cc2)C(=O)O1,cross_target_decoy_not_inactive,421.45300000000026,1.7491999999999994,O=C1OCCN1c1ccc(C#Cc2ccc(CN3CCOCC3)cc2)cc1
70S_ribosome,MurC,CHEMBL199553,O=C1O/C(=C\c2cccc(C(F)(F)F)c2)C(O)=C1c1ccc(-c2ccccc2)c(F)c1,cross_target_decoy_not_inactive,426.36500000000007,6.378500000000004,O=C1OC(=Cc2ccccc2)C=C1c1ccc(-c2ccccc2)cc1
70S_ribosome,TopoIV,CHEMBL4536608,O=c1cc(NC[C@H](O)CN2CCN(c3nccc4ccc(F)cc34)CC2)c2ccccc2o1,cross_target_decoy_not_inactive,448.4980000000002,3.075300000000002,O=c1cc(NCCCN2CCN(c3nccc4ccccc34)CC2)c2ccccc2o1
70S_ribosome,Gyr,CHEMBL3898662,O=C(O)C(=O)Nc1nc2ccc(NC(=O)c3cc(Br)c(Br)[nH]3)cc2s1,cross_target_decoy_not_inactive,488.1170000000001,3.4248000000000003,O=C(Nc1ccc2ncsc2c1)c1ccc[nH]1
70S_ribosome,Gyr,CHEMBL2158040,COc1ccc2nccc([C@H](O)CC[C@@H]3CCN(CCSc4ccc[se]4)C[C@@H]3C(=O)O)c2c1,cross_target_decoy_not_inactive,533.5520000000001,3.929000000000002,c1c[se]c(SCCN2CCC(CCCc3ccnc4ccccc34)CC2)c1
70S_ribosome,LpxC,CHEMBL4094466,C[C@@H](O)[C@H](N[C@H]1CCc2cc(C#Cc3ccc(CN4CCN(C)CC4)cc3)ccc21)C(=O)NO,cross_target_decoy_not_inactive,462.5940000000003,1.6654999999999995,C(#Cc1ccc2c(c1)CCC2)c1ccc(CN2CCNCC2)cc1
70S_ribosome,Gyr,CHEMBL6143113,CC(C)[C@@H]1C2=C(Oc3cc4c(c(O)c31)[C@@H](C(C)C)C1=C(O4)C(C)(C)C(=O)C(C)(C)C1=O)C(C)(C)C(=O)C(C)(C)C2=O,cross_target_decoy_not_inactive,562.7030000000003,6.572800000000006,O=C1CC(=O)C2=C(C1)Oc1cc3c(cc1C2)CC1=C(CC(=O)CC1=O)O3
70S_ribosome,TopoIV,CHEMBL5092628,NS(=O)(=O)c1ccc(/N=N/N2CCN(c3cc4c(cc3F)c(=O)c(C(=O)O)cn4C3CC3)CC2)cc1,cross_target_decoy_not_inactive,514.5390000000003,2.6420000000000012,O=c1ccn(C2CC2)c2cc(N3CCN(N=Nc4ccccc4)CC3)ccc12
70S_ribosome,Gyr,CHEMBL2158041,COc1ccc2nccc([C@@H](O)CC[C@@H]3CCN(CCSc4ccc[se]4)C[C@@H]3C(=O)O)c2c1,cross_target_decoy_not_inactive,533.5520000000001,3.929000000000002,c1c[se]c(SCCN2CCC(CCCc3ccnc4ccccc34)CC2)c1
70S_ribosome,Gyr,CHEMBL3659027,C[C@@H]1CN2c3c(cc4c(-c5cnccn5)noc4c3Cl)CC3(C(=O)NC(=O)NC3=O)[C@H]2[C@H](C)O1,cross_target_decoy_not_inactive,482.88400000000024,1.8288999999999997,O=C1NC(=O)C2(Cc3cc4c(-c5cnccn5)noc4cc3N3CCOCC32)C(=O)N1
70S_ribosome,MurA,CHEMBL189679,CC1(CCCCCCc2ccccc2)C(=O)N(c2ccc(Cl)cc2)N(c2ccc(Cl)cc2)C1=O,cross_target_decoy_not_inactive,495.4500000000002,7.4877000000000065,O=C1C(CCCCCCc2ccccc2)C(=O)N(c2ccccc2)N1c1ccccc1
70S_ribosome,Gyr,CHEMBL2382363,COc1ccc2nccc([C@@H](O)CC[C@@H]3CCN(C4CC(c5ccc(F)c(C#N)c5)C4)C[C@@H]3C(=O)O)c2c1,cross_target_decoy_not_inactive,517.6010000000003,5.036680000000005,c1ccc(C2CC(N3CCC(CCCc4ccnc5ccccc45)CC3)C2)cc1
70S_ribosome,MurC,CHEMBL88510,CCN(CC)S(=O)(=O)c1ccc(Cl)c(C(=O)N(C)c2sc3c(c2C#N)CCC3)c1,cross_target_decoy_not_inactive,452.0010000000003,4.068980000000003,O=C(Nc1cc2c(s1)CCC2)c1ccccc1
70S_ribosome,LpxH,CHEMBL2028663,CC(C)(C)c1nc(-c2cccc(NS(=O)(=O)c3c(F)cccc3F)c2F)c(-c2ccnc(N)n2)s1,cross_target_decoy_not_inactive,519.5740000000002,5.364900000000003,O=S(=O)(Nc1cccc(-c2ncsc2-c2ccncn2)c1)c1ccccc1
70S_ribosome,FabI,CHEMBL72725,O=C(c1ccc(Cl)cc1Cl)N1CCc2c(n(Cc3ccc(O)cc3)c3ccccc23)C1,cross_target_decoy_not_inactive,451.3530000000002,5.900500000000005,O=C(c1ccccc1)N1CCc2c(n(Cc3ccccc3)c3ccccc23)C1
70S_ribosome,LpxC,CHEMBL3647222,CC1=C(COc2ccc(CCC(C)(C(=O)NO)S(C)(=O)=O)cc2)NC(c2cccc(C)c2)O1,cross_target_decoy_not_inactive,474.5790000000001,3.1652200000000015,C1=C(COc2ccccc2)NC(c2ccccc2)O1
70S_ribosome,Gyr,CHEMBL5221057,O=C(CN1CCN(c2cc3c(cc2F)c(=O)c(C(=O)O)cn3C2CC2)CC1)Nc1cc(=O)[nH]c(=O)[nH]1,cross_target_decoy_not_inactive,498.47100000000023,0.311000000000001,O=C(CN1CCN(c2ccc3c(=O)ccn(C4CC4)c3c2)CC1)Nc1cc(=O)[nH]c(=O)[nH]1
70S_ribosome,Gyr,CHEMBL3659029,Cc1cnc(-c2noc3c(Cl)c4c(nc23)CC2(C(=O)NC(=O)NC2=O)[C@H]2[C@H](C)O[C@H](C)CN42)s1,cross_target_decoy_not_inactive,502.94000000000017,2.1988200000000004,O=C1NC(=O)C2(Cc3nc4c(-c5nccs5)noc4cc3N3CCOCC32)C(=O)N1
70S_ribosome,LpxC,CHEMBL3356583,O=C(NO)C1(COc2ccc(C#Cc3ccc(CN4CCN(CCn5ccnc5)CC4)cc3)cc2)CCOCC1,cross_target_decoy_not_inactive,543.6680000000002,2.7817000000000007,C(#Cc1ccc(OCC2CCOCC2)cc1)c1ccc(CN2CCN(CCn3ccnc3)CC2)cc1
70S_ribosome,LpxC,CHEMBL3647230,Cc1ccc(OCc2noc(COc3ccc(CCC(C)(C(=O)NO)S(C)(=O)=O)cc3)n2)cc1,cross_target_decoy_not_inactive,489.5500000000002,2.7773200000000005,c1ccc(OCc2noc(COc3ccccc3)n2)cc1
70S_ribosome,D-Ala-D-Ala,CHEMBL4461445,O=C(NNC(=S)Nc1ccc(Cl)c(Cl)c1)c1ccc(I)cc1O,cross_target_decoy_not_inactive,482.1300000000001,3.935,O=C(NNC(=S)Nc1ccccc1)c1ccccc1
70S_ribosome,Gyr,CHEMBL3658927,C[C@@H]1CN2c3c(cc4c(NCc5cnn(C)c5)noc4c3F)CC3(C(=O)NC(=O)NC3=O)[C@H]2[C@H](C)O1,cross_target_decoy_not_inactive,497.48700000000025,1.2031999999999996,O=C1NC(=O)C2(Cc3cc4c(NCc5cn[nH]c5)noc4cc3N3CCOCC32)C(=O)N1
70S_ribosome,Gyr,CHEMBL4740935,O=C(O)CC(=O)Nc1ccc2nc(NC(=O)c3cc(Br)c(Br)[nH]3)[nH]c2c1,cross_target_decoy_not_inactive,485.09200000000004,3.0815,O=C(Nc1nc2ccccc2[nH]1)c1ccc[nH]1
70S_ribosome,Gyr,CHEMBL3658969,C[C@@H]1CN2c3c(cc4c(-n5cnc(C#N)n5)noc4c3F)CC3(C(=O)NC(=O)NC3=O)[C@H]2[C@H](C)O1,cross_target_decoy_not_inactive,480.4160000000002,0.30997999999999976,O=C1NC(=O)C2(Cc3cc4c(-n5cncn5)noc4cc3N3CCOCC32)C(=O)N1
70S_ribosome,MurC,CHEMBL91242,N#Cc1c(NC(=O)c2cc(S(=O)(=O)N3CCOCC3)c(Cl)cc2Cl)sc2c1CCC(c1ccc(O)cc1)C2,cross_target_decoy_not_inactive,592.5260000000003,5.177880000000005,O=C(Nc1cc2c(s1)CC(c1ccccc1)CC2)c1cccc(S(=O)(=O)N2CCOCC2)c1
70S_ribosome,TopoIV,CHEMBL2424893,COc1ccc2nccc(NC(=O)[C@H]3CC[C@H](NCc4ccc5c(n4)NC(=O)CS5)CC3)c2n1,cross_target_decoy_not_inactive,478.5780000000003,3.364700000000002,O=C1CSc2ccc(CNC3CCC(C(=O)Nc4ccnc5cccnc45)CC3)nc2N1
70S_ribosome,Gyr,CHEMBL2382379,COc1ccc2nccc([C@@H](O)CC[C@@H]3CCN(C4CC(c5cc(F)ccc5C)C4)C[C@@H]3C(=O)O)c2c1,cross_target_decoy_not_inactive,506.6180000000003,5.473420000000005,c1ccc(C2CC(N3CCC(CCCc4ccnc5ccccc45)CC3)C2)cc1
70S_ribosome,LpxC,CHEMBL3697011,CNC(=O)[C@@](C)(C(=O)NO)N(C)C(=O)c1ccc(C#Cc2ccc(CN3CCCOCC3)cc2)cc1,cross_target_decoy_not_inactive,492.5760000000004,1.3908000000000011,C(#Cc1ccc(CN2CCCOCC2)cc1)c1ccccc1
70S_ribosome,GyrB,CHEMBL1275841,CO[C@@H]1[C@@H](OC(=O)c2ccc(C)[nH]2)[C@@H](O)[C@H](Oc2ccc3c(O)c(NC(=O)c4ccccc4)c(=O)oc3c2Cl)OC1(C)C,cross_target_decoy_not_inactive,613.0190000000001,4.1560200000000025,O=C(Nc1cc2ccc(OC3CC(OC(=O)c4ccc[nH]4)CCO3)cc2oc1=O)c1ccccc1
70S_ribosome,Gyr,CHEMBL6096617,CC(C)C(=O)c1c2c(c(OCCCCl)c3c1OC1=C(C(=O)C(C)(C)C(=O)C1(C)C)[C@@H]3C(C)C)[C@H](C(C)C)C1=C(O2)C(C)(C)C(=O)C(C)(C)C1=O,cross_target_decoy_not_inactive,709.3199999999999,8.713600000000005,O=C1CC(=O)C2=C(C1)Oc1cc3c(cc1C2)CC1=C(CC(=O)CC1=O)O3
70S_ribosome,FtsZ,CHEMBL2418095,Oc1cc(O)c2c(c1)C/C(Cl)=C\Cc1cc(c(Cl)cc1O)Oc1c(O)cc(cc1O)C/C(Cl)=C\Cc1cc(c(Cl)cc1O)O2,cross_target_decoy_not_inactive,678.3480000000001,8.940799999999992,C1=CCc2cccc(c2)Oc2ccccc2CC=CCc2cccc(c2)Oc2ccc(cc2)C1
70S_ribosome,TopoIV,CHEMBL6103430,CC(C)C(=O)Oc1c2c(c(C(=O)C(C)C)c3c1[C@@H](C(C)C)C1=C(O3)C(C)(C)C(=O)C(C)(C)C1=O)OC1=C(C(=O)C(C)(C)C(=O)C1(C)C)[C@H]2C(C)C,cross_target_decoy_not_inactive,702.8850000000001,8.267300000000008,O=C1CC(=O)C2=C(C1)Oc1cc3c(cc1C2)CC1=C(CC(=O)CC1=O)O3
70S_ribosome,GyrB,CHEMBL4175776,Cl.NCCOc1cc(C(=O)N[C@@H](Cc2ccccc2)C(=O)O)ccc1NC(=O)c1cc(Br)c(Br)[nH]1,cross_target_decoy_not_inactive,630.7210000000001,3.977000000000001,O=C(NCCc1ccccc1)c1ccc(NC(=O)c2ccc[nH]2)cc1
70S_ribosome,Gyr,CHEMBL5078898,O=C(CN1CCN(c2cc3c(cc2F)c(=O)c(C(=O)O)cn3C2CC2)CC1)Nc1ccc(S(=O)(=O)Nc2ncccn2)cc1,cross_target_decoy_not_inactive,621.6510000000002,2.5252,O=C(CN1CCN(c2ccc3c(=O)ccn(C4CC4)c3c2)CC1)Nc1ccc(S(=O)(=O)Nc2ncccn2)cc1
70S_ribosome,LeuRS,CHEMBL4864965,CC(C)C[C@H](N)C(=O)NS(=O)(=O)OC[C@H]1OC[C@@H](CCCn2cc(-c3ccc(OC(F)(F)F)cc3)nn2)[C@H](O)[C@@H]1O,cross_target_decoy_not_inactive,609.6240000000004,1.1117000000000015,c1ccc(-c2cn(CCCC3CCCOC3)nn2)cc1
70S_ribosome,Gyr,CHEMBL6148317,CC(C)C(=O)c1c2c(c(OCc3ccc([N+](=O)[O-])cc3)c3c1OC1=C(C(=O)C(C)(C)C(=O)C1(C)C)[C@@H]3C(C)C)[C@H](C(C)C)C1=C(O2)C(C)(C)C(=O)C(C)(C)C1=O,cross_target_decoy_not_inactive,767.9159999999999,9.193100000000001,O=C1CC(=O)C2=C(C1)Oc1cc3c(c(OCc4ccccc4)c1C2)CC1=C(CC(=O)CC1=O)O3
70S_ribosome,GyrB,CHEMBL1275845,COc1cc(C(=O)Nc2c(O)c3ccc(O[C@@H]4OC(C)(C)[C@H](OC)[C@@H](OC(=O)c5ccc(C)[nH]5)[C@H]4O)c(C)c3oc2=O)ccc1O,cross_target_decoy_not_inactive,638.6260000000002,3.5252400000000024,O=C(Nc1cc2ccc(OC3CC(OC(=O)c4ccc[nH]4)CCO3)cc2oc1=O)c1ccccc1
70S_ribosome,TopoIV,CHEMBL6078484,CCN(CC)CCCOc1c2c(c(C(=O)C(C)C)c3c1[C@@H](C(C)C)C1=C(O3)C(C)(C)C(=O)C(C)(C)C1=O)OC1=C(C(=O)C(C)(C)C(=O)C1(C)C)[C@H]2C(C)C,cross_target_decoy_not_inactive,745.998,8.816600000000006,O=C1CC(=O)C2=C(C1)Oc1cc3c(cc1C2)CC1=C(CC(=O)CC1=O)O3
70S_ribosome,TopoIV,CHEMBL6123382,CC(C)C(=O)c1c2c(c(OCCN3CCCC3)c3c1OC1=C(C(=O)C(C)(C)C(=O)C1(C)C)[C@@H]3C(C)C)[C@H](C(C)C)C1=C(O2)C(C)(C)C(=O)C(C)(C)C1=O,cross_target_decoy_not_inactive,729.955,8.18050000000001,O=C1CC(=O)C2=C(C1)Oc1cc3c(c(OCCN4CCCC4)c1C2)CC1=C(CC(=O)CC1=O)O3
70S_ribosome,RpoB,CHEMBL1911295,CO[C@H]1/C=C/O[C@@]2(C)Oc3c(C)c(NC4CCCCCC4)c4c(c3C2=O)C(=O)C=C(NC(=O)/C(C)=C\C=C\[C@H](C)[C@H](O)[C@@H](C)[C@@H](O)[C@@H](C)[C@H](OC(C)=O)[C@@H]1C)C4=O,cross_target_decoy_not_inactive,790.9510000000004,6.059420000000008,O=C1C=CC=CCCCCCCCCC=COC2Oc3cc(NC4CCCCCC4)c4c(c3C2=O)C(=O)C=C(N1)C4=O
70S_ribosome,GyrB,CHEMBL1275846,CO[C@@H]1[C@@H](OC(=O)c2ccc(C)[nH]2)[C@@H](O)[C@H](Oc2ccc3c(O)c(NC(=O)/C=C/c4ccccc4)c(=O)oc3c2Cl)OC1(C)C,cross_target_decoy_not_inactive,639.057,4.555620000000003,O=C(C=Cc1ccccc1)Nc1cc2ccc(OC3CC(OC(=O)c4ccc[nH]4)CCO3)cc2oc1=O
70S_ribosome,Gyr,CHEMBL4778649,CC(C)(C)OC(=O)N1CCC(Oc2cc(C(=O)NCC(=O)O)ccc2NC(=O)c2cc(Br)c(Br)[nH]2)CC1,cross_target_decoy_not_inactive,644.317,4.384700000000001,O=C(Nc1ccccc1OC1CCNCC1)c1ccc[nH]1
70S_ribosome,TopoIV,CHEMBL5075535,O=C(CCN1CCN(c2cc3c(cc2F)c(=O)c(C(=O)O)cn3C2CC2)CC1)Nc1ccc(S(=O)(=O)Nc2cncc(Cl)n2)cc1,cross_target_decoy_not_inactive,670.123,3.5687000000000015,O=C(CCN1CCN(c2ccc3c(=O)ccn(C4CC4)c3c2)CC1)Nc1ccc(S(=O)(=O)Nc2cnccn2)cc1
70S_ribosome,TopoIV,CHEMBL6091789,CC(C)C(=O)c1c2c(c(OCCCN3CCCCC3)c3c1OC1=C(C(=O)C(C)(C)C(=O)C1(C)C)[C@@H]3C(C)C)[C@H](C(C)C)C1=C(O2)C(C)(C)C(=O)C(C)(C)C1=O,cross_target_decoy_not_inactive,758.009,8.960700000000005,O=C1CC(=O)C2=C(C1)Oc1cc3c(c(OCCCN4CCCCC4)c1C2)CC1=C(CC(=O)CC1=O)O3
70S_ribosome,FabI,CHEMBL5278258,CCCCCCCCCCCCCCCCc1cc(OC2OC(CO)C(O)C(O)C2O)cc(O)c1C(=O)Oc1cc(C)c(C(=O)O)c(O)c1,cross_target_decoy_not_inactive,690.8270000000001,5.52612000000001,O=C(Oc1ccccc1)c1ccc(OC2CCCCO2)cc1
70S_ribosome,MurA,CHEMBL5199836,CNC(=O)[C@@H](Cc1c[nH]c2ccccc12)NCc1ccc(-n2ccnc2)c(-c2ccc(-c3cc(C(=O)O)c4ccccc4n3)cc2)c1,cross_target_decoy_not_inactive,620.7130000000002,6.380900000000004,c1ccc2nc(-c3ccc(-c4cc(CNCCc5c[nH]c6ccccc56)ccc4-n4ccnc4)cc3)ccc2c1
70S_ribosome,FtsZ,CHEMBL3416824,O=C1C[C@@H](c2ccccc2)Oc2c(Cc3cc(Cc4ccccc4O)ccc3O)c(O)c(Cc3cc(Cc4ccccc4O)ccc3O)c(O)c21,cross_target_decoy_not_inactive,680.7530000000004,7.989900000000006,O=C1CC(c2ccccc2)Oc2c(Cc3cccc(Cc4ccccc4)c3)cc(Cc3cccc(Cc4ccccc4)c3)cc21
70S_ribosome,Gyr,CHEMBL6103462,CC(C)CCOc1c2c(c(C(=O)C(C)C)c3c1[C@@H](C(C)C)C1=C(O3)C(C)(C)C(=O)C(C)(C)C1=O)OC1=C(C(=O)C(C)(C)C(=O)C1(C)C)[C@H]2C(C)C,cross_target_decoy_not_inactive,702.9290000000002,9.130800000000002,O=C1CC(=O)C2=C(C1)Oc1cc3c(cc1C2)CC1=C(CC(=O)CC1=O)O3
70S_ribosome,FtsZ,CHEMBL1240857,COC(=O)CC1Cc2cc3cc(OC)c(-c4c(OC)cc5cc6c(c(O)c5c4O)C(=O)OC(CC(=O)OC)C6)c(O)c3c(O)c2C(=O)O1,cross_target_decoy_not_inactive,662.6000000000003,3.788800000000006,O=C1OCCc2cc3ccc(-c4ccc5cc6c(cc5c4)C(=O)OCC6)cc3cc21
70S_ribosome,MurC,CHEMBL4534641,Cc1c(N2CCN(C)CC2)ccc2c3c(c(=O)oc12)CN(C(=O)c1ccc2c(c1)CS(=O)(=O)N2)CC3.O=C(O)C(F)(F)F,cross_target_decoy_not_inactive,622.6220000000005,2.9403200000000007,O=C(c1ccc2c(c1)CS(=O)(=O)N2)N1CCc2c(c(=O)oc3cc(N4CCNCC4)ccc23)C1
70S_ribosome,LeuRS,CHEMBL4864835,CC(C)C[C@H](N)C(=O)NS(=O)(=O)OC[C@H]1OC[C@@H](CCCn2cc(CNC(=O)NCc3ccccc3)nn2)[C@H](O)[C@@H]1O,cross_target_decoy_not_inactive,611.7220000000004,-0.45449999999999446,O=C(NCc1ccccc1)NCc1cn(CCCC2CCCOC2)nn1
70S_ribosome,GyrB,CHEMBL4279313,CCNC(=O)Nc1cc(-c2nc(C(F)(F)F)cs2)c(-c2cc(C(=O)NS(C)(=O)=O)cnc2N2C3CCC2CN(C)C3)cn1,cross_target_decoy_not_inactive,638.6979999999998,3.3995000000000024,c1cnc(N2C3CCC2CNC3)c(-c2cnccc2-c2nccs2)c1
70S_ribosome,RpoB,CHEMBL374478,CO[C@H]1/C=C/O[C@@]2(C)Oc3c(C)c(O)c4c(O)c(c(/C=N/N5CCN(C)CC5)c(O)c4c3C2=O)NC(=O)/C(C)=C\C=C\[C@H](C)[C@H](O)[C@@H](C)[C@@H](O)[C@@H](C)[C@H](OC(C)=O)[C@@H]1C,cross_target_decoy_not_inactive,822.9530000000003,4.335420000000004,O=C1C=CC=CCCCCCCCCC=COC2Oc3ccc4cc(c(C=NN5CCNCC5)cc4c3C2=O)N1
70S_ribosome,Gyr,CHEMBL6134397,CC(C)Oc1c(NC(=O)c2ccc(NC(=O)[C@H](CC(N)=O)NC(=O)c3ccc(NC(=O)c4ccc(C#N)cc4)cc3)cc2)ccc(C(=O)Nc2ccc(C(=O)O)cc2)c1O,cross_target_decoy_not_inactive,811.8080000000003,5.118680000000003,O=C(CNC(=O)c1ccc(NC(=O)c2ccccc2)cc1)Nc1ccc(C(=O)Nc2ccc(C(=O)Nc3ccccc3)cc2)cc1
70S_ribosome,GyrB,CHEMBL2205318,C=C1CC[C@@H](O[C@H]2C[C@@](O)([C@H](C)NC(=O)c3[nH]c(C)c(Cl)c3Cl)[C@H](O)[C@@H](C)O2)[C@@H]2C=C[C@H](C)C(/C(O)=C3\C(=O)[C@H](C(C)C)N([C@H]4O[C@H](C)[C@H](OC(N)=O)[C@H](OC(C)=O)[C@@H]4OC)C3=O)[C@@H]12,cross_target_decoy_not_inactive,939.884,4.168220000000004,C=C1CCC(OC2CC(CNC(=O)c3ccc[nH]3)CCO2)C2C=CCC(C=C3C(=O)CN(C4CCCCO4)C3=O)C12
70S_ribosome,Gyr,CHEMBL6145847,CCCCN(CCCC)CCCOc1c2c(c(C(=O)C(C)C)c3c1[C@@H](C(C)C)C1=C(O3)C(C)(C)C(=O)C(C)(C)C1=O)OC1=C(C(=O)C(C)(C)C(=O)C1(C)C)[C@H]2C(C)C,cross_target_decoy_not_inactive,802.106,10.376999999999997,O=C1CC(=O)C2=C(C1)Oc1cc3c(cc1C2)CC1=C(CC(=O)CC1=O)O3
70S_ribosome,TopoIV,CHEMBL6078286,CC(C)C(=O)c1c2c(c(OCc3c(F)c(F)c(F)c(F)c3F)c3c1OC1=C(C(=O)C(C)(C)C(=O)C1(C)C)[C@@H]3C(C)C)[C@H](C(C)C)C1=C(O2)C(C)(C)C(=O)C(C)(C)C1=O,cross_target_decoy_not_inactive,812.8689999999999,9.980399999999994,O=C1CC(=O)C2=C(C1)Oc1cc3c(c(OCc4ccccc4)c1C2)CC1=C(CC(=O)CC1=O)O3
70S_ribosome,Gyr,CHEMBL2205317,C=C1CC[C@@H](O[C@H]2C[C@@](O)([C@H](C)NC(=O)c3[nH]cc(Cl)c3Cl)[C@H](O)[C@@H](C)O2)[C@@H]2C=C[C@H](C)C(/C(O)=C3\C(=O)[C@H](C(C)C)N([C@H]4O[C@H](C)[C@H](OC(N)=O)[C@H](OC(C)=O)[C@@H]4OC)C3=O)[C@@H]12,cross_target_decoy_not_inactive,925.8570000000001,3.8598000000000035,C=C1CCC(OC2CC(CNC(=O)c3ccc[nH]3)CCO2)C2C=CCC(C=C3C(=O)CN(C4CCCCO4)C3=O)C12
70S_ribosome,TopoIV,CHEMBL5267495,C=C1CC[C@@H](O[C@H]2C[C@@](O)([C@H](C)NC(=O)c3[nH]c(C)c(Cl)c3Cl)[C@H](O)[C@@H](C)O2)[C@@H]2CC[C@H](C)[C@H](/C(O)=C3\C(=O)[C@H](C(C)C)N([C@@H]4O[C@@H](C)[C@@H](OC(N)=O)[C@@H](OC(C)=O)[C@H]4OC)C3=O)[C@@H]12,cross_target_decoy_not_inactive,941.9000000000001,4.3922200000000045,C=C1CCC(OC2CC(CNC(=O)c3ccc[nH]3)CCO2)C2CCCC(C=C3C(=O)CN(C4CCCCO4)C3=O)C12
70S_ribosome,Gyr,CHEMBL6172468,C#CCCC[C@H](NC(=O)c1ccc(NC(=O)c2ccc(C#N)cc2)cc1)C(=O)Nc1ccc(C(=O)Nc2ccc(C(=O)Nc3ccc(C(=O)O)cc3)c(O)c2OC(C)C)cc1,cross_target_decoy_not_inactive,820.8590000000002,7.046780000000006,O=C(CNC(=O)c1ccc(NC(=O)c2ccccc2)cc1)Nc1ccc(C(=O)Nc2ccc(C(=O)Nc3ccccc3)cc2)cc1
70S_ribosome,FabI,CHEMBL525803,CN1C(=O)[C@@H](c2cc(Cl)c(O)c(Cl)c2)NC(=O)[C@@H]2NC(=O)[C@@H](c3cc(Cl)c(O)c(Cl)c3)NC(=O)[C@H](NC(=O)C(=O)c3cc(Cl)c(O)c(Cl)c3)Cc3c[nH]c4c(cccc34)-c3cc2cc(c3O)Oc2ccc(cc2)C[C@H]1C(=O)N[C@@H](C(=O)O)c1ccc(O)cc1,cross_target_decoy_not_inactive,1328.783,9.196900000000008,O=C(NC1Cc2c[nH]c3c(cccc23)-c2cc3cc(c2)C(NC(=O)C(c2ccccc2)NC1=O)C(=O)NC(c1ccccc1)C(=O)NC(C(=O)NCc1ccccc1)Cc1ccc(cc1)O3)C(=O)c1ccccc1
70S_ribosome,Gyr,CHEMBL5268060,C=C1CC[C@@H](O[C@H]2C[C@@](O)([C@H](C)NC(=O)c3[nH]cc(Cl)c3Cl)[C@H](O)[C@@H](C)O2)[C@@H]2CC[C@H](C)[C@H](/C(O)=C3\C(=O)[C@H](C(C)C)N([C@@H]4O[C@@H](C)[C@@H](OC(N)=O)[C@@H](OC(C)=O)[C@H]4OC)C3=O)[C@@H]12,cross_target_decoy_not_inactive,927.8730000000002,4.083800000000004,C=C1CCC(OC2CC(CNC(=O)c3ccc[nH]3)CCO2)C2CCCC(C=C3C(=O)CN(C4CCCCO4)C3=O)C12
70S_ribosome,Gyr,CHEMBL6173407,CC(C)Oc1c(NC(=O)c2ccc(NC(=O)[C@H](CCCN)NC(=O)c3ccc(NC(=O)c4ccc(C#N)cc4)cc3)cc2)ccc(C(=O)Nc2ccc(C(=O)O)cc2)c1O,cross_target_decoy_not_inactive,811.8520000000003,5.982180000000004,O=C(CNC(=O)c1ccc(NC(=O)c2ccccc2)cc1)Nc1ccc(C(=O)Nc2ccc(C(=O)Nc3ccccc3)cc2)cc1
70S_ribosome,Gyr,CHEMBL6167057,CC(C)Oc1c(NC(=O)c2ccc(NC(=O)[C@@H]3CC(=O)CCN3C(=O)c3ccc(NC(=O)c4ccc(C#N)cc4)cc3)cc2)ccc(C(=O)Nc2ccc(C(=O)O)cc2)c1O,cross_target_decoy_not_inactive,822.8310000000004,6.318580000000006,O=C1CCN(C(=O)c2ccc(NC(=O)c3ccccc3)cc2)C(C(=O)Nc2ccc(C(=O)Nc3ccc(C(=O)Nc4ccccc4)cc3)cc2)C1
70S_ribosome,TopoIV,CHEMBL6102411,CC(C)C(=O)c1c2c(c(OCCN3C(=O)c4ccccc4C3=O)c3c1OC1=C(C(=O)C(C)(C)C(=O)C1(C)C)[C@@H]3C(C)C)[C@H](C(C)C)C1=C(O2)C(C)(C)C(=O)C(C)(C)C1=O,cross_target_decoy_not_inactive,805.965,8.380900000000008,O=C1CC(=O)C2=C(C1)Oc1cc3c(c(OCCN4C(=O)c5ccccc5C4=O)c1C2)CC1=C(CC(=O)CC1=O)O3
70S_ribosome,Gyr,CHEMBL6163821,CC(C)Oc1c(NC(=O)c2ccc(NC(=O)[C@H](Cc3cscn3)NC(=O)c3ccc(NC(=O)c4ccc(C#N)cc4)cc3)cc2)ccc(C(=O)Nc2ccc(C(=O)O)cc2)c1O,cross_target_decoy_not_inactive,851.8980000000001,6.942480000000006,O=C(Nc1ccc(C(=O)NC(Cc2cscn2)C(=O)Nc2ccc(C(=O)Nc3ccc(C(=O)Nc4ccccc4)cc3)cc2)cc1)c1ccccc1
70S_ribosome,FabI,CHEMBL524665,CN1C(=O)[C@@H](c2cc(Cl)c(O)c(Cl)c2)NC(=O)[C@@H]2NC(=O)[C@@H](c3cc(Cl)c(O)c(Cl)c3)NC(=O)[C@H](NC(=O)C(=O)c3cc(Cl)c(O)c(Cl)c3)CC3C(=O)Nc4cc(ccc43)-c3cc2cc(c3O)Oc2ccc(cc2)C[C@H]1C(=O)N[C@@H](C(=O)O)c1ccc(O)cc1,cross_target_decoy_not_inactive,1344.782,8.59890000000001,O=C(NC1CC2C(=O)Nc3cc(ccc32)-c2cc3cc(c2)C(NC(=O)C(c2ccccc2)NC1=O)C(=O)NC(c1ccccc1)C(=O)NC(C(=O)NCc1ccccc1)Cc1ccc(cc1)O3)C(=O)c1ccccc1
70S_ribosome,Gyr,CHEMBL6175590,CCCC[C@H](NC(=O)c1ccc(NC(=O)c2ccc(C#N)cc2)cc1)C(=O)Nc1ccc(C(=O)Nc2ccc(C(=O)Nc3ccc(C(=O)O)cc3)c(O)c2OC(C)C)cc1,cross_target_decoy_not_inactive,810.8640000000001,7.4334800000000065,O=C(CNC(=O)c1ccc(NC(=O)c2ccccc2)cc1)Nc1ccc(C(=O)Nc2ccc(C(=O)Nc3ccccc3)cc2)cc1
70S_ribosome,Gyr,CHEMBL6153000,C=C[C@H]1C[C@@]1(NC(=O)c1ccc(NC(=O)c2ccc(C#N)cc2)cc1)C(=O)Nc1ccc(C(=O)Nc2ccc(C(=O)Nc3ccc(C(=O)O)cc3)c(O)c2OC(C)C)cc1,cross_target_decoy_not_inactive,806.8320000000001,6.819380000000006,O=C(Nc1ccc(C(=O)NC2(C(=O)Nc3ccc(C(=O)Nc4ccc(C(=O)Nc5ccccc5)cc4)cc3)CC2)cc1)c1ccccc1
70S_ribosome,RpoB,CHEMBL1911306,CO[C@H]1/C=C/O[C@@]2(C)Oc3c(c4c5c(nn(CCO)c5c3C)C(=C(/C=N/N3CCN(C)CC3)C4=O)NC(=O)/C(C)=C\C=C\[C@H](C)[C@H](O)[C@@H](C)[C@@H](O)[C@@H](C)[C@H](OC(C)=O)[C@@H]1C)C2=O,cross_target_decoy_not_inactive,861.0060000000003,3.1444200000000038,O=C1C=CC=CCCCCCCCCC=COC2Oc3cc4[nH]nc5c4c(c3C2=O)C(=O)C(C=NN2CCNCC2)=C5N1
70S_ribosome,Gyr,CHEMBL6161667,CC(C)Oc1c(NC(=O)c2ccc(NC(=O)[C@H](CC(=O)N(C)C)NC(=O)c3ccc(NC(=O)c4ccc(C#N)cc4)cc3)cc2)ccc(C(=O)Nc2ccc(C(=O)O)cc2)c1O,cross_target_decoy_not_inactive,839.8620000000002,5.721580000000005,O=C(CNC(=O)c1ccc(NC(=O)c2ccccc2)cc1)Nc1ccc(C(=O)Nc2ccc(C(=O)Nc3ccccc3)cc2)cc1
70S_ribosome,Gyr,CHEMBL6175731,C#CCC[C@H](NC(=O)c1ccc(NC(=O)c2ccc(C#N)cc2)cc1)C(=O)Nc1ccc(C(=O)Nc2ccc(C(=O)Nc3ccc(C(=O)O)cc3)c(O)c2OC(C)C)cc1,cross_target_decoy_not_inactive,806.8320000000001,6.656680000000006,O=C(CNC(=O)c1ccc(NC(=O)c2ccccc2)cc1)Nc1ccc(C(=O)Nc2ccc(C(=O)Nc3ccccc3)cc2)cc1
70S_ribosome,Gyr,CHEMBL6171276,CC(C)Oc1c(NC(=O)c2ccc(NC(=O)[C@H](Cc3cnn[nH]3)NC(=O)c3ccc(NC(=O)c4ccc(C#N)cc4)cc3)cc2)ccc(C(=O)Nc2ccc(C(=O)O)cc2)c1O,cross_target_decoy_not_inactive,835.8340000000002,5.604080000000004,O=C(Nc1ccc(C(=O)NC(Cc2cnn[nH]2)C(=O)Nc2ccc(C(=O)Nc3ccc(C(=O)Nc4ccccc4)cc3)cc2)cc1)c1ccccc1
D-Ala-D-Ala,FabI,CHEMBL149009,Oc1cc(F)ccc1Oc1ccccc1,cross_target_decoy_not_inactive,204.20000000000002,3.3236000000000017,c1ccc(Oc2ccccc2)cc1
D-Ala-D-Ala,DHPS,CHEMBL159139,COc1cc(OC)cc(OCCCNc2nc(N)nc(O)c2N=O)c1,cross_target_decoy_not_inactive,349.34700000000004,2.0604999999999993,c1ccc(OCCCNc2ccncn2)cc1
D-Ala-D-Ala,LeuRS,CHEMBL4171458,CC(C)C[C@H](N)C(=O)NS(=O)(=O)c1ccc2ccccc2c1,cross_target_decoy_not_inactive,320.41400000000004,2.0181,c1ccc2ccccc2c1
D-Ala-D-Ala,LpxC,CHEMBL321590,O=C(NO)C1COC(c2ccc(F)c(C(F)(F)F)c2)=N1,cross_target_decoy_not_inactive,292.188,1.4952999999999996,c1ccc(C2=NCCO2)cc1
D-Ala-D-Ala,FabI,CHEMBL2178282,CCc1ccc(Oc2ccc(C(=O)CCCO)cc2)c(O)c1,cross_target_decoy_not_inactive,300.354,3.7021000000000024,c1ccc(Oc2ccccc2)cc1
D-Ala-D-Ala,FabI,CHEMBL2178288,CCc1cc(O)c(Oc2ccc(C(=O)O)cc2F)cc1F,cross_target_decoy_not_inactive,294.253,3.723300000000002,c1ccc(Oc2ccccc2)cc1
D-Ala-D-Ala,FabI,CHEMBL2178308,CCCc1ccc(Oc2cccc(OC)c2)c(O)c1,cross_target_decoy_not_inactive,258.31699999999995,4.1456000000000035,c1ccc(Oc2ccccc2)cc1
D-Ala-D-Ala,DHFR,CHEMBL175577,Cc1nc(N)nc(N)c1OCc1ccc(Cl)c(Cl)c1,cross_target_decoy_not_inactive,299.161,2.8352200000000005,c1ccc(COc2cncnc2)cc1
D-Ala-D-Ala,DHFR,CHEMBL118490,COc1cccc(Sc2cccc3nc(N)nc(N)c23)c1,cross_target_decoy_not_inactive,298.37100000000004,2.9539999999999997,c1ccc(Sc2cccc3ncncc23)cc1
D-Ala-D-Ala,DHFR,CHEMBL572856,COc1cc([C@H](C#Cc2cnc(N)nc2N)OC)cc(OC)c1OC,cross_target_decoy_not_inactive,344.3710000000001,1.406,C(#Cc1cncnc1)Cc1ccccc1
D-Ala-D-Ala,LpxC,CHEMBL3827305,O=C(NO)[C@@H]1CN(c2ccc(C#CC#CCCCO)cc2)C(=O)O1,cross_target_decoy_not_inactive,328.324,0.6445999999999994,O=C1OCCN1c1ccccc1
D-Ala-D-Ala,LpxC,CHEMBL3696986,CNC(=O)C(C(=O)NO)N(C)C(=O)c1ccc(-c2ccccc2)cc1,cross_target_decoy_not_inactive,341.367,1.0456000000000005,c1ccc(-c2ccccc2)cc1
D-Ala-D-Ala,Gyr,CHEMBL9,CCn1cc(C(=O)O)c(=O)c2cc(F)c(N3CCNCC3)cc21,cross_target_decoy_not_inactive,319.336,1.2683,O=c1cc[nH]c2cc(N3CCNCC3)ccc12
D-Ala-D-Ala,LpxC,CHEMBL107313,CCCc1cc(C2=N[C@@H](C(=O)NO)CO2)cc(OC)c1OC,cross_target_decoy_not_inactive,308.33400000000006,1.3070999999999997,c1ccc(C2=NCCO2)cc1
D-Ala-D-Ala,LpxH,CHEMBL3672241,CC(c1ccc(-c2cccc3[nH]c(=O)c4sccc4c23)cc1)N(C)C,cross_target_decoy_not_inactive,348.4710000000001,5.032400000000004,O=c1[nH]c2cccc(-c3ccccc3)c2c2ccsc12
D-Ala-D-Ala,GyrB,CHEMBL3808699,CCCn1c(=O)ccc2c(-c3ncc(-c4cccnc4)s3)n[nH]c21,cross_target_decoy_not_inactive,337.408,3.320100000000001,O=c1ccc2c(-c3ncc(-c4cccnc4)s3)n[nH]c2[nH]1
D-Ala-D-Ala,GyrB,CHEMBL3742199,CCCc1c(O)ccc2c(-c3cnc(-c4ccc(C(=O)O)c(F)c4)s3)n[nH]c12,cross_target_decoy_not_inactive,397.43100000000004,4.848800000000002,c1ccc(-c2ncc(-c3n[nH]c4ccccc34)s2)cc1
D-Ala-D-Ala,LpxC,CHEMBL3696993,CNC(=O)C(C(=O)NO)N(C)C(=O)c1ccc(-c2ccc3c(c2)OCO3)cc1,cross_target_decoy_not_inactive,385.37600000000015,0.7742999999999998,c1ccc(-c2ccc3c(c2)OCO3)cc1
D-Ala-D-Ala,Gyr,CHEMBL382817,O=c1[nH]sc2c1c(=O)c1cc(F)c(-c3ccc(C4CCCCN4)cc3)cc1n2C1CC1,cross_target_decoy_not_inactive,435.5240000000003,4.860100000000003,O=c1[nH]sc2c1c(=O)c1ccc(-c3ccc(C4CCCCN4)cc3)cc1n2C1CC1
D-Ala-D-Ala,LpxC,CHEMBL2023392,C[C@@](CCn1ccc(-c2ccc(F)cc2)cc1=O)(C(=O)NO)S(C)(=O)=O,cross_target_decoy_not_inactive,382.41300000000007,1.3531999999999995,O=c1cc(-c2ccccc2)cc[nH]1
D-Ala-D-Ala,Gyr,CHEMBL3329300,CCNC(=O)Nc1cc(-c2cccnc2)c(C(=O)Nc2cccc(Cl)c2)cn1,cross_target_decoy_not_inactive,395.8500000000001,4.190700000000002,O=C(Nc1ccccc1)c1cnccc1-c1cccnc1
D-Ala-D-Ala,LpxH,CHEMBL1231522,COc1cc(-c2cnc(N)c(N3CCC(C(=O)O)CC3)n2)cc(OC)c1OC,cross_target_decoy_not_inactive,388.4240000000002,2.0526,c1ccc(-c2cncc(N3CCCCC3)n2)cc1
D-Ala-D-Ala,LpxH,CHEMBL5086489,COC(=O)c1cccc(-c2cnc3[nH]cc(-c4cccc(OC)c4)c3c2)c1,cross_target_decoy_not_inactive,358.3970000000001,4.6921000000000035,c1ccc(-c2cnc3[nH]cc(-c4ccccc4)c3c2)cc1
D-Ala-D-Ala,LpxH,CHEMBL3672346,CNCC(c1ccc(-c2c(O)cc(C)c3[nH]c(=O)c4sccc4c23)cc1)C(C)C,cross_target_decoy_not_inactive,406.5510000000001,5.382820000000004,O=c1[nH]c2cccc(-c3ccccc3)c2c2ccsc12
D-Ala-D-Ala,TopoIV,CHEMBL4787145,COc1ccc2nccc(CC[C@H]3OC[C@H](NC(=O)c4ccc5c(n4)NC(=O)CS5)CO3)c2c1,cross_target_decoy_not_inactive,480.5460000000002,2.7867000000000006,O=C1CSc2ccc(C(=O)NC3COC(CCc4ccnc5ccccc45)OC3)nc2N1
D-Ala-D-Ala,TopoIV,CHEMBL6103064,CCN(CC)CCOc1c2c(c(C(=O)C(C)C)c3c1[C@@H](C(C)C)C1=C(O3)C(C)(C)C(=O)C(C)(C)C1=O)OC1=C(C(=O)C(C)(C)C(=O)C1(C)C)[C@H]2C(C)C,cross_target_decoy_not_inactive,731.9710000000001,8.426500000000008,O=C1CC(=O)C2=C(C1)Oc1cc3c(cc1C2)CC1=C(CC(=O)CC1=O)O3
DHFR,MurA,CHEMBL2335231,O=[N+]([O-])/C=C/c1ccc(Br)o1,cross_target_decoy_not_inactive,218.00599999999997,2.2895000000000003,c1ccoc1
DHFR,FabI,CHEMBL5852601,CCc1ccc(Oc2ccccc2)c(=O)[nH]1,cross_target_decoy_not_inactive,215.252,2.7296000000000005,O=c1[nH]cccc1Oc1ccccc1
DHFR,FabI,CHEMBL2178327,Oc1cc(Cl)ccc1Oc1cccc(F)n1,cross_target_decoy_not_inactive,239.63299999999998,3.3720000000000008,c1ccc(Oc2ccccn2)cc1
DHFR,MurA,CHEMBL136356,C=C1C(=O)O[C@@H]2C[C@@]3(C)CCC[C@H](C)C3=C[C@H]12,cross_target_decoy_not_inactive,232.32299999999995,3.2406000000000024,C=C1C(=O)OC2CC3CCCCC3=CC12
DHFR,MurC,CHEMBL86990,Oc1c2c(nn1-c1ccc(F)cc1)CCS2,cross_target_decoy_not_inactive,236.27099999999996,2.3651999999999997,c1ccc(-n2cc3c(n2)CCS3)cc1
DHFR,70S_ribosome,CHEMBL1631490,N[C@@H]1C[C@H](N)[C@@]2(C[C@H](O)[C@H](O)CO2)[C@H](O)[C@H]1O,cross_target_decoy_not_inactive,248.279,-3.3525999999999985,C1CCC2(CC1)CCCCO2
DHFR,FabI,CHEMBL148755,Cc1ccc(Oc2ccccc2)c(O)c1,cross_target_decoy_not_inactive,200.23700000000002,3.4929200000000016,c1ccc(Oc2ccccc2)cc1
DHFR,DHPS,CHEMBL55866,CNc1nc(N)nc(O)c1N=O,cross_target_decoy_not_inactive,169.144,0.20399999999999985,c1cncnc1
DHFR,MurA,CHEMBL88985,C=C1CC[C@H]2C(=C)CC[C@H]3C(=C)C(=O)O[C@@H]3[C@@H]12,cross_target_decoy_not_inactive,230.307,3.0166000000000013,C=C1C(=O)OC2C1CCC(=C)C1CCC(=C)C12
DHFR,LpxC,CHEMBL320092,Cc1cccc(C2=NC(C(=O)NO)CO2)c1,cross_target_decoy_not_inactive,220.228,0.64582,c1ccc(C2=NCCO2)cc1
DHFR,LpxC,CHEMBL108805,O=C(NO)C1COC(c2ccccc2)=N1,cross_target_decoy_not_inactive,206.20100000000002,0.33739999999999926,c1ccc(C2=NCCO2)cc1
DHFR,70S_ribosome,CHEMBL1631493,N[C@@H]1C[C@H](N)[C@@]2(CCC=CCO2)[C@H](O)[C@H]1O,cross_target_decoy_not_inactive,228.292,-1.1280999999999994,C1=CCOC2(CC1)CCCCC2
DHFR,LeuRS,CHEMBL378506,OB1OCc2ccccc21,cross_target_decoy_not_inactive,133.94299999999998,-0.09570000000000012,B1OCc2ccccc21
DHFR,FabI,CHEMBL2178312,CCc1ccc(Oc2ccccc2N)c(O)c1,cross_target_decoy_not_inactive,229.279,3.3291000000000013,c1ccc(Oc2ccccc2)cc1
DHFR,FabI,CHEMBL149299,Oc1cc(Cl)ccc1Oc1ccccc1,cross_target_decoy_not_inactive,220.655,3.837900000000002,c1ccc(Oc2ccccc2)cc1
DHFR,FabI,CHEMBL5833777,Cc1ccn(Cc2ccccc2Cl)c(=O)c1,cross_target_decoy_not_inactive,233.698,2.8584200000000015,O=c1ccccn1Cc1ccccc1
DHFR,GyrB,CHEMBL3735471,CCNC(=O)Nc1cn(CCOC)c2cc(-c3cccnc3)cnc12,cross_target_decoy_not_inactive,339.399,2.8861000000000017,c1cncc(-c2cnc3cc[nH]c3c2)c1
DHFR,LpxC,CHEMBL1956115,C[C@@](CCc1ccc(-c2ccccc2)cc1)(C(=O)NO)S(C)(=O)=O,cross_target_decoy_not_inactive,347.4360000000001,2.5949,c1ccc(-c2ccccc2)cc1
DHFR,LpxH,CHEMBL3667233,C[C@H](N)c1ccc(-c2c(O)ccc3[nH]c(=O)c4sccc4c23)cc1,cross_target_decoy_not_inactive,336.41600000000005,4.135100000000002,O=c1[nH]c2cccc(-c3ccccc3)c2c2ccsc12
DHFR,Gyr,CHEMBL4210894,N[C@H]1CCN(c2cc3c(cc2F)n2ccnc2c(=O)n3C2CC2)C1,cross_target_decoy_not_inactive,327.3630000000001,1.6605999999999996,O=c1c2nccn2c2ccc(N3CCCC3)cc2n1C1CC1
DHFR,DHPS,CHEMBL159139,COc1cc(OC)cc(OCCCNc2nc(N)nc(O)c2N=O)c1,cross_target_decoy_not_inactive,349.34700000000004,2.0604999999999993,c1ccc(OCCCNc2ccncn2)cc1
DHFR,GyrB,CHEMBL3344033,O=C(O)CCCCC(=O)Nc1ccc(-c2nc3cccnc3[nH]2)cc1,cross_target_decoy_not_inactive,338.3670000000001,3.208400000000001,c1ccc(-c2nc3cccnc3[nH]2)cc1
DHFR,D-Ala-D-Ala,CHEMBL4515707,O=C(NNC(=S)Nc1cccc(F)c1)c1ccccc1O,cross_target_decoy_not_inactive,305.33400000000006,2.1627000000000005,O=C(NNC(=S)Nc1ccccc1)c1ccccc1
DHFR,FabI,CHEMBL3676404,Cc1nc(C2CC(C(=O)/C=C/c3cnc4c(c3)CCC(=O)N4)C2)no1,cross_target_decoy_not_inactive,338.3670000000001,2.43382,O=C1CCc2cc(C=CC(=O)C3CC(c4ncon4)C3)cnc2N1
DHFR,LpxH,CHEMBL4454763,c1ccc(Nc2nccc(Nc3cc(C4CC4)[nH]n3)n2)cc1,cross_target_decoy_not_inactive,292.346,3.5643000000000002,c1ccc(Nc2nccc(Nc3cc(C4CC4)[nH]n3)n2)cc1
DHFR,LpxH,CHEMBL3667207,O=c1[nH]c2ccc(O)c(C3=CCNCC3)c2c2ccsc12,cross_target_decoy_not_inactive,298.36699999999996,2.825100000000001,O=c1[nH]c2cccc(C3=CCNCC3)c2c2ccsc12
DHFR,Gyr,CHEMBL472009,CCNC(=O)Nc1nc2cc(-c3cccnc3)c(F)cc2[nH]1,cross_target_decoy_not_inactive,299.309,2.905400000000001,c1cncc(-c2ccc3[nH]cnc3c2)c1
DHFR,MurA,CHEMBL199546,O=C1O/C(=C\C2CCCCC2)C(O)=C1c1cccc(C(F)(F)F)c1,cross_target_decoy_not_inactive,338.325,4.995500000000003,O=C1OC(=CC2CCCCC2)C=C1c1ccccc1
DHFR,FabI,CHEMBL488937,Cc1c(N)cccc1Cn1ccc(OCCc2cccs2)cc1=O,cross_target_decoy_not_inactive,340.448,3.470220000000002,O=c1cc(OCCc2cccs2)ccn1Cc1ccccc1
DHFR,PBP2a,CHEMBL6461,C[C@]1(/C=C/C#N)[C@H](C(=O)[O-])N2C(=O)C[C@H]2S1(=O)=O.[Na+],cross_target_decoy_not_inactive,292.248,-5.065819999999998,O=C1CC2N1CCS2(=O)=O
DHFR,FabI,CHEMBL5523412,Cc1c(O)cccc1N1CC(c2nc3ccccc3n2C)CC1=O,cross_target_decoy_not_inactive,321.3800000000001,3.107820000000001,O=C1CC(c2nc3ccccc3[nH]2)CN1c1ccccc1
DHFR,70S_ribosome,CHEMBL126,CC(=O)NC[C@H]1CN(c2ccc(N3CCOCC3)c(F)c2)C(=O)O1,cross_target_decoy_not_inactive,337.35100000000006,1.1235999999999997,O=C1OCCN1c1ccc(N2CCOCC2)cc1
DHFR,D-Ala-D-Ala,CHEMBL4445254,O=C(NNC(=S)Nc1cccc(Cl)c1)c1ccccc1O,cross_target_decoy_not_inactive,321.78900000000004,2.677000000000001,O=C(NNC(=S)Nc1ccccc1)c1ccccc1
DHFR,LeuRS,CHEMBL4089141,Cl.NCC1OB(O)c2c(Oc3ccccc3)ccc(Cl)c21,cross_target_decoy_not_inactive,325.988,2.2716000000000003,B1OCc2cccc(Oc3ccccc3)c21
DHFR,GyrB,CHEMBL5419490,Cc1ccc(S(=O)(=O)NC(=S)Nc2nncs2)cc1,cross_target_decoy_not_inactive,314.41700000000003,1.52182,O=S(=O)(NC(=S)Nc1nncs1)c1ccccc1
DHFR,FtsZ,CHEMBL2180486,CC(C)(C)c1ccc(-c2cccc(CNC(=N)N)c2)cc1,cross_target_decoy_not_inactive,281.403,3.63417,c1ccc(-c2ccccc2)cc1
DHFR,LeuRS,CHEMBL4163140,CC(C)C[C@H](N)C(=O)NS(=O)(=O)c1cccc(-c2ccncc2)c1,cross_target_decoy_not_inactive,347.44000000000005,1.9268999999999998,c1ccc(-c2ccncc2)cc1
DHFR,FabI,CHEMBL3676399,CS(=O)(=O)OC1CN(C(c2ccccc2)c2ccccc2)C1,cross_target_decoy_not_inactive,317.4100000000001,2.436400000000001,c1ccc(C(c2ccccc2)N2CCC2)cc1
DHFR,GyrB,CHEMBL3735055,C=CCn1cc(NC(=O)NCC)c2ncc(-c3cccnc3)cc21,cross_target_decoy_not_inactive,321.384,3.4257000000000026,c1cncc(-c2cnc3cc[nH]c3c2)c1
DHFR,FabI,CHEMBL4213777,COc1ccccc1C1CCN(C(=O)Cc2c(F)cccc2F)C1,cross_target_decoy_not_inactive,331.36199999999997,3.5320000000000027,O=C(Cc1ccccc1)N1CCC(c2ccccc2)C1
DHFR,MurC,CHEMBL87584,CC1Cc2nn(-c3ccc(Cl)cc3)c(O)c2S1,cross_target_decoy_not_inactive,266.753,3.268000000000002,c1ccc(-n2cc3c(n2)CCS3)cc1
DHFR,FabI,CHEMBL5523536,CCCn1c(C2CC(=O)N(c3cccc(Br)c3C)C2)nc2ccccc21,cross_target_decoy_not_inactive,412.33100000000013,5.037720000000005,O=C1CC(c2nc3ccccc3[nH]2)CN1c1ccccc1
DHFR,GyrB,CHEMBL3921420,CCOC(=O)C(=O)Nc1nc2ccc(NC(=O)c3cc(Cl)c(Cl)[nH]3)cc2s1,cross_target_decoy_not_inactive,427.26900000000006,3.685100000000001,O=C(Nc1ccc2ncsc2c1)c1ccc[nH]1
DHFR,FtsZ,CHEMBL1651202,CCCCOC(=O)Nc1cc2nc(C3CCCCC3)[nH]c2cc1N(CC)CC,cross_target_decoy_not_inactive,386.54000000000013,5.805400000000005,c1ccc2[nH]c(C3CCCCC3)nc2c1
DHFR,LpxC,CHEMBL3647087,CC(CCc1ccc(-c2cccc(F)c2)cc1)(C(=O)NO)S(C)(=O)=O,cross_target_decoy_not_inactive,365.42600000000004,2.734000000000001,c1ccc(-c2ccccc2)cc1
DHFR,GyrB,CHEMBL3735134,CCNC(=O)Nc1cn(-c2ncc(Br)cn2)c2cc(-c3cccnc3)cnc12,cross_target_decoy_not_inactive,438.28900000000016,3.7814000000000014,c1cnc(-n2ccc3ncc(-c4cccnc4)cc32)nc1
DHFR,FabI,CHEMBL3676413,C/C(Cc1ncccn1)=N\OC1CN(C(=O)/C=C/c2cnc3c(c2)CCC(=O)N3)C1,cross_target_decoy_not_inactive,406.4460000000002,1.6154999999999997,O=C1CCc2cc(C=CC(=O)N3CC(ON=CCc4ncccn4)C3)cnc2N1
DHFR,LpxH,CHEMBL3672297,CC(CN)c1ccc(-c2c(O)ccc3[nH]c(=O)c4sccc4c23)cc1F,cross_target_decoy_not_inactive,368.43300000000005,4.316700000000002,O=c1[nH]c2cccc(-c3ccccc3)c2c2ccsc12
DHFR,Gyr,CHEMBL4798476,CNc1cc(F)cc2cc(C(=O)Nc3ccc(C(=O)NCCN)cc3)c(=O)[nH]c12.Cl,cross_target_decoy_not_inactive,433.87100000000015,2.0715,O=C(Nc1ccccc1)c1cc2ccccc2[nH]c1=O
DHFR,LpxC,CHEMBL2012203,C[C@@](OCc1ccc(-c2ccccc2)cc1)(C(=O)NO)[C@@H](O)c1ccon1,cross_target_decoy_not_inactive,368.38900000000007,2.8559,c1ccc(-c2ccc(COCCc3ccon3)cc2)cc1
DHFR,LpxH,CHEMBL3672348,Cc1cc(O)c(-c2ccc(C(CN)C(C)C)c(F)c2)c2c1[nH]c(=O)c1sccc12,cross_target_decoy_not_inactive,410.51400000000007,5.261220000000003,O=c1[nH]c2cccc(-c3ccccc3)c2c2ccsc12
DHFR,Gyr,CHEMBL488699,CCNC(=O)Nc1nc2cc(-c3ccn(C)c(=O)c3)cc(-c3ncccc3F)c2[nH]1,cross_target_decoy_not_inactive,406.4210000000001,3.2711000000000015,O=c1cc(-c2cc(-c3ccccn3)c3[nH]cnc3c2)cc[nH]1
DHFR,LpxC,CHEMBL3647249,CC(CCc1ccc(OCc2ccc(Cl)cc2F)cc1)(C(=O)NO)S(C)(=O)=O,cross_target_decoy_not_inactive,429.8970000000001,3.299400000000002,c1ccc(COc2ccccc2)cc1
DHFR,LpxH,CHEMBL3667260,CC(NC1CCCC1)c1ccc(-c2c(O)ccc3[nH]c(=O)c4sccc4c23)cc1,cross_target_decoy_not_inactive,404.5350000000002,5.708600000000005,O=c1[nH]c2cccc(-c3ccc(CNC4CCCC4)cc3)c2c2ccsc12
DHFR,FabI,CHEMBL567313,Cc1c(CN(C)C(=O)/C=C/c2cnc3c(c2)NCCCN3)sc2ccccc12,cross_target_decoy_not_inactive,392.5280000000001,4.504020000000003,O=C(C=Cc1cnc2c(c1)NCCCN2)NCc1cc2ccccc2s1
DHFR,Gyr,CHEMBL380520,NCc1cccc(-c2cc3c(cc2F)c(=O)c2c(=O)[nH]sc2n3C2CC2)c1,cross_target_decoy_not_inactive,381.432,3.5042000000000018,O=c1[nH]sc2c1c(=O)c1ccc(-c3ccccc3)cc1n2C1CC1
DHFR,TopoIV,CHEMBL4286625,CCNC(=O)Nc1cc(-c2nc(C(F)(F)F)cs2)c(-c2cnc3cccnc3c2)cn1,cross_target_decoy_not_inactive,444.44200000000006,4.975500000000004,c1cnc2cc(-c3cnccc3-c3nccs3)cnc2c1
DHFR,LpxC,CHEMBL2377703,CS(=O)(=O)C[C@H](NC(=O)c1ccc(C#Cc2ccccc2)cc1)C(=O)NO,cross_target_decoy_not_inactive,386.42900000000003,0.7347999999999997,C(#Cc1ccccc1)c1ccccc1
DHFR,TopoIV,CHEMBL4453061,O=c1cc(NCCCN2CCN(c3nccc4ccc(F)cc34)CC2)c2c(o1)CCOC2,cross_target_decoy_not_inactive,438.5030000000004,3.024000000000001,O=c1cc(NCCCN2CCN(c3nccc4ccccc34)CC2)c2c(o1)CCOC2
DHFR,TopoIV,CHEMBL2220900,CCNC(=O)Nc1nc2cc(-c3cnc(C(C)(C)O)nc3)c(F)c([C@H]3CCCO3)c2[nH]1,cross_target_decoy_not_inactive,428.4680000000002,3.3793000000000015,c1ncc(-c2cc(C3CCCO3)c3[nH]cnc3c2)cn1
DHFR,MurC,CHEMBL4448164,Cn1c(-c2ccccc2)cc(=O)c2c1CCN(C(=O)c1ccc(C(=O)O)cc1)C2,cross_target_decoy_not_inactive,388.42300000000006,2.9490000000000007,O=C(c1ccccc1)N1CCc2[nH]c(-c3ccccc3)cc(=O)c2C1
DHFR,LpxC,CHEMBL3903915,COc1cccc(-c2ccc(CC[C@](C)(C(=O)NO)S(C)(=O)=O)cc2)c1,cross_target_decoy_not_inactive,377.46200000000005,2.6035000000000004,c1ccc(-c2ccccc2)cc1
DHFR,FabI,CHEMBL71861,O=C(c1ccc(O)cc1)N1CCc2c(n(Cc3cccc(O)c3)c3ccccc23)C1,cross_target_decoy_not_inactive,398.46200000000005,4.299300000000002,O=C(c1ccccc1)N1CCc2c(n(Cc3ccccc3)c3ccccc23)C1
DHFR,Gyr,CHEMBL487663,CCNC(=O)Nc1nc2cc(-c3cccnc3)cc(-c3ccccn3)c2[nH]1,cross_target_decoy_not_inactive,358.4050000000001,3.8283000000000014,c1ccc(-c2cc(-c3cccnc3)cc3nc[nH]c23)nc1
DHFR,GyrB,CHEMBL4176270,Cc1[nH]c(C(=O)Nc2ccc(C(=O)NCC(=O)O)cc2OC(C)C)c(Cl)c1Cl,cross_target_decoy_not_inactive,428.27200000000016,3.4838200000000015,O=C(Nc1ccccc1)c1ccc[nH]1
DHFR,FabI,CHEMBL583197,Cc1c(CN(C)C(=O)/C=C/c2cnc3c(c2)CNCCN3)sc2ccccc12,cross_target_decoy_not_inactive,392.5280000000001,3.7916200000000018,O=C(C=Cc1cnc2c(c1)CNCCN2)NCc1cc2ccccc2s1
DHFR,LpxC,CHEMBL3957683,C[C@@](CCc1ccc(-c2ccc(C(=O)N3CCC(O)CC3)cc2)cc1)(C(=O)NO)S(C)(=O)=O,cross_target_decoy_not_inactive,474.5790000000002,2.1917999999999997,O=C(c1ccc(-c2ccccc2)cc1)N1CCCCC1
DHFR,FtsZ,CHEMBL1926719,CCOC(=O)Nc1cc(NCCN(CC)CC)c2nc(-c3cccs3)c(-c3cccs3)nc2n1,cross_target_decoy_not_inactive,496.6620000000001,5.803900000000005,c1csc(-c2nc3cccnc3nc2-c2cccs2)c1
DHFR,Gyr,CHEMBL6078305,Cc1[nH]c(C(=O)Nc2ccc(-c3noc(=O)[nH]3)cc2N2CCN(c3ccccc3)CC2)c(Cl)c1Cl,cross_target_decoy_not_inactive,513.3850000000003,4.552120000000003,O=C(Nc1ccc(-c2noc(=O)[nH]2)cc1N1CCN(c2ccccc2)CC1)c1ccc[nH]1
DHFR,Gyr,CHEMBL3658993,CSc1cnc(-c2noc3c(F)c4c(cc23)CC2(C(=O)NC(=O)NC2=O)[C@H]2[C@H](C)O[C@H](C)CN42)cn1,cross_target_decoy_not_inactive,512.5230000000003,2.0364999999999998,O=C1NC(=O)C2(Cc3cc4c(-c5cnccn5)noc4cc3N3CCOCC32)C(=O)N1
DHPS,MurA,CHEMBL218788,C=C1C(=O)O[C@@H]2[C@@H]1CC[C@]1(C)CCC=C(C)[C@@H]21,cross_target_decoy_not_inactive,232.32299999999995,3.2406000000000024,C=C1C(=O)OC2C1CCC1CCC=CC12
DHPS,DHFR,CHEMBL19414,Nc1ncc(Cc2ccc([N+](=O)[O-])cc2)c(N)n1,cross_target_decoy_not_inactive,245.242,1.1400000000000001,c1ccc(Cc2cncnc2)cc1
DHPS,DHFR,CHEMBL367308,Nc1ncc(OCc2c(Cl)cccc2Cl)c(N)n1,cross_target_decoy_not_inactive,285.134,2.5267999999999997,c1ccc(COc2cncnc2)cc1
DHPS,LeuRS,CHEMBL4077080,Cl.NC[C@@H]1OB(O)c2c3c(cc(Br)c21)OCCO3,cross_target_decoy_not_inactive,336.3780000000001,0.35960000000000003,B1OCc2ccc3c(c21)OCCO3
DHPS,DHFR,CHEMBL57829,CCN1CC(CO)Cc2cc(Cc3cnc(N)nc3N)cc(OC)c21,cross_target_decoy_not_inactive,343.4310000000001,1.2312999999999998,c1ncc(Cc2ccc3c(c2)CCCN3)cn1
DHPS,LpxC,CHEMBL3758267,O=C(NO)[C@H](CO)OCc1ccc(C#Cc2ccccc2)cc1,cross_target_decoy_not_inactive,311.337,1.4692999999999996,C(#Cc1ccccc1)c1ccccc1
DHPS,LpxH,CHEMBL3667217,NCCc1ccc(-c2c(O)ccc3[nH]c(=O)c4sccc4c23)cc1,cross_target_decoy_not_inactive,336.41600000000005,3.616600000000001,O=c1[nH]c2cccc(-c3ccccc3)c2c2ccsc12
DHPS,MurC,CHEMBL87584,CC1Cc2nn(-c3ccc(Cl)cc3)c(O)c2S1,cross_target_decoy_not_inactive,266.753,3.268000000000002,c1ccc(-n2cc3c(n2)CCS3)cc1
DHPS,LpxH,CHEMBL3667224,CC(N)c1ccc(-c2c(O)ccc3[nH]c(=O)c4sccc4c23)cc1,cross_target_decoy_not_inactive,336.41600000000005,4.135100000000002,O=c1[nH]c2cccc(-c3ccccc3)c2c2ccsc12
DHPS,FabI,CHEMBL3676408,CCCCCOC1CN(C(=O)/C=C/c2cnc3c(c2)CCC(=O)N3)C1,cross_target_decoy_not_inactive,343.42700000000013,2.3971,O=C1CCc2cc(C=CC(=O)N3CCC3)cnc2N1
DHPS,LeuRS,CHEMBL4092224,Cl.NCC1OB(O)c2cc(OCCCO)cc(Cl)c21,cross_target_decoy_not_inactive,307.96999999999997,0.2404999999999996,B1OCc2ccccc21
DHPS,DHFR,CHEMBL575185,COc1cc(-c2ccccc2C)cc([C@H](C)C#Cc2c(C)nc(N)nc2N)c1,cross_target_decoy_not_inactive,372.4720000000001,4.088640000000002,C(#Cc1cncnc1)Cc1cccc(-c2ccccc2)c1
DHPS,LpxC,CHEMBL3827891,O=C(NO)[C@H]1CN(c2ccc(C#Cc3ccc(CN4CCOCC4)cc3)cc2)C(=O)O1,cross_target_decoy_not_inactive,421.45300000000026,1.7491999999999994,O=C1OCCN1c1ccc(C#Cc2ccc(CN3CCOCC3)cc2)cc1
DHPS,Gyr,CHEMBL3329298,CCNC(=O)Nc1cc(-c2cccnc2)c(C(=O)Nc2nccs2)cn1,cross_target_decoy_not_inactive,368.422,2.993800000000001,O=C(Nc1nccs1)c1cnccc1-c1cccnc1
DHPS,FabI,CHEMBL3322730,Cc1c(C2CN(C(=O)/C=C/c3cnc4c(c3)NCCC(=O)N4)C2)oc2ccccc12,cross_target_decoy_not_inactive,402.4540000000002,3.5295200000000015,O=C1CCNc2cc(C=CC(=O)N3CC(c4cc5ccccc5o4)C3)cnc2N1
DHPS,LpxH,CHEMBL3667203,NS(=O)(=O)c1ccc(-c2c(O)ccc3[nH]c(=O)c4sccc4c23)cc1,cross_target_decoy_not_inactive,372.4270000000001,2.7628000000000004,O=c1[nH]c2cccc(-c3ccccc3)c2c2ccsc12
DHPS,LpxH,CHEMBL3672384,Cc1cc(O)c(-c2ccc(N(C)CCN)cc2)c2c1[nH]c(=O)c1sccc12,cross_target_decoy_not_inactive,379.485,3.8187200000000017,O=c1[nH]c2cccc(-c3ccccc3)c2c2ccsc12
DHPS,LpxH,CHEMBL3667245,C[C@H](c1ccc(-c2c(O)ccc3[nH]c(=O)c4sccc4c23)cc1)N(C)C,cross_target_decoy_not_inactive,364.4700000000001,4.738000000000004,O=c1[nH]c2cccc(-c3ccccc3)c2c2ccsc12
DHPS,LpxH,CHEMBL3672271,Cc1cc(O)c(-c2ccc([C@@H](C)N)cc2)c2c1[nH]c(=O)c1sccc12,cross_target_decoy_not_inactive,350.44300000000004,4.443520000000001,O=c1[nH]c2cccc(-c3ccccc3)c2c2ccsc12
DHPS,LpxH,CHEMBL3672373,C[C@@H](CN(C)C)c1ccc(-c2c(O)cc(Cl)c3[nH]c(=O)c4sccc4c23)cc1,cross_target_decoy_not_inactive,412.94200000000006,5.433900000000005,O=c1[nH]c2cccc(-c3ccccc3)c2c2ccsc12
DHPS,FtsZ,CHEMBL5200927,CN(C)c1ccc(/C=C/c2cc(N3CCCCC3)c3ccccc3[n+]2C)cc1.[I-],cross_target_decoy_not_inactive,499.43999999999994,1.8949999999999996,C(=Cc1cc(N2CCCCC2)c2ccccc2[nH+]1)c1ccccc1
DHPS,Gyr,CHEMBL4758336,CNc1cc(F)cc2cc(C(=O)Nc3ccc(C(=O)O)cc3CN(CCO)C3CCCCC3)c(=O)[nH]c12.Cl,cross_target_decoy_not_inactive,547.0270000000005,4.208200000000003,O=C(Nc1ccccc1CNC1CCCCC1)c1cc2ccccc2[nH]c1=O
FabH,LpxC,CHEMBL108805,O=C(NO)C1COC(c2ccccc2)=N1,cross_target_decoy_not_inactive,206.20100000000002,0.33739999999999926,c1ccc(C2=NCCO2)cc1
FabH,70S_ribosome,CHEMBL3248511,CCCCCC(CO)NC(=O)/C=C/c1c(C)[nH]c(=O)[nH]c1=O,cross_target_decoy_not_inactive,309.36600000000004,0.44222000000000017,O=c1cc[nH]c(=O)[nH]1
FabH,LpxC,CHEMBL6176082,Cc1c(COc2cccc(CNC(C(=O)NO)C(C)O)c2)cccc1-c1ccccc1,cross_target_decoy_not_inactive,420.5090000000001,3.585420000000002,c1ccc(OCc2cccc(-c3ccccc3)c2)cc1
FabH,LpxC,CHEMBL4757624,C[C@@H](O)c1nccn1Cc1cc(C#Cc2ccc(CCCO)cc2)on1,cross_target_decoy_not_inactive,351.4060000000001,2.2974000000000006,C(#Cc1cc(Cn2ccnc2)no1)c1ccccc1
FabH,LpxH,CHEMBL3667244,NCc1ccc(-c2c(O)cc(Br)c3[nH]c(=O)c4sccc4c23)cc1,cross_target_decoy_not_inactive,401.28500000000014,4.336600000000002,O=c1[nH]c2cccc(-c3ccccc3)c2c2ccsc12
FabH,FabI,CHEMBL2178296,CCc1ccc(Oc2ccc(S(=O)(=O)NCCO)cc2F)c(O)c1,cross_target_decoy_not_inactive,355.387,2.1566,c1ccc(Oc2ccccc2)cc1
FabI,MurA,CHEMBL5171747,COC(=O)CC(=O)Nc1ncc(C#N)s1,cross_target_decoy_not_inactive,225.229,0.5163799999999998,c1cscn1
FabI,DHPS,CHEMBL56190,CNc1nc(N)[nH]c(=O)c1[N+](=O)[O-],cross_target_decoy_not_inactive,185.143,-0.6980000000000002,O=c1ccnc[nH]1
FabI,70S_ribosome,CHEMBL1631493,N[C@@H]1C[C@H](N)[C@@]2(CCC=CCO2)[C@H](O)[C@H]1O,cross_target_decoy_not_inactive,228.292,-1.1280999999999994,C1=CCOC2(CC1)CCCCC2
FabI,D-Ala-D-Ala,CHEMBL771,N[C@@H]1CONC1=O,cross_target_decoy_not_inactive,102.09299999999999,-1.6249000000000007,O=C1CCON1
FabI,LpxC,CHEMBL324231,CCCc1cccc(C2=N[C@@H](C(=O)NO)CO2)c1,cross_target_decoy_not_inactive,248.28199999999995,1.2899,c1ccc(C2=NCCO2)cc1
FabI,DHFR,CHEMBL174414,Cn1ccc2c3c(N)nc(N)nc3ccc21,cross_target_decoy_not_inactive,213.24400000000003,1.2858999999999998,c1ncc2c(ccc3[nH]ccc32)n1
FabI,MurA,CHEMBL4298697,C=C1C(=O)O[C@@H]2C3O[C@]3(C)CC/C=C(\C)CC[C@@H]12,cross_target_decoy_not_inactive,248.32199999999992,2.7620000000000013,C=C1C(=O)OC2C1CCC=CCCC1OC12
FabI,DHFR,CHEMBL265493,Nc1ncc(Cc2ccccc2)c(N)n1,cross_target_decoy_not_inactive,200.245,1.2318,c1ccc(Cc2cncnc2)cc1
FabI,LpxC,CHEMBL110680,CCCc1ccc(C2=N[C@@H](C(=O)NO)CO2)cc1,cross_target_decoy_not_inactive,248.28199999999998,1.2899,c1ccc(C2=NCCO2)cc1
FabI,DHFR,CHEMBL369237,COc1ccc(CNc2cnc(N)nc2N)cc1,cross_target_decoy_not_inactive,245.286,1.2616999999999996,c1ccc(CNc2cncnc2)cc1
FabI,DHFR,CHEMBL353929,Cc1cc2c3c(N)nc(N)nc3ccc2n1C,cross_target_decoy_not_inactive,227.27100000000002,1.5943199999999997,c1ncc2c(ccc3[nH]ccc32)n1
FabI,LeuRS,CHEMBL4518074,NCC1OB(O)c2ccccc21,cross_target_decoy_not_inactive,162.98499999999999,-0.5959000000000001,B1OCc2ccccc21
FabI,70S_ribosome,CHEMBL1631490,N[C@@H]1C[C@H](N)[C@@]2(C[C@H](O)[C@H](O)CO2)[C@H](O)[C@H]1O,cross_target_decoy_not_inactive,248.279,-3.3525999999999985,C1CCC2(CC1)CCCCO2
FabI,MurA,CHEMBL218788,C=C1C(=O)O[C@@H]2[C@@H]1CC[C@]1(C)CCC=C(C)[C@@H]21,cross_target_decoy_not_inactive,232.32299999999995,3.2406000000000024,C=C1C(=O)OC2C1CCC1CCC=CC12
FabI,LeuRS,CHEMBL378506,OB1OCc2ccccc21,cross_target_decoy_not_inactive,133.94299999999998,-0.09570000000000012,B1OCc2ccccc21
FabI,MurA,CHEMBL5174817,Cc1nc(Br)sc1C(=O)O,cross_target_decoy_not_inactive,222.063,1.9122200000000003,c1cscn1
FabI,MurC,CHEMBL327438,N#Cc1cccc(-n2nc3c(c2O)SCC3)c1,cross_target_decoy_not_inactive,243.29099999999997,2.0977799999999993,c1ccc(-n2cc3c(n2)CCS3)cc1
FabI,LpxC,CHEMBL110117,Cc1ccccc1C1=NC(C(=O)NO)CO1,cross_target_decoy_not_inactive,220.228,0.64582,c1ccc(C2=NCCO2)cc1
FabI,DHFR,CHEMBL174679,COc1ccc(COc2cnc(N)nc2N)cc1,cross_target_decoy_not_inactive,246.27,1.2285999999999997,c1ccc(COc2cncnc2)cc1
FabI,MurC,CHEMBL315456,CC(C)c1ccc(-n2nc3c(c2O)SCC3)cc1,cross_target_decoy_not_inactive,260.36199999999997,3.3495000000000026,c1ccc(-n2cc3c(n2)CCS3)cc1
FabI,DHFR,CHEMBL573075,COc1cc([C@@H](C)C#Cc2cnc(N)nc2N)cc(OC)c1OC,cross_target_decoy_not_inactive,328.37200000000007,1.822,C(#Cc1cncnc1)Cc1ccccc1
FabI,Gyr,CHEMBL472525,CCNC(=O)Nc1nc2cc(-c3ccccc3)ccc2[nH]1,cross_target_decoy_not_inactive,280.331,3.3713000000000015,c1ccc(-c2ccc3[nH]cnc3c2)cc1
FabI,LpxC,CHEMBL3827730,O=C(NO)[C@@H]1CN(c2ccc(C#CC#CC3CC3)cc2F)C(=O)O1,cross_target_decoy_not_inactive,328.29900000000004,1.4211999999999996,O=C1OCCN1c1ccc(C#CC#CC2CC2)cc1
FabI,DHFR,CHEMBL57459,Nc1ncc(Cc2ccc3ncccc3c2)c(N)n1,cross_target_decoy_not_inactive,251.293,1.78,c1cnc2ccc(Cc3cncnc3)cc2c1
FabI,RpoB,CHEMBL434136,O=C(O)c1ccc2c(c1)nc(-c1nccs1)n2C1CCCCC1,cross_target_decoy_not_inactive,327.4090000000002,4.363200000000003,c1ccc2c(c1)nc(-c1nccs1)n2C1CCCCC1
FabI,LpxH,CHEMBL3667209,Cc1cc2c(s1)c(=O)[nH]c1ccc(O)c(-c3ccc(CN)cc3)c12,cross_target_decoy_not_inactive,336.4160000000001,3.882520000000002,O=c1[nH]c2cccc(-c3ccccc3)c2c2ccsc12
FabI,DHFR,CHEMBL57377,COc1cc(Cc2cnc(N)nc2N)cc2c(C)cc(C)nc12,cross_target_decoy_not_inactive,309.37300000000005,2.4054400000000005,c1cnc2ccc(Cc3cncnc3)cc2c1
FabI,MurA,CHEMBL5195475,O=C(O)C(=O)Nc1ncc(Br)s1,cross_target_decoy_not_inactive,251.061,0.9286999999999996,c1cscn1
FabI,RpoB,CHEMBL176662,O=C(O)c1ccc2c(c1)nc(-c1ccc[nH]1)n2C1CCCCC1,cross_target_decoy_not_inactive,309.36900000000014,4.234800000000003,c1c[nH]c(-c2nc3ccccc3n2C2CCCCC2)c1
FabI,LpxC,CHEMBL4076006,CC(N[C@H](C(=O)NO)[C@@H](C)O)c1ccc(C#Cc2ccccc2)cc1,cross_target_decoy_not_inactive,338.40700000000004,1.9917999999999998,C(#Cc1ccccc1)c1ccccc1
FabI,FtsZ,CHEMBL48217,N=C(N)c1ccc(-c2cc3ccc(C(=N)N)cc3[nH]2)cc1,cross_target_decoy_not_inactive,277.331,2.4030400000000007,c1ccc(-c2cc3ccccc3[nH]2)cc1
FabI,LeuRS,CHEMBL4078760,CCOc1cc(Br)c2c(c1)B(O)OC2CN.Cl,cross_target_decoy_not_inactive,322.39500000000004,0.9870999999999996,B1OCc2ccccc21
FabI,DHFR,CHEMBL298955,CS(=O)(=O)Oc1ccc(Cc2cnc(N)nc2N)cc1,cross_target_decoy_not_inactive,294.336,0.5702,c1ccc(Cc2cncnc2)cc1
FabI,DHFR,CHEMBL124304,CC(C)c1ccc(Sc2cccc3nc(N)nc(N)c23)cc1,cross_target_decoy_not_inactive,310.42600000000004,4.068800000000002,c1ccc(Sc2cccc3ncncc23)cc1
FabI,DHFR,CHEMBL575627,COc1ccc(OC)c([C@@H](C#Cc2c(C)nc(N)nc2N)OC)c1,cross_target_decoy_not_inactive,328.37200000000007,1.7058199999999997,C(#Cc1cncnc1)Cc1ccccc1
FabI,Gyr,CHEMBL222348,CCNC(=O)Nc1nc2cc(-c3cnc(OC)nc3)c(OC)cc2[nH]1,cross_target_decoy_not_inactive,342.3590000000001,2.1785,c1ncc(-c2ccc3[nH]cnc3c2)cn1
FabI,DHFR,CHEMBL122647,COc1ccc(Sc2cccc3nc(N)nc(N)c23)cc1OC,cross_target_decoy_not_inactive,328.3970000000001,2.9626,c1ccc(Sc2cccc3ncncc23)cc1
FabI,DHFR,CHEMBL521055,COc1ccc(OC)c(CC#Cc2cnc(N)nc2N)c1,cross_target_decoy_not_inactive,284.31899999999996,1.2524,C(#Cc1cncnc1)Cc1ccccc1
FabI,MurC,CHEMBL86525,Oc1c2c(nn1-c1cccc(Cl)c1)CCS2,cross_target_decoy_not_inactive,252.72599999999997,2.879500000000001,c1ccc(-n2cc3c(n2)CCS3)cc1
FabI,MurA,CHEMBL374146,C=C(CO)C(=O)O[C@H]1CC(=C)[C@@H]2C[C@H](O)C(=C)[C@@H]2[C@H]2OC(=O)C(=C)[C@@H]21,cross_target_decoy_not_inactive,346.3790000000001,1.0575999999999999,C=C1C(=O)OC2C1CCC(=C)C1CCC(=C)C12
FabI,LpxH,CHEMBL3667217,NCCc1ccc(-c2c(O)ccc3[nH]c(=O)c4sccc4c23)cc1,cross_target_decoy_not_inactive,336.41600000000005,3.616600000000001,O=c1[nH]c2cccc(-c3ccccc3)c2c2ccsc12
FabI,D-Ala-D-Ala,CHEMBL4457124,N#Cc1ccc(NC(=S)NNC(=O)c2ccccc2O)cc1,cross_target_decoy_not_inactive,312.35400000000004,1.8952799999999999,O=C(NNC(=S)Nc1ccccc1)c1ccccc1
FabI,LpxC,CHEMBL1668442,C[C@@H](O)[C@@H](NC(=O)N1CCC(C#Cc2ccccc2)CC1)C(=O)NO,cross_target_decoy_not_inactive,345.3990000000001,0.7144999999999999,C(#CC1CCNCC1)c1ccccc1
FabI,MurC,CHEMBL86851,CC(C)(C)c1ccc(-n2nc3c(c2O)SCC3)cc1,cross_target_decoy_not_inactive,274.38899999999995,3.523600000000002,c1ccc(-n2cc3c(n2)CCS3)cc1
FabI,LpxC,CHEMBL3647083,CC(CCc1ccc(-c2ccc(O)cc2)cc1)(C(=O)NO)S(C)(=O)=O,cross_target_decoy_not_inactive,363.43500000000006,2.3005000000000004,c1ccc(-c2ccccc2)cc1
FabI,70S_ribosome,CHEMBL3114324,NCCCC[C@H](N)C(=O)NC[C@@H]1CC[C@@]2(O1)[C@H](O)[C@@H](O)[C@H](N)C[C@@H]2N,cross_target_decoy_not_inactive,359.47100000000006,-2.7431999999999945,C1CCC2(CC1)CCCO2
FabI,LpxC,CHEMBL3947148,CCOc1ccc(-c2ccc(C(=O)N(C)[C@@](C)(C(=O)NC)C(=O)NO)cc2)cc1,cross_target_decoy_not_inactive,399.44700000000006,1.8343999999999991,c1ccc(-c2ccccc2)cc1
FabI,Gyr,CHEMBL5287867,Nc1nc(=S)[nH]c2c1C(c1ccc(Cl)cc1)C=C(c1cc3ccccc3oc1=O)O2,cross_target_decoy_not_inactive,435.8920000000002,5.046590000000003,O=c1oc2ccccc2cc1C1=CC(c2ccccc2)c2cnc(=S)[nH]c2O1
FabI,MurA,CHEMBL381658,O=C1O/C(=C\c2cccc(C(F)(F)F)c2)C(O)=C1c1cccc2ccccc12,cross_target_decoy_not_inactive,382.33700000000005,5.725600000000004,O=C1OC(=Cc2ccccc2)C=C1c1cccc2ccccc12
FabI,TopoIV,CHEMBL5595242,COc1ccc2ncc(F)c(CCN3CCC(C(O)Cc4ccc(C)cc4)CC3)c2n1,cross_target_decoy_not_inactive,423.5320000000002,3.9440200000000027,c1ccc(CCC2CCN(CCc3ccnc4cccnc34)CC2)cc1
FabI,LpxC,CHEMBL3647249,CC(CCc1ccc(OCc2ccc(Cl)cc2F)cc1)(C(=O)NO)S(C)(=O)=O,cross_target_decoy_not_inactive,429.8970000000001,3.299400000000002,c1ccc(COc2ccccc2)cc1
FabI,Gyr,CHEMBL438444,O=c1[nH]sc2c1c(=O)c1cc(F)c(-c3cccc(C4CCCCN4)c3)cc1n2C1CC1,cross_target_decoy_not_inactive,435.5240000000003,4.860100000000003,O=c1[nH]sc2c1c(=O)c1ccc(-c3cccc(C4CCCCN4)c3)cc1n2C1CC1
FabI,GyrB,CHEMBL5422204,CCCCCc1nnc(NC(=S)NS(=O)(=O)c2ccc(C)cc2)s1,cross_target_decoy_not_inactive,384.55200000000013,3.254520000000001,O=S(=O)(NC(=S)Nc1nncs1)c1ccccc1
FabI,Gyr,CHEMBL4177464,C#CCN1CCN(c2cc3c(cc2F)c(=O)c(C(=O)O)cn3C2CC2)CC1,cross_target_decoy_not_inactive,369.3960000000002,1.9289,O=c1ccn(C2CC2)c2cc(N3CCNCC3)ccc12
FabI,LpxC,CHEMBL3647126,CC(CCc1ccc(-c2ccc(C#N)cc2)cc1F)(C(=O)NO)S(C)(=O)=O,cross_target_decoy_not_inactive,390.4360000000001,2.6056799999999996,c1ccc(-c2ccccc2)cc1
FabI,GyrB,CHEMBL568222,CCNC(=O)Nc1cn2c(-c3ncc(S(C)(=O)=O)cn3)cc(-c3cccnc3)cc2n1,cross_target_decoy_not_inactive,437.4850000000001,2.398200000000001,c1cnc(-c2cc(-c3cccnc3)cc3nccn23)nc1
FabI,LeuRS,CHEMBL4444740,Cc1cc(-c2cccc(S(=O)(=O)CC(=O)[C@@H](N)CC(C)C)c2)ncn1,cross_target_decoy_not_inactive,361.46700000000004,2.16822,c1ccc(-c2ccncn2)cc1
FabI,LpxC,CHEMBL2023137,C[C@@](CCn1ccc(-c2ccccc2)nc1=O)(C(=O)NO)S(C)(=O)=O,cross_target_decoy_not_inactive,365.41100000000006,0.6090999999999996,O=c1nc(-c2ccccc2)cc[nH]1
FabI,LpxC,CHEMBL3935743,CC(C)(O)C(=O)c1ccc(-c2ccc(CC[C@](C)(C(=O)NO)S(C)(=O)=O)cc2)cc1,cross_target_decoy_not_inactive,433.52600000000007,2.5485000000000007,c1ccc(-c2ccccc2)cc1
FabI,GyrB,CHEMBL578336,CCNC(=O)Nc1cn2c(-c3nc(C)cc(C)n3)cc(-c3cccnc3)cc2n1,cross_target_decoy_not_inactive,387.44700000000006,3.6115400000000024,c1cnc(-c2cc(-c3cccnc3)cc3nccn23)nc1
FabI,GyrB,CHEMBL5413640,COCCN(C(=O)c1[nH]c(C)c(Cl)c1Cl)c1nc2ccc(C(=O)O)cc2s1,cross_target_decoy_not_inactive,428.29700000000014,4.231020000000003,O=C(Nc1nc2ccccc2s1)c1ccc[nH]1
FabI,TopoIV,CHEMBL3235085,CCNC(=O)Nc1cc(-c2nc(C(F)(F)F)cs2)c(-c2cncc(C(=O)O)c2)cn1,cross_target_decoy_not_inactive,437.4030000000001,4.125500000000003,c1cncc(-c2cnccc2-c2nccs2)c1
FabI,LpxC,CHEMBL4437188,C[C@@](C[C@H]1CN(c2ccc(C#CC3CC3)cc2)C(=O)O1)(C(=O)NO)S(C)(=O)=O,cross_target_decoy_not_inactive,406.4600000000001,1.4721000000000002,O=C1OCCN1c1ccc(C#CC2CC2)cc1
FabI,DHFR,CHEMBL3234319,CCc1nc(N)nc(N)c1C#CC(C)c1ccc(-c2ccc(N(C)C)cc2)cc1OC,cross_target_decoy_not_inactive,415.54100000000017,4.100200000000004,C(#Cc1cncnc1)Cc1ccc(-c2ccccc2)cc1
FabI,LeuRS,CHEMBL4167692,Cc1cc(-c2cccc(S(=O)(=O)NC(=O)[C@@H](N)CC(C)C)c2)ncn1,cross_target_decoy_not_inactive,362.4550000000001,1.6303199999999995,c1ccc(-c2ccncn2)cc1
FabI,Gyr,CHEMBL3329314,CCNC(=O)Nc1cc(Nc2ccccc2)c(C(=O)NCc2cccnc2)cn1,cross_target_decoy_not_inactive,390.4470000000001,3.2916000000000016,O=C(NCc1cccnc1)c1cnccc1Nc1ccccc1
FabI,GyrB,CHEMBL565743,CCNC(=O)Nc1cn2c(-c3ncc(C)cn3)cc(-c3ccn(CCF)c(=O)c3)cc2n1,cross_target_decoy_not_inactive,435.4630000000002,3.039320000000002,O=c1cc(-c2cc(-c3ncccn3)n3ccnc3c2)cc[nH]1
FabI,LpxC,CHEMBL2023131,C[C@@](CCn1ccc(-c2ccccc2)cc1=O)(C(=O)NO)S(C)(=O)=O,cross_target_decoy_not_inactive,364.42300000000006,1.2140999999999997,O=c1cc(-c2ccccc2)cc[nH]1
FabI,DHFR,CHEMBL584164,COc1cc(-c2ccccc2C)cc([C@@H](C)C#Cc2c(C)nc(N)nc2N)c1,cross_target_decoy_not_inactive,372.4720000000001,4.088640000000002,C(#Cc1cncnc1)Cc1cccc(-c2ccccc2)c1
FabI,LpxC,CHEMBL1668456,C[C@@H](O)[C@@H](NC(=O)N1CCN(c2ccc(C#Cc3ccc(CO)cc3)cc2)CC1)C(=O)NO,cross_target_decoy_not_inactive,452.5110000000002,0.6650999999999997,C(#Cc1ccc(N2CCNCC2)cc1)c1ccccc1
FabI,Gyr,CHEMBL1774264,COc1c(N2CC[C@@H]([C@H](C)NCCF)C2)c(F)cc2c(=O)c3c(=O)[nH]sc3n(C3CC3)c12,cross_target_decoy_not_inactive,464.53800000000024,3.1610000000000014,O=c1[nH]sc2c1c(=O)c1ccc(N3CCCC3)cc1n2C1CC1
FabI,Gyr,CHEMBL3659010,C[C@@H]1CN2c3c(cc4c(-c5ccccc5F)noc4c3F)CC3(C(=O)NC(=O)NC3=O)[C@H]2[C@H](C)O1,cross_target_decoy_not_inactive,482.4430000000002,2.6637000000000004,O=C1NC(=O)C2(Cc3cc4c(-c5ccccc5)noc4cc3N3CCOCC32)C(=O)N1
FabI,MurC,CHEMBL5090659,Cc1cc(Nc2nc3c(c(=O)n(Cc4cc5c(Cl)cccc5[nH]4)c(=O)n3C)n2C)nc(CCC(=O)O)n1,cross_target_decoy_not_inactive,522.9530000000002,2.4759199999999995,O=c1[nH]c2nc(Nc3ccncn3)[nH]c2c(=O)n1Cc1cc2ccccc2[nH]1
FabI,LpxC,CHEMBL6039591,N=S1(=O)CCC(NCc2ccc(C#Cc3ccc(C(CO)Cc4nc[nH]c(=O)c4O)cc3)cc2)CC1,cross_target_decoy_not_inactive,506.6280000000003,2.4926700000000004,N=S1(=O)CCC(NCc2ccc(C#Cc3ccc(CCc4cc(=O)[nH]cn4)cc3)cc2)CC1
FabI,Gyr,CHEMBL3659033,CCNC(=O)c1noc2c(Cl)c3c(nc12)CC1(C(=O)NC(=O)NC1=O)[C@H]1[C@H](C)O[C@H](C)CN31,cross_target_decoy_not_inactive,476.8770000000002,0.5166000000000004,O=C1NC(=O)C2(Cc3nc4cnoc4cc3N3CCOCC32)C(=O)N1
FabI,Gyr,CHEMBL3658962,C[C@@H]1CN2c3c(cc4c(-c5nccs5)noc4c3Cl)CC3(C(=O)NC(=O)NC3=O)[C@H]2[C@H](C)O1,cross_target_decoy_not_inactive,487.92500000000024,2.4954,O=C1NC(=O)C2(Cc3cc4c(-c5nccs5)noc4cc3N3CCOCC32)C(=O)N1
FabI,Gyr,CHEMBL3663206,CSc1nccc(-c2noc3c(F)c4c(cc23)CC2(C(=O)NC(=O)NC2=O)[C@H]2[C@H](C)O[C@H](C)CN42)n1,cross_target_decoy_not_inactive,512.5230000000003,2.0364999999999998,O=C1NC(=O)C2(Cc3cc4c(-c5ccncn5)noc4cc3N3CCOCC32)C(=O)N1
FabI,Gyr,CHEMBL4872256,Cc1[nH]c(C(=O)N(Cc2ccccc2)c2nc3ccc(NC(=O)C(=O)O)cc3s2)c(Cl)c1Cl,cross_target_decoy_not_inactive,503.3670000000003,5.109720000000003,O=C(c1ccc[nH]1)N(Cc1ccccc1)c1nc2ccccc2s1
FabI,MurC,CHEMBL329389,N#Cc1c(NC(=O)c2cc(S(=O)(=O)N3CCOCC3)c(Cl)cc2Cl)sc2c1CCC(c1ccccc1)C2,cross_target_decoy_not_inactive,576.5270000000003,5.472280000000005,O=C(Nc1cc2c(s1)CC(c1ccccc1)CC2)c1cccc(S(=O)(=O)N2CCOCC2)c1
FabI,LpxC,CHEMBL3647251,CC(CCc1ccc(OCc2ccc(S(C)(=O)=O)cc2)cc1)(C(=O)NO)S(C)(=O)=O,cross_target_decoy_not_inactive,455.55400000000014,1.9104000000000003,c1ccc(COc2ccccc2)cc1
FabI,LpxC,CHEMBL3647227,Cc1ccc(Cc2noc(COc3ccc(CCC(C)(C(=O)NO)S(C)(=O)=O)cc3)n2)cc1,cross_target_decoy_not_inactive,473.5510000000001,2.7891200000000005,c1ccc(Cc2noc(COc3ccccc3)n2)cc1
FabI,TopoIV,CHEMBL4859342,COc1ccc2ncc(F)c(C(O)C[C@H]3OC[C@H](NCc4ccc5c(n4)NC(=O)CS5)CO3)c2n1,cross_target_decoy_not_inactive,501.54000000000025,2.1715,O=C1CSc2ccc(CNC3COC(CCc4ccnc5cccnc45)OC3)nc2N1
FabI,Gyr,CHEMBL6101837,Cc1[nH]c(C(=O)Nc2ccc(-c3noc(=O)[nH]3)cc2N2CCNCC2)c(Cl)c1Cl.Cl,cross_target_decoy_not_inactive,473.7480000000002,3.056920000000001,O=C(Nc1ccc(-c2noc(=O)[nH]2)cc1N1CCNCC1)c1ccc[nH]1
FabI,TopoIV,CHEMBL4294536,CCNC(=O)Nc1cc(-c2nc(C(F)(F)F)cs2)c(-c2cc3ncccc3nc2N2CCN(C)CC2)cn1,cross_target_decoy_not_inactive,542.5910000000001,4.727300000000004,c1cnc2cc(-c3cnccc3-c3nccs3)c(N3CCNCC3)nc2c1
FabI,DHFR,CHEMBL176217,COc1cc(Cc2cnc(N)nc2N)cc(OC)c1OCCCNc1ccc(N(C)C)cc1,cross_target_decoy_not_inactive,452.55900000000025,3.1960000000000006,c1ccc(NCCCOc2ccc(Cc3cncnc3)cc2)cc1
FabI,MurC,CHEMBL258599,N#Cc1c(NC(=O)c2cc(S(=O)(=O)NCCCCO)ccc2Cl)sc2c1CCC2,cross_target_decoy_not_inactive,453.9730000000002,3.064980000000002,O=C(Nc1cc2c(s1)CCC2)c1ccccc1
FabI,TopoIV,CHEMBL5421348,COc1ccc2nccc(OC[C@@H]3CC[C@@H](NC(=O)c4ccc(I)c(F)c4)CO3)c2n1,cross_target_decoy_not_inactive,537.3290000000001,3.738500000000002,O=C(NC1CCC(COc2ccnc3cccnc23)OC1)c1ccccc1
FabI,Gyr,CHEMBL6142687,CC(C)C(=O)c1c2c(c(OCC3CO3)c3c1OC1=C(C(=O)C(C)(C)C(=O)C1(C)C)[C@@H]3C(C)C)[C@H](C(C)C)C1=C(O2)C(C)(C)C(=O)C(C)(C)C1=O,cross_target_decoy_not_inactive,688.8580000000001,7.483500000000009,O=C1CC(=O)C2=C(C1)Oc1cc3c(c(OCC4CO4)c1C2)CC1=C(CC(=O)CC1=O)O3
FabI,70S_ribosome,CHEMBL3251872,CCCC(=O)O[C@H]1[C@H](C)O[C@@H](O[C@H]2[C@H](N(C)C)[C@@H](OC(C)=O)[C@H](O[C@H]3[C@@H](CC=O)C[C@@H](C)[C@@H](O)/C=C/C=C/C[C@@H](C)OC(=O)C[C@@H](OC(C)=O)[C@@H]3OC)O[C@@H]2C)C[C@@]1(C)O,cross_target_decoy_not_inactive,856.0160000000001,3.338200000000008,O=C1CCCC(OC2CCC(OC3CCCCO3)CO2)CCCCC=CC=CCCO1
FabI,Gyr,CHEMBL6163821,CC(C)Oc1c(NC(=O)c2ccc(NC(=O)[C@H](Cc3cscn3)NC(=O)c3ccc(NC(=O)c4ccc(C#N)cc4)cc3)cc2)ccc(C(=O)Nc2ccc(C(=O)O)cc2)c1O,cross_target_decoy_not_inactive,851.8980000000001,6.942480000000006,O=C(Nc1ccc(C(=O)NC(Cc2cscn2)C(=O)Nc2ccc(C(=O)Nc3ccc(C(=O)Nc4ccccc4)cc3)cc2)cc1)c1ccccc1
FabI,70S_ribosome,CHEMBL405863,CC[C@H]1OC(=O)[C@H](C)[C@@H](O[C@H]2C[C@@](C)(OC)[C@@H](O)[C@H](C)O2)[C@H](C)[C@@H](O[C@@H]2O[C@H](C)C[C@H](N(C)C)[C@H]2O)[C@](C)(OC)C[C@@H](C)C(=O)[C@H](C)[C@H]2[C@H](SCCn3cnc4cccnc43)C(=O)O[C@@]21C,cross_target_decoy_not_inactive,949.2179999999997,4.806200000000008,O=C1CCCC(OC2CCCCO2)CC(OC2CCCCO2)CC(=O)OCC2OC(=O)C(SCCn3cnc4cccnc43)C2C1
FtsZ,LpxC,CHEMBL108805,O=C(NO)C1COC(c2ccccc2)=N1,cross_target_decoy_not_inactive,206.20100000000002,0.33739999999999926,c1ccc(C2=NCCO2)cc1
FtsZ,LpxC,CHEMBL2023128,CC(CCc1ccc(-c2ccccc2)nc1)(C(=O)NO)S(C)(=O)=O,cross_target_decoy_not_inactive,348.4240000000001,1.9898999999999991,c1ccc(-c2ccccn2)cc1
FtsZ,70S_ribosome,CHEMBL1631491,N[C@@H]1C[C@H](N)[C@@]2(CC[C@@H](O)[C@@H](O)CO2)[C@H](O)[C@H]1O,cross_target_decoy_not_inactive,262.306,-2.962499999999998,C1CCOC2(CC1)CCCCC2
FtsZ,RpoB,CHEMBL426227,O=C(O)c1ccc2c(c1)nc(-c1ncc[nH]1)n2C1CCCCC1,cross_target_decoy_not_inactive,310.35700000000014,3.629800000000002,c1ccc2c(c1)nc(-c1ncc[nH]1)n2C1CCCCC1
FtsZ,70S_ribosome,CHEMBL427409,NC[C@H]1O[C@H](O[C@H]2[C@H](O)[C@@H](O)[C@H](N)C[C@@H]2N)[C@H](N)[C@@H](O)[C@@H]1O,cross_target_decoy_not_inactive,322.362,-5.115599999999994,C1CCC(OC2CCCCO2)CC1
FtsZ,Gyr,CHEMBL472524,CCNC(=O)Nc1nc2cc(-c3cccnc3)ccc2[nH]1,cross_target_decoy_not_inactive,281.319,2.7663,c1cncc(-c2ccc3[nH]cnc3c2)c1
FtsZ,DHFR,CHEMBL59283,Cc1ccnc2ccc(Cc3cnc(N)nc3N)cc12,cross_target_decoy_not_inactive,265.32,2.0884199999999993,c1cnc2ccc(Cc3cncnc3)cc2c1
FtsZ,FabI,CHEMBL2178292,CCc1ccc(Oc2ccc(S(C)(=O)=O)cc2F)c(O)c1,cross_target_decoy_not_inactive,310.346,3.289500000000002,c1ccc(Oc2ccccc2)cc1
FtsZ,LpxC,CHEMBL2012190,CC(C)[C@H](O)[C@](C)(OCc1ccc(-c2ccccc2)cc1)C(=O)NO,cross_target_decoy_not_inactive,343.42300000000006,3.1512000000000002,c1ccc(-c2ccccc2)cc1
FtsZ,DHPS,CHEMBL159048,Nc1nc(O)c(N=O)c(NCCCOc2ccc([N+](=O)[O-])cc2)n1,cross_target_decoy_not_inactive,334.292,1.9514999999999996,c1ccc(OCCCNc2ccncn2)cc1
FtsZ,LpxC,CHEMBL2023519,C[C@@](CCn1ccc(-c2ccc(-c3ccccn3)cc2)cc1=O)(C(=O)NO)S(C)(=O)=O,cross_target_decoy_not_inactive,441.5090000000002,2.2760999999999996,O=c1cc(-c2ccc(-c3ccccn3)cc2)cc[nH]1
FtsZ,LpxC,CHEMBL3924968,CC(=O)c1ccc(-c2ccc(CC[C@](C)(C(=O)NO)S(C)(=O)=O)cc2)cn1,cross_target_decoy_not_inactive,390.461,2.1925,c1ccc(-c2cccnc2)cc1
FtsZ,LpxC,CHEMBL2012201,C[C@@](OCc1ccc(-c2ccccc2)cc1)(C(=O)NO)[C@@H](O)c1ncco1,cross_target_decoy_not_inactive,368.38900000000007,2.855899999999999,c1ccc(-c2ccc(COCCc3ncco3)cc2)cc1
FtsZ,DHFR,CHEMBL369645,COc1ccc(Cc2cnc(N)nc2N)cc1OCCCCN1C(=O)c2ccccc2C1=O,cross_target_decoy_not_inactive,447.4950000000003,2.6956000000000007,O=C1c2ccccc2C(=O)N1CCCCOc1cccc(Cc2cncnc2)c1
FtsZ,TopoIV,CHEMBL4536608,O=c1cc(NC[C@H](O)CN2CCN(c3nccc4ccc(F)cc34)CC2)c2ccccc2o1,cross_target_decoy_not_inactive,448.4980000000002,3.075300000000002,O=c1cc(NCCCN2CCN(c3nccc4ccccc34)CC2)c2ccccc2o1
FtsZ,LpxC,CHEMBL3647242,CC(CCc1ccc(OCc2nc(C3CCC3)no2)cc1)(C(=O)NO)S(C)(=O)=O,cross_target_decoy_not_inactive,423.4910000000001,2.1574,c1ccc(OCc2nc(C3CCC3)no2)cc1
FtsZ,Gyr,CHEMBL1256993,COc1c(N2CC[C@@H](C(C)(C)N)C2)c(F)cc2c(=O)c3c(=O)[nH]sc3n(C3CC3)c12,cross_target_decoy_not_inactive,432.5210000000002,2.950700000000001,O=c1[nH]sc2c1c(=O)c1ccc(N3CCCC3)cc1n2C1CC1
FtsZ,LpxC,CHEMBL3647154,CC(CCc1ccc(-c2cnc3ccccc3c2)cc1F)(C(=O)NO)S(C)(=O)=O,cross_target_decoy_not_inactive,416.47400000000016,3.2822000000000013,c1ccc(-c2cnc3ccccc3c2)cc1
FtsZ,Gyr,CHEMBL4583055,NCC(Nc1n[nH]c2ccc(-c3ccccc3Cl)cc12)c1ccccc1,cross_target_decoy_not_inactive,362.8640000000001,4.995200000000002,c1ccc(CNc2n[nH]c3ccc(-c4ccccc4)cc23)cc1
FtsZ,DHFR,CHEMBL459177,COc1cc(-c2ccccc2)cc([C@@H](C)C#Cc2c(C)nc(N)nc2N)c1,cross_target_decoy_not_inactive,358.4450000000001,3.780220000000001,C(#Cc1cncnc1)Cc1cccc(-c2ccccc2)c1
FtsZ,LpxH,CHEMBL3667230,COc1cc(F)c2[nH]c(=O)c3sccc3c2c1-c1ccc(CCN(C)C)cc1,cross_target_decoy_not_inactive,396.4870000000002,4.661600000000004,O=c1[nH]c2cccc(-c3ccccc3)c2c2ccsc12
FtsZ,Gyr,CHEMBL3357983,Cc1noc2c(F)c3c(cc12)CC1(C(=O)NC(=O)NC1=O)[C@H]1[C@H](C)O[C@@H](C)CN31,cross_target_decoy_not_inactive,402.3820000000001,1.1660199999999994,O=C1NC(=O)C2(Cc3cc4cnoc4cc3N3CCOCC32)C(=O)N1
FtsZ,LpxC,CHEMBL3647249,CC(CCc1ccc(OCc2ccc(Cl)cc2F)cc1)(C(=O)NO)S(C)(=O)=O,cross_target_decoy_not_inactive,429.8970000000001,3.299400000000002,c1ccc(COc2ccccc2)cc1
FtsZ,LpxC,CHEMBL4064896,C[C@@H](O)[C@H](N[C@@H]1CCc2cc(C#Cc3ccc(CN4CCOCC4)cc3)ccc21)C(=O)NO,cross_target_decoy_not_inactive,449.5510000000003,1.7502999999999995,C(#Cc1ccc2c(c1)CCC2)c1ccc(CN2CCOCC2)cc1
FtsZ,DHFR,CHEMBL575176,COc1cc([C@H](C)C#Cc2c(C)nc(N)nc2N)ccc1-c1c(C(C)C)cccc1C(C)C,cross_target_decoy_not_inactive,442.6070000000002,6.027020000000005,C(#Cc1cncnc1)Cc1ccc(-c2ccccc2)cc1
FtsZ,LpxH,CHEMBL3672336,Cc1cc(O)c(-c2ccc(CCN)c(Cl)c2)c2c1[nH]c(=O)c1sccc12,cross_target_decoy_not_inactive,384.88800000000003,4.578420000000002,O=c1[nH]c2cccc(-c3ccccc3)c2c2ccsc12
FtsZ,TopoIV,CHEMBL4453061,O=c1cc(NCCCN2CCN(c3nccc4ccc(F)cc34)CC2)c2c(o1)CCOC2,cross_target_decoy_not_inactive,438.5030000000004,3.024000000000001,O=c1cc(NCCCN2CCN(c3nccc4ccccc34)CC2)c2c(o1)CCOC2
FtsZ,LpxC,CHEMBL3939444,C[C@@](CCc1ccc(-c2ccc(NS(C)(=O)=O)cc2)cc1)(C(=O)NO)S(C)(=O)=O,cross_target_decoy_not_inactive,440.5430000000001,1.9663999999999995,c1ccc(-c2ccccc2)cc1
FtsZ,LpxC,CHEMBL3948562,C[C@@](CCc1ccc(-c2ccc(N)nc2)cc1)(C(=O)NO)S(C)(=O)=O,cross_target_decoy_not_inactive,363.4390000000001,1.5720999999999998,c1ccc(-c2cccnc2)cc1
FtsZ,RpoB,CHEMBL185900,CCCC/C=C/C=C(\C)C(=O)c1c(O)cc(C(C)CC/C=C/NC(=O)OC)oc1=O,cross_target_decoy_not_inactive,417.5020000000002,4.974200000000004,O=c1cccco1
FtsZ,Gyr,CHEMBL5395093,O=C1COc2ccc(N3CC(CCNC4Cc5cccc(Cl)c5C4)OC3=O)nc2N1,cross_target_decoy_not_inactive,428.8760000000001,2.5382,O=C1COc2ccc(N3CC(CCNC4Cc5ccccc5C4)OC3=O)nc2N1
FtsZ,RpoB,CHEMBL184023,CCCC/C(C)=C/C=C(\C)C(=O)c1c(O)cc(CCC/C=C/NC(=O)OC)oc1=O,cross_target_decoy_not_inactive,417.5020000000002,4.803300000000004,O=c1cccco1
FtsZ,LpxC,CHEMBL2023523,C[C@@](CCn1ccc(-c2ccc(-c3ccon3)cc2)cc1=O)(C(=O)NO)S(C)(=O)=O,cross_target_decoy_not_inactive,431.47000000000014,1.8690999999999998,O=c1cc(-c2ccc(-c3ccon3)cc2)cc[nH]1
FtsZ,Gyr,CHEMBL2382364,COc1ccc2nccc([C@@H](O)CC[C@@H]3CCN(C4CC(c5cc(F)cc(F)c5)C4)C[C@@H]3C(=O)O)c2c1,cross_target_decoy_not_inactive,510.58100000000024,5.304100000000005,c1ccc(C2CC(N3CCC(CCCc4ccnc5ccccc45)CC3)C2)cc1
FtsZ,70S_ribosome,CHEMBL2105600,CC1=C\[C@@H](O)CC(=O)Cc2nc(co2)C(=O)N2CCC[C@@H]2C(=O)O[C@H](C(C)C)[C@H](C)/C=C/C(=O)NC\C=C\1,cross_target_decoy_not_inactive,527.6180000000004,2.5342000000000002,O=C1CCC=CC=CCNC(=O)C=CCCOC(=O)C2CCCN2C(=O)c2coc(n2)C1
FtsZ,GyrB,CHEMBL4289998,CCNC(=O)Nc1cc(-c2nc(C(F)(F)F)cs2)c(-c2cc(-c3nnn[nH]3)cnc2N2C3CCC2CN(C)C3)cn1,cross_target_decoy_not_inactive,585.6199999999999,3.8902000000000028,c1cc(-c2nccs2)c(-c2cc(-c3nnn[nH]3)cnc2N2C3CCC2CNC3)cn1
FtsZ,Gyr,CHEMBL3663198,C[C@@H]1CN2c3c(cc4c(C(=O)NCc5ccnn5C)noc4c3F)CC3(C(=O)NC(=O)NC3=O)[C@H]2[C@H](C)O1,cross_target_decoy_not_inactive,525.4970000000003,0.5211000000000016,O=C1NC(=O)C2(Cc3cc4c(C(=O)NCc5ccn[nH]5)noc4cc3N3CCOCC32)C(=O)N1
FtsZ,Gyr,CHEMBL3658989,C[C@@H]1CN2c3c(cc4c(-c5ccncn5)noc4c3F)CC3(C(=O)NC(=O)NC3=O)[C@H]2[C@H](C)O1,cross_target_decoy_not_inactive,466.42900000000026,1.3145999999999995,O=C1NC(=O)C2(Cc3cc4c(-c5ccncn5)noc4cc3N3CCOCC32)C(=O)N1
FtsZ,GyrB,CHEMBL4286573,CCNC(=O)Nc1cc(-c2nc(C(F)(F)F)cs2)c(-c2cc(-c3n[nH]c(=O)o3)cnc2N2CCC(N)CC2)cn1,cross_target_decoy_not_inactive,575.577,3.698100000000003,O=c1[nH]nc(-c2cnc(N3CCCCC3)c(-c3cnccc3-c3nccs3)c2)o1
FtsZ,LpxH,CHEMBL2028663,CC(C)(C)c1nc(-c2cccc(NS(=O)(=O)c3c(F)cccc3F)c2F)c(-c2ccnc(N)n2)s1,cross_target_decoy_not_inactive,519.5740000000002,5.364900000000003,O=S(=O)(Nc1cccc(-c2ncsc2-c2ccncn2)c1)c1ccccc1
FtsZ,MurC,CHEMBL199629,O=C1O/C(=C\c2cccc(C(F)(F)F)c2Cl)C(O)=C1c1ccc(-c2ccccc2)c(F)c1,cross_target_decoy_not_inactive,460.8100000000001,7.031900000000005,O=C1OC(=Cc2ccccc2)C=C1c1ccc(-c2ccccc2)cc1
FtsZ,LpxC,CHEMBL1668457,C[C@@H](O)[C@@H](NC(=O)N1CCN(c2ccc(C#Cc3ccc(CN4CCOCC4)cc3)cc2)CC1)C(=O)NO,cross_target_decoy_not_inactive,521.6180000000004,1.0050000000000006,C(#Cc1ccc(N2CCNCC2)cc1)c1ccc(CN2CCOCC2)cc1
FtsZ,Gyr,CHEMBL3658928,Cc1cc(CNc2noc3c(F)c4c(cc23)CC2(C(=O)NC(=O)NC2=O)[C@H]2[C@H](C)O[C@H](C)CN42)no1,cross_target_decoy_not_inactive,498.47100000000023,1.7661199999999995,O=C1NC(=O)C2(Cc3cc4c(NCc5ccon5)noc4cc3N3CCOCC32)C(=O)N1
FtsZ,Gyr,CHEMBL4758336,CNc1cc(F)cc2cc(C(=O)Nc3ccc(C(=O)O)cc3CN(CCO)C3CCCCC3)c(=O)[nH]c12.Cl,cross_target_decoy_not_inactive,547.0270000000005,4.208200000000003,O=C(Nc1ccccc1CNC1CCCCC1)c1cc2ccccc2[nH]c1=O
FtsZ,MurC,CHEMBL433177,CCN(CC)S(=O)(=O)c1ccc(Cl)c(C(=O)Nc2sc3c(c2C#N)CCCCC3)c1,cross_target_decoy_not_inactive,466.02800000000036,4.824880000000005,O=C(Nc1cc2c(s1)CCCCC2)c1ccccc1
FtsZ,Gyr,CHEMBL3658959,C[C@@H]1CN2c3c(cc4c(-c5ccnnc5)noc4c3Cl)CC3(C(=O)NC(=O)NC3=O)[C@H]2[C@H](C)O1,cross_target_decoy_not_inactive,482.88400000000024,1.8288999999999997,O=C1NC(=O)C2(Cc3cc4c(-c5ccnnc5)noc4cc3N3CCOCC32)C(=O)N1
FtsZ,Gyr,CHEMBL5406927,COc1ccc2nccc(OC[C@@H]3CC[C@@H](NC(=O)c4cc(F)c(Br)c(F)c4)CO3)c2n1,cross_target_decoy_not_inactive,508.31900000000013,4.0355000000000025,O=C(NC1CCC(COc2ccnc3cccnc23)OC1)c1ccccc1
FtsZ,LeuRS,CHEMBL4855635,CC(C)C[C@H](N)C(=O)NS(=O)(=O)OC[C@H]1O[C@@H](CCn2nnc(-c3ccccc3)n2)[C@H](O)[C@@H]1O,cross_target_decoy_not_inactive,498.5620000000002,-1.029599999999996,c1ccc(-c2nnn(CCC3CCCO3)n2)cc1
FtsZ,MurC,CHEMBL90847,CCN(CC)S(=O)(=O)c1cc(C(=O)Nc2sc3c(c2C#N)CCC3)c(Cl)cc1Cl,cross_target_decoy_not_inactive,472.4190000000003,4.698080000000004,O=C(Nc1cc2c(s1)CCC2)c1ccccc1
FtsZ,TopoIV,CHEMBL6168808,N#Cc1ccc2ccc(=O)n(CCN3CCC(NCc4ccc5c(c4)NC(=O)CS5)CC3)c2c1,cross_target_decoy_not_inactive,473.60200000000026,3.1715800000000005,O=C1CSc2ccc(CNC3CCN(CCn4c(=O)ccc5ccccc54)CC3)cc2N1
FtsZ,Gyr,CHEMBL6078265,Cc1[nH]c(C(=O)Nc2ccc(-n3nn[nH]c3=O)cc2N2CCN(c3ccccc3)CC2)c(Cl)c1Cl,cross_target_decoy_not_inactive,513.3890000000004,3.477820000000002,O=C(Nc1ccc(-n2nn[nH]c2=O)cc1N1CCN(c2ccccc2)CC1)c1ccc[nH]1
FtsZ,Gyr,CHEMBL5429590,CN(C(=O)CN1CCC1)c1cc(F)c2c(c1)CC(CNCCC1CN(c3cnc4c(n3)NC(=O)CO4)C(=O)O1)C2,cross_target_decoy_not_inactive,553.5950000000004,1.3350000000000009,O=C(CN1CCC1)Nc1ccc2c(c1)CC(CNCCC1CN(c3cnc4c(n3)NC(=O)CO4)C(=O)O1)C2
FtsZ,LpxC,CHEMBL3697018,CNC(=O)[C@@](C)(C(=O)NO)N(C)C(=O)c1ccc(/C=C/c2ccc(CN3CCOCC3)cc2)cc1,cross_target_decoy_not_inactive,480.56500000000034,1.7713000000000014,C(=Cc1ccc(CN2CCOCC2)cc1)c1ccccc1
FtsZ,LpxH,CHEMBL388978,CN[C@@H]1C[C@H]2O[C@@](C)([C@@H]1OC)n1c3ccccc3c3c4c(c5c6ccccc6n2c5c31)C(=O)NC4,cross_target_decoy_not_inactive,466.5410000000003,4.354000000000003,O=C1NCc2c1c1c3ccccc3n3c1c1c2c2ccccc2n1C1CCCC3O1
FtsZ,TopoIV,CHEMBL2424892,COc1cnc2ccc(F)c([C@@H](O)[C@H](O)[C@@H]3CC[C@@H](NCc4ccc5c(n4)NC(=O)CS5)CO3)c2n1,cross_target_decoy_not_inactive,515.5670000000002,1.9484,O=C1CSc2ccc(CNC3CCC(CCc4cccc5nccnc45)OC3)nc2N1
FtsZ,MurA,CHEMBL382328,O=C1O/C(=C\c2cccc(-c3cc(Cl)cc(Cl)c3)c2)C(O)=C1c1cc(Cl)cc(Cl)c1,cross_target_decoy_not_inactive,478.15800000000013,7.834200000000003,O=C1OC(=Cc2cccc(-c3ccccc3)c2)C=C1c1ccccc1
FtsZ,Gyr,CHEMBL3658931,C[C@@H]1CN2c3c(cc4c(NCc5ccncc5)noc4c3F)CC3(C(=O)NC(=O)NC3=O)[C@H]2[C@H](C)O1,cross_target_decoy_not_inactive,494.48300000000023,1.8646999999999996,O=C1NC(=O)C2(Cc3cc4c(NCc5ccncc5)noc4cc3N3CCOCC32)C(=O)N1
FtsZ,Gyr,CHEMBL5394250,COc1ccc2nccc(OC[C@@H]3CC[C@@H](NC(=O)c4cc(F)c(Cl)c(F)c4)CO3)c2n1,cross_target_decoy_not_inactive,463.86800000000017,3.926400000000002,O=C(NC1CCC(COc2ccnc3cccnc23)OC1)c1ccccc1
FtsZ,Gyr,CHEMBL6144635,CC(C)Oc1c2c(c(C(=O)C(C)C)c3c1[C@@H](C(C)C)C1=C(O3)C(C)(C)C(=O)C(C)(C)C1=O)OC1=C(C(=O)C(C)(C)C(=O)C1(C)C)[C@H]2C(C)C,cross_target_decoy_not_inactive,674.8750000000002,8.493100000000005,O=C1CC(=O)C2=C(C1)Oc1cc3c(cc1C2)CC1=C(CC(=O)CC1=O)O3
FtsZ,TopoIV,CHEMBL6148317,CC(C)C(=O)c1c2c(c(OCc3ccc([N+](=O)[O-])cc3)c3c1OC1=C(C(=O)C(C)(C)C(=O)C1(C)C)[C@@H]3C(C)C)[C@H](C(C)C)C1=C(O2)C(C)(C)C(=O)C(C)(C)C1=O,cross_target_decoy_not_inactive,767.9159999999999,9.193100000000001,O=C1CC(=O)C2=C(C1)Oc1cc3c(c(OCc4ccccc4)c1C2)CC1=C(CC(=O)CC1=O)O3
FtsZ,Gyr,CHEMBL6102177,CC(C)C(=O)c1c2c(c(OCCN3CCCCCC3)c3c1OC1=C(C(=O)C(C)(C)C(=O)C1(C)C)[C@@H]3C(C)C)[C@H](C(C)C)C1=C(O2)C(C)(C)C(=O)C(C)(C)C1=O,cross_target_decoy_not_inactive,758.009,8.960700000000005,O=C1CC(=O)C2=C(C1)Oc1cc3c(c(OCCN4CCCCCC4)c1C2)CC1=C(CC(=O)CC1=O)O3
Gyr,LpxH,CHEMBL5087398,COC(=O)c1cccc(-c2cnc3[nH]cc(-c4cccnc4)c3c2)c1,cross_target_decoy_not_inactive,329.35900000000004,4.078500000000002,c1ccc(-c2cnc3[nH]cc(-c4cccnc4)c3c2)cc1
Gyr,DHFR,CHEMBL100239,Nc1nc(N)c2c(Sc3ccccc3)cccc2n1,cross_target_decoy_not_inactive,268.345,2.945400000000001,c1ccc(Sc2cccc3ncncc23)cc1
Gyr,FabI,CHEMBL6063623,CC1=CC2CN(C(=O)/C=C/c3cnc4c(c3)CCC(=O)N4)CC2C1,cross_target_decoy_not_inactive,323.3960000000001,2.4041000000000006,O=C1CCc2cc(C=CC(=O)N3CC4C=CCC4C3)cnc2N1
Gyr,DHFR,CHEMBL3234324,CCc1nc(N)nc(N)c1C#CC(C)c1cnc(-c2ccccc2)nc1,cross_target_decoy_not_inactive,344.422,2.8156000000000008,C(#Cc1cncnc1)Cc1cnc(-c2ccccc2)nc1
Gyr,MurC,CHEMBL199546,O=C1O/C(=C\C2CCCCC2)C(O)=C1c1cccc(C(F)(F)F)c1,cross_target_decoy_not_inactive,338.325,4.995500000000003,O=C1OC(=CC2CCCCC2)C=C1c1ccccc1
Gyr,FtsZ,CHEMBL48217,N=C(N)c1ccc(-c2cc3ccc(C(=N)N)cc3[nH]2)cc1,cross_target_decoy_not_inactive,277.331,2.4030400000000007,c1ccc(-c2cc3ccccc3[nH]2)cc1
Gyr,DHFR,CHEMBL353763,CCCc1cc2c3c(N)nc(N)nc3ccc2n1CC,cross_target_decoy_not_inactive,269.352,2.721300000000001,c1ncc2c(ccc3[nH]ccc32)n1
Gyr,DHFR,CHEMBL338742,Nc1nc(N)c2c(Sc3cccc(Cl)c3)cccc2n1,cross_target_decoy_not_inactive,302.79,3.5988000000000007,c1ccc(Sc2cccc3ncncc23)cc1
Gyr,DHFR,CHEMBL574288,COc1ccc(OC)c([C@H](O)C#Cc2c(C)nc(N)nc2N)c1,cross_target_decoy_not_inactive,314.345,1.05172,C(#Cc1cncnc1)Cc1ccccc1
Gyr,LpxC,CHEMBL2012183,CC(CO)(NC(=O)c1ccc(-c2ccccc2)cc1)C(=O)NO,cross_target_decoy_not_inactive,314.34100000000007,1.3398,c1ccc(-c2ccccc2)cc1
Gyr,DHFR,CHEMBL300371,CCc1cc(Cc2cnc(N)nc2N)cc2c1NC(C)(C)C=C2C,cross_target_decoy_not_inactive,323.4440000000001,3.401600000000002,C1=Cc2cc(Cc3cncnc3)ccc2NC1
Gyr,LpxH,CHEMBL3667207,O=c1[nH]c2ccc(O)c(C3=CCNCC3)c2c2ccsc12,cross_target_decoy_not_inactive,298.36699999999996,2.825100000000001,O=c1[nH]c2cccc(C3=CCNCC3)c2c2ccsc12
Gyr,FabI,CHEMBL4204858,O=C(Cc1c(F)cccc1F)N1CCC(c2ccccc2)C1,cross_target_decoy_not_inactive,301.336,3.5234000000000023,O=C(Cc1ccccc1)N1CCC(c2ccccc2)C1
Gyr,LeuRS,CHEMBL4160841,CC(C)C[C@H](N)C(=O)NS(=O)(=O)c1ccccc1,cross_target_decoy_not_inactive,270.354,0.8649000000000002,c1ccccc1
Gyr,70S_ribosome,CHEMBL3114336,NCC[C@H](O)CN[C@@H]1C[C@H](N)[C@@]2(CC[C@H](O)[C@H](O)CO2)[C@H](O)[C@H]1O,cross_target_decoy_not_inactive,349.42800000000005,-3.6218999999999952,C1CCOC2(CC1)CCCCC2
Gyr,FabI,CHEMBL44416,Cc1cc(/C=C/C(=O)N(C)Cc2cc3ccccc3n2C)cnc1N,cross_target_decoy_not_inactive,334.42300000000006,3.135720000000001,O=C(C=Cc1cccnc1)NCc1cc2ccccc2[nH]1
Gyr,FabI,CHEMBL297053,CN(Cc1cc2ccccc2n1C)C(=O)/C=C/c1ccc(N)nc1,cross_target_decoy_not_inactive,320.396,2.8273,O=C(C=Cc1cccnc1)NCc1cc2ccccc2[nH]1
Gyr,GyrB,CHEMBL3809061,Cn1c(=O)ccc2c(-c3cnc(-c4cccnc4)s3)n[nH]c21,cross_target_decoy_not_inactive,309.35400000000004,2.4471,O=c1ccc2c(-c3cnc(-c4cccnc4)s3)n[nH]c2[nH]1
Gyr,LeuRS,CHEMBL4077894,CCOc1ccc(Cl)c2c1B(O)O[C@@H]2CN.Cl,cross_target_decoy_not_inactive,277.94399999999996,0.8779999999999997,B1OCc2ccccc21
Gyr,LpxC,CHEMBL106647,O=C(NO)C1COC(c2ccc(Br)cc2)=N1,cross_target_decoy_not_inactive,285.097,1.0998999999999997,c1ccc(C2=NCCO2)cc1
Gyr,70S_ribosome,CHEMBL1631491,N[C@@H]1C[C@H](N)[C@@]2(CC[C@@H](O)[C@@H](O)CO2)[C@H](O)[C@H]1O,cross_target_decoy_not_inactive,262.306,-2.962499999999998,C1CCOC2(CC1)CCCCC2
Gyr,D-Ala-D-Ala,CHEMBL4457124,N#Cc1ccc(NC(=S)NNC(=O)c2ccccc2O)cc1,cross_target_decoy_not_inactive,312.35400000000004,1.8952799999999999,O=C(NNC(=S)Nc1ccccc1)c1ccccc1
Gyr,GyrB,CHEMBL3235079,CCNC(=O)Nc1cc(Cl)c(-c2cncc(C(=O)O)c2)cn1,cross_target_decoy_not_inactive,320.736,2.6365999999999996,c1cncc(-c2cccnc2)c1
Gyr,LpxC,CHEMBL3758267,O=C(NO)[C@H](CO)OCc1ccc(C#Cc2ccccc2)cc1,cross_target_decoy_not_inactive,311.337,1.4692999999999996,C(#Cc1ccccc1)c1ccccc1
Gyr,D-Ala-D-Ala,CHEMBL4453039,O=C(NNC(=S)Nc1ccccc1F)c1ccccc1O,cross_target_decoy_not_inactive,305.33400000000006,2.1627000000000005,O=C(NNC(=S)Nc1ccccc1)c1ccccc1
Gyr,LpxC,CHEMBL2023391,C[C@@](CCn1ccc(-c2cccc(F)c2)cc1=O)(C(=O)NO)S(C)(=O)=O,cross_target_decoy_not_inactive,382.41300000000007,1.3532,O=c1cc(-c2ccccc2)cc[nH]1
Gyr,LpxC,CHEMBL3647127,CC(CCc1ccc(-c2ccc(C(=O)CO)cc2)cc1)(C(=O)NO)S(C)(=O)=O,cross_target_decoy_not_inactive,405.4720000000001,1.7698999999999996,c1ccc(-c2ccccc2)cc1
Gyr,LpxH,CHEMBL3672305,Cc1cc(O)c(-c2ccc(CCN)cc2)c2c1[nH]c(=O)c1sccc12,cross_target_decoy_not_inactive,350.44300000000004,3.9250200000000017,O=c1[nH]c2cccc(-c3ccccc3)c2c2ccsc12
Gyr,FabI,CHEMBL5918646,O=C1CCc2cc(/C=C/C(=O)N3CC4C=C(c5cccnc5Cl)CC4C3)cnc2N1,cross_target_decoy_not_inactive,420.9000000000001,3.589800000000002,O=C1CCc2cc(C=CC(=O)N3CC4C=C(c5cccnc5)CC4C3)cnc2N1
Gyr,LpxC,CHEMBL2012192,CCCC[C@H](O)[C@](C)(OCc1ccc(-c2ccccc2)cc1)C(=O)NO,cross_target_decoy_not_inactive,357.45000000000005,3.6854000000000013,c1ccc(-c2ccccc2)cc1
Gyr,MurA,CHEMBL199757,O=C1O/C(=C\c2cccc(C(F)(F)F)c2)C(O)=C1c1ccc(-c2ccccc2)cc1,cross_target_decoy_not_inactive,408.37500000000006,6.239400000000004,O=C1OC(=Cc2ccccc2)C=C1c1ccc(-c2ccccc2)cc1
Gyr,DHFR,CHEMBL2335423,CCc1nc(N)nc(N)c1C#CC(C)c1cc(OC)cc(-c2ccc3c(c2)OCCO3)c1,cross_target_decoy_not_inactive,430.50800000000027,3.8054000000000032,C(#Cc1cncnc1)Cc1cccc(-c2ccc3c(c2)OCCO3)c1
Gyr,DHFR,CHEMBL2335419,CCc1nc(N)nc(N)c1C#CC(C)c1cc(OC)cc(-c2ccncc2)c1,cross_target_decoy_not_inactive,373.4600000000001,3.4292000000000025,C(#Cc1cncnc1)Cc1cccc(-c2ccncc2)c1
Gyr,FabI,CHEMBL5523560,Cc1c(Br)cccc1N1CC(c2nc3ccccc3n2C(C)C)CC1=O,cross_target_decoy_not_inactive,412.3310000000002,5.208620000000003,O=C1CC(c2nc3ccccc3[nH]2)CN1c1ccccc1
Gyr,FabI,CHEMBL3623390,O=c1cc(COc2ccccc2)occ1Oc1ccc(Cl)cc1Cl,cross_target_decoy_not_inactive,363.196,5.3179000000000025,O=c1cc(COc2ccccc2)occ1Oc1ccccc1
Gyr,LpxC,CHEMBL3647110,CC(CCc1ccc(-c2ccc(CO)c(F)c2)cc1)(C(=O)NO)S(C)(=O)=O,cross_target_decoy_not_inactive,395.4520000000001,2.2263,c1ccc(-c2ccccc2)cc1
Gyr,FabI,CHEMBL3623417,Cn1cc(Oc2ccc(Cl)cc2Cl)c(=O)cc1COc1ccccc1,cross_target_decoy_not_inactive,376.2390000000001,5.063400000000003,O=c1cc(COc2ccccc2)[nH]cc1Oc1ccccc1
Gyr,FabI,CHEMBL3322728,Cc1c(C2CN(C(=O)/C=C/c3cnc4c(c3)CN(C)CC(=O)N4)C2)oc2ccccc12,cross_target_decoy_not_inactive,416.4810000000002,3.159320000000001,O=C1CNCc2cc(C=CC(=O)N3CC(c4cc5ccccc5o4)C3)cnc2N1
Gyr,MurC,CHEMBL200097,Cc1ccccc1-c1ccc(/C=C2\OC(O)=C(c3cc(Cl)cc(Cl)c3)C2=O)cc1C,cross_target_decoy_not_inactive,437.3220000000002,7.144240000000005,O=C1C(=Cc2ccc(-c3ccccc3)cc2)OC=C1c1ccccc1
Gyr,LpxH,CHEMBL3672354,CNC[C@H](C)c1ccc(-c2c(OC)cc(C)c3[nH]c(=O)c4sccc4c23)cc1,cross_target_decoy_not_inactive,392.5240000000001,5.049720000000004,O=c1[nH]c2cccc(-c3ccccc3)c2c2ccsc12
Gyr,GyrB,CHEMBL3736376,CCNC(=O)Nc1cn(-c2ncc(Cl)cn2)c2cc(-c3cnc(C#N)nc3)cnc12,cross_target_decoy_not_inactive,419.8360000000001,2.9389800000000017,c1cnc(-n2ccc3ncc(-c4cncnc4)cc32)nc1
Gyr,LpxH,CHEMBL3672318,NCCc1cc(Br)c(-c2c(O)ccc3[nH]c(=O)c4sccc4c23)cc1O,cross_target_decoy_not_inactive,431.31100000000015,4.0847000000000016,O=c1[nH]c2cccc(-c3ccccc3)c2c2ccsc12
Gyr,MurA,CHEMBL372594,O=C1O/C(=C\c2ccc3ccccc3c2)C(O)=C1c1cccc(C(F)(F)F)c1,cross_target_decoy_not_inactive,382.337,5.725600000000003,O=C1OC(=Cc2ccc3ccccc3c2)C=C1c1ccccc1
Gyr,LpxC,CHEMBL4757624,C[C@@H](O)c1nccn1Cc1cc(C#Cc2ccc(CCCO)cc2)on1,cross_target_decoy_not_inactive,351.4060000000001,2.2974000000000006,C(#Cc1cc(Cn2ccnc2)no1)c1ccccc1
Gyr,GyrB,CHEMBL3736517,CCNC(=O)Nc1cn(-c2nccc(CCCO)n2)c2cc(-c3cccnc3)cnc12,cross_target_decoy_not_inactive,417.47300000000007,2.9438000000000013,c1cnc(-n2ccc3ncc(-c4cccnc4)cc32)nc1
Gyr,LpxH,CHEMBL3672256,Cc1cc(O)c(-c2ccc(C(C)N)cc2)c2c1[nH]c(=O)c1sccc12,cross_target_decoy_not_inactive,350.44300000000004,4.443520000000001,O=c1[nH]c2cccc(-c3ccccc3)c2c2ccsc12
Gyr,LpxH,CHEMBL3672316,COc1cc(Cl)c2[nH]c(=O)c3sccc3c2c1-c1ccc(CCN)c(F)c1,cross_target_decoy_not_inactive,402.8780000000002,4.712100000000003,O=c1[nH]c2cccc(-c3ccccc3)c2c2ccsc12
Gyr,LpxC,CHEMBL2023143,COc1ccc(-c2ccn(CC[C@](C)(C(=O)NO)S(C)(=O)=O)c(=O)c2)cn1,cross_target_decoy_not_inactive,395.43700000000007,0.6176999999999998,O=c1cc(-c2cccnc2)cc[nH]1
Gyr,70S_ribosome,CHEMBL3114324,NCCCC[C@H](N)C(=O)NC[C@@H]1CC[C@@]2(O1)[C@H](O)[C@@H](O)[C@H](N)C[C@@H]2N,cross_target_decoy_not_inactive,359.47100000000006,-2.7431999999999945,C1CCC2(CC1)CCCO2
Gyr,LpxC,CHEMBL3647139,CC(CCc1ccc(-c2ccc(C(=O)CO)cc2)cc1F)(C(=O)NO)S(C)(=O)=O,cross_target_decoy_not_inactive,423.4620000000001,1.9089999999999998,c1ccc(-c2ccccc2)cc1
Gyr,MurC,CHEMBL271135,CCOC(=O)C1CCc2sc(NC(=O)c3cc(S(=O)(=O)N(CC)CC)ccc3Cl)c(C#N)c2C1,cross_target_decoy_not_inactive,524.0640000000002,4.223980000000004,O=C(Nc1cc2c(s1)CCCC2)c1ccccc1
Gyr,MurA,CHEMBL370034,O=C(CCCC1C(=O)N(c2ccc(Cl)cc2)N(c2ccc(Cl)cc2)C1=O)c1ccc(F)cc1,cross_target_decoy_not_inactive,485.3420000000002,6.096700000000005,O=C(CCCC1C(=O)N(c2ccccc2)N(c2ccccc2)C1=O)c1ccccc1
Gyr,FtsZ,CHEMBL3416821,CCC(CC)c1cc([C@H]2CN3CC[C@H]2C[C@@H]3CNCc2ccc(CO)o2)nc(-c2ccncc2)n1,cross_target_decoy_not_inactive,475.63700000000017,4.495100000000004,c1coc(CNCC2CC3CCN2CC3c2ccnc(-c3ccncc3)n2)c1
Gyr,MurC,CHEMBL5074925,Cn1c(=O)n(Cc2ccc(Cl)c(Cl)c2)c(=O)c2cc(C(=O)N[C@@H](CCC(=O)O)C(=O)O)ccc21,cross_target_decoy_not_inactive,508.3140000000003,2.1030999999999995,O=c1[nH]c2ccccc2c(=O)n1Cc1ccccc1
Gyr,FtsZ,CHEMBL5199894,COc1cc2ncnc(Nc3ccc(F)c(Cl)c3)c2cc1NC(=O)/C=C/N1CCCCC1,cross_target_decoy_not_inactive,455.92100000000033,5.112600000000004,O=C(C=CN1CCCCC1)Nc1ccc2ncnc(Nc3ccccc3)c2c1
Gyr,FtsZ,CHEMBL1926717,CCOC(=O)Nc1cc(NCCCCN(CC)CC)c2nc(-c3ccco3)c(-c3ccco3)nc2n1,cross_target_decoy_not_inactive,492.58000000000015,5.647100000000005,c1coc(-c2nc3cccnc3nc2-c2ccco2)c1
Gyr,RpoB,CHEMBL369000,CC(C)(Oc1ccc2[nH]cc(C[C@H](NC(=O)c3ccc4c(c3)nc(-c3ccoc3)n4C3CCCCC3)C(=O)O)c2c1)C(=O)O,cross_target_decoy_not_inactive,598.6560000000005,5.950500000000004,O=C(NCCc1c[nH]c2ccccc12)c1ccc2c(c1)nc(-c1ccoc1)n2C1CCCCC1
Gyr,LpxC,CHEMBL3697000,CNc1ccc(-c2ccc(C(=O)N(C)C(C(=O)NO)C(=O)NCc3cc(C)on3)cc2)cc1,cross_target_decoy_not_inactive,451.4830000000002,1.9541199999999996,O=C(CNC(=O)c1ccc(-c2ccccc2)cc1)NCc1ccon1
Gyr,TopoIV,CHEMBL4851183,COc1ccc2ccc(F)c(C[C@H](O)[C@H]3OC[C@H](NCc4cc5c(cn4)OCCO5)CO3)c2n1,cross_target_decoy_not_inactive,471.4850000000003,1.9833999999999998,c1cnc2c(CCC3OCC(NCc4cc5c(cn4)OCCO5)CO3)cccc2c1
Gyr,TopoIV,CHEMBL4289650,CCNC(=O)Nc1cc(-c2nc(C(F)(F)F)cs2)c(-c2cc(C(=O)O)ccc2N2C3CCC2CN(C)C3)cn1,cross_target_decoy_not_inactive,560.6020000000001,5.0133000000000045,c1ccc(N2C3CCC2CNC3)c(-c2cnccc2-c2nccs2)c1
Gyr,MurC,CHEMBL91324,CCN(CC)S(=O)(=O)c1ccc(Cl)c(C(=O)Nc2sc3c(c2C#N)CCC(c2ccc(O)cc2)C3)c1,cross_target_decoy_not_inactive,544.0980000000003,5.534080000000006,O=C(Nc1cc2c(s1)CC(c1ccccc1)CC2)c1ccccc1
Gyr,FabI,CHEMBL568359,CCCOc1c(CN(C)C(=O)/C=C/c2cnc3c(c2)CC2(CCN(C)CC2)C(=O)N3)cccc1OC,cross_target_decoy_not_inactive,492.6200000000004,3.7574000000000023,O=C(C=Cc1cnc2c(c1)CC1(CCNCC1)C(=O)N2)NCc1ccccc1
Gyr,MurC,CHEMBL92119,N#Cc1c(NC(=O)c2cc(S(=O)(=O)N3CCOCC3)c(Cl)cc2Cl)sc2c1CCC2,cross_target_decoy_not_inactive,486.40200000000027,3.688480000000003,O=C(Nc1cc2c(s1)CCC2)c1cccc(S(=O)(=O)N2CCOCC2)c1
Gyr,LpxC,CHEMBL3697020,CNC(=O)C(C(=O)NO)N(C)C(=O)c1ccc(C#C/C=C/c2ccc(CNC3CC3)cc2)cc1,cross_target_decoy_not_inactive,460.5340000000002,1.6955000000000013,C(#Cc1ccccc1)C=Cc1ccc(CNC2CC2)cc1
Gyr,TopoIV,CHEMBL2424894,O=c1ccc2ccc(F)c3c2n1CC3CN1CCC(NCc2cc3c(cn2)OCCO3)CC1,cross_target_decoy_not_inactive,450.5140000000003,2.658200000000001,O=c1ccc2cccc3c2n1CC3CN1CCC(NCc2cc3c(cn2)OCCO3)CC1
Gyr,TopoIV,CHEMBL4279382,CCNC(=O)Nc1cc(-c2nc(C(F)(F)F)cs2)c(-c2cc3ncccc3nc2N2C3CCC2CN(C)C3)cn1,cross_target_decoy_not_inactive,568.629,5.2583000000000055,c1cnc2cc(-c3cnccc3-c3nccs3)c(N3C4CCC3CNC4)nc2c1
Gyr,LeuRS,CHEMBL1163081,CC(C)C[C@H](N)C(=O)NS(=O)(=O)OC[C@H]1O[C@@H](n2cnc3c(N)ncnc32)[C@H](O)[C@@H]1O,cross_target_decoy_not_inactive,459.4850000000001,-2.2212999999999963,c1ncc2ncn(C3CCCO3)c2n1
Gyr,FabI,CHEMBL566647,Cc1c(CN(C)C(=O)/C=C/c2cnc3c(c2)CC2(CCNCC2)C(=O)N3)sc2ccccc12,cross_target_decoy_not_inactive,460.6030000000002,4.140920000000002,O=C(C=Cc1cnc2c(c1)CC1(CCNCC1)C(=O)N2)NCc1cc2ccccc2s1
Gyr,TopoIV,CHEMBL5394250,COc1ccc2nccc(OC[C@@H]3CC[C@@H](NC(=O)c4cc(F)c(Cl)c(F)c4)CO3)c2n1,cross_target_decoy_not_inactive,463.86800000000017,3.926400000000002,O=C(NC1CCC(COc2ccnc3cccnc23)OC1)c1ccccc1
Gyr,LpxH,CHEMBL4097778,CN1C(=O)[C@@H](N2CCc3cn(CC4CCS(=O)(=O)CC4)nc3C2=O)COc2ccccc21,cross_target_decoy_not_inactive,458.5400000000003,1.1301999999999994,O=C1Nc2ccccc2OCC1N1CCc2cn(CC3CCS(=O)(=O)CC3)nc2C1=O
Gyr,MurC,CHEMBL4551634,Cc1c(N2CCN(C)CC2)ccc2c3c(c(=O)oc12)CN(C(=O)c1cc(Cl)cc(NS(C)(=O)=O)c1)CC3,cross_target_decoy_not_inactive,545.0610000000001,3.076620000000002,O=C(c1ccccc1)N1CCc2c(c(=O)oc3cc(N4CCNCC4)ccc23)C1
Gyr,TopoIV,CHEMBL4848795,COc1ccc2ncc(F)c(C(O)C[C@H]3OC[C@H](NCc4ccc5c(n4)NC(=O)CO5)CO3)c2c1,cross_target_decoy_not_inactive,484.48400000000026,2.0631999999999997,O=C1COc2ccc(CNC3COC(CCc4ccnc5ccccc45)OC3)nc2N1
Gyr,LpxC,CHEMBL4102207,C[C@@H](O)[C@H](NC1COCc2cc(C#Cc3ccc(CN4CCOCC4)cc3)ccc21)C(=O)NO,cross_target_decoy_not_inactive,465.55000000000024,1.3342999999999994,C(#Cc1ccc2c(c1)COCC2)c1ccc(CN2CCOCC2)cc1
Gyr,70S_ribosome,CHEMBL3244795,CCCCCSC[C@H](N)C(=O)N[C@H]1[C@@H](O)[C@H](n2cnc3c(N(C)C)ncnc32)O[C@@H]1CO,cross_target_decoy_not_inactive,467.5960000000003,-0.12159999999999699,c1ncc2ncn(C3CCCO3)c2n1
Gyr,GyrB,CHEMBL1275898,CO[C@@H]1[C@@H](O)[C@@H](OC(=O)c2ccc(C)[nH]2)[C@H](Oc2ccc3c(O)c(NC(=O)c4ccc(N)c(C)c4)c(=O)oc3c2C)OC1(C)C,cross_target_decoy_not_inactive,621.6430000000001,3.701660000000002,O=C(Nc1cc2ccc(OC3OCCCC3OC(=O)c3ccc[nH]3)cc2oc1=O)c1ccccc1
Gyr,FabI,CHEMBL5278258,CCCCCCCCCCCCCCCCc1cc(OC2OC(CO)C(O)C(O)C2O)cc(O)c1C(=O)Oc1cc(C)c(C(=O)O)c(O)c1,cross_target_decoy_not_inactive,690.8270000000001,5.52612000000001,O=C(Oc1ccccc1)c1ccc(OC2CCCCO2)cc1
Gyr,TopoIV,CHEMBL6092059,CCOc1c2c(c(C(=O)C(C)C)c3c1[C@@H](C(C)C)C1=C(O3)C(C)(C)C(=O)C(C)(C)C1=O)OC1=C(C(=O)C(C)(C)C(=O)C1(C)C)[C@H]2C(C)C,cross_target_decoy_not_inactive,660.8480000000002,8.10460000000001,O=C1CC(=O)C2=C(C1)Oc1cc3c(cc1C2)CC1=C(CC(=O)CC1=O)O3
Gyr,70S_ribosome,CHEMBL529,CC[C@H]1OC(=O)[C@H](C)[C@@H](O[C@H]2C[C@@](C)(OC)[C@@H](O)[C@H](C)O2)[C@H](C)[C@@H](O[C@@H]2O[C@H](C)C[C@H](N(C)C)[C@H]2O)[C@](C)(O)C[C@@H](C)CN(C)[C@H](C)[C@@H](O)[C@]1(C)O,cross_target_decoy_not_inactive,748.9960000000001,1.9007000000000054,O=C1CC(OC2CCCCO2)CC(OC2CCCCO2)CCCCNCCCCO1
Gyr,MurC,CHEMBL4460077,Cc1c(OCCN(C)C)ccc2c3c(c(=O)oc12)CN(C(=O)c1ccc2c(c1)CS(=O)(=O)N2)CC3.O=C(O)C(F)(F)F,cross_target_decoy_not_inactive,611.5950000000005,3.128920000000001,O=C(c1ccc2c(c1)CS(=O)(=O)N2)N1CCc2c(c(=O)oc3ccccc23)C1
Gyr,70S_ribosome,CHEMBL5169637,NC[C@@H]1O[C@H](O[C@H]2[C@@H](O)[C@H](O[C@@H]3[C@@H](O)[C@H](N)C[C@H](N)[C@H]3O[C@H]3O[C@H]4[C@@H](OCCC[C@@H]4O)[C@H](O)[C@H]3N)O[C@@H]2CO)[C@H](N)[C@@H](O)[C@@H]1O,cross_target_decoy_not_inactive,655.6990000000003,-7.675000000000013,C1CCC(OC2COC(OC3CCCCC3OC3CCC4OCCCCC4O3)C2)OC1
Gyr,TopoIV,CHEMBL6091789,CC(C)C(=O)c1c2c(c(OCCCN3CCCCC3)c3c1OC1=C(C(=O)C(C)(C)C(=O)C1(C)C)[C@@H]3C(C)C)[C@H](C(C)C)C1=C(O2)C(C)(C)C(=O)C(C)(C)C1=O,cross_target_decoy_not_inactive,758.009,8.960700000000005,O=C1CC(=O)C2=C(C1)Oc1cc3c(c(OCCCN4CCCCC4)c1C2)CC1=C(CC(=O)CC1=O)O3
Gyr,TopoIV,CHEMBL6134347,CC(C)C(=O)c1c2c(c(OCCO)c3c1OC1=C(C(=O)C(C)(C)C(=O)C1(C)C)[C@@H]3C(C)C)[C@H](C(C)C)C1=C(O2)C(C)(C)C(=O)C(C)(C)C1=O,cross_target_decoy_not_inactive,676.8470000000001,7.077000000000009,O=C1CC(=O)C2=C(C1)Oc1cc3c(cc1C2)CC1=C(CC(=O)CC1=O)O3
Gyr,TopoIV,CHEMBL5086519,O=C(CN1CCN(c2cc3c(cc2F)c(=O)c(C(=O)O)cn3C2CC2)CC1)Nc1ccc(S(=O)(=O)Nc2cncc(Cl)n2)cc1,cross_target_decoy_not_inactive,656.0960000000001,3.1786000000000003,O=C(CN1CCN(c2ccc3c(=O)ccn(C4CC4)c3c2)CC1)Nc1ccc(S(=O)(=O)Nc2cnccn2)cc1
Gyr,70S_ribosome,CHEMBL370143,NC[C@@H]1O[C@H](O[C@H]2[C@@H](O)[C@H](O[C@@H]3[C@@H](O)[C@H](N)C[C@H](N)[C@H]3O[C@H]3O[C@H](CO)[C@@H](O)[C@H](O)[C@H]3N)O[C@@H]2CO)[C@H](N)[C@@H](O)[C@@H]1O,cross_target_decoy_not_inactive,615.6340000000004,-8.861700000000015,C1CCC(OC2COC(OC3CCCCC3OC3CCCCO3)C2)OC1
Gyr,GyrB,CHEMBL303984,CO[C@@H]1[C@@H](OC(=O)c2ccc(C)[nH]2)[C@@H](O)[C@H](Oc2ccc3c(O)c(NC(=O)c4ccc(O)c(CC=C(C)C)c4)c(=O)oc3c2Cl)OC1(C)C,cross_target_decoy_not_inactive,697.1370000000002,5.370320000000004,O=C(Nc1cc2ccc(OC3CC(OC(=O)c4ccc[nH]4)CCO3)cc2oc1=O)c1ccccc1
Gyr,RpoB,CHEMBL1911289,CO[C@H]1/C=C/O[C@@]2(C)Oc3c(C)c(N(C)C)c4c(c3C2=O)C(=O)C=C(NC(=O)/C(C)=C\C=C\[C@H](C)[C@H](O)[C@@H](C)[C@@H](O)[C@@H](C)[C@H](OC(C)=O)[C@@H]1C)C4=O,cross_target_decoy_not_inactive,722.8320000000002,3.990720000000003,O=C1C=CC=CCCCCCCCCC=COC2Oc3ccc4c(c3C2=O)C(=O)C=C(N1)C4=O
Gyr,TopoIV,CHEMBL5078898,O=C(CN1CCN(c2cc3c(cc2F)c(=O)c(C(=O)O)cn3C2CC2)CC1)Nc1ccc(S(=O)(=O)Nc2ncccn2)cc1,cross_target_decoy_not_inactive,621.6510000000002,2.5252,O=C(CN1CCN(c2ccc3c(=O)ccn(C4CC4)c3c2)CC1)Nc1ccc(S(=O)(=O)Nc2ncccn2)cc1
Gyr,70S_ribosome,CHEMBL557931,CC[C@H]1OC(=O)[C@H](C)[C@@H](O[C@H]2C[C@@](C)(OC)[C@@H](O)[C@H](C)O2)[C@H](C)[C@@H](O[C@@H]2O[C@H](C)C[C@H](N(C)C)[C@H]2O)[C@](C)(OC)C[C@@H](C)C(=O)N[C@H](C)[C@@H](O)[C@]1(C)O,cross_target_decoy_not_inactive,762.9790000000002,1.7392000000000052,O=C1CCCC(OC2CCCCO2)CC(OC2CCCCO2)CC(=O)OCCCCN1
Gyr,GyrB,CHEMBL1275844,CO[C@@H]1[C@@H](OC(=O)c2ccc(C)[nH]2)[C@@H](O)[C@H](Oc2ccc3c(O)c(NC(=O)c4ccc(SC)cc4)c(=O)oc3c2Cl)OC1(C)C,cross_target_decoy_not_inactive,659.113,4.877920000000004,O=C(Nc1cc2ccc(OC3CC(OC(=O)c4ccc[nH]4)CCO3)cc2oc1=O)c1ccccc1
Gyr,TopoIV,CHEMBL6096590,CCOC(CCCOc1c2c(c(C(=O)C(C)C)c3c1[C@@H](C(C)C)C1=C(O3)C(C)(C)C(=O)C(C)(C)C1=O)OC1=C(C(=O)C(C)(C)C(=O)C1(C)C)[C@H]2C(C)C)OCC,cross_target_decoy_not_inactive,777.008,9.264000000000003,O=C1CC(=O)C2=C(C1)Oc1cc3c(cc1C2)CC1=C(CC(=O)CC1=O)O3
Gyr,GyrB,CHEMBL4291061,CCNC(=O)Nc1cc(-c2nc(C(F)(F)F)cs2)c(-c2cc(-c3n[nH]c(=O)o3)cnc2N2[C@@H]3CC[C@H]2C[C@@H](N)C3)cn1,cross_target_decoy_not_inactive,601.615,4.2291000000000025,O=c1[nH]nc(-c2cnc(N3C4CCCC3CC4)c(-c3cnccc3-c3nccs3)c2)o1
Gyr,FtsZ,CHEMBL3416824,O=C1C[C@@H](c2ccccc2)Oc2c(Cc3cc(Cc4ccccc4O)ccc3O)c(O)c(Cc3cc(Cc4ccccc4O)ccc3O)c(O)c21,cross_target_decoy_not_inactive,680.7530000000004,7.989900000000006,O=C1CC(c2ccccc2)Oc2c(Cc3cccc(Cc4ccccc4)c3)cc(Cc3cccc(Cc4ccccc4)c3)cc21
Gyr,RpoB,CHEMBL236921,CO[C@H]1/C=C/O[C@@]2(C)Oc3c(C)c(O)c4c(c3C2=O)C(=O)C=C(NC(=O)/C(C)=C\C=C\[C@H](C)[C@H](O)[C@@H](C)[C@@H](O)[C@@H](C)[C@H](OC(C)=O)[C@@H]1C)C4=O,cross_target_decoy_not_inactive,695.7620000000003,3.630320000000003,O=C1C=CC=CCCCCCCCCC=COC2Oc3ccc4c(c3C2=O)C(=O)C=C(N1)C4=O
Gyr,TopoIV,CHEMBL6078484,CCN(CC)CCCOc1c2c(c(C(=O)C(C)C)c3c1[C@@H](C(C)C)C1=C(O3)C(C)(C)C(=O)C(C)(C)C1=O)OC1=C(C(=O)C(C)(C)C(=O)C1(C)C)[C@H]2C(C)C,cross_target_decoy_not_inactive,745.998,8.816600000000006,O=C1CC(=O)C2=C(C1)Oc1cc3c(cc1C2)CC1=C(CC(=O)CC1=O)O3
Gyr,70S_ribosome,CHEMBL1688546,C[C@H]1C(=O)O[C@H](CCNC(=O)Cc2cccc(-c3ccco3)c2)[C@@]2(C)OC(=O)N[C@@H]2[C@@H](C)C(=O)[C@H](C)C[C@@](C)(O)[C@H](O[C@@H]2O[C@H](C)C[C@H](N(C)C)C2O)[C@@H](C)C1=O,cross_target_decoy_not_inactive,797.9430000000002,3.4228000000000023,O=C1CC(=O)OC(CCNC(=O)Cc2cccc(-c3ccco3)c2)C2OC(=O)NC2CC(=O)CCCC(OC2CCCCO2)C1
Gyr,TopoIV,CHEMBL4279313,CCNC(=O)Nc1cc(-c2nc(C(F)(F)F)cs2)c(-c2cc(C(=O)NS(C)(=O)=O)cnc2N2C3CCC2CN(C)C3)cn1,cross_target_decoy_not_inactive,638.6979999999998,3.3995000000000024,c1cnc(N2C3CCC2CNC3)c(-c2cnccc2-c2nccs2)c1
Gyr,70S_ribosome,CHEMBL3251853,CCCC(=O)O[C@H]1[C@H](C)O[C@@H](O[C@H]2[C@H](N(C)C)[C@@H](O)[C@H](O[C@H]3[C@@H](CC=O)C[C@@H](C)[C@@H](O)/C=C/C=C/C[C@@H](C)OC(=O)C[C@@H](O)[C@@H]3OC)O[C@@H]2C)C[C@@]1(C)O,cross_target_decoy_not_inactive,771.9420000000001,2.196600000000004,O=C1CCCC(OC2CCC(OC3CCCCO3)CO2)CCCCC=CC=CCCO1
Gyr,TopoIV,CHEMBL4294467,CCNC(=O)Nc1cc(-c2nc(C(F)(F)F)cs2)c(-c2cc(-c3n[nH]c(=O)o3)cnc2N2C3CCC2CN(C)C3)cn1,cross_target_decoy_not_inactive,601.615,4.0534000000000034,O=c1[nH]nc(-c2cnc(N3C4CCC3CNC4)c(-c3cnccc3-c3nccs3)c2)o1
Gyr,TopoIV,CHEMBL6102177,CC(C)C(=O)c1c2c(c(OCCN3CCCCCC3)c3c1OC1=C(C(=O)C(C)(C)C(=O)C1(C)C)[C@@H]3C(C)C)[C@H](C(C)C)C1=C(O2)C(C)(C)C(=O)C(C)(C)C1=O,cross_target_decoy_not_inactive,758.009,8.960700000000005,O=C1CC(=O)C2=C(C1)Oc1cc3c(c(OCCN4CCCCCC4)c1C2)CC1=C(CC(=O)CC1=O)O3
Gyr,70S_ribosome,CHEMBL3251859,CCCC(=O)O[C@H]1[C@H](C)O[C@@H](O[C@H]2[C@H](N(C)C)[C@@H](OC(=O)CC)[C@H](O[C@H]3[C@@H](CC=O)C[C@@H](C)[C@@H](O)/C=C/C=C/C[C@@H](C)OC(=O)C[C@@H](O)[C@@H]3OC)O[C@@H]2C)C[C@@]1(C)O,cross_target_decoy_not_inactive,828.0060000000002,3.1575000000000055,O=C1CCCC(OC2CCC(OC3CCCCO3)CO2)CCCCC=CC=CCCO1
Gyr,70S_ribosome,CHEMBL3251867,CCCC(=O)O[C@H]1[C@H](C)O[C@@H](O[C@H]2[C@H](N(C)C)[C@@H](O)[C@H](O[C@H]3[C@@H](CC=O)C[C@@H](C)[C@@H](OC(=O)CC)/C=C/C=C/C[C@@H](C)OC(=O)C[C@@H](O)[C@@H]3OC)O[C@@H]2C)C[C@@]1(C)O,cross_target_decoy_not_inactive,828.0060000000002,3.1575000000000055,O=C1CCCC(OC2CCC(OC3CCCCO3)CO2)CCCCC=CC=CCCO1
Gyr,70S_ribosome,CHEMBL3251868,CCCC(=O)O[C@H]1/C=C/C=C/C[C@@H](C)OC(=O)C[C@@H](O)[C@H](OC)[C@@H](O[C@@H]2O[C@H](C)[C@@H](O[C@H]3C[C@@](C)(O)[C@@H](OC(=O)CCC)[C@H](C)O3)[C@H](N(C)C)[C@H]2O)[C@@H](CC=O)C[C@H]1C,cross_target_decoy_not_inactive,842.0329999999999,3.5476000000000063,O=C1CCCC(OC2CCC(OC3CCCCO3)CO2)CCCCC=CC=CCCO1
Gyr,70S_ribosome,CHEMBL3244603,CCCC(=O)O[C@H]1[C@H](C)O[C@@H](O[C@H]2[C@H](N(C)C)[C@@H](O)[C@H](O[C@H]3[C@@H](CC=O)C[C@@H](C)[C@@H](OC(=O)C(Cl)Cl)/C=C/C=C/C[C@@H](C)OC(=O)C[C@@H](O)[C@@H]3OC)O[C@@H]2C)C[C@@]1(C)O,cross_target_decoy_not_inactive,882.869,3.5512000000000055,O=C1CCCC(OC2CCC(OC3CCCCO3)CO2)CCCCC=CC=CCCO1
Gyr,70S_ribosome,CHEMBL4759544,C[C@H](NC(=O)[C@@H](NC(=O)[C@@H](N)CCCCN)[C@@H](O)CN)C(=O)NCC(=O)N[C@](C)(CCCN)C(=O)N1CCC[C@H]1C(=O)N[C@@H](Cc1c[nH]cn1)C(=O)N[C@@H](CCCCN)C(=O)N/C(=C\CCNC(=N)N)C(=O)O,cross_target_decoy_not_inactive,1035.2229999999993,-6.504930000000013,O=C(NCCc1c[nH]cn1)C1CCCN1
Gyr,70S_ribosome,CHEMBL5185367,CCCCCCCCCC(=O)N1CCC[C@H]1C(=O)N[C@@H](CCCNC(=N)N)C(=O)N1CCC[C@H]1C(=O)N[C@@H](CCCNC(=N)N)C(=O)N1CCC[C@H]1C(=O)N1CCC[C@H]1C(=O)N[C@@H](CCCNC(=N)N)C(=O)NCCCNCCCCNCCCN,cross_target_decoy_not_inactive,1213.6339999999998,-0.8501900000000231,O=C(NCC(=O)N1CCCC1C(=O)NCC(=O)N1CCCC1C(=O)N1CCCC1)C1CCCN1
Gyr,70S_ribosome,CHEMBL3251873,CCCC(=O)O[C@H]1[C@H](C)O[C@@H](O[C@H]2[C@H](N(C)C)[C@@H](O)[C@H](O[C@H]3[C@@H](CC=O)C[C@@H](C)[C@@H](OC(C)=O)/C=C/C=C/C[C@@H](C)OC(=O)C[C@@H](OC(C)=O)[C@@H]3OC)O[C@@H]2C)C[C@@]1(C)O,cross_target_decoy_not_inactive,856.0160000000001,3.338200000000008,O=C1CCCC(OC2CCC(OC3CCCCO3)CO2)CCCCC=CC=CCCO1
Gyr,70S_ribosome,CHEMBL1136,CC[C@H]1OC(=O)[C@H](C)C(=O)[C@H](C)[C@@H](O[C@@H]2O[C@H](C)C[C@H](N(C)C)[C@H]2O)[C@](C)(OC)C[C@@H](C)C(=O)[C@H](C)[C@H]2N(CCCCn3cnc(-c4cccnc4)c3)C(=O)O[C@]12C,cross_target_decoy_not_inactive,812.0179999999997,4.929200000000005,O=C1CC(=O)OCC2OC(=O)N(CCCCn3cnc(-c4cccnc4)c3)C2CC(=O)CCCC(OC2CCCCO2)C1
Gyr,70S_ribosome,CHEMBL3251874,CCCC(=O)O[C@H]1[C@H](C)O[C@@H](O[C@H]2[C@H](N(C)C)[C@@H](OC(C)=O)[C@H](O[C@H]3[C@@H](CC=O)C[C@@H](C)[C@@H](OC(C)=O)/C=C/C=C/C[C@@H](C)OC(=O)C[C@@H](O)[C@@H]3OC)O[C@@H]2C)C[C@@]1(C)O,cross_target_decoy_not_inactive,856.0160000000002,3.338200000000008,O=C1CCCC(OC2CCC(OC3CCCCO3)CO2)CCCCC=CC=CCCO1
Gyr,70S_ribosome,CHEMBL3244432,CCCC(=O)O[C@H]1[C@H](C)O[C@@H](O[C@H]2[C@H](N(C)C)[C@@H](OC(=O)CCC(=O)O)[C@H](O[C@H]3[C@@H](CC=O)C[C@@H](C)[C@@H](O)/C=C/C=C/C[C@@H](C)OC(=O)C[C@@H](O)[C@@H]3OC)O[C@@H]2C)C[C@@]1(C)O,cross_target_decoy_not_inactive,872.0150000000002,2.612300000000007,O=C1CCCC(OC2CCC(OC3CCCCO3)CO2)CCCCC=CC=CCCO1
Gyr,FabI,CHEMBL524665,CN1C(=O)[C@@H](c2cc(Cl)c(O)c(Cl)c2)NC(=O)[C@@H]2NC(=O)[C@@H](c3cc(Cl)c(O)c(Cl)c3)NC(=O)[C@H](NC(=O)C(=O)c3cc(Cl)c(O)c(Cl)c3)CC3C(=O)Nc4cc(ccc43)-c3cc2cc(c3O)Oc2ccc(cc2)C[C@H]1C(=O)N[C@@H](C(=O)O)c1ccc(O)cc1,cross_target_decoy_not_inactive,1344.782,8.59890000000001,O=C(NC1CC2C(=O)Nc3cc(ccc32)-c2cc3cc(c2)C(NC(=O)C(c2ccccc2)NC1=O)C(=O)NC(c1ccccc1)C(=O)NC(C(=O)NCc1ccccc1)Cc1ccc(cc1)O3)C(=O)c1ccccc1
Gyr,70S_ribosome,CHEMBL4756487,CO[C@@H](CN)[C@H](NC(=O)[C@@H](N)CCCCN)C(=O)N[C@@H](C)C(=O)NCC(=O)N[C@H](CCCN)C(=O)N1CCC[C@H]1C(=O)N[C@@H](Cc1c[nH]cn1)C(=O)N[C@@H](CCCCN)C(=O)N/C(=C\CCNC(=N)N)C(=O)O,cross_target_decoy_not_inactive,1035.222999999999,-6.240930000000016,O=C(NCCc1c[nH]cn1)C1CCCN1
Gyr,70S_ribosome,CHEMBL3251872,CCCC(=O)O[C@H]1[C@H](C)O[C@@H](O[C@H]2[C@H](N(C)C)[C@@H](OC(C)=O)[C@H](O[C@H]3[C@@H](CC=O)C[C@@H](C)[C@@H](O)/C=C/C=C/C[C@@H](C)OC(=O)C[C@@H](OC(C)=O)[C@@H]3OC)O[C@@H]2C)C[C@@]1(C)O,cross_target_decoy_not_inactive,856.0160000000001,3.338200000000008,O=C1CCCC(OC2CCC(OC3CCCCO3)CO2)CCCCC=CC=CCCO1
Gyr,70S_ribosome,CHEMBL4790510,CC(=O)NCCC[C@@H](NC(=O)CNC(=O)[C@H](C)NC(=O)[C@@H](NC(=O)[C@@H](N)CCCCN)[C@@H](O)CN)C(=O)N1CCC[C@H]1C(=O)N[C@@H](Cc1c[nH]cn1)C(=O)N[C@@H](CCCCN)C(=O)N/C(=C\CCNC(=N)N)C(=O)O,cross_target_decoy_not_inactive,1063.2329999999993,-6.717630000000012,O=C(NCCc1c[nH]cn1)C1CCCN1
Gyr,RpoB,CHEMBL1911306,CO[C@H]1/C=C/O[C@@]2(C)Oc3c(c4c5c(nn(CCO)c5c3C)C(=C(/C=N/N3CCN(C)CC3)C4=O)NC(=O)/C(C)=C\C=C\[C@H](C)[C@H](O)[C@@H](C)[C@@H](O)[C@@H](C)[C@H](OC(C)=O)[C@@H]1C)C2=O,cross_target_decoy_not_inactive,861.0060000000003,3.1444200000000038,O=C1C=CC=CCCCCCCCCC=COC2Oc3cc4[nH]nc5c4c(c3C2=O)C(=O)C(C=NN2CCNCC2)=C5N1
Gyr,70S_ribosome,CHEMBL4748593,C[C@H](NC(=O)[C@@H](NC(=O)[C@@H](N)CCCCN)[C@@H](O)[C@@H](C)N)C(=O)NCC(=O)N[C@H](CCCN)C(=O)N1CCC[C@H]1C(=O)N[C@@H](Cc1c[nH]cn1)C(=O)N[C@@H](CCCCN)C(=O)N/C(=C\CCNC(=N)N)C(=O)O,cross_target_decoy_not_inactive,1035.2229999999993,-6.506530000000013,O=C(NCCc1c[nH]cn1)C1CCCN1
Gyr,70S_ribosome,CHEMBL4750287,C[C@H](NC(=O)[C@H](CO)NC(=O)[C@@H](N)CCCCN)C(=O)NCC(=O)N[C@H](CCCN)C(=O)N1CCC[C@H]1C(=O)N[C@@H](Cc1c[nH]cn1)C(=O)N[C@@H](CCCCN)C(=O)N/C(=C\CCNC(=N)N)C(=O)O,cross_target_decoy_not_inactive,992.1539999999994,-6.2223300000000235,O=C(NCCc1c[nH]cn1)C1CCCN1
Gyr,70S_ribosome,CHEMBL4786763,C[C@H](NC(=O)[C@@H](NC(=O)[C@@H](N)CCCCN)[C@@H](O)CN)C(=O)NCC(=O)N[C@H](CCCCN)C(=O)N1CCC[C@H]1C(=O)N[C@@H](Cc1c[nH]cn1)C(=O)N[C@@H](CCCCN)C(=O)N/C(=C\CCNC(=N)N)C(=O)O,cross_target_decoy_not_inactive,1035.2229999999993,-6.504930000000013,O=C(NCCc1c[nH]cn1)C1CCCN1
Gyr,70S_ribosome,CHEMBL4764251,CNCCC[C@@H](NC(=O)CNC(=O)[C@H](C)NC(=O)[C@@H](NC(=O)[C@@H](N)CCCCN)[C@@H](O)CN)C(=O)N1CCC[C@H]1C(=O)N[C@@H](Cc1c[nH]cn1)C(=O)N[C@@H](CCCCN)C(=O)N/C(=C\CCNC(=N)N)C(=O)O,cross_target_decoy_not_inactive,1035.2229999999993,-6.6343300000000145,O=C(NCCc1c[nH]cn1)C1CCCN1
GyrB,LpxC,CHEMBL324231,CCCc1cccc(C2=N[C@@H](C(=O)NO)CO2)c1,cross_target_decoy_not_inactive,248.28199999999995,1.2899,c1ccc(C2=NCCO2)cc1
GyrB,LpxC,CHEMBL105024,C=CCOc1ccc(C2=NC(C(=O)NO)CO2)cc1OC(F)(F)F,cross_target_decoy_not_inactive,346.261,1.8007999999999995,c1ccc(C2=NCCO2)cc1
GyrB,FabI,CHEMBL260770,Nc1ccc(Cn2ccc(OCc3ccccc3)cc2=O)c(Cl)c1,cross_target_decoy_not_inactive,340.81000000000006,3.7112000000000025,O=c1cc(OCc2ccccc2)ccn1Cc1ccccc1
GyrB,LpxC,CHEMBL3647073,CC(C)(CCc1ccc(-c2ccccc2)cc1)C(=O)NO,cross_target_decoy_not_inactive,283.371,3.817800000000002,c1ccc(-c2ccccc2)cc1
GyrB,LpxC,CHEMBL2023384,CC(C)(C)c1ccn(CC[C@](C)(C(=O)NO)S(C)(=O)=O)c(=O)c1,cross_target_decoy_not_inactive,344.4330000000001,0.8446000000000008,O=c1cccc[nH]1
GyrB,LpxC,CHEMBL419375,CCCc1cc(C2=NC(C(=O)NO)CO2)ccc1OC,cross_target_decoy_not_inactive,278.308,1.2984999999999998,c1ccc(C2=NCCO2)cc1
GyrB,LpxH,CHEMBL3667252,N#CCCc1ccc(-c2c(O)ccc3[nH]c(=O)c4sccc4c23)cc1,cross_target_decoy_not_inactive,346.41100000000006,4.571580000000003,O=c1[nH]c2cccc(-c3ccccc3)c2c2ccsc12
GyrB,LpxC,CHEMBL3696986,CNC(=O)C(C(=O)NO)N(C)C(=O)c1ccc(-c2ccccc2)cc1,cross_target_decoy_not_inactive,341.367,1.0456000000000005,c1ccc(-c2ccccc2)cc1
GyrB,LpxC,CHEMBL2012189,CC[C@H](O)[C@@](C)(OCc1ccc(-c2ccccc2)cc1)C(=O)NO,cross_target_decoy_not_inactive,329.3960000000001,2.9052,c1ccc(-c2ccccc2)cc1
GyrB,LeuRS,CHEMBL4066786,COc1ccc(Cl)c2c1B(O)O[C@@H]2CN.Cl,cross_target_decoy_not_inactive,263.917,0.48790000000000006,B1OCc2ccccc21
GyrB,DHFR,CHEMBL3234322,CCc1nc(N)nc(N)c1C#CC(C)c1ccc(-c2ccccc2)nc1,cross_target_decoy_not_inactive,343.434,3.420600000000002,C(#Cc1cncnc1)Cc1ccc(-c2ccccc2)nc1
GyrB,RpoB,CHEMBL368168,Cn1cccc1-c1nc2cc(C(=O)O)ccc2n1C1CCCCC1,cross_target_decoy_not_inactive,323.39600000000024,4.245200000000003,c1c[nH]c(-c2nc3ccccc3n2C2CCCCC2)c1
GyrB,MurC,CHEMBL87521,Oc1c2c(nn1-c1ccc(Cl)c(Cl)c1)CCS2,cross_target_decoy_not_inactive,287.17099999999994,3.5329000000000015,c1ccc(-n2cc3c(n2)CCS3)cc1
GyrB,MurC,CHEMBL4538051,O=C(O)c1ccc(C(=O)N2CCc3c(c(=O)[nH]c4ccccc34)C2)cc1,cross_target_decoy_not_inactive,348.358,2.4248000000000003,O=C(c1ccccc1)N1CCc2c(c(=O)[nH]c3ccccc23)C1
GyrB,FabI,CHEMBL3623421,Cc1cc(Cl)ccc1Oc1c[nH]c(COc2ccccc2)cc1=O,cross_target_decoy_not_inactive,341.79400000000004,4.708020000000004,O=c1cc(COc2ccccc2)[nH]cc1Oc1ccccc1
GyrB,DHFR,CHEMBL573880,COc1ccc(OC)c(C(O)C#Cc2c(C)nc(N)nc2N)c1,cross_target_decoy_not_inactive,314.345,1.05172,C(#Cc1cncnc1)Cc1ccccc1
GyrB,FabI,CHEMBL304015,COc1ccc(-c2cn(Cc3ccccc3)cn2)cc1,cross_target_decoy_not_inactive,264.32800000000003,3.607000000000002,c1ccc(Cn2cnc(-c3ccccc3)c2)cc1
GyrB,D-Ala-D-Ala,CHEMBL4594055,O=C(NNC(=S)Nc1ccc(Cl)cc1)c1ccccc1O,cross_target_decoy_not_inactive,321.78900000000004,2.677000000000001,O=C(NNC(=S)Nc1ccccc1)c1ccccc1
GyrB,LeuRS,CHEMBL4096785,CCCOc1cc(Cl)c2c(c1)B(O)OC2CN.Cl,cross_target_decoy_not_inactive,291.97099999999995,1.2680999999999998,B1OCc2ccccc21
GyrB,DHFR,CHEMBL7492,COc1ccc(OC)c(Cc2cnc3nc(N)nc(N)c3c2C)c1,cross_target_decoy_not_inactive,325.37200000000007,2.10562,c1ccc(Cc2cnc3ncncc3c2)cc1
GyrB,DHFR,CHEMBL293977,COc1cc(Cc2cnc(N)nc2N)cc2c1NCC(CO)C2,cross_target_decoy_not_inactive,315.3770000000001,0.8168999999999995,c1ncc(Cc2ccc3c(c2)CCCN3)cn1
GyrB,LpxH,CHEMBL3667229,Nc1ccc(-c2c(O)ccc3[nH]c(=O)c4sccc4c23)cc1O,cross_target_decoy_not_inactive,324.3610000000001,3.4032000000000004,O=c1[nH]c2cccc(-c3ccccc3)c2c2ccsc12
GyrB,LpxC,CHEMBL3828674,O=C(NO)[C@@H]1CN(c2ccc(C#CC#CCCO)cc2)C(=O)O1,cross_target_decoy_not_inactive,314.297,0.25449999999999956,O=C1OCCN1c1ccccc1
GyrB,LeuRS,CHEMBL4075254,Cl.NCC1OB(O)c2c(OCc3ccccc3)ccc(Cl)c21,cross_target_decoy_not_inactive,340.01500000000004,2.0582999999999996,B1OCc2cccc(OCc3ccccc3)c21
GyrB,FabI,CHEMBL64645,Cc1ccc(Cn2cnc(-c3ccsc3)c2)cc1,cross_target_decoy_not_inactive,254.35800000000006,3.968320000000003,c1ccc(Cn2cnc(-c3ccsc3)c2)cc1
GyrB,MurC,CHEMBL313078,O=[N+]([O-])c1ccc(-n2nc3c(c2O)SCC3)cc1,cross_target_decoy_not_inactive,263.27799999999996,2.1342999999999996,c1ccc(-n2cc3c(n2)CCS3)cc1
GyrB,DHFR,CHEMBL575194,COc1cc(-c2ccccc2)cc([C@@H](O)C#Cc2c(C)nc(N)nc2N)c1,cross_target_decoy_not_inactive,360.4170000000001,2.71012,C(#Cc1cncnc1)Cc1cccc(-c2ccccc2)c1
GyrB,FtsZ,CHEMBL3425612,CN(C)CCNc1nc(/C=C/c2ccc(Cl)cc2)nc2ccc(-c3ccncc3)cc12,cross_target_decoy_not_inactive,429.95500000000015,5.489100000000005,C(=Cc1ncc2cc(-c3ccncc3)ccc2n1)c1ccccc1
GyrB,Gyr,CHEMBL5280982,COc1cc(C(=O)NCC(=O)O)ccc1NC(=O)c1cc(Cl)c(Cl)[nH]1,cross_target_decoy_not_inactive,386.19100000000014,2.3968,O=C(Nc1ccccc1)c1ccc[nH]1
GyrB,LpxH,CHEMBL3672367,Cc1cc(O)c(-c2ccc([C@@H](C)CN)c(F)c2)c2c1[nH]c(=O)c1sccc12,cross_target_decoy_not_inactive,382.46000000000004,4.625120000000002,O=c1[nH]c2cccc(-c3ccccc3)c2c2ccsc12
GyrB,LpxC,CHEMBL3647181,CC(CCc1ccc(COc2cccc(F)c2)cc1)(C(=O)NO)S(C)(=O)=O,cross_target_decoy_not_inactive,395.4520000000001,2.646,c1ccc(COc2ccccc2)cc1
GyrB,LpxC,CHEMBL1956142,CC(CCc1ccc(-c2ccc(OCCCN)cc2)cc1)(C(=O)NO)S(C)(=O)=O,cross_target_decoy_not_inactive,420.53100000000006,2.3225,c1ccc(-c2ccccc2)cc1
GyrB,Gyr,CHEMBL4764566,CNc1cc(F)cc2cc(C(=O)Nc3ccc(C(=O)O)cc3)c(=O)[nH]c12,cross_target_decoy_not_inactive,355.3250000000001,2.6593999999999998,O=C(Nc1ccccc1)c1cc2ccccc2[nH]c1=O
GyrB,LpxC,CHEMBL3647218,CC(CCc1ccc(OCc2nc(C3CCCC3)no2)cc1)(C(=O)NO)S(C)(=O)=O,cross_target_decoy_not_inactive,437.5180000000001,2.5475000000000003,c1ccc(OCc2nc(C3CCCC3)no2)cc1
GyrB,LpxC,CHEMBL3647139,CC(CCc1ccc(-c2ccc(C(=O)CO)cc2)cc1F)(C(=O)NO)S(C)(=O)=O,cross_target_decoy_not_inactive,423.4620000000001,1.9089999999999998,c1ccc(-c2ccccc2)cc1
GyrB,Gyr,CHEMBL3356986,CCNC(=O)Nc1nc2cc(-c3cncc(F)c3)cc(-c3ncccn3)c2[nH]1,cross_target_decoy_not_inactive,377.3830000000001,3.362400000000001,c1cnc(-c2cc(-c3cccnc3)cc3nc[nH]c23)nc1
GyrB,DHFR,CHEMBL572485,COc1ccc(-c2cc(OC)cc(C(C)C#Cc3c(C)nc(N)nc3N)c2)cc1,cross_target_decoy_not_inactive,388.4710000000001,3.788820000000001,C(#Cc1cncnc1)Cc1cccc(-c2ccccc2)c1
GyrB,LpxC,CHEMBL3697002,CNC(=O)C(C(=O)NO)N(C)C(=O)c1ccc(-c2ccc(OCCO)cc2)cc1,cross_target_decoy_not_inactive,401.41900000000015,0.4167000000000017,c1ccc(-c2ccccc2)cc1
GyrB,LpxC,CHEMBL3647236,CC(CCc1ccc(OCc2c(F)cc(F)cc2F)cc1)(C(=O)NO)S(C)(=O)=O,cross_target_decoy_not_inactive,431.4320000000001,2.924200000000001,c1ccc(COc2ccccc2)cc1
GyrB,Gyr,CHEMBL3085880,Nc1nc2c(s1)C[C@@H](NC(=O)c1cc(Br)c(Br)[nH]1)CC2,cross_target_decoy_not_inactive,420.13000000000005,2.8657000000000004,O=C(NC1CCc2ncsc2C1)c1ccc[nH]1
GyrB,FabI,CHEMBL2178294,CCCNS(=O)(=O)c1ccc(Oc2ccc(CC)cc2O)c(F)c1,cross_target_decoy_not_inactive,353.415,3.574300000000002,c1ccc(Oc2ccccc2)cc1
GyrB,LpxH,CHEMBL3672231,O=c1[nH]c2ccc(O)c(-c3ccc(S(=O)(=O)NCCCl)cc3)c2c2ccsc12,cross_target_decoy_not_inactive,434.9260000000002,3.632500000000002,O=c1[nH]c2cccc(-c3ccccc3)c2c2ccsc12
GyrB,LpxC,CHEMBL1668429,C[C@@H](O)[C@H](C(=O)NO)N1Cc2cc(-c3ccc(C#Cc4ccccc4)cc3)ccc2C1=O,cross_target_decoy_not_inactive,426.47200000000015,2.964000000000002,O=C1NCc2cc(-c3ccc(C#Cc4ccccc4)cc3)ccc21
GyrB,LpxC,CHEMBL3978300,C[C@@](CCc1ccc(-c2ccc3c(c2)CNC3=O)cc1)(C(=O)NO)S(C)(=O)=O,cross_target_decoy_not_inactive,402.4720000000001,1.8382999999999996,O=C1NCc2cc(-c3ccccc3)ccc21
GyrB,FabI,CHEMBL5801710,O=C1CCc2cc(/C=C/C(=O)N3C[C@@H]4CN(c5ccccc5Cl)C[C@@H]4C3)cnc2N1,cross_target_decoy_not_inactive,422.91600000000005,3.2277000000000013,O=C1CCc2cc(C=CC(=O)N3CC4CN(c5ccccc5)CC4C3)cnc2N1
GyrB,DHFR,CHEMBL575217,COc1cc(-c2cc(C)cc(C)c2)cc(C(C)C#Cc2c(C)nc(N)nc2N)c1,cross_target_decoy_not_inactive,386.49900000000014,4.397060000000002,C(#Cc1cncnc1)Cc1cccc(-c2ccccc2)c1
GyrB,MurC,CHEMBL329363,CCN(CC)S(=O)(=O)c1ccc(Cl)c(C(=O)Nc2sc3c(c2C#N)CCC3)c1,cross_target_decoy_not_inactive,437.9740000000003,4.044680000000003,O=C(Nc1cc2c(s1)CCC2)c1ccccc1
GyrB,LpxC,CHEMBL2023519,C[C@@](CCn1ccc(-c2ccc(-c3ccccn3)cc2)cc1=O)(C(=O)NO)S(C)(=O)=O,cross_target_decoy_not_inactive,441.5090000000002,2.2760999999999996,O=c1cc(-c2ccc(-c3ccccn3)cc2)cc[nH]1
GyrB,LpxC,CHEMBL4104347,Cc1ccc(-c2ccc(C(=O)N[C@H](C(=O)NO)C(C)(C)NS(C)(=O)=O)cn2)cc1,cross_target_decoy_not_inactive,420.4910000000001,0.9886200000000005,c1ccc(-c2ccccn2)cc1
GyrB,LeuRS,CHEMBL4441684,Brc1ccccc1/C=N/Nc1nc(-c2ccccc2)cs1,cross_target_decoy_not_inactive,358.264,5.018600000000003,C(=NNc1nc(-c2ccccc2)cs1)c1ccccc1
GyrB,LpxC,CHEMBL2023137,C[C@@](CCn1ccc(-c2ccccc2)nc1=O)(C(=O)NO)S(C)(=O)=O,cross_target_decoy_not_inactive,365.41100000000006,0.6090999999999996,O=c1nc(-c2ccccc2)cc[nH]1
GyrB,MurA,CHEMBL5220784,CCOC(=O)C1=C(O)C(=O)N(c2nc3ccc(Br)cc3s2)C1c1ccc(-c2ccccc2)cc1,cross_target_decoy_not_inactive,535.4190000000002,6.188900000000005,O=C1C=CC(c2ccc(-c3ccccc3)cc2)N1c1nc2ccccc2s1
GyrB,MurC,CHEMBL327929,CN(C)CCCNS(=O)(=O)c1ccc(Cl)c(C(=O)Nc2sc3c(c2C#N)CCC3)c1,cross_target_decoy_not_inactive,467.0160000000003,3.244180000000002,O=C(Nc1cc2c(s1)CCC2)c1ccccc1
GyrB,Gyr,CHEMBL3658987,C[C@H]1CN2c3c(cc4c(-c5cccnn5)noc4c3F)CC3(C(=O)NC(=O)NC3=O)[C@@H]2[C@@H](C)O1,cross_target_decoy_not_inactive,466.42900000000026,1.3145999999999995,O=C1NC(=O)C2(Cc3cc4c(-c5cccnn5)noc4cc3N3CCOCC32)C(=O)N1
GyrB,MurC,CHEMBL4458187,CN(C)CCCOc1ccc2c3c(c(=O)oc2c1)CN(C(=O)c1ccc(C(=O)O)cc1)CC3,cross_target_decoy_not_inactive,450.49100000000027,3.020200000000001,O=C(c1ccccc1)N1CCc2c(c(=O)oc3ccccc23)C1
GyrB,LpxC,CHEMBL5916999,NC[C@@H]1CCCN1Cc1ccc(C#Cc2ccc(C(CO)Cc3nc[nH]c(=O)c3O)cc2)cc1,cross_target_decoy_not_inactive,458.56200000000024,2.116999999999999,O=c1cc(CCc2ccc(C#Cc3ccc(CN4CCCC4)cc3)cc2)nc[nH]1
GyrB,LpxH,CHEMBL3683258,CN[C@@H]1CC2OC([C@@H]1OC)n1c3ccccc3c3c4c(c5c6ccccc6n2c5c31)C(=O)NC4,cross_target_decoy_not_inactive,452.51400000000024,4.179900000000003,O=C1NCc2c1c1c3ccccc3n3c1c1c2c2ccccc2n1C1CCCC3O1
GyrB,MurC,CHEMBL329389,N#Cc1c(NC(=O)c2cc(S(=O)(=O)N3CCOCC3)c(Cl)cc2Cl)sc2c1CCC(c1ccccc1)C2,cross_target_decoy_not_inactive,576.5270000000003,5.472280000000005,O=C(Nc1cc2c(s1)CC(c1ccccc1)CC2)c1cccc(S(=O)(=O)N2CCOCC2)c1
GyrB,Gyr,CHEMBL3658978,C[C@@H]1CN2c3c(cc4c(-c5cn[nH]c5)noc4c3F)CC3(C(=O)NC(=O)NC3=O)[C@H]2[C@H](C)O1,cross_target_decoy_not_inactive,454.41800000000023,1.2476999999999994,O=C1NC(=O)C2(Cc3cc4c(-c5cn[nH]c5)noc4cc3N3CCOCC32)C(=O)N1
GyrB,Gyr,CHEMBL4758336,CNc1cc(F)cc2cc(C(=O)Nc3ccc(C(=O)O)cc3CN(CCO)C3CCCCC3)c(=O)[nH]c12.Cl,cross_target_decoy_not_inactive,547.0270000000005,4.208200000000003,O=C(Nc1ccccc1CNC1CCCCC1)c1cc2ccccc2[nH]c1=O
GyrB,Gyr,CHEMBL4793836,COC(=O)CNC(=O)c1ccc(NC(=O)c2[nH]c(C)c(Cl)c2Cl)c(O[C@H]2CCNC2)c1.Cl,cross_target_decoy_not_inactive,505.78600000000034,2.9475200000000013,O=C(Nc1ccccc1OC1CCNC1)c1ccc[nH]1
GyrB,MurC,CHEMBL4542665,Cc1c(N2CCN(C)CC2)ccc2c3c(c(=O)oc12)CN(C(=O)c1ccc(NS(C)(=O)=O)c(Br)c1)CC3,cross_target_decoy_not_inactive,589.5120000000002,3.1857200000000017,O=C(c1ccccc1)N1CCc2c(c(=O)oc3cc(N4CCNCC4)ccc23)C1
GyrB,TopoIV,CHEMBL5084570,Cc1cc(NS(=O)(=O)c2ccc(/N=N/N3CCN(c4cc5c(cc4F)c(=O)c(C(=O)O)cn5C4CC4)CC3)cc2)no1,cross_target_decoy_not_inactive,595.6130000000002,4.091820000000003,O=c1ccn(C2CC2)c2cc(N3CCN(N=Nc4ccc(S(=O)(=O)Nc5ccon5)cc4)CC3)ccc12
GyrB,FtsZ,CHEMBL1926721,CCOC(=O)Nc1cc(NCCN(C)C)c2nc(-c3ccccc3)c(-c3ccccc3)nc2n1,cross_target_decoy_not_inactive,456.5500000000001,4.900700000000004,c1ccc(-c2nc3cccnc3nc2-c2ccccc2)cc1
GyrB,Gyr,CHEMBL4755858,CNc1cc(F)cc2cc(C(=O)Nc3ccc(CO)cc3CN(C)C3CCCCC3)c(=O)[nH]c12,cross_target_decoy_not_inactive,466.55700000000036,4.218000000000003,O=C(Nc1ccccc1CNC1CCCCC1)c1cc2ccccc2[nH]c1=O
GyrB,Gyr,CHEMBL2382356,COc1ccc2nccc([C@@H](O)CC[C@@H]3CCN(C4CC(c5cc(F)c(F)cc5F)C4)C[C@@H]3C(=O)O)c2c1,cross_target_decoy_not_inactive,528.5710000000003,5.443200000000005,c1ccc(C2CC(N3CCC(CCCc4ccnc5ccccc45)CC3)C2)cc1
GyrB,Gyr,CHEMBL134293,CC(=O)NC[C@H]1CN(c2ccc(OCC3CCN(c4nc5c(cc4F)c(=O)c(C(=O)O)cn5C4CC4)C3)c(F)c2)C(=O)O1,cross_target_decoy_not_inactive,597.5750000000004,3.0744000000000007,O=C1OCCN1c1ccc(OCC2CCN(c3ccc4c(=O)ccn(C5CC5)c4n3)C2)cc1
GyrB,Gyr,CHEMBL5281268,O=C(O)c1ccc(CNC(=O)[C@H](Cc2ccc(O)cc2)NC(=O)c2cc(Br)c(Br)[nH]2)cc1,cross_target_decoy_not_inactive,565.2180000000001,3.6010000000000018,O=C(NC(Cc1ccccc1)C(=O)NCc1ccccc1)c1ccc[nH]1
GyrB,Gyr,CHEMBL3658955,C[C@@H]1CN2c3c(cc4c(-c5cncs5)noc4c3Cl)CC3(C(=O)NC(=O)NC3=O)[C@H]2[C@H](C)O1,cross_target_decoy_not_inactive,487.92500000000024,2.4954,O=C1NC(=O)C2(Cc3cc4c(-c5cncs5)noc4cc3N3CCOCC32)C(=O)N1
GyrB,MurC,CHEMBL380752,O=C1O/C(=C\c2cc(C(F)(F)F)ccc2Cl)C(O)=C1c1ccc(N2CCOCC2)c(F)c1,cross_target_decoy_not_inactive,469.81800000000027,5.201500000000004,O=C1OC(=Cc2ccccc2)C=C1c1ccc(N2CCOCC2)cc1
GyrB,Gyr,CHEMBL3663183,C[C@@H]1CN2c3c(cc4c(-c5ncccn5)noc4c3F)CC3(C(=O)NC(=O)NC3=O)[C@H]2[C@H](C)O1,cross_target_decoy_not_inactive,466.42900000000026,1.3145999999999995,O=C1NC(=O)C2(Cc3cc4c(-c5ncccn5)noc4cc3N3CCOCC32)C(=O)N1
GyrB,Gyr,CHEMBL5276709,Cc1[nH]c(C(=O)Nc2nc3c(N4[C@@H]5CC[C@H]4COC5)cc(C(=O)O)cc3s2)c(Cl)c1Cl,cross_target_decoy_not_inactive,481.3610000000002,4.557720000000002,O=C(Nc1nc2c(N3C4CCC3COC4)cccc2s1)c1ccc[nH]1
GyrB,MurA,CHEMBL195098,O=C(CCC1C(=O)N(c2ccc(Cl)cc2)N(c2ccc(Cl)cc2)C1=O)c1ccc(F)cc1,cross_target_decoy_not_inactive,471.31500000000017,5.706600000000004,O=C(CCC1C(=O)N(c2ccccc2)N(c2ccccc2)C1=O)c1ccccc1
GyrB,Gyr,CHEMBL5279384,Cc1[nH]c(C(=O)N[C@H]2CCc3nc(NC(=O)CNC(=O)c4ccc(O)c(O)c4)sc3C2)c(Cl)c1Cl,cross_target_decoy_not_inactive,538.4130000000002,3.1534200000000023,O=C(CNC(=O)c1ccccc1)Nc1nc2c(s1)CC(NC(=O)c1ccc[nH]1)CC2
GyrB,MurC,CHEMBL5879031,Nc1nc(N)c(CC(=O)Nc2cnc(C(=O)N[C@@H](CCC(=O)O)C(=O)O)c(F)c2)c(=O)[nH]1,cross_target_decoy_not_inactive,451.37100000000027,-1.3025999999999984,O=C(Cc1cnc[nH]c1=O)Nc1cccnc1
GyrB,Gyr,CHEMBL6078146,Cc1[nH]c(C(=O)Nc2ccc(-c3noc(=O)[nH]3)cc2N2CCC(NC(=O)OC(C)(C)C)CC2)c(Cl)c1Cl,cross_target_decoy_not_inactive,551.4310000000003,4.719020000000004,O=C(Nc1ccc(-c2noc(=O)[nH]2)cc1N1CCCCC1)c1ccc[nH]1
GyrB,FtsZ,CHEMBL2418095,Oc1cc(O)c2c(c1)C/C(Cl)=C\Cc1cc(c(Cl)cc1O)Oc1c(O)cc(cc1O)C/C(Cl)=C\Cc1cc(c(Cl)cc1O)O2,cross_target_decoy_not_inactive,678.3480000000001,8.940799999999992,C1=CCc2cccc(c2)Oc2ccccc2CC=CCc2cccc(c2)Oc2ccc(cc2)C1
GyrB,Gyr,CHEMBL4576334,O=C(CCCCCCCCC(=O)N1CCN(c2cc3c(cc2F)c(=O)c(C(=O)O)cn3C2CC2)CC1)Nc1cc2ccccc2oc1=O,cross_target_decoy_not_inactive,658.7270000000003,5.6882000000000055,O=C(CCCCCCCCC(=O)N1CCN(c2ccc3c(=O)ccn(C4CC4)c3c2)CC1)Nc1cc2ccccc2oc1=O
GyrB,TopoIV,CHEMBL6148317,CC(C)C(=O)c1c2c(c(OCc3ccc([N+](=O)[O-])cc3)c3c1OC1=C(C(=O)C(C)(C)C(=O)C1(C)C)[C@@H]3C(C)C)[C@H](C(C)C)C1=C(O2)C(C)(C)C(=O)C(C)(C)C1=O,cross_target_decoy_not_inactive,767.9159999999999,9.193100000000001,O=C1CC(=O)C2=C(C1)Oc1cc3c(c(OCc4ccccc4)c1C2)CC1=C(CC(=O)CC1=O)O3
GyrB,RpoB,CHEMBL236921,CO[C@H]1/C=C/O[C@@]2(C)Oc3c(C)c(O)c4c(c3C2=O)C(=O)C=C(NC(=O)/C(C)=C\C=C\[C@H](C)[C@H](O)[C@@H](C)[C@@H](O)[C@@H](C)[C@H](OC(C)=O)[C@@H]1C)C4=O,cross_target_decoy_not_inactive,695.7620000000003,3.630320000000003,O=C1C=CC=CCCCCCCCCC=COC2Oc3ccc4c(c3C2=O)C(=O)C=C(N1)C4=O
GyrB,MurC,CHEMBL5076176,Cn1c(Nc2ccc(C(=O)N[C@@H](CCC(=O)O)C(=O)O)cc2)nc2c1c(=O)n(Cc1cc3c(Cl)cccc3[nH]1)c(=O)n2C,cross_target_decoy_not_inactive,608.0110000000001,2.4081,O=c1[nH]c2nc(Nc3ccccc3)[nH]c2c(=O)n1Cc1cc2ccccc2[nH]1
GyrB,TopoIV,CHEMBL6103064,CCN(CC)CCOc1c2c(c(C(=O)C(C)C)c3c1[C@@H](C(C)C)C1=C(O3)C(C)(C)C(=O)C(C)(C)C1=O)OC1=C(C(=O)C(C)(C)C(=O)C1(C)C)[C@H]2C(C)C,cross_target_decoy_not_inactive,731.9710000000001,8.426500000000008,O=C1CC(=O)C2=C(C1)Oc1cc3c(cc1C2)CC1=C(CC(=O)CC1=O)O3
GyrB,LeuRS,CHEMBL4864835,CC(C)C[C@H](N)C(=O)NS(=O)(=O)OC[C@H]1OC[C@@H](CCCn2cc(CNC(=O)NCc3ccccc3)nn2)[C@H](O)[C@@H]1O,cross_target_decoy_not_inactive,611.7220000000004,-0.45449999999999446,O=C(NCc1ccccc1)NCc1cn(CCCC2CCCOC2)nn1
GyrB,MurA,CHEMBL363799,O=C(CC1(CC(=O)c2ccc(F)cc2F)C(=O)N(c2ccc(Cl)cc2)N(c2ccc(Cl)cc2)C1=O)c1ccc(F)cc1F,cross_target_decoy_not_inactive,629.3930000000001,7.377000000000005,O=C(CC1(CC(=O)c2ccccc2)C(=O)N(c2ccccc2)N(c2ccccc2)C1=O)c1ccccc1
GyrB,MurA,CHEMBL5199836,CNC(=O)[C@@H](Cc1c[nH]c2ccccc12)NCc1ccc(-n2ccnc2)c(-c2ccc(-c3cc(C(=O)O)c4ccccc4n3)cc2)c1,cross_target_decoy_not_inactive,620.7130000000002,6.380900000000004,c1ccc2nc(-c3ccc(-c4cc(CNCCc5c[nH]c6ccccc56)ccc4-n4ccnc4)cc3)ccc2c1
GyrB,70S_ribosome,CHEMBL3251853,CCCC(=O)O[C@H]1[C@H](C)O[C@@H](O[C@H]2[C@H](N(C)C)[C@@H](O)[C@H](O[C@H]3[C@@H](CC=O)C[C@@H](C)[C@@H](O)/C=C/C=C/C[C@@H](C)OC(=O)C[C@@H](O)[C@@H]3OC)O[C@@H]2C)C[C@@]1(C)O,cross_target_decoy_not_inactive,771.9420000000001,2.196600000000004,O=C1CCCC(OC2CCC(OC3CCCCO3)CO2)CCCCC=CC=CCCO1
GyrB,Gyr,CHEMBL5090088,O=C(CCN1CCN(c2cc3c(cc2F)c(=O)c(C(=O)O)cn3C2CC2)CC1)Nc1ccc(S(=O)(=O)Nc2cnc3ccccc3n2)cc1,cross_target_decoy_not_inactive,685.738,4.068500000000002,O=C(CCN1CCN(c2ccc3c(=O)ccn(C4CC4)c3c2)CC1)Nc1ccc(S(=O)(=O)Nc2cnc3ccccc3n2)cc1
GyrB,TopoIV,CHEMBL6078483,CC(C)C(=O)c1c2c(c(OCCCN3CCOCC3)c3c1OC1=C(C(=O)C(C)(C)C(=O)C1(C)C)[C@@H]3C(C)C)[C@H](C(C)C)C1=C(O2)C(C)(C)C(=O)C(C)(C)C1=O,cross_target_decoy_not_inactive,759.981,7.80700000000001,O=C1CC(=O)C2=C(C1)Oc1cc3c(c(OCCCN4CCOCC4)c1C2)CC1=C(CC(=O)CC1=O)O3
GyrB,TopoIV,CHEMBL6103138,CC(C)C(=O)c1c2c(c(OCC3CC3)c3c1OC1=C(C(=O)C(C)(C)C(=O)C1(C)C)[C@@H]3C(C)C)[C@H](C(C)C)C1=C(O2)C(C)(C)C(=O)C(C)(C)C1=O,cross_target_decoy_not_inactive,686.8860000000001,8.494700000000005,O=C1CC(=O)C2=C(C1)Oc1cc3c(c(OCC4CC4)c1C2)CC1=C(CC(=O)CC1=O)O3
GyrB,RpoB,CHEMBL1911287,CO[C@H]1/C=C/O[C@@]2(C)Oc3c(C)c(N)c4c(c3C2=O)C(=O)C=C(NC(=O)/C(C)=C\C=C\[C@H](C)[C@H](O)[C@@H](C)[C@@H](O)[C@@H](C)[C@H](OC(C)=O)[C@@H]1C)C4=O,cross_target_decoy_not_inactive,694.7780000000002,3.506920000000002,O=C1C=CC=CCCCCCCCCC=COC2Oc3ccc4c(c3C2=O)C(=O)C=C(N1)C4=O
GyrB,FtsZ,CHEMBL3416824,O=C1C[C@@H](c2ccccc2)Oc2c(Cc3cc(Cc4ccccc4O)ccc3O)c(O)c(Cc3cc(Cc4ccccc4O)ccc3O)c(O)c21,cross_target_decoy_not_inactive,680.7530000000004,7.989900000000006,O=C1CC(c2ccccc2)Oc2c(Cc3cccc(Cc4ccccc4)c3)cc(Cc3cccc(Cc4ccccc4)c3)cc21
GyrB,D-Ala-D-Ala,CHEMBL5173242,CC[C@H](C)[C@@H](CCC(=O)NC)NC(=O)[C@H](Cc1c[nH]c2ccc(F)cc12)NC(=O)[C@H](CCC(C)C)NCc1cnn(C)c1-c1ccc(OC)cc1,cross_target_decoy_not_inactive,703.9039999999999,5.395100000000005,O=C(CNCc1cn[nH]c1-c1ccccc1)NCCc1c[nH]c2ccccc12
GyrB,Gyr,CHEMBL303984,CO[C@@H]1[C@@H](OC(=O)c2ccc(C)[nH]2)[C@@H](O)[C@H](Oc2ccc3c(O)c(NC(=O)c4ccc(O)c(CC=C(C)C)c4)c(=O)oc3c2Cl)OC1(C)C,cross_target_decoy_not_inactive,697.1370000000002,5.370320000000004,O=C(Nc1cc2ccc(OC3CC(OC(=O)c4ccc[nH]4)CCO3)cc2oc1=O)c1ccccc1
GyrB,MurC,CHEMBL5093943,Cn1c(Nc2ccc(C(=O)N[C@@H](CCC(=O)O)C(=O)O)cc2)nc2c1c(=O)n(Cc1ccc(Cl)c(Cl)c1)c(=O)n2C,cross_target_decoy_not_inactive,603.4190000000002,2.5802000000000005,O=c1[nH]c2nc(Nc3ccccc3)[nH]c2c(=O)n1Cc1ccccc1
GyrB,Gyr,CHEMBL6103462,CC(C)CCOc1c2c(c(C(=O)C(C)C)c3c1[C@@H](C(C)C)C1=C(O3)C(C)(C)C(=O)C(C)(C)C1=O)OC1=C(C(=O)C(C)(C)C(=O)C1(C)C)[C@H]2C(C)C,cross_target_decoy_not_inactive,702.9290000000002,9.130800000000002,O=C1CC(=O)C2=C(C1)Oc1cc3c(cc1C2)CC1=C(CC(=O)CC1=O)O3
GyrB,MurC,CHEMBL4463968,Cc1c(N2CCN(C)[C@@H](C)C2)ccc2c3c(c(=O)oc12)CN(C(=O)c1ccc(NS(C)(=O)=O)c(OC(F)(F)F)c1)CC3,cross_target_decoy_not_inactive,608.6390000000002,3.710320000000003,O=C(c1ccccc1)N1CCc2c(c(=O)oc3cc(N4CCNCC4)ccc23)C1
GyrB,MurA,CHEMBL189528,O=C1N(c2ccc(Cl)cc2)N(c2ccc(Cl)cc2)C(=O)C1(CCCCCCc1ccccc1)CCCCCCc1ccccc1,cross_target_decoy_not_inactive,641.6830000000002,10.66099999999999,O=C1N(c2ccccc2)N(c2ccccc2)C(=O)C1(CCCCCCc1ccccc1)CCCCCCc1ccccc1
GyrB,Gyr,CHEMBL4755574,CNc1cc(F)cc2cc(C(=O)Nc3ccc(C(=O)O)cc3CN(CCN)C3CCCCC3)c(=O)[nH]c12.O=C(O)C(F)(F)F,cross_target_decoy_not_inactive,623.6040000000006,4.386100000000002,O=C(Nc1ccccc1CNC1CCCCC1)c1cc2ccccc2[nH]c1=O
GyrB,Gyr,CHEMBL6166853,CCC[C@H](NC(=O)c1ccc(NC(=O)c2ccc(C#N)cc2)cc1)C(=O)Nc1ccc(C(=O)Nc2ccc(C(=O)Nc3ccc(C(=O)O)cc3)c(O)c2OC(C)C)cc1,cross_target_decoy_not_inactive,796.8370000000002,7.043380000000006,O=C(CNC(=O)c1ccc(NC(=O)c2ccccc2)cc1)Nc1ccc(C(=O)Nc2ccc(C(=O)Nc3ccccc3)cc2)cc1
GyrB,TopoIV,CHEMBL6102529,CC(C)C(=O)c1c2c(c(OCCCN3CCN(C)CC3)c3c1OC1=C(C(=O)C(C)(C)C(=O)C1(C)C)[C@@H]3C(C)C)[C@H](C(C)C)C1=C(O2)C(C)(C)C(=O)C(C)(C)C1=O,cross_target_decoy_not_inactive,773.024,7.72220000000001,O=C1CC(=O)C2=C(C1)Oc1cc3c(c(OCCCN4CCNCC4)c1C2)CC1=C(CC(=O)CC1=O)O3
GyrB,70S_ribosome,CHEMBL557931,CC[C@H]1OC(=O)[C@H](C)[C@@H](O[C@H]2C[C@@](C)(OC)[C@@H](O)[C@H](C)O2)[C@H](C)[C@@H](O[C@@H]2O[C@H](C)C[C@H](N(C)C)[C@H]2O)[C@](C)(OC)C[C@@H](C)C(=O)N[C@H](C)[C@@H](O)[C@]1(C)O,cross_target_decoy_not_inactive,762.9790000000002,1.7392000000000052,O=C1CCCC(OC2CCCCO2)CC(OC2CCCCO2)CC(=O)OCCCCN1
GyrB,70S_ribosome,CHEMBL3251868,CCCC(=O)O[C@H]1/C=C/C=C/C[C@@H](C)OC(=O)C[C@@H](O)[C@H](OC)[C@@H](O[C@@H]2O[C@H](C)[C@@H](O[C@H]3C[C@@](C)(O)[C@@H](OC(=O)CCC)[C@H](C)O3)[C@H](N(C)C)[C@H]2O)[C@@H](CC=O)C[C@H]1C,cross_target_decoy_not_inactive,842.0329999999999,3.5476000000000063,O=C1CCCC(OC2CCC(OC3CCCCO3)CO2)CCCCC=CC=CCCO1
LeuRS,LpxC,CHEMBL104043,Cc1cc(C2=NC(C(=O)NO)CO2)ccc1F,cross_target_decoy_not_inactive,238.218,0.7849199999999996,c1ccc(C2=NCCO2)cc1
LeuRS,MurA,CHEMBL86416,C=C1C(=O)O[C@@H]2/C=C(\C)CC/C=C(\C)CC[C@@H]12,cross_target_decoy_not_inactive,232.32299999999992,3.5508000000000024,C=C1C(=O)OC2C=CCCC=CCCC12
LeuRS,FabI,CHEMBL6021680,CCc1ccn(Cc2ccccc2)c(=O)c1,cross_target_decoy_not_inactive,213.28,2.4590000000000005,O=c1ccccn1Cc1ccccc1
LeuRS,FabI,CHEMBL148755,Cc1ccc(Oc2ccccc2)c(O)c1,cross_target_decoy_not_inactive,200.23700000000002,3.4929200000000016,c1ccc(Oc2ccccc2)cc1
LeuRS,DHFR,CHEMBL333976,CCN(CC)c1ccc(Sc2cccc3nc(N)nc(N)c23)cc1,cross_target_decoy_not_inactive,339.4680000000001,3.7916000000000007,c1ccc(Sc2cccc3ncncc23)cc1
LeuRS,FabI,CHEMBL3676398,CC(C)(C)OC(=O)N1CCC(COc2ccc(F)cc2)CC1,cross_target_decoy_not_inactive,309.38100000000003,3.851600000000003,c1ccc(OCC2CCNCC2)cc1
LeuRS,DHFR,CHEMBL575627,COc1ccc(OC)c([C@@H](C#Cc2c(C)nc(N)nc2N)OC)c1,cross_target_decoy_not_inactive,328.37200000000007,1.7058199999999997,C(#Cc1cncnc1)Cc1ccccc1
LeuRS,70S_ribosome,CHEMBL1631491,N[C@@H]1C[C@H](N)[C@@]2(CC[C@@H](O)[C@@H](O)CO2)[C@H](O)[C@H]1O,cross_target_decoy_not_inactive,262.306,-2.962499999999998,C1CCOC2(CC1)CCCCC2
LeuRS,DHFR,CHEMBL31055,NC(=O)COc1cccc(Cc2cnc(N)nc2N)c1,cross_target_decoy_not_inactive,273.296,0.09589999999999982,c1ccc(Cc2cncnc2)cc1
LeuRS,DHFR,CHEMBL572856,COc1cc([C@H](C#Cc2cnc(N)nc2N)OC)cc(OC)c1OC,cross_target_decoy_not_inactive,344.3710000000001,1.406,C(#Cc1cncnc1)Cc1ccccc1
LeuRS,MurA,CHEMBL5172087,O=C(O)c1csc(Nc2cccc3ncccc23)n1,cross_target_decoy_not_inactive,271.30100000000004,3.1331000000000007,c1cc(Nc2nccs2)c2cccnc2c1
LeuRS,FabI,CHEMBL3676404,Cc1nc(C2CC(C(=O)/C=C/c3cnc4c(c3)CCC(=O)N4)C2)no1,cross_target_decoy_not_inactive,338.3670000000001,2.43382,O=C1CCc2cc(C=CC(=O)C3CC(c4ncon4)C3)cnc2N1
LeuRS,FabI,CHEMBL6010575,O=C1CCc2cc(/C=C/C(=O)N3CC4C=CCC4C3)cnc2N1,cross_target_decoy_not_inactive,309.36899999999997,2.014,O=C1CCc2cc(C=CC(=O)N3CC4C=CCC4C3)cnc2N1
LeuRS,70S_ribosome,CHEMBL126,CC(=O)NC[C@H]1CN(c2ccc(N3CCOCC3)c(F)c2)C(=O)O1,cross_target_decoy_not_inactive,337.35100000000006,1.1235999999999997,O=C1OCCN1c1ccc(N2CCOCC2)cc1
LeuRS,FabI,CHEMBL5557433,Cc1ccccc1N1CC(c2nc3ccccc3n2C)CC1=O,cross_target_decoy_not_inactive,305.38100000000014,3.4022200000000016,O=C1CC(c2nc3ccccc3[nH]2)CN1c1ccccc1
LeuRS,DHFR,CHEMBL61260,COCCOc1cc(Cc2cnc(N)nc2N)cc2c1NCCC2,cross_target_decoy_not_inactive,329.40400000000017,1.6150999999999998,c1ncc(Cc2ccc3c(c2)CCCN3)cn1
LeuRS,70S_ribosome,CHEMBL3114336,NCC[C@H](O)CN[C@@H]1C[C@H](N)[C@@]2(CC[C@H](O)[C@H](O)CO2)[C@H](O)[C@H]1O,cross_target_decoy_not_inactive,349.42800000000005,-3.6218999999999952,C1CCOC2(CC1)CCCCC2
LeuRS,MurC,CHEMBL87262,Oc1c2c(nn1-c1ccc(Br)cc1)CCS2,cross_target_decoy_not_inactive,297.177,2.9886000000000017,c1ccc(-n2cc3c(n2)CCS3)cc1
LeuRS,DHFR,CHEMBL177408,Nc1ncc(Cc2ccc(Br)c3ccccc23)c(N)n1,cross_target_decoy_not_inactive,329.2010000000001,3.147500000000001,c1ccc2c(Cc3cncnc3)cccc2c1
LeuRS,DHFR,CHEMBL177819,COc1ccc(CCc2cnc(N)nc2N)cc1OC,cross_target_decoy_not_inactive,274.324,1.4434,c1ccc(CCc2cncnc2)cc1
LeuRS,Gyr,CHEMBL471145,CCOC(=O)Nc1nc2cc(/C=C/c3ccc(O)cc3)ccc2[nH]1,cross_target_decoy_not_inactive,323.35200000000003,4.007300000000002,C(=Cc1ccc2[nH]cnc2c1)c1ccccc1
LeuRS,MurC,CHEMBL315316,Oc1c2c(nn1-c1cccc(C(F)(F)F)c1)CCS2,cross_target_decoy_not_inactive,286.2779999999999,3.2449000000000012,c1ccc(-n2cc3c(n2)CCS3)cc1
LeuRS,Gyr,CHEMBL4203118,O=c1c2nccn2c2cc(F)c(-c3ccncc3)cc2n1C1CC1,cross_target_decoy_not_inactive,320.3270000000001,3.185200000000001,O=c1c2nccn2c2ccc(-c3ccncc3)cc2n1C1CC1
LeuRS,LpxC,CHEMBL4795750,CC(O)c1nccn1Cc1cc(-c2ccccc2)on1,cross_target_decoy_not_inactive,269.30400000000003,2.6397000000000004,c1ccc(-c2cc(Cn3ccnc3)no2)cc1
LeuRS,DHFR,CHEMBL118316,Nc1nc(N)c2c(Sc3ccc(Br)cc3)cccc2n1,cross_target_decoy_not_inactive,347.24100000000004,3.7079000000000013,c1ccc(Sc2cccc3ncncc23)cc1
LeuRS,LpxC,CHEMBL2377701,NC[C@H](NC(=O)c1ccc(C#Cc2ccccc2)cc1)C(=O)NO,cross_target_decoy_not_inactive,323.35200000000003,0.6488999999999999,C(#Cc1ccccc1)c1ccccc1
LeuRS,LpxC,CHEMBL3827314,O=C(NO)[C@@H]1CN(c2ccc(C#CC#CC3CC3)c(F)c2)C(=O)O1,cross_target_decoy_not_inactive,328.29900000000004,1.4211999999999996,O=C1OCCN1c1ccc(C#CC#CC2CC2)cc1
LeuRS,FabI,CHEMBL260087,O=c1cc(OCc2ccccc2)ccn1Cc1ccccc1Cl,cross_target_decoy_not_inactive,325.7950000000001,4.129000000000003,O=c1cc(OCc2ccccc2)ccn1Cc1ccccc1
LeuRS,DHFR,CHEMBL222461,COc1cc(C(C)C#Cc2c(C)nc(N)nc2N)cc(OC)c1OC,cross_target_decoy_not_inactive,342.3990000000001,2.13042,C(#Cc1cncnc1)Cc1ccccc1
LeuRS,DHFR,CHEMBL577790,COc1cc([C@H](C)C#Cc2c(C)nc(N)nc2N)ccc1-c1c(C)cccc1C,cross_target_decoy_not_inactive,386.49900000000014,4.397060000000002,C(#Cc1cncnc1)Cc1ccc(-c2ccccc2)cc1
LeuRS,LpxC,CHEMBL1956104,C[C@@](CCc1ccc(-c2ccccc2F)cc1)(C(=O)NO)S(C)(=O)=O,cross_target_decoy_not_inactive,365.42600000000004,2.734,c1ccc(-c2ccccc2)cc1
LeuRS,LpxC,CHEMBL3647237,CC(CCc1ccc(OCc2ccc(F)cc2F)cc1)(C(=O)NO)S(C)(=O)=O,cross_target_decoy_not_inactive,413.44200000000006,2.785100000000001,c1ccc(COc2ccccc2)cc1
LeuRS,GyrB,CHEMBL578991,CCNC(=O)Nc1cn2c(-c3nc(C)cc(C(F)(F)F)n3)cc(-c3cccnc3)cc2n1,cross_target_decoy_not_inactive,441.4170000000001,4.321920000000002,c1cnc(-c2cc(-c3cccnc3)cc3nccn23)nc1
LeuRS,70S_ribosome,CHEMBL3114326,N[C@@H]1C[C@H](N)[C@@]2(CC[C@@H](CNC(=O)[C@@H](N)Cc3c[nH]c4ccccc34)O2)[C@H](O)[C@H]1O,cross_target_decoy_not_inactive,417.51000000000005,-1.148199999999996,O=C(CCc1c[nH]c2ccccc12)NCC1CCC2(CCCCC2)O1
LeuRS,LpxH,CHEMBL3672245,CCN(CC)C(C)c1ccc(-c2c(O)ccc3[nH]c(=O)c4sccc4c23)cc1F,cross_target_decoy_not_inactive,410.5140000000001,5.657300000000005,O=c1[nH]c2cccc(-c3ccccc3)c2c2ccsc12
LeuRS,Gyr,CHEMBL6078424,Cc1[nH]c(C(=O)Nc2ccc(-c3noc(=O)[nH]3)cc2N2CCCC2)c(Cl)c1Cl,cross_target_decoy_not_inactive,422.2720000000003,3.8257200000000022,O=C(Nc1ccc(-c2noc(=O)[nH]2)cc1N1CCCC1)c1ccc[nH]1
LeuRS,DHFR,CHEMBL573407,COc1ccc(-c2cc(OC)cc([C@@H](C)C#Cc3c(C)nc(N)nc3N)c2)cc1,cross_target_decoy_not_inactive,388.4710000000001,3.788820000000001,C(#Cc1cncnc1)Cc1cccc(-c2ccccc2)c1
LeuRS,FabI,CHEMBL570866,Cc1c(CN(C)C(=O)/C=C/c2cnc3c(c2)CNC(=O)CN3)oc2ccccc12,cross_target_decoy_not_inactive,390.4430000000001,2.8497200000000014,O=C(C=Cc1cnc2c(c1)CNC(=O)CN2)NCc1cc2ccccc2o1
LeuRS,LpxH,CHEMBL3672299,COc1ccc2[nH]c(=O)c3sccc3c2c1-c1ccc(C(C)CN)c(F)c1,cross_target_decoy_not_inactive,382.46000000000015,4.6197000000000035,O=c1[nH]c2cccc(-c3ccccc3)c2c2ccsc12
LeuRS,PBP2a,CHEMBL4783510,Cn1nc(-c2ccc(OC[C@H]3CC[C@H](N)CC3)c(F)c2)c2cnc(N)nc21,cross_target_decoy_not_inactive,370.432,2.6479,c1ncc2c(-c3ccc(OCC4CCCCC4)cc3)n[nH]c2n1
LeuRS,LpxH,CHEMBL3672356,Cc1cc(O)c(-c2ccc(C3CCCNC3)cc2)c2c1[nH]c(=O)c1sccc12,cross_target_decoy_not_inactive,390.50800000000004,4.890820000000002,O=c1[nH]c2cccc(-c3ccc(C4CCCNC4)cc3)c2c2ccsc12
LeuRS,DHFR,CHEMBL2335419,CCc1nc(N)nc(N)c1C#CC(C)c1cc(OC)cc(-c2ccncc2)c1,cross_target_decoy_not_inactive,373.4600000000001,3.4292000000000025,C(#Cc1cncnc1)Cc1cccc(-c2ccncc2)c1
LeuRS,GyrB,CHEMBL1923432,Cc1[nH]c(C(=O)NC2CCN(c3cc(C(=O)O)cc(Cl)n3)CC2)c(Cl)c1Cl,cross_target_decoy_not_inactive,431.7070000000001,3.7753200000000025,O=C(NC1CCN(c2ccccn2)CC1)c1ccc[nH]1
LeuRS,LpxC,CHEMBL3103561,O=C(CO[C@H](CO)c1ccc(C#Cc2ccc(CN3CCOCC3)cc2)cc1)NO,cross_target_decoy_not_inactive,410.47000000000014,1.474,C(#Cc1ccc(CN2CCOCC2)cc1)c1ccccc1
LeuRS,LpxH,CHEMBL3672309,CC(CCl)NS(=O)(=O)c1ccc(-c2c(O)ccc3[nH]c(=O)c4sccc4c23)cc1,cross_target_decoy_not_inactive,448.95300000000015,4.021000000000002,O=c1[nH]c2cccc(-c3ccccc3)c2c2ccsc12
LeuRS,FabI,CHEMBL5851989,COc1ccccc1CC1=CCN(C(=O)/C=C/c2cnc3c(c2)CCC(=O)N3)CC1,cross_target_decoy_not_inactive,403.48200000000026,3.3895000000000017,O=C1CCc2cc(C=CC(=O)N3CC=C(Cc4ccccc4)CC3)cnc2N1
LeuRS,FabH,CHEMBL4100896,COc1cc(/C=N/NC(=O)c2ccc3c(c2)OCCCO3)cc(OC)c1OC,cross_target_decoy_not_inactive,386.4040000000002,2.637600000000001,O=C(NN=Cc1ccccc1)c1ccc2c(c1)OCCCO2
LeuRS,LpxH,CHEMBL3672381,Cc1cc(O)c(-c2ccc([C@@H](C)CN)cc2)c2c1[nH]c(=O)c1sc(F)cc12,cross_target_decoy_not_inactive,382.4600000000001,4.625120000000003,O=c1[nH]c2cccc(-c3ccccc3)c2c2ccsc12
LeuRS,Gyr,CHEMBL3329300,CCNC(=O)Nc1cc(-c2cccnc2)c(C(=O)Nc2cccc(Cl)c2)cn1,cross_target_decoy_not_inactive,395.8500000000001,4.190700000000002,O=C(Nc1ccccc1)c1cnccc1-c1cccnc1
LeuRS,FabH,CHEMBL370931,O=C(Nc1cccc(O)c1C(=O)O)c1ccc(-c2ccccc2)c(Oc2ccccc2)c1,cross_target_decoy_not_inactive,425.44000000000005,5.802000000000002,O=C(Nc1ccccc1)c1ccc(-c2ccccc2)c(Oc2ccccc2)c1
LeuRS,FabI,CHEMBL3322706,O=C1CCc2cc(/C=C/C(=O)N3CC(COc4ccccc4)C3)cnc2N1,cross_target_decoy_not_inactive,363.41700000000003,2.5169000000000006,O=C1CCc2cc(C=CC(=O)N3CC(COc4ccccc4)C3)cnc2N1
LeuRS,FabI,CHEMBL261348,O=c1cc(OCc2ccc3ccccc3c2)ccn1Cc1ccccc1Cl,cross_target_decoy_not_inactive,375.85500000000013,5.282200000000003,O=c1cc(OCc2ccc3ccccc3c2)ccn1Cc1ccccc1
LeuRS,TopoIV,CHEMBL579300,O=c1cc(NC2CCN(CCCc3ccccc3)CC2)c2cc(Cl)ccc2o1,cross_target_decoy_not_inactive,396.9180000000002,4.955500000000005,O=c1cc(NC2CCN(CCCc3ccccc3)CC2)c2ccccc2o1
LeuRS,Gyr,CHEMBL6078282,Cc1[nH]c(C(=O)Nc2ccc(-c3nnn[nH]3)cc2N2CCCC(CNC(=O)OC(C)(C)C)C2)c(Cl)c1Cl,cross_target_decoy_not_inactive,549.4630000000003,4.8034200000000045,O=C(Nc1ccc(-c2nnn[nH]2)cc1N1CCCCC1)c1ccc[nH]1
LeuRS,TopoIV,CHEMBL5200272,O=c1ccc2ncc(F)c3c2n1CC3C[C@H]1OC[C@H](NCc2ccc3c(c2)OCCO3)CO1,cross_target_decoy_not_inactive,453.4700000000003,2.3254,O=c1ccc2nccc3c2n1CC3CC1OCC(NCc2ccc3c(c2)OCCO3)CO1
LeuRS,MurC,CHEMBL431263,CN(C)CCCNc1ccc(S(=O)(=O)N2CCOCC2)cc1C(=O)Nc1sc2c(c1C#N)CCC2,cross_target_decoy_not_inactive,517.6770000000004,2.745280000000002,O=C(Nc1cc2c(s1)CCC2)c1cccc(S(=O)(=O)N2CCOCC2)c1
LeuRS,Gyr,CHEMBL5595243,Cc1[nH]c(C(=O)/N=c2\sc3cc(NC(=O)C(=O)O)ccc3n2Cc2cccc(C(=O)O)c2)c(Cl)c1Cl,cross_target_decoy_not_inactive,547.3760000000003,4.1568200000000015,O=C(N=c1sc2ccccc2n1Cc1ccccc1)c1ccc[nH]1
LeuRS,Gyr,CHEMBL5182200,COc1ccc2ccc(=O)n(CCN[C@H]3CC[C@H]4[C@H](C3)OC(=O)N4c3ccc4c(n3)NC(=O)CS4)c2n1,cross_target_decoy_not_inactive,522.5870000000002,2.3804,O=C1CSc2ccc(N3C(=O)OC4CC(NCCn5c(=O)ccc6cccnc65)CCC43)nc2N1
LeuRS,MurC,CHEMBL5077920,Cn1c(NC(=O)Nc2ccc(C(=O)O)cc2)cc(=O)n(Cc2ccc(Cl)c(Cl)c2)c1=O,cross_target_decoy_not_inactive,463.2770000000002,3.244300000000001,O=C(Nc1ccccc1)Nc1cc(=O)n(Cc2ccccc2)c(=O)[nH]1
LeuRS,TopoIV,CHEMBL2158050,COc1ccc2ncc(F)c([C@@H](O)CC[C@@H]3CCN(CCSc4cccs4)C[C@@H]3C(=O)O)c2c1,cross_target_decoy_not_inactive,504.6490000000002,5.072600000000004,c1csc(SCCN2CCC(CCCc3ccnc4ccccc34)CC2)c1
LeuRS,Gyr,CHEMBL5284544,Cc1[nH]c(C(=O)N[C@H]2CCc3nc(NCc4cc(=O)c(O)co4)sc3C2)c(Cl)c1Cl,cross_target_decoy_not_inactive,469.35000000000025,3.6446200000000024,O=C(NC1CCc2nc(NCc3cc(=O)cco3)sc2C1)c1ccc[nH]1
LeuRS,MurA,CHEMBL370034,O=C(CCCC1C(=O)N(c2ccc(Cl)cc2)N(c2ccc(Cl)cc2)C1=O)c1ccc(F)cc1,cross_target_decoy_not_inactive,485.3420000000002,6.096700000000005,O=C(CCCC1C(=O)N(c2ccccc2)N(c2ccccc2)C1=O)c1ccccc1
LeuRS,FtsZ,CHEMBL1926720,CCOC(=O)Nc1cc(NCCN(CC)CC)c2nc(-c3ccco3)c(-c3ccco3)nc2n1,cross_target_decoy_not_inactive,464.5260000000001,4.866900000000004,c1coc(-c2nc3cccnc3nc2-c2ccco2)c1
LeuRS,Gyr,CHEMBL3658958,C[C@@H]1CN2c3c(cc4c(-c5cncnc5)noc4c3Cl)CC3(C(=O)NC(=O)NC3=O)[C@H]2[C@H](C)O1,cross_target_decoy_not_inactive,482.88400000000024,1.8289,O=C1NC(=O)C2(Cc3cc4c(-c5cncnc5)noc4cc3N3CCOCC32)C(=O)N1
LeuRS,FtsZ,CHEMBL1926725,CCN(CC)CCCC(C)Nc1cc(N)nc2nc(-c3cccs3)c(-c3cccs3)nc12,cross_target_decoy_not_inactive,466.6800000000002,5.986400000000005,c1csc(-c2nc3cccnc3nc2-c2cccs2)c1
LeuRS,Gyr,CHEMBL4448131,O=C1COc2ccc(N3C[C@H](CCCN[C@@H]4Cn5c(=O)ccc6ccc(F)c4c65)OC3=O)nc2N1,cross_target_decoy_not_inactive,479.4680000000002,2.3163999999999993,O=C1COc2ccc(N3CC(CCCNC4Cn5c(=O)ccc6cccc4c65)OC3=O)nc2N1
LeuRS,Gyr,CHEMBL6145638,CC(C)C(=O)c1c2c(c(OCCCCCCO)c3c1OC1=C(C(=O)C(C)(C)C(=O)C1(C)C)[C@@H]3C(C)C)[C@H](C(C)C)C1=C(O2)C(C)(C)C(=O)C(C)(C)C1=O,cross_target_decoy_not_inactive,732.955,8.637400000000005,O=C1CC(=O)C2=C(C1)Oc1cc3c(cc1C2)CC1=C(CC(=O)CC1=O)O3
LeuRS,D-Ala-D-Ala,CHEMBL5173242,CC[C@H](C)[C@@H](CCC(=O)NC)NC(=O)[C@H](Cc1c[nH]c2ccc(F)cc12)NC(=O)[C@H](CCC(C)C)NCc1cnn(C)c1-c1ccc(OC)cc1,cross_target_decoy_not_inactive,703.9039999999999,5.395100000000005,O=C(CNCc1cn[nH]c1-c1ccccc1)NCCc1c[nH]c2ccccc12
LpxA,MurC,CHEMBL6161635,Nc1[nH]c(=O)[nH]c(=O)c1NC(=O)Nc1ccc(C(=O)N[C@@H](CCC(=O)O)C(=O)O)cc1,cross_target_decoy_not_inactive,434.3650000000002,-0.6628000000000005,O=C(Nc1ccccc1)Nc1c[nH]c(=O)[nH]c1=O
LpxC,MurA,CHEMBL136356,C=C1C(=O)O[C@@H]2C[C@@]3(C)CCC[C@H](C)C3=C[C@H]12,cross_target_decoy_not_inactive,232.32299999999995,3.2406000000000024,C=C1C(=O)OC2CC3CCCCC3=CC12
LpxC,DHFR,CHEMBL369237,COc1ccc(CNc2cnc(N)nc2N)cc1,cross_target_decoy_not_inactive,245.286,1.2616999999999996,c1ccc(CNc2cncnc2)cc1
LpxC,MurA,CHEMBL4298697,C=C1C(=O)O[C@@H]2C3O[C@]3(C)CC/C=C(\C)CC[C@@H]12,cross_target_decoy_not_inactive,248.32199999999992,2.7620000000000013,C=C1C(=O)OC2C1CCC=CCCC1OC12
LpxC,LeuRS,CHEMBL378506,OB1OCc2ccccc21,cross_target_decoy_not_inactive,133.94299999999998,-0.09570000000000012,B1OCc2ccccc21
LpxC,DHPS,CHEMBL56190,CNc1nc(N)[nH]c(=O)c1[N+](=O)[O-],cross_target_decoy_not_inactive,185.143,-0.6980000000000002,O=c1ccnc[nH]1
LpxC,DHFR,CHEMBL353929,Cc1cc2c3c(N)nc(N)nc3ccc2n1C,cross_target_decoy_not_inactive,227.27100000000002,1.5943199999999997,c1ncc2c(ccc3[nH]ccc32)n1
LpxC,DHFR,CHEMBL369501,Nc1ncc(NCc2ccccc2Cl)c(N)n1,cross_target_decoy_not_inactive,249.705,1.9064999999999999,c1ccc(CNc2cncnc2)cc1
LpxC,DHPS,CHEMBL55866,CNc1nc(N)nc(O)c1N=O,cross_target_decoy_not_inactive,169.144,0.20399999999999985,c1cncnc1
LpxC,LeuRS,CHEMBL4102148,CCOc1ccc(F)c2c1B(O)O[C@@H]2CN,cross_target_decoy_not_inactive,225.028,-0.05809999999999993,B1OCc2ccccc21
LpxC,DHFR,CHEMBL174753,Nc1ncc(NCc2cccc(Cl)c2)c(N)n1,cross_target_decoy_not_inactive,249.705,1.9065,c1ccc(CNc2cncnc2)cc1
LpxC,GyrB,CHEMBL3235075,CCNC(=O)Nc1ccc(-c2ncc(C(=O)O)s2)cn1,cross_target_decoy_not_inactive,292.32,2.0447,c1cncc(-c2nccs2)c1
LpxC,LpxH,CHEMBL3667241,NCc1ccc(-c2c(O)ccc3[nH]c(=O)c4sccc4c23)s1,cross_target_decoy_not_inactive,328.41800000000006,3.635600000000001,O=c1[nH]c2cccc(-c3cccs3)c2c2ccsc12
LpxC,Gyr,CHEMBL471145,CCOC(=O)Nc1nc2cc(/C=C/c3ccc(O)cc3)ccc2[nH]1,cross_target_decoy_not_inactive,323.35200000000003,4.007300000000002,C(=Cc1ccc2[nH]cnc2c1)c1ccccc1
LpxC,RpoB,CHEMBL426227,O=C(O)c1ccc2c(c1)nc(-c1ncc[nH]1)n2C1CCCCC1,cross_target_decoy_not_inactive,310.35700000000014,3.629800000000002,c1ccc2c(c1)nc(-c1ncc[nH]1)n2C1CCCCC1
LpxC,LpxH,CHEMBL5087398,COC(=O)c1cccc(-c2cnc3[nH]cc(-c4cccnc4)c3c2)c1,cross_target_decoy_not_inactive,329.35900000000004,4.078500000000002,c1ccc(-c2cnc3[nH]cc(-c4cccnc4)c3c2)cc1
LpxC,70S_ribosome,CHEMBL3248506,CCCSCC(CO)NC(=O)/C=C/c1c(C)[nH]c(=O)[nH]c1=O,cross_target_decoy_not_inactive,327.40600000000006,0.005119999999999902,O=c1cc[nH]c(=O)[nH]1
LpxC,GyrB,CHEMBL3344011,O=C(O)CCCC(=O)Nc1ccc(-c2nc3cc(F)ccc3[nH]2)cc1,cross_target_decoy_not_inactive,341.34200000000004,3.562400000000001,c1ccc(-c2nc3ccccc3[nH]2)cc1
LpxC,FabI,CHEMBL3676404,Cc1nc(C2CC(C(=O)/C=C/c3cnc4c(c3)CCC(=O)N4)C2)no1,cross_target_decoy_not_inactive,338.3670000000001,2.43382,O=C1CCc2cc(C=CC(=O)C3CC(c4ncon4)C3)cnc2N1
LpxC,FabI,CHEMBL3360252,CCCCCCc1ccc(Oc2ccccc2C#N)c(O)c1,cross_target_decoy_not_inactive,295.382,5.1789800000000055,c1ccc(Oc2ccccc2)cc1
LpxC,D-Ala-D-Ala,CHEMBL50,O=c1c(O)c(-c2ccc(O)c(O)c2)oc2cc(O)cc(O)c12,cross_target_decoy_not_inactive,302.23800000000006,1.988,O=c1cc(-c2ccccc2)oc2ccccc12
LpxC,D-Ala-D-Ala,CHEMBL4445254,O=C(NNC(=S)Nc1cccc(Cl)c1)c1ccccc1O,cross_target_decoy_not_inactive,321.78900000000004,2.677000000000001,O=C(NNC(=S)Nc1ccccc1)c1ccccc1
LpxC,RpoB,CHEMBL368168,Cn1cccc1-c1nc2cc(C(=O)O)ccc2n1C1CCCCC1,cross_target_decoy_not_inactive,323.39600000000024,4.245200000000003,c1c[nH]c(-c2nc3ccccc3n2C2CCCCC2)c1
LpxC,FtsZ,CHEMBL2180486,CC(C)(C)c1ccc(-c2cccc(CNC(=N)N)c2)cc1,cross_target_decoy_not_inactive,281.403,3.63417,c1ccc(-c2ccccc2)cc1
LpxC,DHFR,CHEMBL120783,N#Cc1ccc(Sc2cccc3nc(N)nc(N)c23)cc1,cross_target_decoy_not_inactive,293.355,2.81708,c1ccc(Sc2cccc3ncncc23)cc1
LpxC,DHFR,CHEMBL301628,COc1cc(Cc2cnc(N)nc2N)cc2c1NCCC2,cross_target_decoy_not_inactive,285.3510000000001,1.5984999999999994,c1ncc(Cc2ccc3c(c2)CCCN3)cn1
LpxC,DHFR,CHEMBL58917,Nc1ncc(Cc2ccc3c(c2)CCCN3)c(N)n1,cross_target_decoy_not_inactive,255.32499999999996,1.5898999999999999,c1ncc(Cc2ccc3c(c2)CCCN3)cn1
LpxC,FabI,CHEMBL65914,COc1ccc(-c2cn(Cc3ccc(C)cc3)cn2)cc1,cross_target_decoy_not_inactive,278.355,3.915420000000003,c1ccc(Cn2cnc(-c3ccccc3)c2)cc1
LpxC,DHPS,CHEMBL159048,Nc1nc(O)c(N=O)c(NCCCOc2ccc([N+](=O)[O-])cc2)n1,cross_target_decoy_not_inactive,334.292,1.9514999999999996,c1ccc(OCCCNc2ccncn2)cc1
LpxC,LpxH,CHEMBL3667202,O=c1[nH]c2ccc(O)c(-c3ccc4cn[nH]c4c3)c2c2ccsc12,cross_target_decoy_not_inactive,333.37200000000007,3.9917000000000007,O=c1[nH]c2cccc(-c3ccc4cn[nH]c4c3)c2c2ccsc12
LpxC,GyrB,CHEMBL3809203,O=c1ccc2c(-c3cnc(-c4cccnc4)s3)n[nH]c2n1CCO,cross_target_decoy_not_inactive,339.3800000000001,1.9023999999999996,O=c1ccc2c(-c3cnc(-c4cccnc4)s3)n[nH]c2[nH]1
LpxC,DHFR,CHEMBL220936,COc1cc(C(C#Cc2cnc(N)nc2N)OC)cc(OC)c1OC,cross_target_decoy_not_inactive,344.3710000000001,1.406,C(#Cc1cncnc1)Cc1ccccc1
LpxC,70S_ribosome,CHEMBL5434382,CCN1CCN(Cc2csc(-c3ccccc3)n2)CC1,cross_target_decoy_not_inactive,287.4320000000001,2.9476000000000013,c1ccc(-c2nc(CN3CCNCC3)cs2)cc1
LpxC,FabI,CHEMBL3623406,O=c1cc(/C=C/c2ccoc2)occ1Oc1ccc(Cl)cc1Cl,cross_target_decoy_not_inactive,349.169,5.502300000000003,O=c1cc(C=Cc2ccoc2)occ1Oc1ccccc1
LpxC,MurC,CHEMBL420601,NC(=O)c1cccc(-n2nc3c(c2O)SCC3)c1,cross_target_decoy_not_inactive,261.3059999999999,1.3249999999999997,c1ccc(-n2cc3c(n2)CCS3)cc1
LpxC,DHFR,CHEMBL170654,CCn1c(C(C)C)cc2c3c(N)nc(N)nc3ccc21,cross_target_decoy_not_inactive,269.352,2.8922,c1ncc2c(ccc3[nH]ccc32)n1
LpxC,LpxH,CHEMBL3672367,Cc1cc(O)c(-c2ccc([C@@H](C)CN)c(F)c2)c2c1[nH]c(=O)c1sccc12,cross_target_decoy_not_inactive,382.46000000000004,4.625120000000002,O=c1[nH]c2cccc(-c3ccccc3)c2c2ccsc12
LpxC,LpxH,CHEMBL3672304,Cc1cc(O)c(-c2ccc(C(C)CN)c(F)c2)c2c1[nH]c(=O)c1sccc12,cross_target_decoy_not_inactive,382.46000000000004,4.625120000000002,O=c1[nH]c2cccc(-c3ccccc3)c2c2ccsc12
LpxC,Gyr,CHEMBL3329298,CCNC(=O)Nc1cc(-c2cccnc2)c(C(=O)Nc2nccs2)cn1,cross_target_decoy_not_inactive,368.422,2.993800000000001,O=C(Nc1nccs1)c1cnccc1-c1cccnc1
LpxC,DHFR,CHEMBL3234320,CCc1nc(N)nc(N)c1C#CC(C)c1ccc(-c2ccc(F)cc2)cc1OC,cross_target_decoy_not_inactive,390.4620000000001,4.173300000000003,C(#Cc1cncnc1)Cc1ccc(-c2ccccc2)cc1
LpxC,FtsZ,CHEMBL3425612,CN(C)CCNc1nc(/C=C/c2ccc(Cl)cc2)nc2ccc(-c3ccncc3)cc12,cross_target_decoy_not_inactive,429.95500000000015,5.489100000000005,C(=Cc1ncc2cc(-c3ccncc3)ccc2n1)c1ccccc1
LpxC,Gyr,CHEMBL4449908,CCNC(=O)Nc1cc(-n2cc(Br)cn2)c(C(=O)Nc2cccnc2)cn1,cross_target_decoy_not_inactive,430.2660000000001,2.818500000000001,O=C(Nc1cccnc1)c1cnccc1-n1cccn1
LpxC,Gyr,CHEMBL4436644,CCNC(=O)Nc1cc(N2CCCC2)c(C(=O)Nc2cccnc2)cn1,cross_target_decoy_not_inactive,354.414,2.4705000000000004,O=C(Nc1cccnc1)c1cnccc1N1CCCC1
LpxC,LpxH,CHEMBL3672324,COc1ccc2[nH]c(=O)c3sccc3c2c1-c1ccc(C(CN)C2CCCC2)cc1,cross_target_decoy_not_inactive,418.5620000000003,5.650900000000005,O=c1[nH]c2cccc(-c3ccc(CC4CCCC4)cc3)c2c2ccsc12
LpxC,MurC,CHEMBL4547499,O=C(O)c1ccc(C(=O)N2CCc3nc4n(c(=O)c3C2)CCCC4)cc1,cross_target_decoy_not_inactive,353.37800000000016,1.4762999999999997,O=C(c1ccccc1)N1CCc2nc3n(c(=O)c2C1)CCCC3
LpxC,FabI,CHEMBL5907320,O=C1CCc2cc(/C=C/C(=O)N3C[C@@H]4CN(c5cccnc5)C[C@@H]4C3)cnc2N1,cross_target_decoy_not_inactive,389.45900000000006,1.9693,O=C1CCc2cc(C=CC(=O)N3CC4CN(c5cccnc5)CC4C3)cnc2N1
LpxC,MurC,CHEMBL329363,CCN(CC)S(=O)(=O)c1ccc(Cl)c(C(=O)Nc2sc3c(c2C#N)CCC3)c1,cross_target_decoy_not_inactive,437.9740000000003,4.044680000000003,O=C(Nc1cc2c(s1)CCC2)c1ccccc1
LpxC,LpxH,CHEMBL3672341,Cc1cc(O)c(-c2ccc(C(CN)C(C)C)cc2)c2c1[nH]c(=O)c1sccc12,cross_target_decoy_not_inactive,392.52400000000006,5.122120000000003,O=c1[nH]c2cccc(-c3ccccc3)c2c2ccsc12
LpxC,Gyr,CHEMBL5424981,O=C1COc2ccc(N3CC(CCCNC4CCc5c(Cl)cccc54)OC3=O)nc2N1,cross_target_decoy_not_inactive,442.90300000000013,3.4484000000000012,O=C1COc2ccc(N3CC(CCCNC4CCc5ccccc54)OC3=O)nc2N1
LpxC,LpxH,CHEMBL3667263,CN(C)CCc1ccc(-c2c(O)ccc3[nH]c(=O)c4sccc4c23)cc1F,cross_target_decoy_not_inactive,382.4600000000001,4.358600000000003,O=c1[nH]c2cccc(-c3ccccc3)c2c2ccsc12
LpxC,GyrB,CHEMBL4286625,CCNC(=O)Nc1cc(-c2nc(C(F)(F)F)cs2)c(-c2cnc3cccnc3c2)cn1,cross_target_decoy_not_inactive,444.44200000000006,4.975500000000004,c1cnc2cc(-c3cnccc3-c3nccs3)cnc2c1
LpxC,DHFR,CHEMBL575394,COc1cc(-c2c(C(C)C)cccc2C(C)C)cc([C@H](C)C#Cc2c(C)nc(N)nc2N)c1,cross_target_decoy_not_inactive,442.60700000000026,6.027020000000005,C(#Cc1cncnc1)Cc1cccc(-c2ccccc2)c1
LpxC,MurC,CHEMBL6149895,Cc1cc(C(=O)N[C@@H](CCC(=O)O)C(=O)O)ccc1NC(=O)Nc1c(N)nc(N)[nH]c1=O,cross_target_decoy_not_inactive,447.4080000000002,-0.06547999999999848,O=C(Nc1ccccc1)Nc1cnc[nH]c1=O
LpxC,MurC,CHEMBL200097,Cc1ccccc1-c1ccc(/C=C2\OC(O)=C(c3cc(Cl)cc(Cl)c3)C2=O)cc1C,cross_target_decoy_not_inactive,437.3220000000002,7.144240000000005,O=C1C(=Cc2ccc(-c3ccccc3)cc2)OC=C1c1ccccc1
LpxC,LpxH,CHEMBL3672312,NCCc1ccc(-c2c(O)cc(Br)c3[nH]c(=O)c4sccc4c23)cc1F,cross_target_decoy_not_inactive,433.3020000000001,4.518200000000001,O=c1[nH]c2cccc(-c3ccccc3)c2c2ccsc12
LpxC,70S_ribosome,CHEMBL3112607,N[C@@H](Cc1ccc(O)cc1)C(=O)N[C@@H]1C[C@H](N)[C@@]2(CC[C@H](O)[C@H](O)CO2)[C@H](O)[C@H]1O,cross_target_decoy_not_inactive,425.48200000000014,-2.529399999999996,O=C(CCc1ccccc1)NC1CCC2(CCCCCO2)CC1
LpxC,DHFR,CHEMBL574559,COc1cc(-c2ccccc2)cc(C(O)C#Cc2c(C)nc(N)nc2N)c1,cross_target_decoy_not_inactive,360.4170000000001,2.71012,C(#Cc1cncnc1)Cc1cccc(-c2ccccc2)c1
LpxC,Gyr,CHEMBL4755085,CCOC(=O)C(=O)Nc1ccc2nc(NC(=O)c3[nH]c(C)c(Cl)c3Cl)sc2c1,cross_target_decoy_not_inactive,441.2960000000001,3.993520000000002,O=C(Nc1nc2ccccc2s1)c1ccc[nH]1
LpxC,D-Ala-D-Ala,CHEMBL4537639,CCOC(=O)c1cc(Br)c2nc(-c3cccc(CN)c3)oc2c1,cross_target_decoy_not_inactive,375.2220000000001,3.8927000000000023,c1ccc(-c2nc3ccccc3o2)cc1
LpxC,FabI,CHEMBL6015805,COc1ccccc1N1C[C@H]2CN(C(=O)/C=C/c3cnc4c(c3)CCC(=O)N4)C[C@H]2C1,cross_target_decoy_not_inactive,418.49700000000024,2.5829000000000004,O=C1CCc2cc(C=CC(=O)N3CC4CN(c5ccccc5)CC4C3)cnc2N1
LpxC,LpxH,CHEMBL3672379,COc1cc(C)c2[nH]c(=O)c3sc(F)cc3c2c1-c1ccc([C@@H](C)CN)cc1,cross_target_decoy_not_inactive,396.48700000000014,4.928120000000004,O=c1[nH]c2cccc(-c3ccccc3)c2c2ccsc12
LpxC,Gyr,CHEMBL3659028,[C-]#[N+]c1ccc(-c2noc3c(Cl)c4c(nc23)CC2(C(=O)NC(=O)NC2=O)[C@H]2[C@H](C)O[C@H](C)CN42)cc1F,cross_target_decoy_not_inactive,524.8960000000003,3.1237900000000023,O=C1NC(=O)C2(Cc3nc4c(-c5ccccc5)noc4cc3N3CCOCC32)C(=O)N1
LpxC,Gyr,CHEMBL4752072,Cc1[nH]c(C(=O)Nc2ccc(C(=O)N[C@@H](C)C(=O)O)cc2OC2CCNCC2)c(Cl)c1Cl.Cl,cross_target_decoy_not_inactive,519.8130000000003,3.637720000000002,O=C(Nc1ccccc1OC1CCNCC1)c1ccc[nH]1
LpxC,TopoIV,CHEMBL5084570,Cc1cc(NS(=O)(=O)c2ccc(/N=N/N3CCN(c4cc5c(cc4F)c(=O)c(C(=O)O)cn5C4CC4)CC3)cc2)no1,cross_target_decoy_not_inactive,595.6130000000002,4.091820000000003,O=c1ccn(C2CC2)c2cc(N3CCN(N=Nc4ccc(S(=O)(=O)Nc5ccon5)cc4)CC3)ccc12
LpxC,MurA,CHEMBL195201,N#CC1(c2ccc(CC3C(=O)N(c4ccc(Cl)cc4)N(c4ccc(Cl)cc4)C3=O)cc2)C=CC=CC1,cross_target_decoy_not_inactive,514.4120000000001,6.424580000000004,O=C1C(Cc2ccc(C3C=CC=CC3)cc2)C(=O)N(c2ccccc2)N1c1ccccc1
LpxC,RpoB,CHEMBL353549,O=C(N[C@@H](Cc1c[nH]c2ccccc12)C(=O)O)c1ccc2c(c1)nc(-c1ccoc1)n2C1CCCCC1,cross_target_decoy_not_inactive,496.5670000000004,5.708500000000004,O=C(NCCc1c[nH]c2ccccc12)c1ccc2c(c1)nc(-c1ccoc1)n2C1CCCCC1
LpxC,MurC,CHEMBL5094059,Cn1c(Nc2ccc(C(=O)N[C@@H](CC(=O)O)C(=O)O)cc2)nc2c1c(=O)n(Cc1ccccc1)c(=O)n2C,cross_target_decoy_not_inactive,520.5020000000002,0.8832999999999991,O=c1[nH]c2nc(Nc3ccccc3)[nH]c2c(=O)n1Cc1ccccc1
LpxC,Gyr,CHEMBL6078012,Cc1[nH]c(C(=O)Nc2ccc(-n3nn[nH]c3=O)cc2N2CC[C@H](N)C2)c(Cl)c1Cl.Cl,cross_target_decoy_not_inactive,473.75200000000024,2.11042,O=C(Nc1ccc(-n2nn[nH]c2=O)cc1N1CCCC1)c1ccc[nH]1
LpxC,GyrB,CHEMBL3235092,CCNC(=O)Nc1cc(-c2nc(C(F)(F)F)cs2)c(-c2cncc(-c3c(C)noc3C)c2)cn1,cross_target_decoy_not_inactive,488.4950000000002,5.699140000000004,c1cc(-c2nccs2)c(-c2cncc(-c3cnoc3)c2)cn1
LpxC,MurA,CHEMBL5220418,CCOC(=O)C1=C(O)C(=O)N(c2nc3ccc(Cl)cc3s2)C1c1ccc(-c2ccccc2)cc1,cross_target_decoy_not_inactive,490.9680000000002,6.079800000000005,O=C1C=CC(c2ccc(-c3ccccc3)cc2)N1c1nc2ccccc2s1
LpxC,Gyr,CHEMBL2382287,COc1ccc2nccc([C@@H](O)CC[C@@H]3CCN(C4CC(c5ccccc5)C4)C[C@@H]3C(=O)O)c2c1,cross_target_decoy_not_inactive,474.6010000000002,5.0259000000000045,c1ccc(C2CC(N3CCC(CCCc4ccnc5ccccc45)CC3)C2)cc1
LpxC,LpxH,CHEMBL3667212,CCN(CC)CCNCCCOc1ccc(-c2c(OC)ccc3[nH]c(=O)c4sccc4c23)cc1,cross_target_decoy_not_inactive,479.6460000000002,5.118700000000004,O=c1[nH]c2cccc(-c3ccccc3)c2c2ccsc12
LpxC,FtsZ,CHEMBL3425705,CN(C)CCNc1nc(/C=C/c2ccc(I)cc2)nc2cc3ccccc3cc12,cross_target_decoy_not_inactive,494.38000000000017,5.531500000000005,C(=Cc1ncc2cc3ccccc3cc2n1)c1ccccc1
LpxC,Gyr,CHEMBL5595890,Cc1[nH]c(C(=O)N(CCc2ccccc2)c2nc3ccc(NC(=O)C(=O)O)cc3s2)c(Cl)c1Cl,cross_target_decoy_not_inactive,517.3940000000002,5.152220000000003,O=C(c1ccc[nH]1)N(CCc1ccccc1)c1nc2ccccc2s1
LpxC,GyrB,CHEMBL3973476,O=C(O)CCC(=O)Nc1nc2ccc(NC(=O)c3cc(Br)c(Br)[nH]3)cc2s1,cross_target_decoy_not_inactive,516.171,4.205000000000001,O=C(Nc1ccc2ncsc2c1)c1ccc[nH]1
LpxC,Gyr,CHEMBL4741604,CNCCc1c(C(=O)Nc2ccc(C(=O)O)cc2)c(=O)[nH]c2c(NC)cc(F)cc12.O=C(O)C(F)(F)F,cross_target_decoy_not_inactive,526.4430000000002,3.0546000000000006,O=C(Nc1ccccc1)c1cc2ccccc2[nH]c1=O
LpxC,TopoIV,CHEMBL5195074,O=c1ccc2ccc(F)c3c2n1CC3C[C@H]1OC[C@H](NCc2cc3c(cn2)OCCC3)CO1,cross_target_decoy_not_inactive,451.4980000000003,2.879200000000001,O=c1ccc2cccc3c2n1CC3CC1OCC(NCc2cc3c(cn2)OCCC3)CO1
LpxC,LeuRS,CHEMBL4861722,CC(C)C[C@H](N)C(=O)NS(=O)(=O)OC[C@H]1OC[C@@H](CCCn2cc(-c3ccccc3)nn2)[C@H](O)[C@@H]1O,cross_target_decoy_not_inactive,525.6280000000003,0.2131000000000035,c1ccc(-c2cn(CCCC3CCCOC3)nn2)cc1
LpxC,LpxH,CHEMBL475251,COc1cc(Nc2ncc(F)c(Nc3ccc4c(n3)NC(=O)C(C)(C)O4)n2)cc(OC)c1OC,cross_target_decoy_not_inactive,470.4610000000003,3.6332000000000013,O=C1COc2ccc(Nc3ccnc(Nc4ccccc4)n3)nc2N1
LpxC,FabI,CHEMBL566665,Cc1c(CN(C)C(=O)/C=C/c2cnc3c(c2)CC2(CCN(C)CC2)C(=O)N3)sc2ccccc12,cross_target_decoy_not_inactive,474.6300000000002,4.483120000000004,O=C(C=Cc1cnc2c(c1)CC1(CCNCC1)C(=O)N2)NCc1cc2ccccc2s1
LpxC,MurA,CHEMBL370034,O=C(CCCC1C(=O)N(c2ccc(Cl)cc2)N(c2ccc(Cl)cc2)C1=O)c1ccc(F)cc1,cross_target_decoy_not_inactive,485.3420000000002,6.096700000000005,O=C(CCCC1C(=O)N(c2ccccc2)N(c2ccccc2)C1=O)c1ccccc1
LpxC,MurC,CHEMBL5653589,Cc1ccc(C(=O)Nc2cccc(C(F)(F)F)c2)cc1Nc1nc(-c2cccnc2)nc2nn(C)cc12,cross_target_decoy_not_inactive,503.48800000000017,5.748420000000004,O=C(Nc1ccccc1)c1cccc(Nc2nc(-c3cccnc3)nc3n[nH]cc23)c1
LpxC,Gyr,CHEMBL3658936,C[C@@H]1CN2c3c(cc4c(N5CCCCC5)noc4c3F)CC3(C(=O)NC(=O)NC3=O)[C@H]2[C@H](C)O1,cross_target_decoy_not_inactive,471.48900000000015,1.8478999999999997,O=C1NC(=O)C2(Cc3cc4c(N5CCCCC5)noc4cc3N3CCOCC32)C(=O)N1
LpxC,FtsZ,CHEMBL1926720,CCOC(=O)Nc1cc(NCCN(CC)CC)c2nc(-c3ccco3)c(-c3ccco3)nc2n1,cross_target_decoy_not_inactive,464.5260000000001,4.866900000000004,c1coc(-c2nc3cccnc3nc2-c2ccco2)c1
LpxC,TopoIV,CHEMBL4279382,CCNC(=O)Nc1cc(-c2nc(C(F)(F)F)cs2)c(-c2cc3ncccc3nc2N2C3CCC2CN(C)C3)cn1,cross_target_decoy_not_inactive,568.629,5.2583000000000055,c1cnc2cc(-c3cnccc3-c3nccs3)c(N3C4CCC3CNC4)nc2c1
LpxC,Gyr,CHEMBL5428505,NC1(COc2cc(F)c3c(c2)CC(CNCCC2CN(c4ccc5c(n4)NC(=O)CO5)C(=O)O2)C3)CC1,cross_target_decoy_not_inactive,511.55400000000037,2.1415999999999995,O=C1COc2ccc(N3CC(CCNCC4Cc5ccc(OCC6CC6)cc5C4)OC3=O)nc2N1
LpxC,TopoIV,CHEMBL6103462,CC(C)CCOc1c2c(c(C(=O)C(C)C)c3c1[C@@H](C(C)C)C1=C(O3)C(C)(C)C(=O)C(C)(C)C1=O)OC1=C(C(=O)C(C)(C)C(=O)C1(C)C)[C@H]2C(C)C,cross_target_decoy_not_inactive,702.9290000000002,9.130800000000002,O=C1CC(=O)C2=C(C1)Oc1cc3c(cc1C2)CC1=C(CC(=O)CC1=O)O3
LpxH,DHFR,CHEMBL175577,Cc1nc(N)nc(N)c1OCc1ccc(Cl)c(Cl)c1,cross_target_decoy_not_inactive,299.161,2.8352200000000005,c1ccc(COc2cncnc2)cc1
LpxH,MurA,CHEMBL5198380,COC(=O)C(=O)Nc1ncc(Br)s1,cross_target_decoy_not_inactive,265.08799999999997,1.0170999999999994,c1cscn1
LpxH,FabI,CHEMBL294363,c1ccc(-c2ccc(Cn3cnc(-c4ccsc4)c3)cc2)cc1,cross_target_decoy_not_inactive,316.42900000000003,5.326900000000003,c1ccc(-c2ccc(Cn3cnc(-c4ccsc4)c3)cc2)cc1
LpxH,FabI,CHEMBL4218049,O=C(Cc1cccc(F)c1F)N1CCC(c2ccc3c(c2)OCO3)C1,cross_target_decoy_not_inactive,345.34500000000014,3.252100000000002,O=C(Cc1ccccc1)N1CCC(c2ccc3c(c2)OCO3)C1
LpxH,DHFR,CHEMBL58038,COc1cc(Cc2cnc(N)nc2N)cc2c1NCCC2C,cross_target_decoy_not_inactive,299.3780000000001,2.1594999999999995,c1ncc(Cc2ccc3c(c2)CCCN3)cn1
LpxH,FabI,CHEMBL4209594,CC(=O)Nc1ccc(/C=C/C(=O)N2CCC(c3ccccc3)C2)cn1,cross_target_decoy_not_inactive,335.40700000000004,3.069300000000002,O=C(C=Cc1cccnc1)N1CCC(c2ccccc2)C1
LpxH,FabI,CHEMBL3687976,Cc1nc(C2CN(C(=O)/C=C/c3cnc4c(c3)CCC(=O)N4)C2)no1,cross_target_decoy_not_inactive,339.3550000000001,1.2969199999999999,O=C1CCc2cc(C=CC(=O)N3CC(c4ncon4)C3)cnc2N1
LpxH,LpxC,CHEMBL324440,O=C(NO)C1COC(c2cc3cc(F)ccc3[nH]2)=N1,cross_target_decoy_not_inactive,263.228,0.9577999999999998,c1ccc2[nH]c(C3=NCCO3)cc2c1
LpxH,FabI,CHEMBL3676401,CCCC1CCN(C(=O)/C=C/c2cnc3c(c2)CCC(=O)N3)CC1,cross_target_decoy_not_inactive,327.4280000000001,3.018200000000001,O=C1CCc2cc(C=CC(=O)N3CCCCC3)cnc2N1
LpxH,LpxC,CHEMBL108105,CC(F)(F)Oc1ccc(C(=O)NC(CO)C(=O)NO)cc1,cross_target_decoy_not_inactive,304.24899999999997,0.2741999999999997,c1ccccc1
LpxH,LeuRS,CHEMBL4100159,Cl.NC[C@@H]1OB(O)c2c(OCCO)ccc(Cl)c21,cross_target_decoy_not_inactive,293.943,-0.14960000000000034,B1OCc2ccccc21
LpxH,LpxC,CHEMBL321590,O=C(NO)C1COC(c2ccc(F)c(C(F)(F)F)c2)=N1,cross_target_decoy_not_inactive,292.188,1.4952999999999996,c1ccc(C2=NCCO2)cc1
LpxH,FabI,CHEMBL3676398,CC(C)(C)OC(=O)N1CCC(COc2ccc(F)cc2)CC1,cross_target_decoy_not_inactive,309.38100000000003,3.851600000000003,c1ccc(OCC2CCNCC2)cc1
LpxH,DHFR,CHEMBL57900,COCCOc1cc(Cc2cnc(N)nc2N)cc2cccnc12,cross_target_decoy_not_inactive,325.37200000000007,1.8052,c1cnc2ccc(Cc3cncnc3)cc2c1
LpxH,FabI,CHEMBL3623392,Cc1ccc(Oc2coc(COc3ccccc3)cc2=O)c(C)c1,cross_target_decoy_not_inactive,322.36000000000007,4.627940000000004,O=c1cc(COc2ccccc2)occ1Oc1ccccc1
LpxH,MurC,CHEMBL87262,Oc1c2c(nn1-c1ccc(Br)cc1)CCS2,cross_target_decoy_not_inactive,297.177,2.9886000000000017,c1ccc(-n2cc3c(n2)CCS3)cc1
LpxH,LeuRS,CHEMBL4070589,CCOc1cc(Cl)c2c(c1)B(O)OC2CN.Cl,cross_target_decoy_not_inactive,277.944,0.8780000000000001,B1OCc2ccccc21
LpxH,DHFR,CHEMBL170144,CCc1cc2c3c(N)nc(N)nc3ccc2n1CC,cross_target_decoy_not_inactive,255.325,2.3312,c1ncc2c(ccc3[nH]ccc32)n1
LpxH,LpxC,CHEMBL3827035,Nc1cc(N2C[C@@H](C(=O)NO)OC2=O)ccc1C#CC#CC1CC1,cross_target_decoy_not_inactive,325.3240000000001,0.8643,O=C1OCCN1c1ccc(C#CC#CC2CC2)cc1
LpxH,FabI,CHEMBL5523412,Cc1c(O)cccc1N1CC(c2nc3ccccc3n2C)CC1=O,cross_target_decoy_not_inactive,321.3800000000001,3.107820000000001,O=C1CC(c2nc3ccccc3[nH]2)CN1c1ccccc1
LpxH,Gyr,CHEMBL3329288,CCNC(=O)Nc1ccc(C(=O)Nc2ncc(C(=O)O)s2)cn1,cross_target_decoy_not_inactive,335.345,1.6300000000000001,O=C(Nc1nccs1)c1cccnc1
LpxH,70S_ribosome,CHEMBL5434382,CCN1CCN(Cc2csc(-c3ccccc3)n2)CC1,cross_target_decoy_not_inactive,287.4320000000001,2.9476000000000013,c1ccc(-c2nc(CN3CCNCC3)cs2)cc1
LpxH,FabI,CHEMBL259629,O=c1[nH]c(OCc2ccccc2)ccc1Cc1ccccc1,cross_target_decoy_not_inactive,291.35,3.5447000000000024,O=c1[nH]c(OCc2ccccc2)ccc1Cc1ccccc1
LpxH,DHFR,CHEMBL485961,CCc1nc(N)nc(N)c1C#CCc1cc(OC)ccc1OC,cross_target_decoy_not_inactive,312.37300000000005,1.8147999999999997,C(#Cc1cncnc1)Cc1ccccc1
LpxH,FabI,CHEMBL3322674,O=C1CCc2cc(/C=C/C(=O)N3CC(Oc4ccccc4)C3)cnc2N1,cross_target_decoy_not_inactive,349.39000000000004,2.2693,O=C1CCc2cc(C=CC(=O)N3CC(Oc4ccccc4)C3)cnc2N1
LpxH,LpxC,CHEMBL4078871,CNCCOCc1ccc(C#Cc2ccc3c(c2)CC[C@@H]3N[C@H](C(=O)NO)[C@@H](C)O)cc1,cross_target_decoy_not_inactive,437.5400000000001,1.6541,C(#Cc1ccc2c(c1)CCC2)c1ccccc1
LpxH,FabI,CHEMBL5824433,O=C1CCc2cc(/C=C/C(=O)N3CC4C=C(c5ccccc5)CC4C3)cnc2N1,cross_target_decoy_not_inactive,385.4670000000001,3.541400000000002,O=C1CCc2cc(C=CC(=O)N3CC4C=C(c5ccccc5)CC4C3)cnc2N1
LpxH,GyrB,CHEMBL3917447,COC(=O)CC(=O)Nc1ccc2nc(NC(=O)c3cc(Cl)c(Cl)[nH]3)sc2c1,cross_target_decoy_not_inactive,427.26900000000006,3.685100000000001,O=C(Nc1nc2ccccc2s1)c1ccc[nH]1
LpxH,LpxC,CHEMBL3697009,CCOc1ccc(-c2ccc(C(=O)N(C)C(C(=O)NC)C(=O)NO)cc2)cc1,cross_target_decoy_not_inactive,385.42,1.4442999999999995,c1ccc(-c2ccccc2)cc1
LpxH,LpxC,CHEMBL3647228,CC(CCc1ccc(OCc2cc(F)ccc2C#N)cc1)(C(=O)NO)S(C)(=O)=O,cross_target_decoy_not_inactive,420.4620000000001,2.5176800000000004,c1ccc(COc2ccccc2)cc1
LpxH,FabI,CHEMBL421119,Nc1ccc(Cn2c3c(c4ccccc42)CCN(C(=O)c2ccc(O)cc2)C3)cc1,cross_target_decoy_not_inactive,397.4780000000001,4.175900000000003,O=C(c1ccccc1)N1CCc2c(n(Cc3ccccc3)c3ccccc23)C1
LpxH,DHFR,CHEMBL574559,COc1cc(-c2ccccc2)cc(C(O)C#Cc2c(C)nc(N)nc2N)c1,cross_target_decoy_not_inactive,360.4170000000001,2.71012,C(#Cc1cncnc1)Cc1cccc(-c2ccccc2)c1
LpxH,MurC,CHEMBL200097,Cc1ccccc1-c1ccc(/C=C2\OC(O)=C(c3cc(Cl)cc(Cl)c3)C2=O)cc1C,cross_target_decoy_not_inactive,437.3220000000002,7.144240000000005,O=C1C(=Cc2ccc(-c3ccccc3)cc2)OC=C1c1ccccc1
LpxH,70S_ribosome,CHEMBL5411816,Cc1nc(CN2CCN(Cc3csc(-c4ccccc4)n3)CC2)cs1,cross_target_decoy_not_inactive,370.54700000000014,3.892820000000003,c1ccc(-c2nc(CN3CCN(Cc4cscn4)CC3)cs2)cc1
LpxH,FabI,CHEMBL2178311,CCc1ccc(Oc2ccc(S(=O)(=O)CCC3OCCO3)cc2)c(O)c1,cross_target_decoy_not_inactive,378.44600000000014,3.2836000000000025,O=S(=O)(CCC1OCCO1)c1ccc(Oc2ccccc2)cc1
LpxH,FabI,CHEMBL566443,CN(Cc1cc2ccccc2n1C)C(=O)/C=C/c1cnc2c(c1)NCCC(=O)N2,cross_target_decoy_not_inactive,389.4590000000001,2.9992,O=C(C=Cc1cnc2c(c1)NCCC(=O)N2)NCc1cc2ccccc2[nH]1
LpxH,MurC,CHEMBL381445,O=C1O/C(=C\c2cccc3ccccc23)C(O)=C1c1cccc(C(F)(F)F)c1,cross_target_decoy_not_inactive,382.337,5.725600000000003,O=C1OC(=Cc2cccc3ccccc23)C=C1c1ccccc1
LpxH,TopoIV,CHEMBL4438807,O=c1cc(CC(O)CCN2CCN(c3nccc4ccc(F)cc34)CC2)c2ccccc2o1,cross_target_decoy_not_inactive,447.5100000000002,3.596000000000002,O=c1cc(CCCCN2CCN(c3nccc4ccccc34)CC2)c2ccccc2o1
LpxH,DHFR,CHEMBL3234117,CCc1nc(N)nc(N)c1C#CC(C)c1ccc(-c2ccncc2)cc1OC,cross_target_decoy_not_inactive,373.4600000000001,3.4292000000000025,C(#Cc1cncnc1)Cc1ccc(-c2ccncc2)cc1
LpxH,LpxC,CHEMBL5759239,NC(Cc1nc[nH]c(=O)c1O)c1ccc(C#Cc2ccc(CN[C@@H]3CCOC3)cc2)cc1,cross_target_decoy_not_inactive,430.5080000000002,1.9963000000000002,O=c1cc(CCc2ccc(C#Cc3ccc(CNC4CCOC4)cc3)cc2)nc[nH]1
LpxH,Gyr,CHEMBL3659031,Cc1noc2c(Cl)c3c(nc12)CC1(C(=O)NC(=O)NC1=O)[C@H]1[C@H](C)O[C@H](C)CN31,cross_target_decoy_not_inactive,419.82500000000016,1.0753199999999996,O=C1NC(=O)C2(Cc3nc4cnoc4cc3N3CCOCC32)C(=O)N1
LpxH,Gyr,CHEMBL217592,COc1c(N2CC[C@@H]([C@H](C)N)C2)c(F)cc2c(=O)n(N)c(=O)n(C3CC3)c12,cross_target_decoy_not_inactive,377.42000000000013,0.5331000000000007,O=c1[nH]c(=O)n(C2CC2)c2cc(N3CCCC3)ccc12
LpxH,70S_ribosome,CHEMBL3114338,N[C@H](CN[C@@H]1C[C@H](N)[C@@]2(CC[C@@H](O)[C@@H](O)CO2)[C@H](O)[C@H]1O)Cc1ccc(O)cc1,cross_target_decoy_not_inactive,411.4990000000001,-2.0559999999999947,c1ccc(CCCNC2CCC3(CCCCCO3)CC2)cc1
LpxH,LpxC,CHEMBL1668439,C[C@@H](O)[C@@H](NC(=O)N1CCN(c2ccc(-c3ccccc3)cc2)CC1)C(=O)NO,cross_target_decoy_not_inactive,398.46300000000014,1.4399999999999995,c1ccc(-c2ccc(N3CCNCC3)cc2)cc1
LpxH,LpxC,CHEMBL3647160,CC(CCc1ccc(-c2ccc(N)nc2)c(F)c1)(C(=O)NO)S(C)(=O)=O,cross_target_decoy_not_inactive,381.4290000000001,1.7111999999999996,c1ccc(-c2cccnc2)cc1
LpxH,FabI,CHEMBL5981486,O=C1CCc2cc(/C=C/C(=O)N3CC4C=C(c5ccco5)CC4C3)cnc2N1,cross_target_decoy_not_inactive,375.4280000000001,3.134400000000001,O=C1CCc2cc(C=CC(=O)N3CC4C=C(c5ccco5)CC4C3)cnc2N1
LpxH,LpxC,CHEMBL3647071,CC(CCc1ccc(-c2ccc([N+](=O)[O-])cc2)cc1)(C(=O)NO)S(C)(=O)=O,cross_target_decoy_not_inactive,392.4330000000001,2.5031000000000008,c1ccc(-c2ccccc2)cc1
LpxH,LpxC,CHEMBL3647110,CC(CCc1ccc(-c2ccc(CO)c(F)c2)cc1)(C(=O)NO)S(C)(=O)=O,cross_target_decoy_not_inactive,395.4520000000001,2.2263,c1ccc(-c2ccccc2)cc1
LpxH,LpxC,CHEMBL3647249,CC(CCc1ccc(OCc2ccc(Cl)cc2F)cc1)(C(=O)NO)S(C)(=O)=O,cross_target_decoy_not_inactive,429.8970000000001,3.299400000000002,c1ccc(COc2ccccc2)cc1
LpxH,LpxC,CHEMBL3647253,CC(CCc1ccc(OCCc2ccncc2)cc1)(C(=O)NO)S(C)(=O)=O,cross_target_decoy_not_inactive,392.4770000000001,1.9444,c1ccc(OCCc2ccncc2)cc1
LpxH,MurA,CHEMBL371783,O=C1C(CCCCc2ccccc2)C(=O)N(c2ccc(Cl)cc2)N1c1ccc(Cl)cc1,cross_target_decoy_not_inactive,453.36900000000014,6.3174000000000055,O=C1C(CCCCc2ccccc2)C(=O)N(c2ccccc2)N1c1ccccc1
LpxH,Gyr,CHEMBL5402595,N#CCOc1cc(F)c2c(c1)CC(CNCCC1CN(c3ccc4c(n3)NC(=O)CO4)C(=O)O1)C2,cross_target_decoy_not_inactive,481.4840000000003,2.1738800000000005,O=C1COc2ccc(N3CC(CCNCC4Cc5ccccc5C4)OC3=O)nc2N1
LpxH,FabI,CHEMBL567711,Cc1c(CN(C)C(=O)/C=C/c2cnc3c(c2)CC2(CCN(C)CC2)C(=O)N3)oc2ccccc12,cross_target_decoy_not_inactive,458.56200000000024,4.014620000000003,O=C(C=Cc1cnc2c(c1)CC1(CCNCC1)C(=O)N2)NCc1cc2ccccc2o1
LpxH,MurC,CHEMBL4592118,Cc1cc(C(=O)N2CCc3c(c(=O)oc4c(C)c(N5CCN(C)CC5)ccc34)C2)ccc1NS(C)(=O)=O,cross_target_decoy_not_inactive,524.6430000000004,2.7316400000000005,O=C(c1ccccc1)N1CCc2c(c(=O)oc3cc(N4CCNCC4)ccc23)C1
LpxH,TopoIV,CHEMBL4294536,CCNC(=O)Nc1cc(-c2nc(C(F)(F)F)cs2)c(-c2cc3ncccc3nc2N2CCN(C)CC2)cn1,cross_target_decoy_not_inactive,542.5910000000001,4.727300000000004,c1cnc2cc(-c3cnccc3-c3nccs3)c(N3CCNCC3)nc2c1
LpxH,MurA,CHEMBL195808,O=C1C(Cc2cccc(C(F)(F)F)c2)C(=O)N(c2ccc(Cl)cc2)N1c1ccc(Cl)cc1,cross_target_decoy_not_inactive,479.2850000000001,6.165900000000003,O=C1C(Cc2ccccc2)C(=O)N(c2ccccc2)N1c1ccccc1
LpxH,Gyr,CHEMBL4746628,Cc1[nH]c(C(=O)Nc2ccc(C(=O)NCC(=O)O)cc2O[C@H]2CCN(C(=O)OC(C)(C)C)C2)c(Cl)c1Cl,cross_target_decoy_not_inactive,555.4150000000003,4.084820000000002,O=C(Nc1ccccc1OC1CCNC1)c1ccc[nH]1
LpxH,Gyr,CHEMBL2382380,COc1ccc2nccc([C@@H](O)CC[C@@H]3CCN(C4CC(c5c(OC)ccc(F)c5F)C4)C[C@@H]3C(=O)O)c2c1,cross_target_decoy_not_inactive,540.6070000000003,5.312700000000005,c1ccc(C2CC(N3CCC(CCCc4ccnc5ccccc45)CC3)C2)cc1
LpxH,Gyr,CHEMBL3659032,CNC(=O)c1noc2c(Cl)c3c(nc12)CC1(C(=O)NC(=O)NC1=O)[C@H]1[C@H](C)O[C@H](C)CN31,cross_target_decoy_not_inactive,462.8500000000002,0.12650000000000072,O=C1NC(=O)C2(Cc3nc4cnoc4cc3N3CCOCC32)C(=O)N1
LpxH,Gyr,CHEMBL3658993,CSc1cnc(-c2noc3c(F)c4c(cc23)CC2(C(=O)NC(=O)NC2=O)[C@H]2[C@H](C)O[C@H](C)CN42)cn1,cross_target_decoy_not_inactive,512.5230000000003,2.0364999999999998,O=C1NC(=O)C2(Cc3cc4c(-c5cnccn5)noc4cc3N3CCOCC32)C(=O)N1
LpxH,Gyr,CHEMBL3658954,Cc1ccc(-c2noc3c(Cl)c4c(cc23)CC2(C(=O)NC(=O)NC2=O)[C@H]2[C@H](C)O[C@H](C)CN42)cn1,cross_target_decoy_not_inactive,495.92300000000023,2.742320000000001,O=C1NC(=O)C2(Cc3cc4c(-c5cccnc5)noc4cc3N3CCOCC32)C(=O)N1
LpxH,Gyr,CHEMBL2382386,COc1ccc2nccc([C@@H](O)CC[C@@H]3CCN(C4CC(c5cc(SC)ccc5F)C4)C[C@@H]3C(=O)O)c2c1,cross_target_decoy_not_inactive,538.6850000000003,5.886900000000006,c1ccc(C2CC(N3CCC(CCCc4ccnc5ccccc45)CC3)C2)cc1
LpxH,MurC,CHEMBL4473116,Cc1cc2c3c(c(=O)oc2cc1OCCN(C)C)CN(C(=O)c1ccc(C(=O)O)cc1)CC3.Cl,cross_target_decoy_not_inactive,486.9520000000003,3.360320000000002,O=C(c1ccccc1)N1CCc2c(c(=O)oc3ccccc23)C1
LpxH,MurC,CHEMBL6159806,Nc1nc(N)c(NC(=O)Nc2ccc(C(=O)N[C@@H](CCC(=O)O)C(=O)O)cc2Cl)c(=O)[nH]1,cross_target_decoy_not_inactive,467.8260000000003,0.2794999999999996,O=C(Nc1ccccc1)Nc1cnc[nH]c1=O
LpxH,Gyr,CHEMBL4468881,COc1ccc2c3conc3c(=O)n(CCN3CCC(NCc4ccc5c(n4)NC(=O)CO5)CC3)c2c1,cross_target_decoy_not_inactive,504.5470000000003,2.1313999999999993,O=C1COc2ccc(CNC3CCN(CCn4c(=O)c5nocc5c5ccccc54)CC3)nc2N1
LpxH,Gyr,CHEMBL2424835,COc1ccc2nccc([C@@H](O)[C@H](O)[C@@H]3CC[C@@H](NCc4ccc5c(n4)NC(=O)CS5)CO3)c2c1,cross_target_decoy_not_inactive,496.5890000000003,2.4143,O=C1CSc2ccc(CNC3CCC(CCc4ccnc5ccccc45)OC3)nc2N1
LpxH,Gyr,CHEMBL1774264,COc1c(N2CC[C@@H]([C@H](C)NCCF)C2)c(F)cc2c(=O)c3c(=O)[nH]sc3n(C3CC3)c12,cross_target_decoy_not_inactive,464.53800000000024,3.1610000000000014,O=c1[nH]sc2c1c(=O)c1ccc(N3CCCC3)cc1n2C1CC1
LpxH,LpxC,CHEMBL1668454,C[C@@H](O)[C@@H](NC(=O)N1CCN(c2ccc(C#Cc3ccc(C(F)(F)F)cc3)cc2)CC1)C(=O)NO,cross_target_decoy_not_inactive,490.48200000000014,2.1915999999999998,C(#Cc1ccc(N2CCNCC2)cc1)c1ccccc1
LpxH,Gyr,CHEMBL5419702,CN(C)C(C)(C)C(=O)Nc1cc(F)c2c(c1)CC(CNCCC1CN(c3cnc4c(n3)NC(=O)CO4)C(=O)O1)C2,cross_target_decoy_not_inactive,555.6110000000003,1.9452,O=C1COc2ncc(N3CC(CCNCC4Cc5ccccc5C4)OC3=O)nc2N1
MurA,D-Ala-D-Ala,CHEMBL771,N[C@@H]1CONC1=O,cross_target_decoy_not_inactive,102.09299999999999,-1.6249000000000007,O=C1CCON1
MurA,LpxC,CHEMBL110810,CCc1ccc(C2=N[C@@H](C(=O)NO)CO2)cc1,cross_target_decoy_not_inactive,234.255,0.8997999999999996,c1ccc(C2=NCCO2)cc1
MurA,DHFR,CHEMBL174679,COc1ccc(COc2cnc(N)nc2N)cc1,cross_target_decoy_not_inactive,246.27,1.2285999999999997,c1ccc(COc2cncnc2)cc1
MurA,LpxC,CHEMBL321062,Cc1ccc(C2=NC(C(=O)NO)CO2)cc1,cross_target_decoy_not_inactive,220.228,0.6458199999999997,c1ccc(C2=NCCO2)cc1
MurA,LpxC,CHEMBL108805,O=C(NO)C1COC(c2ccccc2)=N1,cross_target_decoy_not_inactive,206.20100000000002,0.33739999999999926,c1ccc(C2=NCCO2)cc1
MurA,DHFR,CHEMBL170900,CCc1cc2c3c(N)nc(N)nc3ccc2n1C,cross_target_decoy_not_inactive,241.298,1.8482999999999996,c1ncc2c(ccc3[nH]ccc32)n1
MurA,DHFR,CHEMBL369237,COc1ccc(CNc2cnc(N)nc2N)cc1,cross_target_decoy_not_inactive,245.286,1.2616999999999996,c1ccc(CNc2cncnc2)cc1
MurA,FabI,CHEMBL2178312,CCc1ccc(Oc2ccccc2N)c(O)c1,cross_target_decoy_not_inactive,229.279,3.3291000000000013,c1ccc(Oc2ccccc2)cc1
MurA,DHFR,CHEMBL59491,COc1cc(Cc2cnc(N)nc2N)cc2c1N(C)CCC2C,cross_target_decoy_not_inactive,313.4050000000001,2.1837999999999997,c1ncc(Cc2ccc3c(c2)CCCN3)cn1
MurA,MurC,CHEMBL4474283,O=C(O)c1ccc(C(=O)N2CCc3c(c(=O)oc4ccccc34)C2)cc1,cross_target_decoy_not_inactive,349.342,2.689700000000001,O=C(c1ccccc1)N1CCc2c(c(=O)oc3ccccc23)C1
MurA,RpoB,CHEMBL174564,O=C(O)c1ccc2c(c1)nc(-c1ccsc1)n2C1CCCCC1,cross_target_decoy_not_inactive,326.4210000000002,4.968200000000003,c1ccc2c(c1)nc(-c1ccsc1)n2C1CCCCC1
MurA,DHFR,CHEMBL175752,Nc1ncc(OCc2ccccc2Cl)c(N)n1,cross_target_decoy_not_inactive,250.689,1.8734,c1ccc(COc2cncnc2)cc1
MurA,FabI,CHEMBL2178304,CCc1cc(O)c(Oc2ccccc2F)cc1F,cross_target_decoy_not_inactive,250.24399999999997,4.025100000000001,c1ccc(Oc2ccccc2)cc1
MurA,Gyr,CHEMBL4210894,N[C@H]1CCN(c2cc3c(cc2F)n2ccnc2c(=O)n3C2CC2)C1,cross_target_decoy_not_inactive,327.3630000000001,1.6605999999999996,O=c1c2nccn2c2ccc(N3CCCC3)cc2n1C1CC1
MurA,GyrB,CHEMBL1923436,Cc1[nH]c(C(=O)NC2CCN(c3nnco3)CC2)c(Cl)c1Cl,cross_target_decoy_not_inactive,344.202,2.4117200000000008,O=C(NC1CCN(c2nnco2)CC1)c1ccc[nH]1
MurA,DHFR,CHEMBL485959,CCc1nc(N)nc(N)c1C#CCc1cc(OC)c(OC)c(OC)c1,cross_target_decoy_not_inactive,342.3990000000001,1.8234,C(#Cc1cncnc1)Cc1ccccc1
MurA,FtsZ,CHEMBL295124,COc1ccc2cc3[n+](cc2c1OC)CCc1cc2c(cc1-3)OCO2,cross_target_decoy_not_inactive,336.3670000000001,3.096300000000001,c1ccc2c[n+]3c(cc2c1)-c1cc2c(cc1CC3)OCO2
MurA,LpxH,CHEMBL3672241,CC(c1ccc(-c2cccc3[nH]c(=O)c4sccc4c23)cc1)N(C)C,cross_target_decoy_not_inactive,348.4710000000001,5.032400000000004,O=c1[nH]c2cccc(-c3ccccc3)c2c2ccsc12
MurA,LpxC,CHEMBL3103561,O=C(CO[C@H](CO)c1ccc(C#Cc2ccc(CN3CCOCC3)cc2)cc1)NO,cross_target_decoy_not_inactive,410.47000000000014,1.474,C(#Cc1ccc(CN2CCOCC2)cc1)c1ccccc1
MurA,LpxC,CHEMBL3647216,CC(CCc1ccc(OCCc2ccccc2)cc1)(C(=O)NO)S(C)(=O)=O,cross_target_decoy_not_inactive,391.4890000000001,2.5494000000000003,c1ccc(CCOc2ccccc2)cc1
MurA,GyrB,CHEMBL3809114,CCCn1c(=O)ccc2c(-c3cnc(-c4ccc(C(=O)OC)nc4)s3)n[nH]c21,cross_target_decoy_not_inactive,395.4440000000001,3.106700000000001,O=c1ccc2c(-c3cnc(-c4cccnc4)s3)n[nH]c2[nH]1
MurA,LpxC,CHEMBL3647092,CC(CCc1ccc(-c2ccc3[nH]ccc3c2)cc1)(C(=O)NO)S(C)(=O)=O,cross_target_decoy_not_inactive,386.4730000000001,3.076200000000001,c1ccc(-c2ccc3[nH]ccc3c2)cc1
MurA,LpxC,CHEMBL3647190,Cc1ncccc1COc1ccc(CCC(C)(C(=O)NO)S(C)(=O)=O)cc1,cross_target_decoy_not_inactive,392.47700000000003,2.2103199999999994,c1ccc(OCc2cccnc2)cc1
MurA,LpxC,CHEMBL2377571,C#CCNC(=O)C[C@H](NC(=O)c1ccc(C#Cc2ccccc2)cc1)C(=O)NO,cross_target_decoy_not_inactive,389.41100000000006,0.8296999999999997,C(#Cc1ccccc1)c1ccccc1
MurA,DHFR,CHEMBL3234320,CCc1nc(N)nc(N)c1C#CC(C)c1ccc(-c2ccc(F)cc2)cc1OC,cross_target_decoy_not_inactive,390.4620000000001,4.173300000000003,C(#Cc1cncnc1)Cc1ccc(-c2ccccc2)cc1
MurA,LpxH,CHEMBL3672315,Cc1cc(O)c(-c2ccc(CCN)c(F)c2)c2c1[nH]c(=O)c1sccc12,cross_target_decoy_not_inactive,368.433,4.064120000000002,O=c1[nH]c2cccc(-c3ccccc3)c2c2ccsc12
MurA,Gyr,CHEMBL3329308,CCNC(=O)Nc1cc(Nc2ccccc2)c(C(=O)Nc2cccc(C)c2)cn1,cross_target_decoy_not_inactive,389.4590000000001,4.527320000000002,O=C(Nc1ccccc1)c1cnccc1Nc1ccccc1
MurA,FabI,CHEMBL72232,O=C(c1ccc(O)cc1)N1CCc2c(n(Cc3ccc(O)cc3)c3ccccc23)C1,cross_target_decoy_not_inactive,398.46200000000005,4.299300000000003,O=C(c1ccccc1)N1CCc2c(n(Cc3ccccc3)c3ccccc23)C1
MurA,GyrB,CHEMBL3314529,Cc1[nH]c(C(=O)N[C@@H]2CCN(c3ncc(C(=O)O)s3)C[C@@H]2O)c(Cl)c1Cl,cross_target_decoy_not_inactive,419.2900000000001,2.154220000000001,O=C(NC1CCN(c2nccs2)CC1)c1ccc[nH]1
MurA,70S_ribosome,CHEMBL1753,CCC[C@@H]1C[C@@H](C(=O)N[C@@H]([C@H]2O[C@H](SC)[C@H](O)[C@@H](O)[C@H]2O)[C@H](C)Cl)N(C)C1,cross_target_decoy_not_inactive,424.9910000000001,0.3895000000000004,O=C(NCC1CCCCO1)C1CCCN1
MurA,FabI,CHEMBL304367,O=C(c1ccc(O)cc1)N1CCc2c(n(Cc3ccccc3)c3ccccc23)C1,cross_target_decoy_not_inactive,382.463,4.593700000000004,O=C(c1ccccc1)N1CCc2c(n(Cc3ccccc3)c3ccccc23)C1
MurA,LpxC,CHEMBL3647129,COc1cc(CCC(C)(C(=O)NO)S(C)(=O)=O)ccc1-c1ccccc1,cross_target_decoy_not_inactive,377.4620000000001,2.6035000000000004,c1ccc(-c2ccccc2)cc1
MurA,LpxH,CHEMBL3672369,Cc1cc(O)c(-c2ccc([C@@H](C)CN(C)C)cc2)c2c1[nH]c(=O)c1sccc12,cross_target_decoy_not_inactive,392.52400000000006,5.088920000000003,O=c1[nH]c2cccc(-c3ccccc3)c2c2ccsc12
MurA,GyrB,CHEMBL577041,CCNC(=O)Nc1cn2c(-c3ncccn3)cc(-c3cnc(N(C)C)nc3)cc2n1,cross_target_decoy_not_inactive,403.4500000000001,2.455700000000001,c1cnc(-c2cc(-c3cncnc3)cc3nccn23)nc1
MurA,FabI,CHEMBL567710,Cc1c(CN(C)C(=O)/C=C/c2cnc3c(c2)CNCC(=O)N3)oc2ccccc12,cross_target_decoy_not_inactive,390.4430000000001,2.8497200000000014,O=C(C=Cc1cnc2c(c1)CNCC(=O)N2)NCc1cc2ccccc2o1
MurA,LpxC,CHEMBL3647256,CC(CCc1ccc(OCCC2CCCCC2)cc1)(C(=O)NO)S(C)(=O)=O,cross_target_decoy_not_inactive,397.53700000000003,3.277100000000001,c1ccc(OCCC2CCCCC2)cc1
MurA,LpxC,CHEMBL2023140,C[C@@](CCn1ccc(-c2ccccn2)cc1=O)(C(=O)NO)S(C)(=O)=O,cross_target_decoy_not_inactive,365.41100000000006,0.6090999999999996,O=c1cc(-c2ccccn2)cc[nH]1
MurA,Gyr,CHEMBL4791182,CCn1cc(C(=O)O)c(=O)c2ccc(NC(=O)c3[nH]c(C)c(Cl)c3Cl)cc21,cross_target_decoy_not_inactive,408.24100000000016,3.9152200000000024,O=C(Nc1ccc2c(=O)cc[nH]c2c1)c1ccc[nH]1
MurA,LpxC,CHEMBL1668446,C[C@@H](O)[C@@H](NC(=O)N1CCN(c2ccc(C#Cc3cccs3)cc2)CC1)C(=O)NO,cross_target_decoy_not_inactive,428.5140000000001,1.2342999999999997,C(#Cc1cccs1)c1ccc(N2CCNCC2)cc1
MurA,LpxC,CHEMBL3696990,CNC(=O)C(C(=O)NO)N(C)C(=O)c1ccc(-c2ccc(C)cc2)cc1,cross_target_decoy_not_inactive,355.39400000000006,1.3540200000000002,c1ccc(-c2ccccc2)cc1
MurA,GyrB,CHEMBL583870,CCNC(=O)Nc1cn2c(-c3ncc(C)cn3)cc(-c3cnc(OC)nc3)cc2n1,cross_target_decoy_not_inactive,404.43400000000014,2.7067200000000007,c1cnc(-c2cc(-c3cncnc3)cc3nccn23)nc1
MurA,LpxC,CHEMBL3647116,CC(CCc1ccc(-c2ccc(O)c(F)c2)cc1)(C(=O)NO)S(C)(=O)=O,cross_target_decoy_not_inactive,381.42500000000007,2.4396000000000004,c1ccc(-c2ccccc2)cc1
MurA,FabI,CHEMBL567910,CN(Cc1cc2ccccc2n1C)C(=O)/C=C/c1cnc2c(c1)CNCC(=O)N2,cross_target_decoy_not_inactive,389.4590000000001,2.2867999999999995,O=C(C=Cc1cnc2c(c1)CNCC(=O)N2)NCc1cc2ccccc2[nH]1
MurA,LpxC,CHEMBL3647233,Cc1cccc(Cc2noc(COc3ccc(CCC(C)(C(=O)NO)S(C)(=O)=O)cc3)n2)c1,cross_target_decoy_not_inactive,473.55100000000016,2.7891200000000014,c1ccc(Cc2noc(COc3ccccc3)n2)cc1
MurA,Gyr,CHEMBL2382354,COc1ccc2nccc([C@@H](O)CC[C@@H]3CCN(C4CC(c5cc(C)ccc5F)C4)C[C@@H]3C(=O)O)c2c1,cross_target_decoy_not_inactive,506.6180000000003,5.473420000000005,c1ccc(C2CC(N3CCC(CCCc4ccnc5ccccc45)CC3)C2)cc1
MurA,FtsZ,CHEMBL1929427,CCOC(=O)Nc1cc(NC(C)CCCN(CC)CC)c2nc(-c3ccccn3)c(-c3ccccn3)nc2n1,cross_target_decoy_not_inactive,528.6610000000002,5.639600000000005,c1ccc(-c2nc3cccnc3nc2-c2ccccn2)nc1
MurA,Gyr,CHEMBL5402120,COc1ccc2nccc(OC[C@H]3CC[C@H](NCc4cc(F)c(Br)c(F)c4)CC3)c2n1,cross_target_decoy_not_inactive,492.36400000000015,5.406500000000005,c1ccc(CNC2CCC(COc3ccnc4cccnc34)CC2)cc1
MurA,MurC,CHEMBL4584730,Cc1c(N2C[C@@H](C)N(C)[C@@H](C)C2)ccc2c3c(c(=O)oc12)CN(C(=O)c1ccc(NS(C)(=O)=O)c(Cl)c1)CC3,cross_target_decoy_not_inactive,573.1150000000001,3.853620000000003,O=C(c1ccccc1)N1CCc2c(c(=O)oc3cc(N4CCNCC4)ccc23)C1
MurA,GyrB,CHEMBL3908487,O=C(O)C(=O)Nc1ccc2nc(NC(=O)c3cc(Br)c(Br)[nH]3)sc2c1,cross_target_decoy_not_inactive,488.117,3.4248000000000003,O=C(Nc1nc2ccccc2s1)c1ccc[nH]1
MurA,Gyr,CHEMBL2382379,COc1ccc2nccc([C@@H](O)CC[C@@H]3CCN(C4CC(c5cc(F)ccc5C)C4)C[C@@H]3C(=O)O)c2c1,cross_target_decoy_not_inactive,506.6180000000003,5.473420000000005,c1ccc(C2CC(N3CCC(CCCc4ccnc5ccccc45)CC3)C2)cc1
MurA,LpxC,CHEMBL5770190,O=c1[nH]cnc(CC(CN2CCC2)c2ccc(C#Cc3ccc(CN4CCOCC4)cc3)cc2)c1O,cross_target_decoy_not_inactive,484.6000000000003,2.739500000000001,O=c1cc(CC(CN2CCC2)c2ccc(C#Cc3ccc(CN4CCOCC4)cc3)cc2)nc[nH]1
MurA,GyrB,CHEMBL2059373,O=C(O)c1cncc(-c2cnc3[nH]c(C(=O)NC4CC4)cc3c2-n2ccc(C(F)(F)F)n2)c1,cross_target_decoy_not_inactive,456.3840000000002,3.4198000000000013,O=C(NC1CC1)c1cc2c(-n3cccn3)c(-c3cccnc3)cnc2[nH]1
MurA,TopoIV,CHEMBL4583368,O=c1nc(NCC(O)CN2CCN(c3nc(F)cc4ccc(F)cc34)CC2)c2cc(F)ccc2o1,cross_target_decoy_not_inactive,485.4660000000002,2.7485,O=c1nc(NCCCN2CCN(c3nccc4ccccc34)CC2)c2ccccc2o1
MurA,Gyr,CHEMBL6078595,Cc1[nH]c(C(=O)Nc2ccc(-n3nn[nH]c3=O)cc2N2CCC(NC(=O)OC(C)(C)C)CC2)c(Cl)c1Cl,cross_target_decoy_not_inactive,551.4350000000003,3.644720000000002,O=C(Nc1ccc(-n2nn[nH]c2=O)cc1N1CCCCC1)c1ccc[nH]1
MurA,TopoIV,CHEMBL4795890,Cc1[nH]c(C(=O)Nc2ccc(C(=O)N[C@H](C)C(=O)O)cc2OC2CCNCC2)c(Cl)c1Cl.Cl,cross_target_decoy_not_inactive,519.8130000000003,3.637720000000002,O=C(Nc1ccccc1OC1CCNCC1)c1ccc[nH]1
MurA,70S_ribosome,CHEMBL1951095,CN(C)[C@@H]1C(O)=C(C(N)=O)C(=O)[C@@]2(O)C(O)=C3C(=O)c4c(O)c(NC(=O)CN5CCCC5)cc(F)c4C[C@H]3C[C@@H]12,cross_target_decoy_not_inactive,558.5630000000002,0.29400000000000115,O=C(CN1CCCC1)Nc1ccc2c(c1)C(=O)C1=CC3C(=O)C=CCC3CC1C2
MurA,MurC,CHEMBL5077920,Cn1c(NC(=O)Nc2ccc(C(=O)O)cc2)cc(=O)n(Cc2ccc(Cl)c(Cl)c2)c1=O,cross_target_decoy_not_inactive,463.2770000000002,3.244300000000001,O=C(Nc1ccccc1)Nc1cc(=O)n(Cc2ccccc2)c(=O)[nH]1
MurA,Gyr,CHEMBL5403121,CC(C)(N)COc1cc(C#N)c2c(c1)CC(CNCCC1CN(c3ccc4c(n3)NC(=O)CO4)C(=O)O1)C2,cross_target_decoy_not_inactive,520.5900000000004,2.1201799999999995,O=C1COc2ccc(N3CC(CCNCC4Cc5ccccc5C4)OC3=O)nc2N1
MurA,Gyr,CHEMBL3659026,C[C@@H]1CN2c3c(nc4c(-c5cnc(Br)s5)noc4c3Cl)CC3(C(=O)NC(=O)NC3=O)[C@H]2[C@H](C)O1,cross_target_decoy_not_inactive,567.8090000000002,2.6529000000000007,O=C1NC(=O)C2(Cc3nc4c(-c5cncs5)noc4cc3N3CCOCC32)C(=O)N1
MurA,MurC,CHEMBL330337,N#Cc1c(NC(=O)c2cc(S(=O)(=O)N3CCOCC3)c(NCCCO)cc2Cl)sc2c1CCC2,cross_target_decoy_not_inactive,525.0520000000002,2.8293800000000005,O=C(Nc1cc2c(s1)CCC2)c1cccc(S(=O)(=O)N2CCOCC2)c1
MurA,TopoIV,CHEMBL5195074,O=c1ccc2ccc(F)c3c2n1CC3C[C@H]1OC[C@H](NCc2cc3c(cn2)OCCC3)CO1,cross_target_decoy_not_inactive,451.4980000000003,2.879200000000001,O=c1ccc2cccc3c2n1CC3CC1OCC(NCc2cc3c(cn2)OCCC3)CO1
MurA,LpxC,CHEMBL3356583,O=C(NO)C1(COc2ccc(C#Cc3ccc(CN4CCN(CCn5ccnc5)CC4)cc3)cc2)CCOCC1,cross_target_decoy_not_inactive,543.6680000000002,2.7817000000000007,C(#Cc1ccc(OCC2CCOCC2)cc1)c1ccc(CN2CCN(CCn3ccnc3)CC2)cc1
MurA,MurC,CHEMBL91833,CN(C)c1ccc(S(=O)(=O)N2CCOCC2)cc1C(=O)Nc1sc2c(c1C#N)CCC2,cross_target_decoy_not_inactive,460.58100000000024,2.44768,O=C(Nc1cc2c(s1)CCC2)c1cccc(S(=O)(=O)N2CCOCC2)c1
MurA,MurC,CHEMBL5879031,Nc1nc(N)c(CC(=O)Nc2cnc(C(=O)N[C@@H](CCC(=O)O)C(=O)O)c(F)c2)c(=O)[nH]1,cross_target_decoy_not_inactive,451.37100000000027,-1.3025999999999984,O=C(Cc1cnc[nH]c1=O)Nc1cccnc1
MurA,MurC,CHEMBL89936,CC(COc1ccc(S(=O)(=O)N2CCOCC2)cc1C(=O)Nc1sc2c(c1C#N)CCC2)c1ccccc1,cross_target_decoy_not_inactive,551.6900000000004,4.564180000000005,O=C(Nc1cc2c(s1)CCC2)c1cc(S(=O)(=O)N2CCOCC2)ccc1OCCc1ccccc1
MurA,LpxC,CHEMBL3647200,CC(CCc1ccc(OCc2nc(-c3cc(F)cc(F)c3)no2)cc1)(C(=O)NO)S(C)(=O)=O,cross_target_decoy_not_inactive,481.47700000000015,2.8351000000000015,c1ccc(OCc2nc(-c3ccccc3)no2)cc1
MurA,Gyr,CHEMBL5177076,N#Cc1cnc2ccc(=O)n(CCCN[C@H]3CC[C@H]4[C@H](C3)OC(=O)N4c3ccc4c(n3)NC(=O)CO4)c2c1,cross_target_decoy_not_inactive,515.5300000000003,1.920279999999999,O=C1COc2ccc(N3C(=O)OC4CC(NCCCn5c(=O)ccc6ncccc65)CCC43)nc2N1
MurA,FtsZ,CHEMBL3425613,CN(C)CCNc1nc(/C=C/c2ccc(Cl)cc2)nc2ccc(-c3ccc4ccccc4c3)cc12,cross_target_decoy_not_inactive,479.0270000000002,7.247300000000006,C(=Cc1ncc2cc(-c3ccc4ccccc4c3)ccc2n1)c1ccccc1
MurA,TopoIV,CHEMBL6091845,CC(C)C(=O)c1c2c(c(OCCCc3ccccc3)c3c1OC1=C(C(=O)C(C)(C)C(=O)C1(C)C)[C@@H]3C(C)C)[C@H](C(C)C)C1=C(O2)C(C)(C)C(=O)C(C)(C)C1=O,cross_target_decoy_not_inactive,750.9730000000001,9.717499999999998,O=C1CC(=O)C2=C(C1)Oc1cc3c(c(OCCCc4ccccc4)c1C2)CC1=C(CC(=O)CC1=O)O3
MurA,Gyr,CHEMBL6150913,COCCOCOc1c2c(c(C(=O)C(C)C)c3c1[C@@H](C(C)C)C1=C(O3)C(C)(C)C(=O)C(C)(C)C1=O)OC1=C(C(=O)C(C)(C)C(=O)C1(C)C)[C@H]2C(C)C,cross_target_decoy_not_inactive,720.9000000000001,7.70520000000001,O=C1CC(=O)C2=C(C1)Oc1cc3c(cc1C2)CC1=C(CC(=O)CC1=O)O3
MurA,70S_ribosome,CHEMBL3244596,CO[C@@H]1[C@@H](O[C@@H]2O[C@H](C)[C@@H](O[C@H]3C[C@@](C)(O)[C@@H](O)[C@H](C)O3)[C@H](N(C)C)[C@H]2O)[C@@H](CC=O)C[C@@H](C)[C@@H](OC(C)=O)/C=C/C=C/C[C@@H](C)OC(=O)C[C@H]1O,cross_target_decoy_not_inactive,743.8880000000001,1.4164000000000063,O=C1CCCC(OC2CCC(OC3CCCCO3)CO2)CCCCC=CC=CCCO1
MurA,Gyr,CHEMBL6143167,CC(C)C(=O)c1c2c(c(O)c3c1OC1=C(C(=O)C(C)(C)C(=O)C1(C)C)[C@H]3C(C)C)[C@H](C(C)C)C1=C(O2)C(C)(C)C(=O)C(C)(C)C1=O,cross_target_decoy_not_inactive,632.7940000000001,7.411500000000008,O=C1CC(=O)C2=C(C1)Oc1cc3c(cc1C2)CC1=C(CC(=O)CC1=O)O3
MurC,GyrB,CHEMBL3235070,CCNC(=O)Nc1ccc(-c2cccnc2)cn1,cross_target_decoy_not_inactive,242.282,2.285,c1cncc(-c2cccnc2)c1
MurC,FabI,CHEMBL5833777,Cc1ccn(Cc2ccccc2Cl)c(=O)c1,cross_target_decoy_not_inactive,233.698,2.8584200000000015,O=c1ccccn1Cc1ccccc1
MurC,DHFR,CHEMBL369237,COc1ccc(CNc2cnc(N)nc2N)cc1,cross_target_decoy_not_inactive,245.286,1.2616999999999996,c1ccc(CNc2cncnc2)cc1
MurC,MurA,CHEMBL2335231,O=[N+]([O-])/C=C/c1ccc(Br)o1,cross_target_decoy_not_inactive,218.00599999999997,2.2895000000000003,c1ccoc1
MurC,GyrB,CHEMBL3809061,Cn1c(=O)ccc2c(-c3cnc(-c4cccnc4)s3)n[nH]c21,cross_target_decoy_not_inactive,309.35400000000004,2.4471,O=c1ccc2c(-c3cnc(-c4cccnc4)s3)n[nH]c2[nH]1
MurC,FabI,CHEMBL5542487,COc1cccc(N2CC(c3nc4ccccc4n3C)CC2=O)c1C,cross_target_decoy_not_inactive,335.40700000000015,3.410820000000002,O=C1CC(c2nc3ccccc3[nH]2)CN1c1ccccc1
MurC,LpxC,CHEMBL3827730,O=C(NO)[C@@H]1CN(c2ccc(C#CC#CC3CC3)cc2F)C(=O)O1,cross_target_decoy_not_inactive,328.29900000000004,1.4211999999999996,O=C1OCCN1c1ccc(C#CC#CC2CC2)cc1
MurC,PBP2a,CHEMBL121924,C[C@]1(/C=C\c2ccccn2)[C@H](C(=O)[O-])N2C(=O)C[C@H]2S1(=O)=O.[Na+],cross_target_decoy_not_inactive,344.324,-4.037199999999998,O=C1CC2N1CC(C=Cc1ccccn1)S2(=O)=O
MurC,LpxC,CHEMBL107313,CCCc1cc(C2=N[C@@H](C(=O)NO)CO2)cc(OC)c1OC,cross_target_decoy_not_inactive,308.33400000000006,1.3070999999999997,c1ccc(C2=NCCO2)cc1
MurC,LpxC,CHEMBL1956114,C[C@@](CCc1ccc(-c2cccnc2)cc1)(C(=O)NO)S(C)(=O)=O,cross_target_decoy_not_inactive,348.4240000000001,1.9898999999999991,c1ccc(-c2cccnc2)cc1
MurC,LpxC,CHEMBL1668422,C[C@@H](O)[C@@H](NC(=O)c1ccc(C#Cc2ccccc2)cc1)C(=O)NO,cross_target_decoy_not_inactive,338.36300000000006,1.0709999999999997,C(#Cc1ccccc1)c1ccccc1
MurC,MurA,CHEMBL197865,O=C1O/C(=C\c2cccc3ccccc23)C(O)=C1c1ccc(Cl)cc1,cross_target_decoy_not_inactive,348.78499999999997,5.360200000000003,O=C1OC(=Cc2cccc3ccccc23)C=C1c1ccccc1
MurC,Gyr,CHEMBL3329277,CCNC(=O)Nc1ccc(C(=O)Nc2cccc(F)c2)cn1,cross_target_decoy_not_inactive,302.309,2.6144000000000007,O=C(Nc1ccccc1)c1cccnc1
MurC,FabI,CHEMBL62542,Nc1ccc(Cn2cnc(-c3ccsc3)c2)cc1,cross_target_decoy_not_inactive,255.34600000000006,3.2421000000000015,c1ccc(Cn2cnc(-c3ccsc3)c2)cc1
MurC,DHFR,CHEMBL333769,Nc1ccc(Sc2cccc3nc(N)nc(N)c23)cc1,cross_target_decoy_not_inactive,283.36,2.5275999999999996,c1ccc(Sc2cccc3ncncc23)cc1
MurC,LpxH,CHEMBL3672241,CC(c1ccc(-c2cccc3[nH]c(=O)c4sccc4c23)cc1)N(C)C,cross_target_decoy_not_inactive,348.4710000000001,5.032400000000004,O=c1[nH]c2cccc(-c3ccccc3)c2c2ccsc12
MurC,RpoB,CHEMBL174629,O=C(O)c1ccc2c(c1)nc(-c1cccs1)n2C1CCCCC1,cross_target_decoy_not_inactive,326.4210000000002,4.968200000000003,c1csc(-c2nc3ccccc3n2C2CCCCC2)c1
MurC,70S_ribosome,CHEMBL3248511,CCCCCC(CO)NC(=O)/C=C/c1c(C)[nH]c(=O)[nH]c1=O,cross_target_decoy_not_inactive,309.36600000000004,0.44222000000000017,O=c1cc[nH]c(=O)[nH]1
MurC,GyrB,CHEMBL3809400,C=CCn1c(=O)ccc2c(-c3cnc(-c4cccnc4)s3)n[nH]c21,cross_target_decoy_not_inactive,335.392,3.0961000000000007,O=c1ccc2c(-c3cnc(-c4cccnc4)s3)n[nH]c2[nH]1
MurC,LpxC,CHEMBL3827965,O=C(NO)[C@@H]1CN(c2ccc(C#CC#CC3CC3)cc2)C(=O)O1,cross_target_decoy_not_inactive,310.309,1.2820999999999998,O=C1OCCN1c1ccc(C#CC#CC2CC2)cc1
MurC,70S_ribosome,CHEMBL1631491,N[C@@H]1C[C@H](N)[C@@]2(CC[C@@H](O)[C@@H](O)CO2)[C@H](O)[C@H]1O,cross_target_decoy_not_inactive,262.306,-2.962499999999998,C1CCOC2(CC1)CCCCC2
MurC,FabI,CHEMBL260770,Nc1ccc(Cn2ccc(OCc3ccccc3)cc2=O)c(Cl)c1,cross_target_decoy_not_inactive,340.81000000000006,3.7112000000000025,O=c1cc(OCc2ccccc2)ccn1Cc1ccccc1
MurC,70S_ribosome,CHEMBL427409,NC[C@H]1O[C@H](O[C@H]2[C@H](O)[C@@H](O)[C@H](N)C[C@@H]2N)[C@H](N)[C@@H](O)[C@@H]1O,cross_target_decoy_not_inactive,322.362,-5.115599999999994,C1CCC(OC2CCCCO2)CC1
MurC,FabI,CHEMBL3623406,O=c1cc(/C=C/c2ccoc2)occ1Oc1ccc(Cl)cc1Cl,cross_target_decoy_not_inactive,349.169,5.502300000000003,O=c1cc(C=Cc2ccoc2)occ1Oc1ccccc1
MurC,FabI,CHEMBL5859270,CCC1=CC2CN(C(=O)/C=C/c3cnc4c(c3)CCC(=O)N4)CC2C1,cross_target_decoy_not_inactive,337.4230000000001,2.794200000000001,O=C1CCc2cc(C=CC(=O)N3CC4C=CCC4C3)cnc2N1
MurC,DHFR,CHEMBL222461,COc1cc(C(C)C#Cc2c(C)nc(N)nc2N)cc(OC)c1OC,cross_target_decoy_not_inactive,342.3990000000001,2.13042,C(#Cc1cncnc1)Cc1ccccc1
MurC,LeuRS,CHEMBL4081207,Cl.NC[C@H]1OB(O)c2c(OCCO)ccc(Br)c21,cross_target_decoy_not_inactive,338.39399999999995,-0.04050000000000037,B1OCc2ccccc21
MurC,LpxH,CHEMBL3667252,N#CCCc1ccc(-c2c(O)ccc3[nH]c(=O)c4sccc4c23)cc1,cross_target_decoy_not_inactive,346.41100000000006,4.571580000000003,O=c1[nH]c2cccc(-c3ccccc3)c2c2ccsc12
MurC,LpxC,CHEMBL2012204,Cc1cc([C@H](O)[C@](C)(OCc2ccc(-c3ccccc3)cc2)C(=O)NO)no1,cross_target_decoy_not_inactive,382.41600000000005,3.16432,c1ccc(-c2ccc(COCCc3ccon3)cc2)cc1
MurC,LpxC,CHEMBL3697014,CNC(=O)[C@@](C)(C(=O)NO)N(C)C(=O)c1ccc(-c2ccc3c(ccn3C)c2)cc1,cross_target_decoy_not_inactive,408.45800000000014,1.9274000000000002,c1ccc(-c2ccc3[nH]ccc3c2)cc1
MurC,LpxC,CHEMBL2023402,COc1ccc(-c2ccn(CC[C@](C)(C(=O)NO)S(C)(=O)=O)c(=O)c2)c(F)c1,cross_target_decoy_not_inactive,412.4390000000001,1.3617999999999997,O=c1cc(-c2ccccc2)cc[nH]1
MurC,LpxC,CHEMBL3647187,CC(CCc1ccc(Oc2ccccc2F)cc1)(C(=O)NO)S(C)(=O)=O,cross_target_decoy_not_inactive,381.42500000000007,2.8593,c1ccc(Oc2ccccc2)cc1
MurC,DHFR,CHEMBL575632,COc1cc([C@@H](C)C#Cc2c(C)nc(N)nc2N)ccc1-c1c(C(C)C)cccc1C(C)C,cross_target_decoy_not_inactive,442.6070000000002,6.027020000000005,C(#Cc1cncnc1)Cc1ccc(-c2ccccc2)cc1
MurC,Gyr,CHEMBL487832,CCNC(=O)Nc1nc2cc(-c3cccnc3)cc(OCc3ccccc3)c2[nH]1,cross_target_decoy_not_inactive,387.44300000000015,4.345300000000003,c1ccc(COc2cc(-c3cccnc3)cc3nc[nH]c23)cc1
MurC,LpxH,CHEMBL3672263,CC(N)Cc1ccc(-c2c(O)ccc3[nH]c(=O)c4sccc4c23)cc1,cross_target_decoy_not_inactive,350.44300000000004,4.005100000000002,O=c1[nH]c2cccc(-c3ccccc3)c2c2ccsc12
MurC,Gyr,CHEMBL220656,COc1c(-c2cc(C)nc(C)c2)c(F)cc2c(=O)c3c(=O)[nH]sc3n(C3CC3)c12,cross_target_decoy_not_inactive,411.45800000000014,4.065940000000002,O=c1[nH]sc2c1c(=O)c1ccc(-c3ccncc3)cc1n2C1CC1
MurC,LpxC,CHEMBL1668443,C[C@@H](O)[C@@H](NC(=O)N1CCN(c2ccc(C#Cc3ccccn3)cc2)CC1)C(=O)NO,cross_target_decoy_not_inactive,423.4730000000001,0.5678000000000002,C(#Cc1ccccn1)c1ccc(N2CCNCC2)cc1
MurC,Gyr,CHEMBL5406504,O=C1COc2ccc(N3CC(CNCCC4Cc5cccc(Cl)c5C4)OC3=O)nc2N1,cross_target_decoy_not_inactive,442.90300000000013,2.7858,O=C1COc2ccc(N3CC(CNCCC4Cc5ccccc5C4)OC3=O)nc2N1
MurC,MurA,CHEMBL381658,O=C1O/C(=C\c2cccc(C(F)(F)F)c2)C(O)=C1c1cccc2ccccc12,cross_target_decoy_not_inactive,382.33700000000005,5.725600000000004,O=C1OC(=Cc2ccccc2)C=C1c1cccc2ccccc12
MurC,GyrB,CHEMBL3736233,CCNC(=O)Nc1cn(C(=O)c2ccccn2)c2cc(-c3cccnc3)cnc12,cross_target_decoy_not_inactive,386.4150000000001,3.3232000000000026,O=C(c1ccccn1)n1ccc2ncc(-c3cccnc3)cc21
MurC,Gyr,CHEMBL3329299,CCNC(=O)Nc1cc(-c2cccnc2)c(C(=O)Nc2cccnc2)cn1,cross_target_decoy_not_inactive,362.39300000000003,2.9323000000000006,O=C(Nc1cccnc1)c1cnccc1-c1cccnc1
MurC,FabI,CHEMBL304771,COC(=O)c1ccc(C(=O)N2CCc3c(n(Cc4ccc(O)cc4)c4ccccc34)C2)cc1,cross_target_decoy_not_inactive,440.4990000000001,4.380300000000004,O=C(c1ccccc1)N1CCc2c(n(Cc3ccccc3)c3ccccc23)C1
MurC,DHFR,CHEMBL572717,COc1cc(CC#Cc2c(C)nc(N)nc2N)cc(-c2c(C)cccc2C)c1,cross_target_decoy_not_inactive,372.4720000000001,3.8360600000000016,C(#Cc1cncnc1)Cc1cccc(-c2ccccc2)c1
MurC,FabI,CHEMBL3322717,Cc1c(C2CN(C(=O)/C=C/c3cnc4c(c3)CCC(=O)N4)C2)sc2ccccc12,cross_target_decoy_not_inactive,403.5070000000001,4.128620000000003,O=C1CCc2cc(C=CC(=O)N3CC(c4cc5ccccc5s4)C3)cnc2N1
MurC,LpxH,CHEMBL3672297,CC(CN)c1ccc(-c2c(O)ccc3[nH]c(=O)c4sccc4c23)cc1F,cross_target_decoy_not_inactive,368.43300000000005,4.316700000000002,O=c1[nH]c2cccc(-c3ccccc3)c2c2ccsc12
MurC,LeuRS,CHEMBL4172643,CC(C)C[C@H](N)C(=O)NS(=O)(=O)c1cccc(-c2ccnc(N)c2)c1,cross_target_decoy_not_inactive,362.4550000000001,1.5090999999999999,c1ccc(-c2ccncc2)cc1
MurC,Gyr,CHEMBL4763466,CC(=O)Nc1nc2ccc(NC(=O)c3[nH]c(C)c(Cl)c3Cl)cc2s1,cross_target_decoy_not_inactive,383.26000000000005,4.450320000000001,O=C(Nc1ccc2ncsc2c1)c1ccc[nH]1
MurC,LpxH,CHEMBL3667247,COc1ccc2[nH]c(=O)c3sccc3c2c1-c1ccc([C@@H](C)N)cc1,cross_target_decoy_not_inactive,350.4430000000001,4.438100000000003,O=c1[nH]c2cccc(-c3ccccc3)c2c2ccsc12
MurC,70S_ribosome,CHEMBL3114333,N[C@@H](Cc1ccc(O)cc1)C(=O)N[C@@H]1C[C@H](N)[C@@]2(CC[C@@H](O)[C@@H](O)CO2)[C@H](O)[C@H]1O,cross_target_decoy_not_inactive,425.48200000000014,-2.529399999999996,O=C(CCc1ccccc1)NC1CCC2(CCCCCO2)CC1
MurC,LeuRS,CHEMBL4441684,Brc1ccccc1/C=N/Nc1nc(-c2ccccc2)cs1,cross_target_decoy_not_inactive,358.264,5.018600000000003,C(=NNc1nc(-c2ccccc2)cs1)c1ccccc1
MurC,GyrB,CHEMBL565741,CCC(=O)Nc1cn2c(-c3ncc(C)cn3)cc(-c3cccnc3)cc2n1,cross_target_decoy_not_inactive,358.40500000000003,3.510220000000002,c1cnc(-c2cc(-c3cccnc3)cc3nccn23)nc1
MurC,FabI,CHEMBL403703,N#Cc1ccc(COc2ccn(Cc3ccccc3Cl)c(=O)c2)cc1,cross_target_decoy_not_inactive,350.80500000000006,4.000680000000003,O=c1cc(OCc2ccccc2)ccn1Cc1ccccc1
MurC,LpxH,CHEMBL3672266,CC(CN)c1ccc(-c2c(O)ccc3[nH]c(=O)c4sccc4c23)cc1,cross_target_decoy_not_inactive,350.44300000000004,4.177600000000002,O=c1[nH]c2cccc(-c3ccccc3)c2c2ccsc12
MurC,Gyr,CHEMBL5284544,Cc1[nH]c(C(=O)N[C@H]2CCc3nc(NCc4cc(=O)c(O)co4)sc3C2)c(Cl)c1Cl,cross_target_decoy_not_inactive,469.35000000000025,3.6446200000000024,O=C(NC1CCc2nc(NCc3cc(=O)cco3)sc2C1)c1ccc[nH]1
MurC,70S_ribosome,CHEMBL3244794,CCCCSC[C@H](N)C(=O)N[C@H]1[C@@H](O)[C@H](n2cnc3c(N(C)C)ncnc32)O[C@@H]1CO,cross_target_decoy_not_inactive,453.56900000000024,-0.5116999999999972,c1ncc2ncn(C3CCCO3)c2n1
MurC,FtsZ,CHEMBL2207296,COc1cc2cc(-c3cccc(-c4ccc(-c5ccccc5)cc4)c3)[n+](C)c(C)c2cc1OC.[I-],cross_target_decoy_not_inactive,573.4740000000002,3.994920000000005,c1ccc(-c2ccc(-c3cccc(-c4cc5ccccc5c[nH+]4)c3)cc2)cc1
MurC,LpxC,CHEMBL4094466,C[C@@H](O)[C@H](N[C@H]1CCc2cc(C#Cc3ccc(CN4CCN(C)CC4)cc3)ccc21)C(=O)NO,cross_target_decoy_not_inactive,462.5940000000003,1.6654999999999995,C(#Cc1ccc2c(c1)CCC2)c1ccc(CN2CCNCC2)cc1
MurC,70S_ribosome,CHEMBL4553689,CC1=C\[C@@H](O)C[C@H](F)Cc2nc(co2)C(=O)N2CCC[C@@H]2C(=O)O[C@H](C(C)C)[C@H](C)/C=C/C(=O)NC\C=C\1,cross_target_decoy_not_inactive,531.6250000000003,3.3032000000000012,O=C1C=CCCOC(=O)C2CCCN2C(=O)c2coc(n2)CCCCC=CC=CCN1
MurC,LpxC,CHEMBL4070896,CC(C)(N)[C@H](NC1COCc2cc(C#Cc3ccc(CN4CCOCC4)cc3)ccc21)C(=O)NO,cross_target_decoy_not_inactive,478.5930000000003,1.6908000000000005,C(#Cc1ccc2c(c1)COCC2)c1ccc(CN2CCOCC2)cc1
MurC,FabI,CHEMBL567711,Cc1c(CN(C)C(=O)/C=C/c2cnc3c(c2)CC2(CCN(C)CC2)C(=O)N3)oc2ccccc12,cross_target_decoy_not_inactive,458.56200000000024,4.014620000000003,O=C(C=Cc1cnc2c(c1)CC1(CCNCC1)C(=O)N2)NCc1cc2ccccc2o1
MurC,MurA,CHEMBL199320,Cc1cc(/C=C2\OC(O)=C(c3cccc(Cl)c3)C2=O)ccc1-c1ccccc1C(F)(F)F,cross_target_decoy_not_inactive,456.84700000000015,7.2012200000000055,O=C1C(=Cc2ccc(-c3ccccc3)cc2)OC=C1c1ccccc1
MurC,70S_ribosome,CHEMBL4531998,CCN[C@@H]1C[C@H](N)[C@@H](O[C@H]2OC(CN)=C(Cl)C[C@H]2N)[C@H](O)[C@H]1O[C@H]1OC[C@](C)(O)[C@H](NC)[C@H]1O,cross_target_decoy_not_inactive,510.0320000000002,-2.634199999999993,C1=COC(OC2CCCC(OC3CCCCO3)C2)CC1
MurC,LpxC,CHEMBL3892214,CC1(O)CCN(C(=O)COc2ccc(-c3ccc(CC[C@](C)(C(=O)NO)S(C)(=O)=O)cc3)cc2)CC1,cross_target_decoy_not_inactive,518.6320000000003,2.3471,O=C(COc1ccc(-c2ccccc2)cc1)N1CCCCC1
MurC,LpxH,CHEMBL2140408,Cc1csc(-c2nnc(Nc3ccc(Oc4ncccc4-c4ccnc(N)n4)cc3)c3ccccc23)c1,cross_target_decoy_not_inactive,503.59100000000024,6.6368200000000055,c1csc(-c2nnc(Nc3ccc(Oc4ncccc4-c4ccncn4)cc3)c3ccccc23)c1
MurC,LpxC,CHEMBL3697008,CNC(=O)C(C(=O)NO)N(C)C(=O)c1ccc(C#Cc2ccc(CN3CCCOCC3)cc2)cc1,cross_target_decoy_not_inactive,478.5490000000004,1.0007000000000013,C(#Cc1ccc(CN2CCCOCC2)cc1)c1ccccc1
MurC,Gyr,CHEMBL4793836,COC(=O)CNC(=O)c1ccc(NC(=O)c2[nH]c(C)c(Cl)c2Cl)c(O[C@H]2CCNC2)c1.Cl,cross_target_decoy_not_inactive,505.78600000000034,2.9475200000000013,O=C(Nc1ccccc1OC1CCNC1)c1ccc[nH]1
MurC,Gyr,CHEMBL3658987,C[C@H]1CN2c3c(cc4c(-c5cccnn5)noc4c3F)CC3(C(=O)NC(=O)NC3=O)[C@@H]2[C@@H](C)O1,cross_target_decoy_not_inactive,466.42900000000026,1.3145999999999995,O=C1NC(=O)C2(Cc3cc4c(-c5cccnn5)noc4cc3N3CCOCC32)C(=O)N1
MurC,Gyr,CHEMBL6078583,Cc1[nH]c(C(=O)Nc2ccc(C(=O)NS(C)(=O)=O)cc2N2CCOCC2)c(Cl)c1Cl,cross_target_decoy_not_inactive,475.35400000000027,2.40822,O=C(Nc1ccccc1N1CCOCC1)c1ccc[nH]1
MurC,LpxC,CHEMBL4078173,CC(C)(NS(C)(=O)=O)[C@H](NC(=O)c1ccc(-c2cc3ccc(F)cc3o2)cc1)C(=O)NO,cross_target_decoy_not_inactive,463.48700000000014,2.1705,c1ccc(-c2cc3ccccc3o2)cc1
MurC,LpxC,CHEMBL5800668,COC[C@@H](Cc1nc[nH]c(=O)c1O)c1ccc(C#Cc2ccc(CN[C@H]3CCNC3)cc2)cc1,cross_target_decoy_not_inactive,458.56200000000024,2.2995,O=c1cc(CCc2ccc(C#Cc3ccc(CNC4CCNC4)cc3)cc2)nc[nH]1
MurC,70S_ribosome,CHEMBL4470951,CCCCC1=C(CN)O[C@H](O[C@H]2[C@H](O)[C@@H](O[C@H]3OC[C@](C)(O)[C@H](NC)[C@H]3O)[C@H](NCC)C[C@@H]2N)[C@H](N)C1,cross_target_decoy_not_inactive,531.6950000000002,-1.6402999999999914,C1=COC(OC2CCCC(OC3CCCCO3)C2)CC1
MurC,Gyr,CHEMBL5284613,Cc1[nH]c(C(=O)N[C@H]2CCc3nc(NC(=O)CCNC(=O)c4cc(=O)c(O)c[nH]4)sc3C2)c(Cl)c1Cl,cross_target_decoy_not_inactive,553.4280000000001,2.5262200000000004,O=C(CCNC(=O)c1cc(=O)cc[nH]1)Nc1nc2c(s1)CC(NC(=O)c1ccc[nH]1)CC2
MurC,LpxC,CHEMBL3647230,Cc1ccc(OCc2noc(COc3ccc(CCC(C)(C(=O)NO)S(C)(=O)=O)cc3)n2)cc1,cross_target_decoy_not_inactive,489.5500000000002,2.7773200000000005,c1ccc(OCc2noc(COc3ccccc3)n2)cc1
MurC,Gyr,CHEMBL4763407,O=C(O)C(=O)Nc1ccc2nc(NC(=O)c3cc(Br)c(Br)[nH]3)[nH]c2c1,cross_target_decoy_not_inactive,471.065,2.6914,O=C(Nc1nc2ccccc2[nH]1)c1ccc[nH]1
MurC,Gyr,CHEMBL6108958,Cc1[nH]c(C(=O)Nc2ccc(-c3noc(=O)[nH]3)cc2NC2CCNCC2)c(Cl)c1Cl.Cl,cross_target_decoy_not_inactive,487.77500000000015,3.811220000000002,O=C(Nc1ccc(-c2noc(=O)[nH]2)cc1NC1CCNCC1)c1ccc[nH]1
MurC,Gyr,CHEMBL4551876,Cc1nc(-c2cc(NC(=O)CC(=O)NN)ccc2NC(=O)c2cc(Br)c(Br)[nH]2)no1,cross_target_decoy_not_inactive,541.1600000000001,2.468919999999999,O=C(Nc1ccccc1-c1ncon1)c1ccc[nH]1
MurC,Gyr,CHEMBL3659004,C[C@@H]1CN2c3c(cc4c(C(=O)NCC(F)F)noc4c3F)CC3(C(=O)NC(=O)NC3=O)[C@H]2[C@H](C)O1,cross_target_decoy_not_inactive,495.4140000000002,0.8524999999999999,O=C1NC(=O)C2(Cc3cc4cnoc4cc3N3CCOCC32)C(=O)N1
MurC,Gyr,CHEMBL2382342,COc1ccc2nccc([C@@H](O)CC[C@@H]3CCN(C4CC(c5cccc(F)c5)C4)C[C@@H]3C(=O)O)c2c1,cross_target_decoy_not_inactive,492.59100000000024,5.1650000000000045,c1ccc(C2CC(N3CCC(CCCc4ccnc5ccccc45)CC3)C2)cc1
MurC,70S_ribosome,CHEMBL5201220,NC[C@@H]1O[C@H](O[C@H]2[C@@H](O)[C@H](O[C@@H]3[C@@H](O)[C@H](N)C[C@H](N)[C@H]3O[C@H]3O[C@H]4[C@@H](OCC[C@H]4O)[C@H](O)[C@H]3N)O[C@@H]2CO)[C@H](N)[C@@H](O)[C@@H]1O,cross_target_decoy_not_inactive,641.6720000000004,-8.065100000000015,C1CCC(OC2COC(OC3CCCCC3OC3CCC4OCCCC4O3)C2)OC1
MurC,Gyr,CHEMBL6096590,CCOC(CCCOc1c2c(c(C(=O)C(C)C)c3c1[C@@H](C(C)C)C1=C(O3)C(C)(C)C(=O)C(C)(C)C1=O)OC1=C(C(=O)C(C)(C)C(=O)C1(C)C)[C@H]2C(C)C)OCC,cross_target_decoy_not_inactive,777.008,9.264000000000003,O=C1CC(=O)C2=C(C1)Oc1cc3c(cc1C2)CC1=C(CC(=O)CC1=O)O3
MurC,Gyr,CHEMBL6103430,CC(C)C(=O)Oc1c2c(c(C(=O)C(C)C)c3c1[C@@H](C(C)C)C1=C(O3)C(C)(C)C(=O)C(C)(C)C1=O)OC1=C(C(=O)C(C)(C)C(=O)C1(C)C)[C@H]2C(C)C,cross_target_decoy_not_inactive,702.8850000000001,8.267300000000008,O=C1CC(=O)C2=C(C1)Oc1cc3c(cc1C2)CC1=C(CC(=O)CC1=O)O3
MurC,RpoB,CHEMBL1911287,CO[C@H]1/C=C/O[C@@]2(C)Oc3c(C)c(N)c4c(c3C2=O)C(=O)C=C(NC(=O)/C(C)=C\C=C\[C@H](C)[C@H](O)[C@@H](C)[C@@H](O)[C@@H](C)[C@H](OC(C)=O)[C@@H]1C)C4=O,cross_target_decoy_not_inactive,694.7780000000002,3.506920000000002,O=C1C=CC=CCCCCCCCCC=COC2Oc3ccc4c(c3C2=O)C(=O)C=C(N1)C4=O
MurC,70S_ribosome,CHEMBL4453596,CCS[C@H]1[C@H](O)[C@@H](N)[C@@H](O[C@H]2[C@H](O[C@@H]3O[C@H](CO)[C@@H](O[C@H]4O[C@@H](CN)[C@@H](O)[C@H](O)[C@H]4N)[C@H]3O)[C@@H](O)[C@H](N)C[C@@H]2N)O[C@@H]1CO,cross_target_decoy_not_inactive,659.756,-7.1009000000000135,C1CCC(OC2COC(OC3CCCCC3OC3CCCCO3)C2)OC1
PBP2a,MurC,CHEMBL313078,O=[N+]([O-])c1ccc(-n2nc3c(c2O)SCC3)cc1,cross_target_decoy_not_inactive,263.27799999999996,2.1342999999999996,c1ccc(-n2cc3c(n2)CCS3)cc1
PBP2a,FtsZ,CHEMBL417799,C[n+]1cc2c3c(ccc2c2ccc4cc5c(cc4c21)OCO5)OCO3,cross_target_decoy_not_inactive,332.33500000000015,3.4281000000000015,c1cc2c(c[nH+]c3c4cc5c(cc4ccc23)OCO5)c2c1OCO2
PBP2a,Gyr,CHEMBL4747775,Cc1[nH]c(C(=O)Nc2nc3ccc(NC(N)=O)cc3s2)c(Cl)c1Cl,cross_target_decoy_not_inactive,384.24800000000016,3.982520000000001,O=C(Nc1nc2ccccc2s1)c1ccc[nH]1
PBP2a,GyrB,CHEMBL1923427,Cc1[nH]c(C(=O)NC2CCN(c3cc(C(N)=O)cc(Cl)n3)CC2)cc1Br,cross_target_decoy_not_inactive,440.72900000000016,2.6317200000000014,O=C(NC1CCN(c2ccccn2)CC1)c1ccc[nH]1
PBP2a,GyrB,CHEMBL3735216,CCNC(=O)Nc1cn(C2CCCCC2)c2cc(-c3cccnc3)cnc12,cross_target_decoy_not_inactive,363.465,4.744900000000003,c1cncc(-c2cnc3ccn(C4CCCCC4)c3c2)c1
PBP2a,LeuRS,CHEMBL4557148,O=[N+]([O-])c1cccc(-c2csc(N/N=C/c3ccccc3Br)n2)c1,cross_target_decoy_not_inactive,403.261,4.926800000000003,C(=NNc1nc(-c2ccccc2)cs1)c1ccccc1
PBP2a,MurC,CHEMBL6161635,Nc1[nH]c(=O)[nH]c(=O)c1NC(=O)Nc1ccc(C(=O)N[C@@H](CCC(=O)O)C(=O)O)cc1,cross_target_decoy_not_inactive,434.3650000000002,-0.6628000000000005,O=C(Nc1ccccc1)Nc1c[nH]c(=O)[nH]c1=O
PBP2a,LpxC,CHEMBL2023398,COc1ccccc1-c1ccn(CC[C@](C)(C(=O)NO)S(C)(=O)=O)c(=O)c1,cross_target_decoy_not_inactive,394.44900000000007,1.2226999999999992,O=c1cc(-c2ccccc2)cc[nH]1
PBP2a,DHFR,CHEMBL334017,Nc1nc(N)c2c(Sc3ccc(C4CCCCC4)cc3)cccc2n1,cross_target_decoy_not_inactive,350.49100000000004,4.993100000000003,c1cc(Sc2ccc(C3CCCCC3)cc2)c2cncnc2c1
PBP2a,GyrB,CHEMBL1923433,Cc1[nH]c(C(=O)NC2CCN(c3ncc(C(=O)O)s3)CC2)c(Cl)c1Cl,cross_target_decoy_not_inactive,403.29100000000017,3.1834200000000017,O=C(NC1CCN(c2nccs2)CC1)c1ccc[nH]1
PBP2a,Gyr,CHEMBL5435353,O=C1COc2ccc(N3CC(CCCNC4Cc5ccc(F)cc5C4)OC3=O)nc2N1,cross_target_decoy_not_inactive,426.4480000000001,2.4139999999999997,O=C1COc2ccc(N3CC(CCCNC4Cc5ccccc5C4)OC3=O)nc2N1
PBP2a,Gyr,CHEMBL5400665,N#Cc1cccc2c1CC(CNCCC1CN(c3ccc4c(n3)NC(=O)CO4)C(=O)O1)C2,cross_target_decoy_not_inactive,433.4680000000002,2.00408,O=C1COc2ccc(N3CC(CCNCC4Cc5ccccc5C4)OC3=O)nc2N1
PBP2a,MurC,CHEMBL4459818,CC1CN(C(=O)c2ccc(C(=O)O)cc2)Cc2c1nc(-c1ccccc1)[nH]c2=O,cross_target_decoy_not_inactive,389.41100000000006,2.8946000000000005,O=C(c1ccccc1)N1CCc2nc(-c3ccccc3)[nH]c(=O)c2C1
PBP2a,LpxC,CHEMBL1668429,C[C@@H](O)[C@H](C(=O)NO)N1Cc2cc(-c3ccc(C#Cc4ccccc4)cc3)ccc2C1=O,cross_target_decoy_not_inactive,426.47200000000015,2.964000000000002,O=C1NCc2cc(-c3ccc(C#Cc4ccccc4)cc3)ccc21
PBP2a,LpxH,CHEMBL3672274,CCN[C@H](CC)c1ccc(-c2c(O)ccc3[nH]c(=O)c4sccc4c23)cc1,cross_target_decoy_not_inactive,378.4970000000001,5.176000000000005,O=c1[nH]c2cccc(-c3ccccc3)c2c2ccsc12
PBP2a,GyrB,CHEMBL3735336,CCNC(=O)Nc1cn(-c2ncc(C#N)cn2)c2cc(-c3cccnc3)cnc12,cross_target_decoy_not_inactive,384.4030000000001,2.8905800000000017,c1cnc(-n2ccc3ncc(-c4cccnc4)cc32)nc1
PBP2a,FtsZ,CHEMBL3416821,CCC(CC)c1cc([C@H]2CN3CC[C@H]2C[C@@H]3CNCc2ccc(CO)o2)nc(-c2ccncc2)n1,cross_target_decoy_not_inactive,475.63700000000017,4.495100000000004,c1coc(CNCC2CC3CCN2CC3c2ccnc(-c3ccncc3)n2)c1
RpoB,D-Ala-D-Ala,CHEMBL4472847,O=C(NNC(=S)Nc1ccccc1Cl)c1ccccc1O,cross_target_decoy_not_inactive,321.78900000000004,2.677000000000001,O=C(NNC(=S)Nc1ccccc1)c1ccccc1
RpoB,FabI,CHEMBL5523412,Cc1c(O)cccc1N1CC(c2nc3ccccc3n2C)CC1=O,cross_target_decoy_not_inactive,321.3800000000001,3.107820000000001,O=C1CC(c2nc3ccccc3[nH]2)CN1c1ccccc1
RpoB,DHFR,CHEMBL123061,CCC(C)(C)c1ccc(Sc2cccc3nc(N)nc(N)c23)cc1,cross_target_decoy_not_inactive,338.4800000000001,4.633000000000003,c1ccc(Sc2cccc3ncncc23)cc1
RpoB,PBP2a,CHEMBL121924,C[C@]1(/C=C\c2ccccn2)[C@H](C(=O)[O-])N2C(=O)C[C@H]2S1(=O)=O.[Na+],cross_target_decoy_not_inactive,344.324,-4.037199999999998,O=C1CC2N1CC(C=Cc1ccccn1)S2(=O)=O
RpoB,FtsZ,CHEMBL3423282,Cc1nc2ccccc2n1C(=O)/C=C/c1ccc(Cl)cc1Cl,cross_target_decoy_not_inactive,331.202,5.0051200000000025,O=C(C=Cc1ccccc1)n1cnc2ccccc21
RpoB,LeuRS,CHEMBL4089141,Cl.NCC1OB(O)c2c(Oc3ccccc3)ccc(Cl)c21,cross_target_decoy_not_inactive,325.988,2.2716000000000003,B1OCc2cccc(Oc3ccccc3)c21
RpoB,FabI,CHEMBL5556320,Cn1c(C2CC(=O)N(c3cccc(Cl)c3F)C2)nc2ccccc21,cross_target_decoy_not_inactive,343.78900000000004,3.886300000000003,O=C1CC(c2nc3ccccc3[nH]2)CN1c1ccccc1
RpoB,LpxH,CHEMBL3667248,C[C@@H](N)c1ccc(-c2c(O)ccc3[nH]c(=O)c4sccc4c23)cc1,cross_target_decoy_not_inactive,336.41600000000005,4.135100000000002,O=c1[nH]c2cccc(-c3ccccc3)c2c2ccsc12
RpoB,FabI,CHEMBL1466536,Cc1cccc(N2CC(c3nc4ccccc4n3C)CC2=O)c1C,cross_target_decoy_not_inactive,319.40800000000013,3.7106400000000015,O=C1CC(c2nc3ccccc3[nH]2)CN1c1ccccc1
RpoB,LeuRS,CHEMBL4097736,Cl.NC[C@@H]1OB(O)c2c(OCCO)ccc(Br)c21,cross_target_decoy_not_inactive,338.39399999999995,-0.04050000000000037,B1OCc2ccccc21
RpoB,DHFR,CHEMBL56146,Nc1ncc(Cc2ccc(OCc3ccccc3)cc2)c(N)n1,cross_target_decoy_not_inactive,306.369,2.8108000000000004,c1ccc(COc2ccc(Cc3cncnc3)cc2)cc1
RpoB,LpxC,CHEMBL2012183,CC(CO)(NC(=O)c1ccc(-c2ccccc2)cc1)C(=O)NO,cross_target_decoy_not_inactive,314.34100000000007,1.3398,c1ccc(-c2ccccc2)cc1
RpoB,LpxC,CHEMBL3647096,CC(CCc1ccc(-c2cccc(C#N)c2)cc1)(C(=O)NO)S(C)(=O)=O,cross_target_decoy_not_inactive,372.4460000000001,2.4665799999999996,c1ccc(-c2ccccc2)cc1
RpoB,LpxC,CHEMBL1236446,CCCCCCCCCCCCCC(=O)O[C@@H]1[C@@H](CC(=O)NO)CO[C@H](CO)[C@H]1O,cross_target_decoy_not_inactive,431.57000000000016,2.863,C1CCOCC1
RpoB,DHFR,CHEMBL367882,Nc1ncc(OCc2ccc(OCCCCN3C(=O)c4ccccc4C3=O)cc2)c(N)n1,cross_target_decoy_not_inactive,433.46800000000013,2.6752000000000002,O=C1c2ccccc2C(=O)N1CCCCOc1ccc(COc2cncnc2)cc1
RpoB,GyrB,CHEMBL1923429,Cc1[nH]c(C(=O)NC2CCN(c3cc(C(N)=O)cc(Cl)n3)CC2)cc1C#N,cross_target_decoy_not_inactive,386.8430000000002,1.7409000000000001,O=C(NC1CCN(c2ccccn2)CC1)c1ccc[nH]1
RpoB,FabI,CHEMBL2178294,CCCNS(=O)(=O)c1ccc(Oc2ccc(CC)cc2O)c(F)c1,cross_target_decoy_not_inactive,353.415,3.574300000000002,c1ccc(Oc2ccccc2)cc1
RpoB,FabI,CHEMBL5906463,COc1ccncc1C1=CC2CN(C(=O)/C=C/c3cnc4c(c3)CCC(=O)N4)CC2C1,cross_target_decoy_not_inactive,416.4810000000003,2.945000000000001,O=C1CCc2cc(C=CC(=O)N3CC4C=C(c5cccnc5)CC4C3)cnc2N1
RpoB,Gyr,CHEMBL3357990,Cc1noc2c(F)c3c(cc12)CC1(C(=O)NC(=O)NC1=O)C1C(C)CC(C)CN31,cross_target_decoy_not_inactive,400.41000000000014,2.0347199999999996,O=C1NC(=O)C2(Cc3cc4cnoc4cc3N3CCCCC32)C(=O)N1
RpoB,LpxC,CHEMBL2420203,C[C@](O)(c1ccc(O)cc1)[C@H](NC(=O)c1ccc(C#CC#Cc2ccc(N)cc2)cc1)C(=O)NO,cross_target_decoy_not_inactive,469.4970000000002,1.8890999999999998,O=C(NCCc1ccccc1)c1ccc(C#CC#Cc2ccccc2)cc1
RpoB,Gyr,CHEMBL4798088,CCCCCN(CCCCC)Cc1cc(C(=O)O)ccc1NC(=O)c1cc2cc(F)cc(NC)c2[nH]c1=O,cross_target_decoy_not_inactive,524.6370000000002,5.841800000000004,O=C(Nc1ccccc1)c1cc2ccccc2[nH]c1=O
RpoB,Gyr,CHEMBL4868407,Cc1[nH]c(C(=O)Nc2nc3c(OCc4ccccc4)cc(C(N)=O)cc3s2)c(Cl)c1Cl,cross_target_decoy_not_inactive,475.3570000000002,5.169820000000002,O=C(Nc1nc2c(OCc3ccccc3)cccc2s1)c1ccc[nH]1
RpoB,MurC,CHEMBL4474051,Cc1c(N2CCN(C)[C@H](C)C2)ccc2c3c(c(=O)oc12)CN(C(=O)c1ccc(NS(C)(=O)=O)c(Cl)c1)CC3,cross_target_decoy_not_inactive,559.0880000000001,3.4651200000000024,O=C(c1ccccc1)N1CCc2c(c(=O)oc3cc(N4CCNCC4)ccc23)C1
RpoB,MurC,CHEMBL5094059,Cn1c(Nc2ccc(C(=O)N[C@@H](CC(=O)O)C(=O)O)cc2)nc2c1c(=O)n(Cc1ccccc1)c(=O)n2C,cross_target_decoy_not_inactive,520.5020000000002,0.8832999999999991,O=c1[nH]c2nc(Nc3ccccc3)[nH]c2c(=O)n1Cc1ccccc1
RpoB,Gyr,CHEMBL3659001,Cc1ccc(-c2noc3c(F)c4c(cc23)CC2(C(=O)NC(=O)NC2=O)[C@H]2[C@H](C)O[C@H](C)CN42)cn1,cross_target_decoy_not_inactive,479.4680000000002,2.22802,O=C1NC(=O)C2(Cc3cc4c(-c5cccnc5)noc4cc3N3CCOCC32)C(=O)N1
RpoB,Gyr,CHEMBL134293,CC(=O)NC[C@H]1CN(c2ccc(OCC3CCN(c4nc5c(cc4F)c(=O)c(C(=O)O)cn5C4CC4)C3)c(F)c2)C(=O)O1,cross_target_decoy_not_inactive,597.5750000000004,3.0744000000000007,O=C1OCCN1c1ccc(OCC2CCN(c3ccc4c(=O)ccn(C5CC5)c4n3)C2)cc1
RpoB,TopoIV,CHEMBL4855186,COc1ccc2ccc(F)c(C[C@H](O)[C@H]3OC[C@H](NCc4ccc(Cl)c(Cl)c4)CO3)c2n1,cross_target_decoy_not_inactive,481.3510000000002,4.124000000000003,c1ccc(CNC2COC(CCc3cccc4cccnc34)OC2)cc1
RpoB,TopoIV,CHEMBL2424892,COc1cnc2ccc(F)c([C@@H](O)[C@H](O)[C@@H]3CC[C@@H](NCc4ccc5c(n4)NC(=O)CS5)CO3)c2n1,cross_target_decoy_not_inactive,515.5670000000002,1.9484,O=C1CSc2ccc(CNC3CCC(CCc4cccc5nccnc45)OC3)nc2N1
RpoB,Gyr,CHEMBL5172158,N#Cc1cnc2ccc(=O)n(CCN[C@H]3CC[C@H]4[C@H](C3)OC(=O)N4c3ccc4c(n3)NC(=O)CO4)c2c1,cross_target_decoy_not_inactive,501.50300000000027,1.5301799999999992,O=C1COc2ccc(N3C(=O)OC4CC(NCCn5c(=O)ccc6ncccc65)CCC43)nc2N1
RpoB,DHPS,CHEMBL3827911,COc1cc(NS(=O)(=O)c2ccc(NCc3cnc4nc(N)[nH]c(=O)c4n3)cc2)nc(OC)n1,cross_target_decoy_not_inactive,485.4860000000002,0.5153999999999997,O=c1[nH]cnc2ncc(CNc3ccc(S(=O)(=O)Nc4ccncn4)cc3)nc12
RpoB,TopoIV,CHEMBL4291061,CCNC(=O)Nc1cc(-c2nc(C(F)(F)F)cs2)c(-c2cc(-c3n[nH]c(=O)o3)cnc2N2[C@@H]3CC[C@H]2C[C@@H](N)C3)cn1,cross_target_decoy_not_inactive,601.615,4.2291000000000025,O=c1[nH]nc(-c2cnc(N3C4CCCC3CC4)c(-c3cnccc3-c3nccs3)c2)o1
RpoB,Gyr,CHEMBL6102177,CC(C)C(=O)c1c2c(c(OCCN3CCCCCC3)c3c1OC1=C(C(=O)C(C)(C)C(=O)C1(C)C)[C@@H]3C(C)C)[C@H](C(C)C)C1=C(O2)C(C)(C)C(=O)C(C)(C)C1=O,cross_target_decoy_not_inactive,758.009,8.960700000000005,O=C1CC(=O)C2=C(C1)Oc1cc3c(c(OCCN4CCCCCC4)c1C2)CC1=C(CC(=O)CC1=O)O3
RpoB,LeuRS,CHEMBL4864965,CC(C)C[C@H](N)C(=O)NS(=O)(=O)OC[C@H]1OC[C@@H](CCCn2cc(-c3ccc(OC(F)(F)F)cc3)nn2)[C@H](O)[C@@H]1O,cross_target_decoy_not_inactive,609.6240000000004,1.1117000000000015,c1ccc(-c2cn(CCCC3CCCOC3)nn2)cc1
RpoB,Gyr,CHEMBL6177620,CC(C)Oc1c(NC(=O)c2ccc(NC(=O)[C@H](CN)NC(=O)c3ccc(NC(=O)c4ccc(C#N)cc4)cc3)cc2)ccc(C(=O)Nc2ccc(C(=O)O)cc2)c1O,cross_target_decoy_not_inactive,783.7980000000002,5.201980000000003,O=C(CNC(=O)c1ccc(NC(=O)c2ccccc2)cc1)Nc1ccc(C(=O)Nc2ccc(C(=O)Nc3ccccc3)cc2)cc1
RpoB,70S_ribosome,CHEMBL4203781,CC[C@H]1OC(=O)[C@@](C)(F)C(=O)[C@H](C)[C@@H](O[C@@H]2O[C@H](C)C[C@H](N(C)C)[C@H]2O)[C@](C)(OC)C[C@@H](C)C(=O)[C@H](C)[C@H]2N(CCCCN=[N+]=[N-])C(=O)O[C@]12C,cross_target_decoy_not_inactive,727.8719999999998,4.372900000000004,O=C1CC(=O)OCC2OC(=O)NC2CC(=O)CCCC(OC2CCCCO2)C1
RpoB,70S_ribosome,CHEMBL557931,CC[C@H]1OC(=O)[C@H](C)[C@@H](O[C@H]2C[C@@](C)(OC)[C@@H](O)[C@H](C)O2)[C@H](C)[C@@H](O[C@@H]2O[C@H](C)C[C@H](N(C)C)[C@H]2O)[C@](C)(OC)C[C@@H](C)C(=O)N[C@H](C)[C@@H](O)[C@]1(C)O,cross_target_decoy_not_inactive,762.9790000000002,1.7392000000000052,O=C1CCCC(OC2CCCCO2)CC(OC2CCCCO2)CC(=O)OCCCCN1
RpoB,70S_ribosome,CHEMBL4790510,CC(=O)NCCC[C@@H](NC(=O)CNC(=O)[C@H](C)NC(=O)[C@@H](NC(=O)[C@@H](N)CCCCN)[C@@H](O)CN)C(=O)N1CCC[C@H]1C(=O)N[C@@H](Cc1c[nH]cn1)C(=O)N[C@@H](CCCCN)C(=O)N/C(=C\CCNC(=N)N)C(=O)O,cross_target_decoy_not_inactive,1063.2329999999993,-6.717630000000012,O=C(NCCc1c[nH]cn1)C1CCCN1
RpoB,Gyr,CHEMBL2205317,C=C1CC[C@@H](O[C@H]2C[C@@](O)([C@H](C)NC(=O)c3[nH]cc(Cl)c3Cl)[C@H](O)[C@@H](C)O2)[C@@H]2C=C[C@H](C)C(/C(O)=C3\C(=O)[C@H](C(C)C)N([C@H]4O[C@H](C)[C@H](OC(N)=O)[C@H](OC(C)=O)[C@@H]4OC)C3=O)[C@@H]12,cross_target_decoy_not_inactive,925.8570000000001,3.8598000000000035,C=C1CCC(OC2CC(CNC(=O)c3ccc[nH]3)CCO2)C2C=CCC(C=C3C(=O)CN(C4CCCCO4)C3=O)C12
RpoB,Gyr,CHEMBL6173407,CC(C)Oc1c(NC(=O)c2ccc(NC(=O)[C@H](CCCN)NC(=O)c3ccc(NC(=O)c4ccc(C#N)cc4)cc3)cc2)ccc(C(=O)Nc2ccc(C(=O)O)cc2)c1O,cross_target_decoy_not_inactive,811.8520000000003,5.982180000000004,O=C(CNC(=O)c1ccc(NC(=O)c2ccccc2)cc1)Nc1ccc(C(=O)Nc2ccc(C(=O)Nc3ccccc3)cc2)cc1
RpoB,70S_ribosome,CHEMBL3244604,CO[C@@H]1[C@@H](O[C@@H]2O[C@H](C)[C@@H](O[C@H]3C[C@@](C)(O)[C@@H](OC(=O)CC(C)C)[C@H](C)O3)[C@H](N(C)C)[C@H]2OC(=O)CCC(=O)O)[C@@H](CC=O)C[C@@H](C)[C@@H](O)/C=C/C=C/C[C@@H](C)OC(=O)C[C@H]1OC(C)=O,cross_target_decoy_not_inactive,928.0790000000001,3.429100000000009,O=C1CCCC(OC2CCC(OC3CCCCO3)CO2)CCCCC=CC=CCCO1
RpoB,70S_ribosome,CHEMBL4748593,C[C@H](NC(=O)[C@@H](NC(=O)[C@@H](N)CCCCN)[C@@H](O)[C@@H](C)N)C(=O)NCC(=O)N[C@H](CCCN)C(=O)N1CCC[C@H]1C(=O)N[C@@H](Cc1c[nH]cn1)C(=O)N[C@@H](CCCCN)C(=O)N/C(=C\CCNC(=N)N)C(=O)O,cross_target_decoy_not_inactive,1035.2229999999993,-6.506530000000013,O=C(NCCc1c[nH]cn1)C1CCCN1
TopoIV,MurC,CHEMBL4538051,O=C(O)c1ccc(C(=O)N2CCc3c(c(=O)[nH]c4ccccc34)C2)cc1,cross_target_decoy_not_inactive,348.358,2.4248000000000003,O=C(c1ccccc1)N1CCc2c(c(=O)[nH]c3ccccc23)C1
TopoIV,Gyr,CHEMBL3639578,COC[C@@H]1CN2c3c(cc4c(C)noc4c3F)CC3(C(=O)NC(=O)NC3=O)[C@H]2[C@H](C)O1,cross_target_decoy_not_inactive,432.40800000000013,0.79252,O=C1NC(=O)C2(Cc3cc4cnoc4cc3N3CCOCC32)C(=O)N1
TopoIV,LpxH,CHEMBL3672236,CCC(N)c1ccc(-c2c(OC)ccc3[nH]c(=O)c4sccc4c23)cc1,cross_target_decoy_not_inactive,364.4700000000001,4.828200000000003,O=c1[nH]c2cccc(-c3ccccc3)c2c2ccsc12
TopoIV,LpxC,CHEMBL3647213,CC(CCc1ccc(OCc2cccc(F)c2)cc1)(C(=O)NO)S(C)(=O)=O,cross_target_decoy_not_inactive,395.4520000000001,2.646000000000001,c1ccc(COc2ccccc2)cc1
TopoIV,LpxC,CHEMBL3697009,CCOc1ccc(-c2ccc(C(=O)N(C)C(C(=O)NC)C(=O)NO)cc2)cc1,cross_target_decoy_not_inactive,385.42,1.4442999999999995,c1ccc(-c2ccccc2)cc1
TopoIV,FabI,CHEMBL6020252,Cn1nccc1C1=CC2CN(C(=O)/C=C/c3cnc4c(c3)CCC(=O)N4)CC2C1,cross_target_decoy_not_inactive,389.45900000000023,2.2749000000000006,O=C1CCc2cc(C=CC(=O)N3CC4C=C(c5ccn[nH]5)CC4C3)cnc2N1
TopoIV,LpxC,CHEMBL1956130,C[C@@](CCc1ccc(-c2ccc(F)cc2)cc1)(C(=O)NO)S(C)(=O)=O,cross_target_decoy_not_inactive,365.42600000000004,2.734,c1ccc(-c2ccccc2)cc1
TopoIV,LpxC,CHEMBL1668428,C[C@@H](O)[C@H](C(=O)NO)N1Cc2cc(-c3ccc(-c4ccccc4)cc3)ccc2C1=O,cross_target_decoy_not_inactive,402.4500000000001,3.231200000000002,O=C1NCc2cc(-c3ccc(-c4ccccc4)cc3)ccc21
TopoIV,FabI,CHEMBL6004143,COc1ccc(C2=CCN(C(=O)/C=C/c3cnc4c(c3)CCC(=O)N4)CC2)cc1,cross_target_decoy_not_inactive,389.4550000000002,3.304000000000001,O=C1CCc2cc(C=CC(=O)N3CC=C(c4ccccc4)CC3)cnc2N1
TopoIV,PBP2a,CHEMBL4782200,Cn1nc(-c2ccc(OC[C@H]3CC[C@@H](N)CC3)c(F)c2)c2cnc(N)nc21,cross_target_decoy_not_inactive,370.432,2.6479,c1ncc2c(-c3ccc(OCC4CCCCC4)cc3)n[nH]c2n1
TopoIV,FabI,CHEMBL3322710,Cc1ccccc1OCC1CN(C(=O)/C=C/c2cnc3c(c2)CCC(=O)N3)C1,cross_target_decoy_not_inactive,377.4440000000002,2.8253200000000005,O=C1CCc2cc(C=CC(=O)N3CC(COc4ccccc4)C3)cnc2N1
TopoIV,FtsZ,CHEMBL3416948,CN(C)CCNc1nc(/C=C/c2ccc(Cl)cc2)nc2cc3ccccc3cc12,cross_target_decoy_not_inactive,402.92900000000014,5.580300000000005,C(=Cc1ncc2cc3ccccc3cc2n1)c1ccccc1
TopoIV,LpxC,CHEMBL3697005,CNC(=O)C(C(=O)NO)N(C)C(=O)c1ccc(C#Cc2ccccc2)cc1,cross_target_decoy_not_inactive,365.38900000000007,0.7784000000000009,C(#Cc1ccccc1)c1ccccc1
TopoIV,LpxH,CHEMBL3672310,CCC(CC)(CN)c1ccc(-c2c(O)ccc3[nH]c(=O)c4sccc4c23)cc1,cross_target_decoy_not_inactive,392.52400000000017,5.131900000000004,O=c1[nH]c2cccc(-c3ccccc3)c2c2ccsc12
TopoIV,LpxH,CHEMBL5182208,O=S(=O)(N[C@H](CO)Cc1ccc(O)cc1)c1ccc(-c2ccnc3[nH]ccc23)cc1,cross_target_decoy_not_inactive,423.4940000000001,2.8174,O=S(=O)(NCCc1ccccc1)c1ccc(-c2ccnc3[nH]ccc23)cc1
TopoIV,70S_ribosome,CHEMBL3248509,Cc1[nH]c(=O)[nH]c(=O)c1/C=C/C(=O)NC(CO)CSCc1ccccc1,cross_target_decoy_not_inactive,375.4500000000001,0.7953200000000004,O=C(C=Cc1c[nH]c(=O)[nH]c1=O)NCCSCc1ccccc1
TopoIV,LpxC,CHEMBL3696995,CNC(=O)C(C(=O)NO)N(C)C(=O)c1ccc(-c2ccc(N(C)C)cc2)cc1,cross_target_decoy_not_inactive,384.4360000000001,1.1116000000000008,c1ccc(-c2ccccc2)cc1
TopoIV,LpxC,CHEMBL3647103,Cc1cc(F)ccc1-c1ccc(CCC(C)(C(=O)NO)S(C)(=O)=O)cc1,cross_target_decoy_not_inactive,379.45300000000003,3.042420000000001,c1ccc(-c2ccccc2)cc1
TopoIV,GyrB,CHEMBL3739780,CCCc1cccc2c(-c3cnc(-c4ccc(CO)nc4)s3)n[nH]c12,cross_target_decoy_not_inactive,350.447,4.193200000000003,c1cncc(-c2ncc(-c3n[nH]c4ccccc34)s2)c1
TopoIV,MurA,CHEMBL200097,Cc1ccccc1-c1ccc(/C=C2\OC(O)=C(c3cc(Cl)cc(Cl)c3)C2=O)cc1C,cross_target_decoy_not_inactive,437.3220000000002,7.144240000000005,O=C1C(=Cc2ccc(-c3ccccc3)cc2)OC=C1c1ccccc1
TopoIV,FabI,CHEMBL5965182,O=C1CCc2cc(/C=C/C(=O)N3C[C@@H]4CC(c5ccncc5)=C[C@@H]4C3)cnc2N1,cross_target_decoy_not_inactive,386.45500000000004,2.936400000000001,O=C1CCc2cc(C=CC(=O)N3CC4C=C(c5ccncc5)CC4C3)cnc2N1
TopoIV,GyrB,CHEMBL568020,CCNC(=O)Nc1cn2c(-c3ncccn3)cc(-c3ccc(C)nc3)cc2n1,cross_target_decoy_not_inactive,373.4200000000001,3.3031200000000025,c1cnc(-c2cc(-c3cccnc3)cc3nccn23)nc1
TopoIV,LpxC,CHEMBL6176082,Cc1c(COc2cccc(CNC(C(=O)NO)C(C)O)c2)cccc1-c1ccccc1,cross_target_decoy_not_inactive,420.5090000000001,3.585420000000002,c1ccc(OCc2cccc(-c3ccccc3)c2)cc1
TopoIV,DHPS,CHEMBL351250,Nc1nc(O)c(N=O)c(NCCCOc2cc(Cl)cc(Cl)c2)n1,cross_target_decoy_not_inactive,358.185,3.350100000000001,c1ccc(OCCCNc2ccncn2)cc1
TopoIV,Gyr,CHEMBL5435353,O=C1COc2ccc(N3CC(CCCNC4Cc5ccc(F)cc5C4)OC3=O)nc2N1,cross_target_decoy_not_inactive,426.4480000000001,2.4139999999999997,O=C1COc2ccc(N3CC(CCCNC4Cc5ccccc5C4)OC3=O)nc2N1
TopoIV,LpxC,CHEMBL3827313,O=C(NO)[C@@H]1CN(c2ccc(C#Cc3ccc(CN4CCOCC4)cc3)cc2)C(=O)CO1,cross_target_decoy_not_inactive,435.4800000000003,1.1557999999999995,O=C1COCCN1c1ccc(C#Cc2ccc(CN3CCOCC3)cc2)cc1
TopoIV,Gyr,CHEMBL3663190,C[C@@H]1CN2c3c(cc4c(C(=O)NCc5cccs5)noc4c3F)CC3(C(=O)NC(=O)NC3=O)[C@H]2[C@H](C)O1,cross_target_decoy_not_inactive,527.5340000000002,1.8490999999999997,O=C1NC(=O)C2(Cc3cc4c(C(=O)NCc5cccs5)noc4cc3N3CCOCC32)C(=O)N1
TopoIV,MurA,CHEMBL5220137,CCOC(=O)C1=C(O)C(=O)N(c2nc3ccc(C)cc3s2)C1c1ccc(-c2ccc(Cl)cc2)o1,cross_target_decoy_not_inactive,494.95600000000013,5.981220000000004,O=C1C=CC(c2ccc(-c3ccccc3)o2)N1c1nc2ccccc2s1
TopoIV,MurC,CHEMBL4483030,Cc1c(N2CCN(C)CC2)ccc2c3c(c(=O)oc12)CN(C(=O)c1ccc(NS(C)(=O)=O)c(OC(F)(F)F)c1)CC3,cross_target_decoy_not_inactive,594.6120000000003,3.3218200000000024,O=C(c1ccccc1)N1CCc2c(c(=O)oc3cc(N4CCNCC4)ccc23)C1
TopoIV,Gyr,CHEMBL2382386,COc1ccc2nccc([C@@H](O)CC[C@@H]3CCN(C4CC(c5cc(SC)ccc5F)C4)C[C@@H]3C(=O)O)c2c1,cross_target_decoy_not_inactive,538.6850000000003,5.886900000000006,c1ccc(C2CC(N3CCC(CCCc4ccnc5ccccc45)CC3)C2)cc1
TopoIV,Gyr,CHEMBL4742654,CNc1cc(F)cc2cc(C(=O)Nc3ccc(C(=O)N(C)CCN4CCOCC4)cc3)c(=O)[nH]c12,cross_target_decoy_not_inactive,481.5280000000004,2.3653999999999993,O=C(NCCN1CCOCC1)c1ccc(NC(=O)c2cc3ccccc3[nH]c2=O)cc1
TopoIV,MurC,CHEMBL91833,CN(C)c1ccc(S(=O)(=O)N2CCOCC2)cc1C(=O)Nc1sc2c(c1C#N)CCC2,cross_target_decoy_not_inactive,460.58100000000024,2.44768,O=C(Nc1cc2c(s1)CCC2)c1cccc(S(=O)(=O)N2CCOCC2)c1
TopoIV,Gyr,CHEMBL2159976,COc1ccc2nccc([C@@H](O)CC[C@@H]3CCN(CCSc4cccs4)C[C@@H]3C(=O)O)c2c1,cross_target_decoy_not_inactive,486.6590000000002,4.933500000000004,c1csc(SCCN2CCC(CCCc3ccnc4ccccc34)CC2)c1
TopoIV,MurC,CHEMBL409244,N#Cc1cc(CCc2ccncc2)sc1NC(=O)c1cc(S(=O)(=O)N2CCOCC2)ccc1Cl,cross_target_decoy_not_inactive,517.0320000000004,3.726580000000002,O=C(Nc1ccc(CCc2ccncc2)s1)c1cccc(S(=O)(=O)N2CCOCC2)c1
TopoIV,MurA,CHEMBL195098,O=C(CCC1C(=O)N(c2ccc(Cl)cc2)N(c2ccc(Cl)cc2)C1=O)c1ccc(F)cc1,cross_target_decoy_not_inactive,471.31500000000017,5.706600000000004,O=C(CCC1C(=O)N(c2ccccc2)N(c2ccccc2)C1=O)c1ccccc1
TopoIV,MurC,CHEMBL6103492,Nc1nc(N)c(NC(=O)Nc2ccc(C(=O)N[C@@H](CCc3nnn[nH]3)C(=O)O)cc2Cl)c(=O)[nH]1,cross_target_decoy_not_inactive,491.8560000000003,-0.4394000000000004,O=C(Nc1ccc(C(=O)NCCCc2nnn[nH]2)cc1)Nc1cnc[nH]c1=O
TopoIV,Gyr,CHEMBL6078472,Cc1[nH]c(C(=O)Nc2ccc(-n3nn[nH]c3=O)cc2N2CC[C@H](NC(=O)OC(C)(C)C)C2)c(Cl)c1Cl,cross_target_decoy_not_inactive,537.4080000000004,3.254620000000002,O=C(Nc1ccc(-n2nn[nH]c2=O)cc1N1CCCC1)c1ccc[nH]1
TopoIV,Gyr,CHEMBL2424878,COc1ccc2ncc(F)c([C@@H](O)[C@H](O)[C@@H]3CC[C@@H](NCc4cc5c(nn4)OCCS5)CO3)c2n1,cross_target_decoy_not_inactive,503.5560000000003,1.7837,c1cnc2c(CCC3CCC(NCc4cc5c(nn4)OCCS5)CO3)ccnc2c1
TopoIV,Gyr,CHEMBL4520753,COC(=O)CC(=O)Nc1ccc(NC(=O)c2cc(Br)c(Br)[nH]2)c(-c2noc(C)n2)c1,cross_target_decoy_not_inactive,541.1560000000001,3.652020000000001,O=C(Nc1ccccc1-c1ncon1)c1ccc[nH]1
TopoIV,LeuRS,CHEMBL4869028,CCCCCc1ccc(-c2cn(CCC[C@@H]3CO[C@H](COS(=O)(=O)NC(=O)[C@@H](N)CC(C)C)[C@@H](O)[C@H]3O)nn2)cc1,cross_target_decoy_not_inactive,595.7630000000003,1.9458000000000013,c1ccc(-c2cn(CCCC3CCCOC3)nn2)cc1
TopoIV,Gyr,CHEMBL6078282,Cc1[nH]c(C(=O)Nc2ccc(-c3nnn[nH]3)cc2N2CCCC(CNC(=O)OC(C)(C)C)C2)c(Cl)c1Cl,cross_target_decoy_not_inactive,549.4630000000003,4.8034200000000045,O=C(Nc1ccc(-c2nnn[nH]2)cc1N1CCCCC1)c1ccc[nH]1
TopoIV,Gyr,CHEMBL3663215,C[C@@H]1CN2c3c(cc4c(-c5ncnn5C)noc4c3F)CC3(C(=O)NC(=O)NC3=O)[C@H]2[C@H](C)O1,cross_target_decoy_not_inactive,469.4330000000002,0.6530999999999999,O=C1NC(=O)C2(Cc3cc4c(-c5ncn[nH]5)noc4cc3N3CCOCC32)C(=O)N1
TopoIV,Gyr,CHEMBL5184104,COc1cnc2ccc(=O)n(CCN[C@H]3CC[C@H]4[C@H](C3)OC(=O)N4c3ccc4c(n3)NC(=O)CO4)c2c1,cross_target_decoy_not_inactive,506.5190000000003,1.667099999999999,O=C1COc2ccc(N3C(=O)OC4CC(NCCn5c(=O)ccc6ncccc65)CCC43)nc2N1
TopoIV,Gyr,CHEMBL4743075,CNc1cc(F)cc2c(NCCN3CCOCC3)c(C(=O)Nc3ccc(C(=O)O)cc3)c(=O)[nH]c12.O=CO,cross_target_decoy_not_inactive,529.5250000000003,2.1043,O=C(Nc1ccccc1)c1c(NCCN2CCOCC2)c2ccccc2[nH]c1=O
TopoIV,MurC,CHEMBL91324,CCN(CC)S(=O)(=O)c1ccc(Cl)c(C(=O)Nc2sc3c(c2C#N)CCC(c2ccc(O)cc2)C3)c1,cross_target_decoy_not_inactive,544.0980000000003,5.534080000000006,O=C(Nc1cc2c(s1)CC(c1ccccc1)CC2)c1ccccc1
TopoIV,Gyr,CHEMBL3658966,C[C@@H]1CN2c3c(cc4c(-n5cncn5)noc4c3F)CC3(C(=O)NC(=O)NC3=O)[C@H]2[C@H](C)O1,cross_target_decoy_not_inactive,455.40600000000023,0.4382999999999996,O=C1NC(=O)C2(Cc3cc4c(-n5cncn5)noc4cc3N3CCOCC32)C(=O)N1
TopoIV,MurA,CHEMBL5220379,CCOC(=O)C1=C(O)C(=O)N(c2nc3ccc(C)cc3s2)C1c1ccc(OC)c2ccccc12,cross_target_decoy_not_inactive,474.5380000000002,5.229620000000004,O=C1C=CC(c2cccc3ccccc23)N1c1nc2ccccc2s1
TopoIV,Gyr,CHEMBL3663194,C[C@@H]1CN2c3c(cc4c(C(=O)N5CCC(F)(F)C5)noc4c3F)CC3(C(=O)NC(=O)NC3=O)[C@H]2[C@H](C)O1,cross_target_decoy_not_inactive,521.4520000000002,1.3388,O=C1NC(=O)C2(Cc3cc4c(C(=O)N5CCCC5)noc4cc3N3CCOCC32)C(=O)N1
TopoIV,RpoB,CHEMBL367225,O=C(N[C@@H](Cc1c[nH]c2ccc(O)cc12)C(=O)O)c1ccc2c(c1)nc(-c1ccoc1)n2C1CCCCC1,cross_target_decoy_not_inactive,512.5660000000004,5.414100000000004,O=C(NCCc1c[nH]c2ccccc12)c1ccc2c(c1)nc(-c1ccoc1)n2C1CCCCC1
TopoIV,Gyr,CHEMBL5092701,NS(=O)(=O)c1ccc(NC(=O)CCN2CCN(c3cc4c(cc3F)c(=O)c(C(=O)O)cn4C3CC3)CC2)cc1,cross_target_decoy_not_inactive,557.6040000000002,1.9719,O=C(CCN1CCN(c2ccc3c(=O)ccn(C4CC4)c3c2)CC1)Nc1ccccc1
TopoIV,Gyr,CHEMBL5412864,C[C@H](C(=O)Nc1cc(F)c2c(c1)CC(CNCCC1CN(c3cnc4c(n3)NC(=O)CO4)C(=O)O1)C2)N(C)C,cross_target_decoy_not_inactive,541.5840000000003,1.555100000000001,O=C1COc2ncc(N3CC(CCNCC4Cc5ccccc5C4)OC3=O)nc2N1
TopoIV,MurA,CHEMBL5199836,CNC(=O)[C@@H](Cc1c[nH]c2ccccc12)NCc1ccc(-n2ccnc2)c(-c2ccc(-c3cc(C(=O)O)c4ccccc4n3)cc2)c1,cross_target_decoy_not_inactive,620.7130000000002,6.380900000000004,c1ccc2nc(-c3ccc(-c4cc(CNCCc5c[nH]c6ccccc56)ccc4-n4ccnc4)cc3)ccc2c1
TopoIV,70S_ribosome,CHEMBL5209331,C[C@@H]1C[C@H](O)[C@H]2O[C@H](O[C@H]3[C@H](O[C@@H]4O[C@H](CO)[C@@H](O[C@H]5O[C@@H](CN)[C@@H](O)[C@H](O)[C@H]5N)[C@H]4O)[C@@H](O)[C@H](N)C[C@@H]3N)[C@H](N)[C@@H](O)[C@@H]2O1,cross_target_decoy_not_inactive,655.699,-7.6766000000000165,C1CCC(OC2COC(OC3CCCCC3OC3CCC4OCCCC4O3)C2)OC1
TopoIV,Gyr,CHEMBL5086519,O=C(CN1CCN(c2cc3c(cc2F)c(=O)c(C(=O)O)cn3C2CC2)CC1)Nc1ccc(S(=O)(=O)Nc2cncc(Cl)n2)cc1,cross_target_decoy_not_inactive,656.0960000000001,3.1786000000000003,O=C(CN1CCN(c2ccc3c(=O)ccn(C4CC4)c3c2)CC1)Nc1ccc(S(=O)(=O)Nc2cnccn2)cc1
TopoIV,FtsZ,CHEMBL2418095,Oc1cc(O)c2c(c1)C/C(Cl)=C\Cc1cc(c(Cl)cc1O)Oc1c(O)cc(cc1O)C/C(Cl)=C\Cc1cc(c(Cl)cc1O)O2,cross_target_decoy_not_inactive,678.3480000000001,8.940799999999992,C1=CCc2cccc(c2)Oc2ccccc2CC=CCc2cccc(c2)Oc2ccc(cc2)C1
TopoIV,Gyr,CHEMBL431453,Cc1c(O)cc(O)c2c1C(=O)OC[C@H](NC(=O)[C@@H]1[C@H](O)CCN1C(=O)[C@@H](N)CO)C(=O)N[C@H](C(=O)N[C@@H](C)C(=O)O)CSC2,cross_target_decoy_not_inactive,641.6560000000002,-3.349879999999991,O=C1OCC(NC(=O)C2CCCN2)C(=O)NCCSCc2ccccc21
TopoIV,70S_ribosome,CHEMBL553222,CC[C@H]1OC(=O)[C@H](C)[C@@H](O[C@H]2C[C@@](C)(OC)[C@@H](O)[C@H](C)O2)[C@H](C)[C@@H](O[C@@H]2O[C@H](C)C[C@H](N(C)C)[C@H]2O)[C@](C)(OC)C[C@@H](C)NC(=O)[C@H](C)[C@@H](O)[C@]1(C)O,cross_target_decoy_not_inactive,762.9790000000002,1.739200000000007,O=C1CCCCOC(=O)CC(OC2CCCCO2)CC(OC2CCCCO2)CCCN1
TopoIV,Gyr,CHEMBL6103064,CCN(CC)CCOc1c2c(c(C(=O)C(C)C)c3c1[C@@H](C(C)C)C1=C(O3)C(C)(C)C(=O)C(C)(C)C1=O)OC1=C(C(=O)C(C)(C)C(=O)C1(C)C)[C@H]2C(C)C,cross_target_decoy_not_inactive,731.9710000000001,8.426500000000008,O=C1CC(=O)C2=C(C1)Oc1cc3c(cc1C2)CC1=C(CC(=O)CC1=O)O3
TopoIV,Gyr,CHEMBL6145018,C=CC[C@H](NC(=O)c1ccc(NC(=O)c2ccc(C#N)cc2)cc1)C(=O)Nc1ccc(C(=O)Nc2ccc(C(=O)Nc3ccc(C(=O)O)cc3)c(O)c2OC(C)C)cc1,cross_target_decoy_not_inactive,794.8210000000001,6.819380000000006,O=C(CNC(=O)c1ccc(NC(=O)c2ccccc2)cc1)Nc1ccc(C(=O)Nc2ccc(C(=O)Nc3ccccc3)cc2)cc1
TopoIV,Gyr,CHEMBL6083136,CC(C)C(=O)c1c2c(c(O)c3c1OC1=C(C(=O)C(C)(C)C(=O)C1(C)C)[C@@H]3C(C)C)[C@@H](C(C)C)C1=C(O2)C(C)(C)C(=O)C(C)(C)C1=O,cross_target_decoy_not_inactive,632.7940000000001,7.411500000000008,O=C1CC(=O)C2=C(C1)Oc1cc3c(cc1C2)CC1=C(CC(=O)CC1=O)O3
TopoIV,Gyr,CHEMBL6096590,CCOC(CCCOc1c2c(c(C(=O)C(C)C)c3c1[C@@H](C(C)C)C1=C(O3)C(C)(C)C(=O)C(C)(C)C1=O)OC1=C(C(=O)C(C)(C)C(=O)C1(C)C)[C@H]2C(C)C)OCC,cross_target_decoy_not_inactive,777.008,9.264000000000003,O=C1CC(=O)C2=C(C1)Oc1cc3c(cc1C2)CC1=C(CC(=O)CC1=O)O3
TopoIV,GyrB,CHEMBL1275892,CO[C@@H]1[C@@H](OC(=O)c2ccc(C)[nH]2)[C@@H](O)[C@H](Oc2ccc3c(O)c(NC(=O)/C=C/c4ccc(O)c(Cl)c4)c(=O)oc3c2)OC1(C)C,cross_target_decoy_not_inactive,655.0560000000002,4.2612200000000025,O=C(C=Cc1ccccc1)Nc1cc2ccc(OC3CC(OC(=O)c4ccc[nH]4)CCO3)cc2oc1=O
TopoIV,Gyr,CHEMBL6078734,CC(C)C(=O)c1c2c(c(OCCN(C)C)c3c1OC1=C(C(=O)C(C)(C)C(=O)C1(C)C)[C@@H]3C(C)C)[C@H](C(C)C)C1=C(O2)C(C)(C)C(=O)C(C)(C)C1=O,cross_target_decoy_not_inactive,703.917,7.64630000000001,O=C1CC(=O)C2=C(C1)Oc1cc3c(cc1C2)CC1=C(CC(=O)CC1=O)O3
TopoIV,70S_ribosome,CHEMBL3251865,CO[C@@H]1[C@@H](O[C@@H]2O[C@H](C)[C@@H](O[C@H]3C[C@@](C)(O)[C@@H](OC(C)=O)[C@H](C)O3)[C@H](N(C)C)[C@H]2O)[C@@H](CC=O)C[C@@H](C)[C@@H](OC(C)=O)/C=C/C=C/C[C@@H](C)OC(=O)C[C@H]1O,cross_target_decoy_not_inactive,785.9250000000002,1.9872000000000072,O=C1CCCC(OC2CCC(OC3CCCCO3)CO2)CCCCC=CC=CCCO1
TopoIV,GyrB,CHEMBL1275847,CO[C@@H]1[C@@H](OC(=O)c2ccc(C)[nH]2)[C@@H](O)[C@H](Oc2ccc3c(O)c(NC(=O)/C=C/c4ccccc4)c(=O)oc3c2C)OC1(C)C,cross_target_decoy_not_inactive,618.639,4.210640000000003,O=C(C=Cc1ccccc1)Nc1cc2ccc(OC3CC(OC(=O)c4ccc[nH]4)CCO3)cc2oc1=O
TopoIV,Gyr,CHEMBL5093987,O=C(CCN1CCN(c2cc3c(cc2F)c(=O)c(C(=O)O)cn3C2CC2)CC1)Nc1ccc(S(=O)(=O)Nc2ncccn2)cc1,cross_target_decoy_not_inactive,635.6780000000001,2.9153000000000002,O=C(CCN1CCN(c2ccc3c(=O)ccn(C4CC4)c3c2)CC1)Nc1ccc(S(=O)(=O)Nc2ncccn2)cc1
TopoIV,70S_ribosome,CHEMBL4538701,CCC[C@H]1[C@H](O)[C@@H](N)[C@@H](O[C@H]2[C@H](O[C@@H]3O[C@H](CO)[C@@H](O[C@H]4O[C@@H](CN)[C@@H](O)[C@H](O)[C@H]4N)[C@H]3O)[C@@H](O)[C@H](N)C[C@@H]2N)O[C@@H]1CO,cross_target_decoy_not_inactive,641.716,-6.8063000000000144,C1CCC(OC2COC(OC3CCCCC3OC3CCCCO3)C2)OC1
TopoIV,GyrB,CHEMBL1275883,C=CCc1cc(C(=O)Nc2c(O)c3ccc(O[C@@H]4OC(C)(C)[C@H](OC)[C@@H](OC(=O)c5ccc(C)[nH]5)[C@H]4O)c(C)c3oc2=O)ccc1O,cross_target_decoy_not_inactive,648.6650000000003,4.245140000000004,O=C(Nc1cc2ccc(OC3CC(OC(=O)c4ccc[nH]4)CCO3)cc2oc1=O)c1ccccc1
TopoIV,RpoB,CHEMBL236921,CO[C@H]1/C=C/O[C@@]2(C)Oc3c(C)c(O)c4c(c3C2=O)C(=O)C=C(NC(=O)/C(C)=C\C=C\[C@H](C)[C@H](O)[C@@H](C)[C@@H](O)[C@@H](C)[C@H](OC(C)=O)[C@@H]1C)C4=O,cross_target_decoy_not_inactive,695.7620000000003,3.630320000000003,O=C1C=CC=CCCCCCCCCC=COC2Oc3ccc4c(c3C2=O)C(=O)C=C(N1)C4=O
TopoIV,70S_ribosome,CHEMBL3251855,CO[C@@H]1[C@@H](O[C@@H]2O[C@H](C)[C@@H](O[C@H]3C[C@@](C)(O)[C@@H](OC(C)=O)[C@H](C)O3)[C@H](N(C)C)[C@H]2O)[C@@H](CC=O)C[C@@H](C)[C@@H](O)/C=C/C=C/C[C@@H](C)OC(=O)C[C@H]1OC(C)=O,cross_target_decoy_not_inactive,785.9250000000002,1.9872000000000065,O=C1CCCC(OC2CCC(OC3CCCCO3)CO2)CCCCC=CC=CCCO1
TopoIV,Gyr,CHEMBL6148317,CC(C)C(=O)c1c2c(c(OCc3ccc([N+](=O)[O-])cc3)c3c1OC1=C(C(=O)C(C)(C)C(=O)C1(C)C)[C@@H]3C(C)C)[C@H](C(C)C)C1=C(O2)C(C)(C)C(=O)C(C)(C)C1=O,cross_target_decoy_not_inactive,767.9159999999999,9.193100000000001,O=C1CC(=O)C2=C(C1)Oc1cc3c(c(OCc4ccccc4)c1C2)CC1=C(CC(=O)CC1=O)O3
TopoIV,Gyr,CHEMBL6102177,CC(C)C(=O)c1c2c(c(OCCN3CCCCCC3)c3c1OC1=C(C(=O)C(C)(C)C(=O)C1(C)C)[C@@H]3C(C)C)[C@H](C(C)C)C1=C(O2)C(C)(C)C(=O)C(C)(C)C1=O,cross_target_decoy_not_inactive,758.009,8.960700000000005,O=C1CC(=O)C2=C(C1)Oc1cc3c(c(OCCN4CCCCCC4)c1C2)CC1=C(CC(=O)CC1=O)O3
TopoIV,Gyr,CHEMBL6144635,CC(C)Oc1c2c(c(C(=O)C(C)C)c3c1[C@@H](C(C)C)C1=C(O3)C(C)(C)C(=O)C(C)(C)C1=O)OC1=C(C(=O)C(C)(C)C(=O)C1(C)C)[C@H]2C(C)C,cross_target_decoy_not_inactive,674.8750000000002,8.493100000000005,O=C1CC(=O)C2=C(C1)Oc1cc3c(cc1C2)CC1=C(CC(=O)CC1=O)O3
TopoIV,Gyr,CHEMBL6142687,CC(C)C(=O)c1c2c(c(OCC3CO3)c3c1OC1=C(C(=O)C(C)(C)C(=O)C1(C)C)[C@@H]3C(C)C)[C@H](C(C)C)C1=C(O2)C(C)(C)C(=O)C(C)(C)C1=O,cross_target_decoy_not_inactive,688.8580000000001,7.483500000000009,O=C1CC(=O)C2=C(C1)Oc1cc3c(c(OCC4CO4)c1C2)CC1=C(CC(=O)CC1=O)O3
TopoIV,MurC,CHEMBL4460077,Cc1c(OCCN(C)C)ccc2c3c(c(=O)oc12)CN(C(=O)c1ccc2c(c1)CS(=O)(=O)N2)CC3.O=C(O)C(F)(F)F,cross_target_decoy_not_inactive,611.5950000000005,3.128920000000001,O=C(c1ccc2c(c1)CS(=O)(=O)N2)N1CCc2c(c(=O)oc3ccccc23)C1
TopoIV,70S_ribosome,CHEMBL557931,CC[C@H]1OC(=O)[C@H](C)[C@@H](O[C@H]2C[C@@](C)(OC)[C@@H](O)[C@H](C)O2)[C@H](C)[C@@H](O[C@@H]2O[C@H](C)C[C@H](N(C)C)[C@H]2O)[C@](C)(OC)C[C@@H](C)C(=O)N[C@H](C)[C@@H](O)[C@]1(C)O,cross_target_decoy_not_inactive,762.9790000000002,1.7392000000000052,O=C1CCCC(OC2CCCCO2)CC(OC2CCCCO2)CC(=O)OCCCCN1
TopoIV,70S_ribosome,CHEMBL1232510,CC[C@H]1OC(=O)[C@@](C)(F)C(=O)[C@H](C)[C@@H](O[C@@H]2O[C@H](C)C[C@H](N(C)C)[C@H]2O)[C@](C)(OC)C[C@@H](C)C(=O)[C@H](C)[C@H]2N(CCCCn3cc(-c4cccc(N)c4)nn3)C(=O)O[C@]12C,cross_target_decoy_not_inactive,845.0229999999997,4.603500000000005,O=C1CC(=O)OCC2OC(=O)N(CCCCn3cc(-c4ccccc4)nn3)C2CC(=O)CCCC(OC2CCCCO2)C1
TopoIV,70S_ribosome,CHEMBL4786196,C[C@H](NC(=O)[C@@H](NC(=O)[C@@H](N)CCCCN)[C@@H](O)CN)C(=O)NCC(=O)N[C@H](CC[C@@H](C)N)C(=O)N1CCC[C@H]1C(=O)N[C@@H](Cc1c[nH]cn1)C(=O)N[C@@H](CCCCN)C(=O)N/C(=C\CCNC(=N)N)C(=O)O,cross_target_decoy_not_inactive,1035.2229999999993,-6.506530000000013,O=C(NCCc1c[nH]cn1)C1CCCN1
TopoIV,70S_ribosome,CHEMBL263367,COC[C@H]1O[C@@H](O[C@@H]2OC[C@@H]3O[C@@]4(OC[C@@H](OC(=O)c5c(C)cc(O)cc5O)[C@@H]5OCO[C@H]54)O[C@H]3[C@H]2O)[C@@H](OC)[C@@H](O)[C@@H]1O[C@@H]1O[C@H](C)[C@H](OC)[C@H](O[C@@H]2O[C@H](C)[C@H]3O[C@]4(C[C@@H](O)[C@H](O[C@H]5C[C@@H](O[C@H]6C[C@](C)([N+](=O)[O-])[C@@H](OC)[C@H](C)O6)[C@H](OC(=O)c6c(C)c(Cl)c(O)c(Cl)c6OC)[C@@H](C)O5)[C@@H](C)O4)O[C@]3(C)[C@@H]2O)[C@H]1O,cross_target_decoy_not_inactive,1631.4209999999994,1.2621400000000191,O=C(OC1COC(OC2CCC3(OC2)OC2COC(OC4CCOC(OC5CCC(OC6CC7OC8(OCC(OC(=O)c9ccccc9)C9OCOC98)OC7CO6)OC5)C4)CC2O3)CC1OC1CCCCO1)c1ccccc1
TopoIV,70S_ribosome,CHEMBL4764251,CNCCC[C@@H](NC(=O)CNC(=O)[C@H](C)NC(=O)[C@@H](NC(=O)[C@@H](N)CCCCN)[C@@H](O)CN)C(=O)N1CCC[C@H]1C(=O)N[C@@H](Cc1c[nH]cn1)C(=O)N[C@@H](CCCCN)C(=O)N/C(=C\CCNC(=N)N)C(=O)O,cross_target_decoy_not_inactive,1035.2229999999993,-6.6343300000000145,O=C(NCCc1c[nH]cn1)C1CCCN1
