molecule_chembl_id,canonical_smiles,pchembl_value,standard_type,standard_value,target_chembl_id,organism,reference_class,canonical_smiles_rdkit,scaffold_smiles,mw,logp,hba,hbd,valid_structure,pchembl_numeric
CHEMBL1232510,CC[C@H]1OC(=O)[C@@](C)(F)C(=O)[C@H](C)[C@@H](O[C@@H]2O[C@H](C)C[C@H](N(C)C)[C@H]2O)[C@](C)(OC)C[C@@H](C)C(=O)[C@H](C)[C@H]2N(CCCCn3cc(-c4cccc(N)c4)nn3)C(=O)O[C@]12C,9.22,Kd,0.6,CHEMBL2363135,Bacteria,70S_ribosome,CC[C@H]1OC(=O)[C@@](C)(F)C(=O)[C@H](C)[C@@H](O[C@@H]2O[C@H](C)C[C@H](N(C)C)[C@H]2O)[C@](C)(OC)C[C@@H](C)C(=O)[C@H](C)[C@H]2N(CCCCn3cc(-c4cccc(N)c4)nn3)C(=O)O[C@]12C,O=C1CC(=O)OCC2OC(=O)N(CCCCn3cc(-c4ccccc4)nn3)C2CC(=O)CCCC(OC2CCCCO2)C1,845.0229999999997,4.603500000000005,14,2,True,9.22
CHEMBL4463502,CC[C@H]1OC(=O)[C@@](C)(F)C(=O)[C@H](C)[C@@H](O[C@@H]2O[C@H](C)C[C@H](N(C)C)[C@H]2O)[C@](C)(OC)C[C@@H](C)C(=O)[C@H](C)[C@H]2N(CCCCn3cc(-c4cccc(N(C)C)c4)nn3)C(=O)O[C@]12C,8.85,Kd,1.4,CHEMBL2363135,Bacteria,70S_ribosome,CC[C@H]1OC(=O)[C@@](C)(F)C(=O)[C@H](C)[C@@H](O[C@@H]2O[C@H](C)C[C@H](N(C)C)[C@H]2O)[C@](C)(OC)C[C@@H](C)C(=O)[C@H](C)[C@H]2N(CCCCn3cc(-c4cccc(N(C)C)c4)nn3)C(=O)O[C@]12C,O=C1CC(=O)OCC2OC(=O)N(CCCCn3cc(-c4ccccc4)nn3)C2CC(=O)CCCC(OC2CCCCO2)C1,873.0769999999997,5.087300000000007,14,1,True,8.85
CHEMBL4203781,CC[C@H]1OC(=O)[C@@](C)(F)C(=O)[C@H](C)[C@@H](O[C@@H]2O[C@H](C)C[C@H](N(C)C)[C@H]2O)[C@](C)(OC)C[C@@H](C)C(=O)[C@H](C)[C@H]2N(CCCCN=[N+]=[N-])C(=O)O[C@]12C,8.68,Kd,2.1,CHEMBL2363135,Bacteria,70S_ribosome,CC[C@H]1OC(=O)[C@@](C)(F)C(=O)[C@H](C)[C@@H](O[C@@H]2O[C@H](C)C[C@H](N(C)C)[C@H]2O)[C@](C)(OC)C[C@@H](C)C(=O)[C@H](C)[C@H]2N(CCCCN=[N+]=[N-])C(=O)O[C@]12C,O=C1CC(=O)OCC2OC(=O)NC2CC(=O)CCCC(OC2CCCCO2)C1,727.8719999999998,4.372900000000004,12,1,True,8.68
CHEMBL532,CC[C@H]1OC(=O)[C@H](C)[C@@H](O[C@H]2C[C@@](C)(OC)[C@@H](O)[C@H](C)O2)[C@H](C)[C@@H](O[C@@H]2O[C@H](C)C[C@H](N(C)C)[C@H]2O)[C@](C)(O)C[C@@H](C)C(=O)[C@H](C)[C@@H](O)[C@]1(C)O,8.678,Kd,2100.0,CHEMBL2363135,Bacteria,70S_ribosome,CC[C@H]1OC(=O)[C@H](C)[C@@H](O[C@H]2C[C@@](C)(OC)[C@@H](O)[C@H](C)O2)[C@H](C)[C@@H](O[C@@H]2O[C@H](C)C[C@H](N(C)C)[C@H]2O)[C@](C)(O)C[C@@H](C)C(=O)[C@H](C)[C@@H](O)[C@]1(C)O,O=C1CCCCOC(=O)CC(OC2CCCCO2)CC(OC2CCCCO2)CCC1,733.9370000000002,1.785600000000004,14,5,True,8.678
CHEMBL4128170,CO[C@H]1/C=C/[C@@](C)(O)/C=C/C(=O)O[C@H](C)[C@@H](C)CC/C=C/1C,8.62,Kd,2.4,CHEMBL2363135,Bacteria,70S_ribosome,CO[C@H]1/C=C/[C@@](C)(O)/C=C/C(=O)O[C@H](C)[C@@H](C)CC/C=C/1C,O=C1C=CCC=CCC=CCCCCO1,308.41800000000006,3.1727000000000016,4,1,True,8.62
CHEMBL3335485,CC[C@H]1OC(=O)[C@H](C)C(=O)C[C@@H](O[C@@H]2O[C@H](C)C[C@H](N(C)C)[C@H]2O)[C@](C)(OC)C[C@@H](C)C(=O)[C@H](C)[C@H]2N(CCCCn3cnc(-c4cccnc4)c3)C(=O)O[C@]12C,8.19,Kd,6.4,CHEMBL2363135,Bacteria,70S_ribosome,CC[C@H]1OC(=O)[C@H](C)C(=O)C[C@@H](O[C@@H]2O[C@H](C)C[C@H](N(C)C)[C@H]2O)[C@](C)(OC)C[C@@H](C)C(=O)[C@H](C)[C@H]2N(CCCCn3cnc(-c4cccnc4)c3)C(=O)O[C@]12C,O=C1CC(=O)OCC2OC(=O)N(CCCCn3cnc(-c4cccnc4)c3)C2CC(=O)CCCC(OC2CCCCO2)C1,797.9909999999998,4.683200000000005,13,1,True,8.19
CHEMBL1136,CC[C@H]1OC(=O)[C@H](C)C(=O)[C@H](C)[C@@H](O[C@@H]2O[C@H](C)C[C@H](N(C)C)[C@H]2O)[C@](C)(OC)C[C@@H](C)C(=O)[C@H](C)[C@H]2N(CCCCn3cnc(-c4cccnc4)c3)C(=O)O[C@]12C,8.19,Kd,6.4,CHEMBL2363135,Bacteria,70S_ribosome,CC[C@H]1OC(=O)[C@H](C)C(=O)[C@H](C)[C@@H](O[C@@H]2O[C@H](C)C[C@H](N(C)C)[C@H]2O)[C@](C)(OC)C[C@@H](C)C(=O)[C@H](C)[C@H]2N(CCCCn3cnc(-c4cccnc4)c3)C(=O)O[C@]12C,O=C1CC(=O)OCC2OC(=O)N(CCCCn3cnc(-c4cccnc4)c3)C2CC(=O)CCCC(OC2CCCCO2)C1,812.0179999999997,4.929200000000005,13,1,True,8.19
CHEMBL1688546,C[C@H]1C(=O)O[C@H](CCNC(=O)Cc2cccc(-c3ccco3)c2)[C@@]2(C)OC(=O)N[C@@H]2[C@@H](C)C(=O)[C@H](C)C[C@@](C)(O)[C@H](O[C@@H]2O[C@H](C)C[C@H](N(C)C)C2O)[C@@H](C)C1=O,8.12,Kd,7.5,CHEMBL2363135,Bacteria,70S_ribosome,C[C@H]1C(=O)O[C@H](CCNC(=O)Cc2cccc(-c3ccco3)c2)[C@@]2(C)OC(=O)N[C@@H]2[C@@H](C)C(=O)[C@H](C)C[C@@](C)(O)[C@H](O[C@@H]2O[C@H](C)C[C@H](N(C)C)C2O)[C@@H](C)C1=O,O=C1CC(=O)OC(CCNC(=O)Cc2cccc(-c3ccco3)c2)C2OC(=O)NC2CC(=O)CCCC(OC2CCCCO2)C1,797.9430000000002,3.4228000000000023,13,4,True,8.12
CHEMBL215226,CN[C@@H]1[C@@H](O)[C@@H](O[C@@H]2[C@@H](O)[C@H](O[C@H]3O[C@H]([C@@H](C)O)[C@@H](O)[C@H](O)[C@H]3N)[C@@H](N)C[C@H]2N)OC[C@]1(C)O,8.05,IC50,8.9,CHEMBL2363135,Bacteria,70S_ribosome,CN[C@@H]1[C@@H](O)[C@@H](O[C@@H]2[C@@H](O)[C@H](O[C@H]3O[C@H]([C@@H](C)O)[C@@H](O)[C@H](O)[C@H]3N)[C@@H](N)C[C@H]2N)OC[C@]1(C)O,C1CCC(OC2CCCC(OC3CCCCO3)C2)OC1,496.5580000000003,-5.6129999999999995,14,10,True,8.05
CHEMBL1572,CCN[C@@H]1C[C@H](N)[C@@H](O[C@H]2OC(CN)=CC[C@H]2N)[C@H](O)[C@H]1O[C@H]1OC[C@](C)(O)[C@H](NC)[C@H]1O,7.7,IC50,20.0,CHEMBL2363135,Bacteria,70S_ribosome,CCN[C@@H]1C[C@H](N)[C@@H](O[C@H]2OC(CN)=CC[C@H]2N)[C@H](O)[C@H]1O[C@H]1OC[C@](C)(O)[C@H](NC)[C@H]1O,C1=COC(OC2CCCC(OC3CCCCO3)C2)CC1,475.58700000000016,-3.200699999999992,12,8,True,7.7
CHEMBL5209318,CCCCCCCCCCCC(=O)N1CCC[C@H]1C(=O)N[C@@H](CCCNC(=N)N)C(=O)N1CCC[C@H]1C(=O)N[C@@H](CCCNC(=N)N)C(=O)N1CCC[C@H]1C(=O)N1CCC[C@H]1C(=O)N[C@@H](CCCNC(=N)N)C(=O)NCCCNCCCCNCCCN,7.66,Ki,21.7,CHEMBL2363135,Bacteria,70S_ribosome,CCCCCCCCCCCC(=O)N1CCC[C@H]1C(=O)N[C@@H](CCCNC(=N)N)C(=O)N1CCC[C@H]1C(=O)N[C@@H](CCCNC(=N)N)C(=O)N1CCC[C@H]1C(=O)N1CCC[C@H]1C(=O)N[C@@H](CCCNC(=N)N)C(=O)NCCCNCCCCNCCCN,O=C(NCC(=O)N1CCCC1C(=O)NCC(=O)N1CCCC1C(=O)N1CCCC1)C1CCCN1,1241.6879999999999,-0.06999000000002875,14,16,True,7.66
CHEMBL4538701,CCC[C@H]1[C@H](O)[C@@H](N)[C@@H](O[C@H]2[C@H](O[C@@H]3O[C@H](CO)[C@@H](O[C@H]4O[C@@H](CN)[C@@H](O)[C@H](O)[C@H]4N)[C@H]3O)[C@@H](O)[C@H](N)C[C@@H]2N)O[C@@H]1CO,7.51,IC50,31.0,CHEMBL2363135,Bacteria,70S_ribosome,CCC[C@H]1[C@H](O)[C@@H](N)[C@@H](O[C@H]2[C@H](O[C@@H]3O[C@H](CO)[C@@H](O[C@H]4O[C@@H](CN)[C@@H](O)[C@H](O)[C@H]4N)[C@H]3O)[C@@H](O)[C@H](N)C[C@@H]2N)O[C@@H]1CO,C1CCC(OC2COC(OC3CCCCC3OC3CCCCO3)C2)OC1,641.716,-6.8063000000000144,18,12,True,7.51
CHEMBL184618,NC[C@@H]1O[C@H](O[C@H]2[C@@H](O)[C@H](O[C@@H]3[C@@H](O)[C@H](N)C[C@H](N)[C@H]3O[C@H]3O[C@H](CN)[C@@H](O)[C@H](O)[C@H]3N)O[C@@H]2CO)[C@H](N)[C@@H](O)[C@@H]1O,7.5,IC50,32.0,CHEMBL2363135,Bacteria,70S_ribosome,NC[C@@H]1O[C@H](O[C@H]2[C@@H](O)[C@H](O[C@@H]3[C@@H](O)[C@H](N)C[C@H](N)[C@H]3O[C@H]3O[C@H](CN)[C@@H](O)[C@H](O)[C@H]3N)O[C@@H]2CO)[C@H](N)[C@@H](O)[C@@H]1O,C1CCC(OC2COC(OC3CCCCC3OC3CCCCO3)C2)OC1,614.6500000000003,-8.895300000000017,19,13,True,7.5
CHEMBL5185367,CCCCCCCCCC(=O)N1CCC[C@H]1C(=O)N[C@@H](CCCNC(=N)N)C(=O)N1CCC[C@H]1C(=O)N[C@@H](CCCNC(=N)N)C(=O)N1CCC[C@H]1C(=O)N1CCC[C@H]1C(=O)N[C@@H](CCCNC(=N)N)C(=O)NCCCNCCCCNCCCN,7.47,Ki,33.8,CHEMBL2363135,Bacteria,70S_ribosome,CCCCCCCCCC(=O)N1CCC[C@H]1C(=O)N[C@@H](CCCNC(=N)N)C(=O)N1CCC[C@H]1C(=O)N[C@@H](CCCNC(=N)N)C(=O)N1CCC[C@H]1C(=O)N1CCC[C@H]1C(=O)N[C@@H](CCCNC(=N)N)C(=O)NCCCNCCCCNCCCN,O=C(NCC(=O)N1CCCC1C(=O)NCC(=O)N1CCCC1C(=O)N1CCCC1)C1CCCN1,1213.6339999999998,-0.8501900000000231,14,16,True,7.47
CHEMBL5428248,CS[C@H]1O[C@H]([C@H](NC(=O)[C@H]2NC[C@@H]3C[C@H](CC(C)C)CCO[C@H]32)[C@H](C)Cl)[C@H](O)[C@H](O)[C@H]1O.O=CO,7.47,Kd,34.0,CHEMBL2363135,Bacteria,70S_ribosome,CS[C@H]1O[C@H]([C@H](NC(=O)[C@H]2NC[C@@H]3C[C@H](CC(C)C)CCO[C@H]32)[C@H](C)Cl)[C@H](O)[C@H](O)[C@H]1O.O=CO,O=C(NCC1CCCCO1)C1NCC2CCCCOC21,541.1070000000003,0.3992000000000028,9,6,True,7.47
CHEMBL1234521,C=C[C@]1(C)C[C@@H](OC(=O)CSCCN(CC)CC)[C@]2(C)[C@H](C)CC[C@]3(CCC(=O)[C@H]32)[C@@H](C)[C@@H]1O,7.44,Kd,36.3,CHEMBL2363135,Bacteria,70S_ribosome,C=C[C@]1(C)C[C@@H](OC(=O)CSCCN(CC)CC)[C@]2(C)[C@H](C)CC[C@]3(CCC(=O)[C@H]32)[C@@H](C)[C@@H]1O,O=C1CCC23CCCCCC(CCC2)C13,493.75400000000036,4.967900000000006,6,1,True,7.44
CHEMBL370143,NC[C@@H]1O[C@H](O[C@H]2[C@@H](O)[C@H](O[C@@H]3[C@@H](O)[C@H](N)C[C@H](N)[C@H]3O[C@H]3O[C@H](CO)[C@@H](O)[C@H](O)[C@H]3N)O[C@@H]2CO)[C@H](N)[C@@H](O)[C@@H]1O,7.42,IC50,38.0,CHEMBL2363135,Bacteria,70S_ribosome,NC[C@@H]1O[C@H](O[C@H]2[C@@H](O)[C@H](O[C@@H]3[C@@H](O)[C@H](N)C[C@H](N)[C@H]3O[C@H]3O[C@H](CO)[C@@H](O)[C@H](O)[C@H]3N)O[C@@H]2CO)[C@H](N)[C@@H](O)[C@@H]1O,C1CCC(OC2COC(OC3CCCCC3OC3CCCCO3)C2)OC1,615.6340000000004,-8.861700000000015,19,13,True,7.42
CHEMBL4750017,C[C@H](NC(=O)[C@@H](NC(=O)[C@@H](N)CCCCN)[C@H](C)O)C(=O)NCC(=O)N[C@H](CCCN)C(=O)N1CCC[C@H]1C(=O)N[C@@H](Cc1c[nH]cn1)C(=O)N[C@@H](CCCCN)C(=O)N/C(=C\CCNC(=N)N)C(=O)O,7.398,IC50,40000.0,CHEMBL2363135,Bacteria,70S_ribosome,C[C@H](NC(=O)[C@@H](NC(=O)[C@@H](N)CCCCN)[C@H](C)O)C(=O)NCC(=O)N[C@H](CCCN)C(=O)N1CCC[C@H]1C(=O)N[C@@H](Cc1c[nH]cn1)C(=O)N[C@@H](CCCCN)C(=O)N/C(=C\CCNC(=N)N)C(=O)O,O=C(NCCc1c[nH]cn1)C1CCCN1,1006.1809999999994,-5.833830000000028,16,17,True,7.398
CHEMBL4750287,C[C@H](NC(=O)[C@H](CO)NC(=O)[C@@H](N)CCCCN)C(=O)NCC(=O)N[C@H](CCCN)C(=O)N1CCC[C@H]1C(=O)N[C@@H](Cc1c[nH]cn1)C(=O)N[C@@H](CCCCN)C(=O)N/C(=C\CCNC(=N)N)C(=O)O,7.398,IC50,40000.0,CHEMBL2363135,Bacteria,70S_ribosome,C[C@H](NC(=O)[C@H](CO)NC(=O)[C@@H](N)CCCCN)C(=O)NCC(=O)N[C@H](CCCN)C(=O)N1CCC[C@H]1C(=O)N[C@@H](Cc1c[nH]cn1)C(=O)N[C@@H](CCCCN)C(=O)N/C(=C\CCNC(=N)N)C(=O)O,O=C(NCCc1c[nH]cn1)C1CCCN1,992.1539999999994,-6.2223300000000235,16,17,True,7.398
CHEMBL4756487,CO[C@@H](CN)[C@H](NC(=O)[C@@H](N)CCCCN)C(=O)N[C@@H](C)C(=O)NCC(=O)N[C@H](CCCN)C(=O)N1CCC[C@H]1C(=O)N[C@@H](Cc1c[nH]cn1)C(=O)N[C@@H](CCCCN)C(=O)N/C(=C\CCNC(=N)N)C(=O)O,7.398,IC50,40000.0,CHEMBL2363135,Bacteria,70S_ribosome,CO[C@@H](CN)[C@H](NC(=O)[C@@H](N)CCCCN)C(=O)N[C@@H](C)C(=O)NCC(=O)N[C@H](CCCN)C(=O)N1CCC[C@H]1C(=O)N[C@@H](Cc1c[nH]cn1)C(=O)N[C@@H](CCCCN)C(=O)N/C(=C\CCNC(=N)N)C(=O)O,O=C(NCCc1c[nH]cn1)C1CCCN1,1035.222999999999,-6.240930000000016,17,17,True,7.398
CHEMBL4740047,C[C@H](NC(=O)[C@@H](NC(=O)[C@@H](N)CCCCN)[C@H](O)CN)C(=O)NCC(=O)N[C@H](CCCN)C(=O)N1CCC[C@H]1C(=O)N[C@@H](Cc1c[nH]cn1)C(=O)N[C@@H](CCCCN)C(=O)N/C(=C\CCNC(=N)N)C(=O)O,7.398,IC50,40000.0,CHEMBL2363135,Bacteria,70S_ribosome,C[C@H](NC(=O)[C@@H](NC(=O)[C@@H](N)CCCCN)[C@H](O)CN)C(=O)NCC(=O)N[C@H](CCCN)C(=O)N1CCC[C@H]1C(=O)N[C@@H](Cc1c[nH]cn1)C(=O)N[C@@H](CCCCN)C(=O)N/C(=C\CCNC(=N)N)C(=O)O,O=C(NCCc1c[nH]cn1)C1CCCN1,1021.1959999999993,-6.895030000000014,17,18,True,7.398
CHEMBL4754782,C[C@H](NC(=O)[C@@H](NC(=O)[C@@H](N)CCCCN)[C@@H](O)[C@H](C)N)C(=O)NCC(=O)N[C@H](CCCN)C(=O)N1CCC[C@H]1C(=O)N[C@@H](Cc1c[nH]cn1)C(=O)N[C@@H](CCCCN)C(=O)N/C(=C\CCNC(=N)N)C(=O)O,7.398,IC50,40000.0,CHEMBL2363135,Bacteria,70S_ribosome,C[C@H](NC(=O)[C@@H](NC(=O)[C@@H](N)CCCCN)[C@@H](O)[C@H](C)N)C(=O)NCC(=O)N[C@H](CCCN)C(=O)N1CCC[C@H]1C(=O)N[C@@H](Cc1c[nH]cn1)C(=O)N[C@@H](CCCCN)C(=O)N/C(=C\CCNC(=N)N)C(=O)O,O=C(NCCc1c[nH]cn1)C1CCCN1,1035.2229999999993,-6.506530000000013,17,18,True,7.398
CHEMBL4744033,C[C@H](NC(=O)[C@@H](NC(=O)[C@@H](N)CCCCN)[C@@H](O)C(C)(C)N)C(=O)NCC(=O)N[C@H](CCCN)C(=O)N1CCC[C@H]1C(=O)N[C@@H](Cc1c[nH]cn1)C(=O)N[C@@H](CCCCN)C(=O)N/C(=C\CCNC(=N)N)C(=O)O,7.398,IC50,40000.0,CHEMBL2363135,Bacteria,70S_ribosome,C[C@H](NC(=O)[C@@H](NC(=O)[C@@H](N)CCCCN)[C@@H](O)C(C)(C)N)C(=O)NCC(=O)N[C@H](CCCN)C(=O)N1CCC[C@H]1C(=O)N[C@@H](Cc1c[nH]cn1)C(=O)N[C@@H](CCCCN)C(=O)N/C(=C\CCNC(=N)N)C(=O)O,O=C(NCCc1c[nH]cn1)C1CCCN1,1049.249999999999,-6.116430000000016,17,18,True,7.398
CHEMBL4786763,C[C@H](NC(=O)[C@@H](NC(=O)[C@@H](N)CCCCN)[C@@H](O)CN)C(=O)NCC(=O)N[C@H](CCCCN)C(=O)N1CCC[C@H]1C(=O)N[C@@H](Cc1c[nH]cn1)C(=O)N[C@@H](CCCCN)C(=O)N/C(=C\CCNC(=N)N)C(=O)O,7.398,IC50,40000.0,CHEMBL2363135,Bacteria,70S_ribosome,C[C@H](NC(=O)[C@@H](NC(=O)[C@@H](N)CCCCN)[C@@H](O)CN)C(=O)NCC(=O)N[C@H](CCCCN)C(=O)N1CCC[C@H]1C(=O)N[C@@H](Cc1c[nH]cn1)C(=O)N[C@@H](CCCCN)C(=O)N/C(=C\CCNC(=N)N)C(=O)O,O=C(NCCc1c[nH]cn1)C1CCCN1,1035.2229999999993,-6.504930000000013,17,18,True,7.398
CHEMBL4745557,CCCC[C@@H](NC(=O)CNC(=O)[C@H](C)NC(=O)[C@@H](NC(=O)[C@@H](N)CCCCN)[C@@H](O)CN)C(=O)N1CCC[C@H]1C(=O)N[C@@H](Cc1c[nH]cn1)C(=O)N[C@@H](CCCCN)C(=O)N/C(=C\CCNC(=N)N)C(=O)O,7.398,IC50,40000.0,CHEMBL2363135,Bacteria,70S_ribosome,CCCC[C@@H](NC(=O)CNC(=O)[C@H](C)NC(=O)[C@@H](NC(=O)[C@@H](N)CCCCN)[C@@H](O)CN)C(=O)N1CCC[C@H]1C(=O)N[C@@H](Cc1c[nH]cn1)C(=O)N[C@@H](CCCCN)C(=O)N/C(=C\CCNC(=N)N)C(=O)O,O=C(NCCc1c[nH]cn1)C1CCCN1,1020.2079999999994,-5.443730000000026,16,17,True,7.398
CHEMBL4764251,CNCCC[C@@H](NC(=O)CNC(=O)[C@H](C)NC(=O)[C@@H](NC(=O)[C@@H](N)CCCCN)[C@@H](O)CN)C(=O)N1CCC[C@H]1C(=O)N[C@@H](Cc1c[nH]cn1)C(=O)N[C@@H](CCCCN)C(=O)N/C(=C\CCNC(=N)N)C(=O)O,7.398,IC50,40000.0,CHEMBL2363135,Bacteria,70S_ribosome,CNCCC[C@@H](NC(=O)CNC(=O)[C@H](C)NC(=O)[C@@H](NC(=O)[C@@H](N)CCCCN)[C@@H](O)CN)C(=O)N1CCC[C@H]1C(=O)N[C@@H](Cc1c[nH]cn1)C(=O)N[C@@H](CCCCN)C(=O)N/C(=C\CCNC(=N)N)C(=O)O,O=C(NCCc1c[nH]cn1)C1CCCN1,1035.2229999999993,-6.6343300000000145,17,18,True,7.398
CHEMBL4790510,CC(=O)NCCC[C@@H](NC(=O)CNC(=O)[C@H](C)NC(=O)[C@@H](NC(=O)[C@@H](N)CCCCN)[C@@H](O)CN)C(=O)N1CCC[C@H]1C(=O)N[C@@H](Cc1c[nH]cn1)C(=O)N[C@@H](CCCCN)C(=O)N/C(=C\CCNC(=N)N)C(=O)O,7.398,IC50,40000.0,CHEMBL2363135,Bacteria,70S_ribosome,CC(=O)NCCC[C@@H](NC(=O)CNC(=O)[C@H](C)NC(=O)[C@@H](NC(=O)[C@@H](N)CCCCN)[C@@H](O)CN)C(=O)N1CCC[C@H]1C(=O)N[C@@H](Cc1c[nH]cn1)C(=O)N[C@@H](CCCCN)C(=O)N/C(=C\CCNC(=N)N)C(=O)O,O=C(NCCc1c[nH]cn1)C1CCCN1,1063.2329999999993,-6.717630000000012,17,18,True,7.398
CHEMBL4786196,C[C@H](NC(=O)[C@@H](NC(=O)[C@@H](N)CCCCN)[C@@H](O)CN)C(=O)NCC(=O)N[C@H](CC[C@@H](C)N)C(=O)N1CCC[C@H]1C(=O)N[C@@H](Cc1c[nH]cn1)C(=O)N[C@@H](CCCCN)C(=O)N/C(=C\CCNC(=N)N)C(=O)O,7.398,IC50,40000.0,CHEMBL2363135,Bacteria,70S_ribosome,C[C@H](NC(=O)[C@@H](NC(=O)[C@@H](N)CCCCN)[C@@H](O)CN)C(=O)NCC(=O)N[C@H](CC[C@@H](C)N)C(=O)N1CCC[C@H]1C(=O)N[C@@H](Cc1c[nH]cn1)C(=O)N[C@@H](CCCCN)C(=O)N/C(=C\CCNC(=N)N)C(=O)O,O=C(NCCc1c[nH]cn1)C1CCCN1,1035.2229999999993,-6.506530000000013,17,18,True,7.398
CHEMBL4540738,CC1=C\[C@@H](O)C[C@@H](O)Cc2nc(co2)C(=O)N2CCC[C@@H]2C(=O)O[C@H](C(C)C)[C@H](C)/C=C/C(=O)NC\C=C\1,7.3,IC50,50.0,CHEMBL2363135,Bacteria,70S_ribosome,CC1=C\[C@@H](O)C[C@@H](O)Cc2nc(co2)C(=O)N2CCC[C@@H]2C(=O)O[C@H](C(C)C)[C@H](C)/C=C/C(=O)NC\C=C\1,O=C1C=CCCOC(=O)C2CCCN2C(=O)c2coc(n2)CCCCC=CC=CCN1,529.6340000000004,2.3259999999999996,8,3,True,7.3
CHEMBL4453596,CCS[C@H]1[C@H](O)[C@@H](N)[C@@H](O[C@H]2[C@H](O[C@@H]3O[C@H](CO)[C@@H](O[C@H]4O[C@@H](CN)[C@@H](O)[C@H](O)[C@H]4N)[C@H]3O)[C@@H](O)[C@H](N)C[C@@H]2N)O[C@@H]1CO,7.28,IC50,53.0,CHEMBL2363135,Bacteria,70S_ribosome,CCS[C@H]1[C@H](O)[C@@H](N)[C@@H](O[C@H]2[C@H](O[C@@H]3O[C@H](CO)[C@@H](O[C@H]4O[C@@H](CN)[C@@H](O)[C@H](O)[C@H]4N)[C@H]3O)[C@@H](O)[C@H](N)C[C@@H]2N)O[C@@H]1CO,C1CCC(OC2COC(OC3CCCCC3OC3CCCCO3)C2)OC1,659.756,-7.1009000000000135,19,12,True,7.28
CHEMBL4455473,CC1=C\[C@@H](O)C[C@@H](F)Cc2nc(co2)C(=O)N2CCC[C@@H]2C(=O)O[C@H](C(C)C)[C@H](C)/C=C/C(=O)NC\C=C\1,7.22,IC50,60.0,CHEMBL2363135,Bacteria,70S_ribosome,CC1=C\[C@@H](O)C[C@@H](F)Cc2nc(co2)C(=O)N2CCC[C@@H]2C(=O)O[C@H](C(C)C)[C@H](C)/C=C/C(=O)NC\C=C\1,O=C1C=CCCOC(=O)C2CCCN2C(=O)c2coc(n2)CCCCC=CC=CCN1,531.6250000000003,3.3032000000000012,7,2,True,7.22
CHEMBL5209331,C[C@@H]1C[C@H](O)[C@H]2O[C@H](O[C@H]3[C@H](O[C@@H]4O[C@H](CO)[C@@H](O[C@H]5O[C@@H](CN)[C@@H](O)[C@H](O)[C@H]5N)[C@H]4O)[C@@H](O)[C@H](N)C[C@@H]3N)[C@H](N)[C@@H](O)[C@@H]2O1,7.2,IC50,63.0,CHEMBL2363135,Bacteria,70S_ribosome,C[C@@H]1C[C@H](O)[C@H]2O[C@H](O[C@H]3[C@H](O[C@@H]4O[C@H](CO)[C@@H](O[C@H]5O[C@@H](CN)[C@@H](O)[C@H](O)[C@H]5N)[C@H]4O)[C@@H](O)[C@H](N)C[C@@H]3N)[C@H](N)[C@@H](O)[C@@H]2O1,C1CCC(OC2COC(OC3CCCCC3OC3CCC4OCCCC4O3)C2)OC1,655.699,-7.6766000000000165,19,12,True,7.2
CHEMBL5169637,NC[C@@H]1O[C@H](O[C@H]2[C@@H](O)[C@H](O[C@@H]3[C@@H](O)[C@H](N)C[C@H](N)[C@H]3O[C@H]3O[C@H]4[C@@H](OCCC[C@@H]4O)[C@H](O)[C@H]3N)O[C@@H]2CO)[C@H](N)[C@@H](O)[C@@H]1O,7.15,IC50,71.0,CHEMBL2363135,Bacteria,70S_ribosome,NC[C@@H]1O[C@H](O[C@H]2[C@@H](O)[C@H](O[C@@H]3[C@@H](O)[C@H](N)C[C@H](N)[C@H]3O[C@H]3O[C@H]4[C@@H](OCCC[C@@H]4O)[C@H](O)[C@H]3N)O[C@@H]2CO)[C@H](N)[C@@H](O)[C@@H]1O,C1CCC(OC2COC(OC3CCCCC3OC3CCC4OCCCCC4O3)C2)OC1,655.6990000000003,-7.675000000000013,19,12,True,7.15
CHEMBL263367,COC[C@H]1O[C@@H](O[C@@H]2OC[C@@H]3O[C@@]4(OC[C@@H](OC(=O)c5c(C)cc(O)cc5O)[C@@H]5OCO[C@H]54)O[C@H]3[C@H]2O)[C@@H](OC)[C@@H](O)[C@@H]1O[C@@H]1O[C@H](C)[C@H](OC)[C@H](O[C@@H]2O[C@H](C)[C@H]3O[C@]4(C[C@@H](O)[C@H](O[C@H]5C[C@@H](O[C@H]6C[C@](C)([N+](=O)[O-])[C@@H](OC)[C@H](C)O6)[C@H](OC(=O)c6c(C)c(Cl)c(O)c(Cl)c6OC)[C@@H](C)O5)[C@@H](C)O4)O[C@]3(C)[C@@H]2O)[C@H]1O,7.08,Kd,84.0,CHEMBL2363135,Bacteria,70S_ribosome,COC[C@H]1O[C@@H](O[C@@H]2OC[C@@H]3O[C@@]4(OC[C@@H](OC(=O)c5c(C)cc(O)cc5O)[C@@H]5OCO[C@H]54)O[C@H]3[C@H]2O)[C@@H](OC)[C@@H](O)[C@@H]1O[C@@H]1O[C@H](C)[C@H](OC)[C@H](O[C@@H]2O[C@H](C)[C@H]3O[C@]4(C[C@@H](O)[C@H](O[C@H]5C[C@@H](O[C@H]6C[C@](C)([N+](=O)[O-])[C@@H](OC)[C@H](C)O6)[C@H](OC(=O)c6c(C)c(Cl)c(O)c(Cl)c6OC)[C@@H](C)O5)[C@@H](C)O4)O[C@]3(C)[C@@H]2O)[C@H]1O,O=C(OC1COC(OC2CCC3(OC2)OC2COC(OC4CCOC(OC5CCC(OC6CC7OC8(OCC(OC(=O)c9ccccc9)C9OCOC98)OC7CO6)OC5)C4)CC2O3)CC1OC1CCCCO1)c1ccccc1,1631.4209999999994,1.2621400000000191,38,8,True,7.08
CHEMBL553222,CC[C@H]1OC(=O)[C@H](C)[C@@H](O[C@H]2C[C@@](C)(OC)[C@@H](O)[C@H](C)O2)[C@H](C)[C@@H](O[C@@H]2O[C@H](C)C[C@H](N(C)C)[C@H]2O)[C@](C)(OC)C[C@@H](C)NC(=O)[C@H](C)[C@@H](O)[C@]1(C)O,7.0,IC50,100.0,CHEMBL2363135,Bacteria,70S_ribosome,CC[C@H]1OC(=O)[C@H](C)[C@@H](O[C@H]2C[C@@](C)(OC)[C@@H](O)[C@H](C)O2)[C@H](C)[C@@H](O[C@@H]2O[C@H](C)C[C@H](N(C)C)[C@H]2O)[C@](C)(OC)C[C@@H](C)NC(=O)[C@H](C)[C@@H](O)[C@]1(C)O,O=C1CCCCOC(=O)CC(OC2CCCCO2)CC(OC2CCCCO2)CCCN1,762.9790000000002,1.739200000000007,14,5,True,7.0
CHEMBL553223,CC[C@H]1OC(=O)[C@H](C)[C@@H](O)[C@H](C)[C@@H](O[C@@H]2O[C@H](C)C[C@H](N(C)C)[C@H]2O)[C@](C)(OC)C[C@@H](C)C(=O)N[C@H](C)[C@@H](O)[C@]1(C)O,7.0,IC50,100000.0,CHEMBL2363135,Bacteria,70S_ribosome,CC[C@H]1OC(=O)[C@H](C)[C@@H](O)[C@H](C)[C@@H](O[C@@H]2O[C@H](C)C[C@H](N(C)C)[C@H]2O)[C@](C)(OC)C[C@@H](C)C(=O)N[C@H](C)[C@@H](O)[C@]1(C)O,O=C1CCCC(OC2CCCCO2)CCCC(=O)OCCCCN1,604.7820000000004,0.814000000000004,11,5,True,7.0
CHEMBL539388,CC[C@H]1OC(=O)[C@H](C)[C@@H](O)[C@H](C)[C@@H](O[C@@H]2O[C@H](C)C[C@H](N(C)C)[C@H]2O)[C@](C)(OC)C[C@@H](C)NC(=O)[C@H](C)[C@@H](O)[C@]1(C)O,7.0,IC50,100000.0,CHEMBL2363135,Bacteria,70S_ribosome,CC[C@H]1OC(=O)[C@H](C)[C@@H](O)[C@H](C)[C@@H](O[C@@H]2O[C@H](C)C[C@H](N(C)C)[C@H]2O)[C@](C)(OC)C[C@@H](C)NC(=O)[C@H](C)[C@@H](O)[C@]1(C)O,O=C1CCCCOC(=O)CCCC(OC2CCCCO2)CCCN1,604.7820000000004,0.814000000000004,11,5,True,7.0
CHEMBL3251871,CCC(=O)O[C@H]1[C@H](O[C@H]2[C@@H](CC=O)C[C@@H](C)[C@@H](OC(=O)CC)/C=C/C=C/C[C@@H](C)OC(=O)C[C@@H](OC(C)=O)[C@@H]2OC)O[C@H](C)[C@@H](O[C@H]2C[C@@](C)(O)[C@@H](OC(=O)CC(C)C)[C@H](C)O2)[C@@H]1N(C)C,7.0,IC50,100000.0,CHEMBL2363135,Bacteria,70S_ribosome,CCC(=O)O[C@H]1[C@H](O[C@H]2[C@@H](CC=O)C[C@@H](C)[C@@H](OC(=O)CC)/C=C/C=C/C[C@@H](C)OC(=O)C[C@@H](OC(C)=O)[C@@H]2OC)O[C@H](C)[C@@H](O[C@H]2C[C@@](C)(O)[C@@H](OC(=O)CC(C)C)[C@H](C)O2)[C@@H]1N(C)C,O=C1CCCC(OC2CCC(OC3CCCCO3)CO2)CCCCC=CC=CCCO1,940.1340000000001,4.93520000000001,18,1,True,7.0
CHEMBL2105600,CC1=C\[C@@H](O)CC(=O)Cc2nc(co2)C(=O)N2CCC[C@@H]2C(=O)O[C@H](C(C)C)[C@H](C)/C=C/C(=O)NC\C=C\1,7.0,IC50,100.0,CHEMBL2363135,Bacteria,70S_ribosome,CC1=C\[C@@H](O)CC(=O)Cc2nc(co2)C(=O)N2CCC[C@@H]2C(=O)O[C@H](C(C)C)[C@H](C)/C=C/C(=O)NC\C=C\1,O=C1CCC=CC=CCNC(=O)C=CCCOC(=O)C2CCCN2C(=O)c2coc(n2)C1,527.6180000000004,2.5342000000000002,8,2,True,7.0
CHEMBL4531998,CCN[C@@H]1C[C@H](N)[C@@H](O[C@H]2OC(CN)=C(Cl)C[C@H]2N)[C@H](O)[C@H]1O[C@H]1OC[C@](C)(O)[C@H](NC)[C@H]1O,7.0,IC50,100.0,CHEMBL2363135,Bacteria,70S_ribosome,CCN[C@@H]1C[C@H](N)[C@@H](O[C@H]2OC(CN)=C(Cl)C[C@H]2N)[C@H](O)[C@H]1O[C@H]1OC[C@](C)(O)[C@H](NC)[C@H]1O,C1=COC(OC2CCCC(OC3CCCCO3)C2)CC1,510.0320000000002,-2.634199999999993,12,8,True,7.0
CHEMBL4439463,CCN[C@@H]1C[C@H](N)[C@@H](O[C@H]2OC(CN)=C(Br)C[C@H]2N)[C@H](O)[C@H]1O[C@H]1OC[C@](C)(O)[C@H](NC)[C@H]1O,7.0,IC50,100.0,CHEMBL2363135,Bacteria,70S_ribosome,CCN[C@@H]1C[C@H](N)[C@@H](O[C@H]2OC(CN)=C(Br)C[C@H]2N)[C@H](O)[C@H]1O[C@H]1OC[C@](C)(O)[C@H](NC)[C@H]1O,C1=COC(OC2CCCC(OC3CCCCO3)C2)CC1,554.4830000000003,-2.478099999999993,12,8,True,7.0
CHEMBL4543487,CCN[C@@H]1C[C@H](N)[C@@H](O[C@H]2OC(CN)=C(I)C[C@H]2N)[C@H](O)[C@H]1O[C@H]1OC[C@](C)(O)[C@H](NC)[C@H]1O,7.0,IC50,100.0,CHEMBL2363135,Bacteria,70S_ribosome,CCN[C@@H]1C[C@H](N)[C@@H](O[C@H]2OC(CN)=C(I)C[C@H]2N)[C@H](O)[C@H]1O[C@H]1OC[C@](C)(O)[C@H](NC)[C@H]1O,C1=COC(OC2CCCC(OC3CCCCO3)C2)CC1,601.4830000000003,-2.437999999999993,12,8,True,7.0
CHEMBL1631492,N[C@@H]1C[C@H](N)[C@@]2(CC[C@H](O)[C@H](O)CO2)[C@H](O)[C@H]1O,6.928,IC50,118000.0,CHEMBL2363135,Bacteria,70S_ribosome,N[C@@H]1C[C@H](N)[C@@]2(CC[C@H](O)[C@H](O)CO2)[C@H](O)[C@H]1O,C1CCOC2(CC1)CCCCC2,262.306,-2.962499999999998,7,6,True,6.928
CHEMBL5199733,NC[C@@H]1O[C@H](O[C@H]2[C@@H](O)[C@H](O[C@@H]3[C@@H](O)[C@H](N)C[C@H](N)[C@H]3O[C@H]3O[C@H]4[C@@H](OCC[C@@H]4O)[C@H](O)[C@H]3N)O[C@@H]2CO)[C@H](N)[C@@H](O)[C@@H]1O,6.92,IC50,120.0,CHEMBL2363135,Bacteria,70S_ribosome,NC[C@@H]1O[C@H](O[C@H]2[C@@H](O)[C@H](O[C@@H]3[C@@H](O)[C@H](N)C[C@H](N)[C@H]3O[C@H]3O[C@H]4[C@@H](OCC[C@@H]4O)[C@H](O)[C@H]3N)O[C@@H]2CO)[C@H](N)[C@@H](O)[C@@H]1O,C1CCC(OC2COC(OC3CCCCC3OC3CCC4OCCCC4O3)C2)OC1,641.6720000000004,-8.065100000000015,19,12,True,6.92
CHEMBL5180563,C=C[C@]1(C)C[C@@H](OC(=O)CSc2nnc(-c3ccccc3OC)[nH]2)[C@]2(C)[C@H](C)CC[C@]3(CCC(=O)[C@H]32)[C@@H](C)[C@@H]1O,6.917,Kd,121000.0,CHEMBL2363135,Bacteria,70S_ribosome,C=C[C@]1(C)C[C@@H](OC(=O)CSc2nnc(-c3ccccc3OC)[nH]2)[C@]2(C)[C@H](C)CC[C@]3(CCC(=O)[C@H]32)[C@@H](C)[C@@H]1O,O=C(CSc1nnc(-c2ccccc2)[nH]1)OC1CCCCC23CCCC1C2C(=O)CC3,567.7520000000004,5.478900000000006,8,2,True,6.917
CHEMBL5189890,NC[C@@H]1O[C@H](O[C@H]2[C@@H](O)[C@H](O[C@@H]3[C@@H](O)[C@H](N)C[C@H](N)[C@H]3O[C@H]3O[C@H]4[C@@H](OC[C@@H]4O)[C@H](O)[C@H]3N)O[C@@H]2CO)[C@H](N)[C@@H](O)[C@@H]1O,6.89,IC50,130.0,CHEMBL2363135,Bacteria,70S_ribosome,NC[C@@H]1O[C@H](O[C@H]2[C@@H](O)[C@H](O[C@@H]3[C@@H](O)[C@H](N)C[C@H](N)[C@H]3O[C@H]3O[C@H]4[C@@H](OC[C@@H]4O)[C@H](O)[C@H]3N)O[C@@H]2CO)[C@H](N)[C@@H](O)[C@@H]1O,C1CCC(OC2COC(OC3CCCCC3OC3CCC4OCCC4O3)C2)OC1,627.6450000000003,-8.455200000000016,19,12,True,6.89
CHEMBL3114326,N[C@@H]1C[C@H](N)[C@@]2(CC[C@@H](CNC(=O)[C@@H](N)Cc3c[nH]c4ccccc34)O2)[C@H](O)[C@H]1O,6.827,IC50,149000.0,CHEMBL2363135,Bacteria,70S_ribosome,N[C@@H]1C[C@H](N)[C@@]2(CC[C@@H](CNC(=O)[C@@H](N)Cc3c[nH]c4ccccc34)O2)[C@H](O)[C@H]1O,O=C(CCc1c[nH]c2ccccc12)NCC1CCC2(CCCCC2)O1,417.51000000000005,-1.148199999999996,7,7,True,6.827
CHEMBL3114325,N[C@@H]1C[C@H](N)[C@@]2(CC[C@@H](CNC(=O)[C@@H]3CCCN3)O2)[C@H](O)[C@H]1O,6.807,IC50,156000.0,CHEMBL2363135,Bacteria,70S_ribosome,N[C@@H]1C[C@H](N)[C@@]2(CC[C@@H](CNC(=O)[C@@H]3CCCN3)O2)[C@H](O)[C@H]1O,O=C(NCC1CCC2(CCCCC2)O1)C1CCCN1,328.413,-2.447499999999995,7,6,True,6.807
CHEMBL511656,NCC[C@H](O)C(=O)N[C@@H]1C[C@H](N)[C@@H](O[C@H]2O[C@H](CO)[C@@H](O)[C@H](O)[C@H]2N)[C@H](O[C@@H]2O[C@H](CN)[C@@H](O)[C@H]2O)[C@H]1O,6.8,IC50,160.0,CHEMBL2363135,Bacteria,70S_ribosome,NCC[C@H](O)C(=O)N[C@@H]1C[C@H](N)[C@@H](O[C@H]2O[C@H](CO)[C@@H](O)[C@H](O)[C@H]2N)[C@H](O[C@@H]2O[C@H](CN)[C@@H](O)[C@H]2O)[C@H]1O,C1CCC(OC2CCCCC2OC2CCCO2)OC1,555.5820000000003,-7.785100000000008,16,12,True,6.8
CHEMBL3244798,CN(C)c1ncnc2c1ncn2[C@@H]1O[C@H](CO)[C@@H](NC(=O)[C@@H](N)CSCCCCCCO)[C@H]1O,6.78,Km,166000.0,CHEMBL2363135,Bacteria,70S_ribosome,CN(C)c1ncnc2c1ncn2[C@@H]1O[C@H](CO)[C@@H](NC(=O)[C@@H](N)CSCCCCCCO)[C@H]1O,c1ncc2ncn(C3CCCO3)c2n1,497.62200000000036,-0.7590999999999972,11,5,True,6.78
CHEMBL1631491,N[C@@H]1C[C@H](N)[C@@]2(CC[C@@H](O)[C@@H](O)CO2)[C@H](O)[C@H]1O,6.775,IC50,168000.0,CHEMBL2363135,Bacteria,70S_ribosome,N[C@@H]1C[C@H](N)[C@@]2(CC[C@@H](O)[C@@H](O)CO2)[C@H](O)[C@H]1O,C1CCOC2(CC1)CCCCC2,262.306,-2.962499999999998,7,6,True,6.775
CHEMBL3114323,N[C@@H]1C[C@H](N)[C@@]2(CC[C@@H](CNC(=O)[C@@H](N)Cc3cnc[nH]3)O2)[C@H](O)[C@H]1O,6.764,IC50,172000.0,CHEMBL2363135,Bacteria,70S_ribosome,N[C@@H]1C[C@H](N)[C@@]2(CC[C@@H](CNC(=O)[C@@H](N)Cc3cnc[nH]3)O2)[C@H](O)[C@H]1O,O=C(CCc1cnc[nH]1)NCC1CCC2(CCCCC2)O1,368.438,-2.9063999999999948,8,7,True,6.764
CHEMBL3244797,CCCCCCCCSC[C@H](N)C(=O)N[C@H]1[C@@H](O)[C@H](n2cnc3c(N(C)C)ncnc32)O[C@@H]1CO,6.752,Km,177000.0,CHEMBL2363135,Bacteria,70S_ribosome,CCCCCCCCSC[C@H](N)C(=O)N[C@H]1[C@@H](O)[C@H](n2cnc3c(N(C)C)ncnc32)O[C@@H]1CO,c1ncc2ncn(C3CCCO3)c2n1,509.67700000000025,1.0487000000000022,10,4,True,6.752
CHEMBL1631495,NCC[C@H](O)C(=O)N[C@@H]1C[C@H](N)[C@@]2(CC[C@H](O)[C@H](O)CO2)[C@H](O)[C@H]1O,6.73,IC50,186000.0,CHEMBL2363135,Bacteria,70S_ribosome,NCC[C@H](O)C(=O)N[C@@H]1C[C@H](N)[C@@]2(CC[C@H](O)[C@H](O)CO2)[C@H](O)[C@H]1O,C1CCOC2(CC1)CCCCC2,363.41100000000006,-4.095299999999994,9,8,True,6.73
CHEMBL5170658,NC[C@@H]1O[C@H](O[C@H]2[C@@H](O)[C@H](O[C@@H]3[C@@H](O)[C@H](N)C[C@H](N)[C@H]3O[C@H]3O[C@H]4[C@@H](OC[C@H]4O)[C@H](O)[C@H]3N)O[C@@H]2CO)[C@H](N)[C@@H](O)[C@@H]1O,6.7,IC50,200.0,CHEMBL2363135,Bacteria,70S_ribosome,NC[C@@H]1O[C@H](O[C@H]2[C@@H](O)[C@H](O[C@@H]3[C@@H](O)[C@H](N)C[C@H](N)[C@H]3O[C@H]3O[C@H]4[C@@H](OC[C@H]4O)[C@H](O)[C@H]3N)O[C@@H]2CO)[C@H](N)[C@@H](O)[C@@H]1O,C1CCC(OC2COC(OC3CCCCC3OC3CCC4OCCC4O3)C2)OC1,627.6450000000003,-8.455200000000016,19,12,True,6.7
CHEMBL3244796,CCCCCCSC[C@H](N)C(=O)N[C@H]1[C@@H](O)[C@H](n2cnc3c(N(C)C)ncnc32)O[C@@H]1CO,6.668,Km,215000.0,CHEMBL2363135,Bacteria,70S_ribosome,CCCCCCSC[C@H](N)C(=O)N[C@H]1[C@@H](O)[C@H](n2cnc3c(N(C)C)ncnc32)O[C@@H]1CO,c1ncc2ncn(C3CCCO3)c2n1,481.6230000000002,0.2685000000000027,10,4,True,6.668
CHEMBL3244795,CCCCCSC[C@H](N)C(=O)N[C@H]1[C@@H](O)[C@H](n2cnc3c(N(C)C)ncnc32)O[C@@H]1CO,6.593,Km,255000.0,CHEMBL2363135,Bacteria,70S_ribosome,CCCCCSC[C@H](N)C(=O)N[C@H]1[C@@H](O)[C@H](n2cnc3c(N(C)C)ncnc32)O[C@@H]1CO,c1ncc2ncn(C3CCCO3)c2n1,467.5960000000003,-0.12159999999999699,10,4,True,6.593
CHEMBL4444392,CCN[C@@H]1C[C@H](N)[C@@H](O[C@H]2OC(CN)=C(c3ccccc3)C[C@H]2N)[C@H](O)[C@H]1O[C@H]1OC[C@](C)(O)[C@H](NC)[C@H]1O,6.57,IC50,270.0,CHEMBL2363135,Bacteria,70S_ribosome,CCN[C@@H]1C[C@H](N)[C@@H](O[C@H]2OC(CN)=C(c3ccccc3)C[C@H]2N)[C@H](O)[C@H]1O[C@H]1OC[C@](C)(O)[C@H](NC)[C@H]1O,C1=C(c2ccccc2)CCC(OC2CCCC(OC3CCCCO3)C2)O1,551.6850000000003,-1.6732999999999918,12,8,True,6.57
CHEMBL529,CC[C@H]1OC(=O)[C@H](C)[C@@H](O[C@H]2C[C@@](C)(OC)[C@@H](O)[C@H](C)O2)[C@H](C)[C@@H](O[C@@H]2O[C@H](C)C[C@H](N(C)C)[C@H]2O)[C@](C)(O)C[C@@H](C)CN(C)[C@H](C)[C@@H](O)[C@]1(C)O,6.52,IC50,300.0,CHEMBL2363135,Bacteria,70S_ribosome,CC[C@H]1OC(=O)[C@H](C)[C@@H](O[C@H]2C[C@@](C)(OC)[C@@H](O)[C@H](C)O2)[C@H](C)[C@@H](O[C@@H]2O[C@H](C)C[C@H](N(C)C)[C@H]2O)[C@](C)(O)C[C@@H](C)CN(C)[C@H](C)[C@@H](O)[C@]1(C)O,O=C1CC(OC2CCCCO2)CC(OC2CCCCO2)CCCCNCCCCO1,748.9960000000001,1.9007000000000054,14,5,True,6.52
CHEMBL3114324,NCCCC[C@H](N)C(=O)NC[C@@H]1CC[C@@]2(O1)[C@H](O)[C@@H](O)[C@H](N)C[C@@H]2N,6.488,IC50,325000.0,CHEMBL2363135,Bacteria,70S_ribosome,NCCCC[C@H](N)C(=O)NC[C@@H]1CC[C@@]2(O1)[C@H](O)[C@@H](O)[C@H](N)C[C@@H]2N,C1CCC2(CC1)CCCO2,359.47100000000006,-2.7431999999999945,8,7,True,6.488
CHEMBL3114328,NCCCC[C@H](N)C(=O)N[C@@H]1C[C@H](N)[C@@]2(C[C@H](O)[C@H](O)CO2)[C@H](O)[C@H]1O,6.456,IC50,350000.0,CHEMBL2363135,Bacteria,70S_ribosome,NCCCC[C@H](N)C(=O)N[C@@H]1C[C@H](N)[C@@]2(C[C@H](O)[C@H](O)CO2)[C@H](O)[C@H]1O,C1CCC2(CC1)CCCCO2,376.45400000000006,-3.7387999999999946,9,8,True,6.456
CHEMBL3244793,CCCSC[C@H](N)C(=O)N[C@H]1[C@@H](O)[C@H](n2cnc3c(N(C)C)ncnc32)O[C@@H]1CO,6.427,Km,374000.0,CHEMBL2363135,Bacteria,70S_ribosome,CCCSC[C@H](N)C(=O)N[C@H]1[C@@H](O)[C@H](n2cnc3c(N(C)C)ncnc32)O[C@@H]1CO,c1ncc2ncn(C3CCCO3)c2n1,439.54200000000026,-0.9017999999999975,10,4,True,6.427
CHEMBL3244794,CCCCSC[C@H](N)C(=O)N[C@H]1[C@@H](O)[C@H](n2cnc3c(N(C)C)ncnc32)O[C@@H]1CO,6.403,Km,395000.0,CHEMBL2363135,Bacteria,70S_ribosome,CCCCSC[C@H](N)C(=O)N[C@H]1[C@@H](O)[C@H](n2cnc3c(N(C)C)ncnc32)O[C@@H]1CO,c1ncc2ncn(C3CCCO3)c2n1,453.56900000000024,-0.5116999999999972,10,4,True,6.403
CHEMBL405863,CC[C@H]1OC(=O)[C@H](C)[C@@H](O[C@H]2C[C@@](C)(OC)[C@@H](O)[C@H](C)O2)[C@H](C)[C@@H](O[C@@H]2O[C@H](C)C[C@H](N(C)C)[C@H]2O)[C@](C)(OC)C[C@@H](C)C(=O)[C@H](C)[C@H]2[C@H](SCCn3cnc4cccnc43)C(=O)O[C@@]21C,6.38,IC50,420.0,CHEMBL2363135,Bacteria,70S_ribosome,CC[C@H]1OC(=O)[C@H](C)[C@@H](O[C@H]2C[C@@](C)(OC)[C@@H](O)[C@H](C)O2)[C@H](C)[C@@H](O[C@@H]2O[C@H](C)C[C@H](N(C)C)[C@H]2O)[C@](C)(OC)C[C@@H](C)C(=O)[C@H](C)[C@H]2[C@H](SCCn3cnc4cccnc43)C(=O)O[C@@]21C,O=C1CCCC(OC2CCCCO2)CC(OC2CCCCO2)CC(=O)OCC2OC(=O)C(SCCn3cnc4cccnc43)C2C1,949.2179999999997,4.806200000000008,17,2,True,6.38
CHEMBL130,O=C(N[C@H](CO)[C@H](O)c1ccc([N+](=O)[O-])cc1)C(Cl)Cl,6.37,IC50,430.0,CHEMBL2363135,Bacteria,70S_ribosome,O=C(N[C@H](CO)[C@H](O)c1ccc([N+](=O)[O-])cc1)C(Cl)Cl,c1ccccc1,323.13199999999995,0.9089999999999998,5,3,True,6.37
CHEMBL1631494,C=CCC(C)(C)CN[C@@H]1C[C@H](N)[C@@]2(CCC=CCO2)[C@H](O)[C@H]1O,6.368,IC50,429000.0,CHEMBL2363135,Bacteria,70S_ribosome,C=CCC(C)(C)CN[C@@H]1C[C@H](N)[C@@]2(CCC=CCO2)[C@H](O)[C@H]1O,C1=CCOC2(CC1)CCCCC2,324.465,1.1051,5,4,True,6.368
CHEMBL3112607,N[C@@H](Cc1ccc(O)cc1)C(=O)N[C@@H]1C[C@H](N)[C@@]2(CC[C@H](O)[C@H](O)CO2)[C@H](O)[C@H]1O,6.347,IC50,450000.0,CHEMBL2363135,Bacteria,70S_ribosome,N[C@@H](Cc1ccc(O)cc1)C(=O)N[C@@H]1C[C@H](N)[C@@]2(CC[C@H](O)[C@H](O)CO2)[C@H](O)[C@H]1O,O=C(CCc1ccccc1)NC1CCC2(CCCCCO2)CC1,425.48200000000014,-2.529399999999996,9,8,True,6.347
CHEMBL474967,NC[C@H]1O[C@@H](O[C@@H]2[C@@H](O)[C@H](N)C[C@H](N)[C@H]2O[C@H]2O[C@H](CO)[C@@H](O)[C@H](O)[C@H]2N)[C@H](O)[C@@H]1O,6.34,IC50,460.0,CHEMBL2363135,Bacteria,70S_ribosome,NC[C@H]1O[C@@H](O[C@@H]2[C@@H](O)[C@H](N)C[C@H](N)[C@H]2O[C@H]2O[C@H](CO)[C@@H](O)[C@H](O)[C@H]2N)[C@H](O)[C@@H]1O,C1CCC(OC2CCCCC2OC2CCCO2)OC1,454.4770000000001,-6.652299999999998,14,10,True,6.34
CHEMBL3244799,CN(C)c1ncnc2c1ncn2[C@@H]1O[C@H](CO)[C@@H](NC(=O)[C@@H](N)CSCc2ccccc2)[C@H]1O,6.337,Km,460000.0,CHEMBL2363135,Bacteria,70S_ribosome,CN(C)c1ncnc2c1ncn2[C@@H]1O[C@H](CO)[C@@H](NC(=O)[C@@H](N)CSCc2ccccc2)[C@H]1O,O=C(CCSCc1ccccc1)NC1COC(n2cnc3cncnc32)C1,487.5860000000002,-0.1115999999999972,10,4,True,6.337
CHEMBL2303630,CSC[S@@+]([O-])CC(CO)NC(=O)/C=C/c1c(C)[nH]c(=O)[nH]c1=O,6.3,Ki,500.0,CHEMBL2363135,Bacteria,70S_ribosome,CSC[S@@+]([O-])CC(CO)NC(=O)/C=C/c1c(C)[nH]c(=O)[nH]c1=O,O=c1cc[nH]c(=O)[nH]1,361.4450000000001,-1.068879999999999,6,4,True,6.3
CHEMBL4553689,CC1=C\[C@@H](O)C[C@H](F)Cc2nc(co2)C(=O)N2CCC[C@@H]2C(=O)O[C@H](C(C)C)[C@H](C)/C=C/C(=O)NC\C=C\1,6.3,IC50,500.0,CHEMBL2363135,Bacteria,70S_ribosome,CC1=C\[C@@H](O)C[C@H](F)Cc2nc(co2)C(=O)N2CCC[C@@H]2C(=O)O[C@H](C(C)C)[C@H](C)/C=C/C(=O)NC\C=C\1,O=C1C=CCCOC(=O)C2CCCN2C(=O)c2coc(n2)CCCCC=CC=CCN1,531.6250000000003,3.3032000000000012,7,2,True,6.3
CHEMBL4174689,C[C@H](NC(=O)[C@@H](NC(=O)[C@@H](N)CCCCN)[C@@H](O)CN)C(=O)NCC(=O)N[C@H](CCCN)C(=O)N1CCC[C@H]1C(=O)N[C@@H](Cc1cnc[nH]1)C(=O)N[C@@H](CCCCN)C(=O)N/C(=C\CCNC(=N)N)C(=O)O,6.3,IC50,500.0,CHEMBL2363135,Bacteria,70S_ribosome,C[C@H](NC(=O)[C@@H](NC(=O)[C@@H](N)CCCCN)[C@@H](O)CN)C(=O)NCC(=O)N[C@H](CCCN)C(=O)N1CCC[C@H]1C(=O)N[C@@H](Cc1cnc[nH]1)C(=O)N[C@@H](CCCCN)C(=O)N/C(=C\CCNC(=N)N)C(=O)O,O=C(NCCc1cnc[nH]1)C1CCCN1,1021.1959999999993,-6.895030000000014,17,18,True,6.3
CHEMBL3114334,NCCCC[C@H](N)CN[C@@H]1C[C@H](N)[C@@]2(C[C@H](O)[C@H](O)CO2)[C@H](O)[C@H]1O,6.268,IC50,540000.0,CHEMBL2363135,Bacteria,70S_ribosome,NCCCC[C@H](N)CN[C@@H]1C[C@H](N)[C@@]2(C[C@H](O)[C@H](O)CO2)[C@H](O)[C@H]1O,C1CCC2(CC1)CCCCO2,362.47100000000006,-3.2653999999999948,9,8,True,6.268
CHEMBL4470951,CCCCC1=C(CN)O[C@H](O[C@H]2[C@H](O)[C@@H](O[C@H]3OC[C@](C)(O)[C@H](NC)[C@H]3O)[C@H](NCC)C[C@@H]2N)[C@H](N)C1,6.24,IC50,580.0,CHEMBL2363135,Bacteria,70S_ribosome,CCCCC1=C(CN)O[C@H](O[C@H]2[C@H](O)[C@@H](O[C@H]3OC[C@](C)(O)[C@H](NC)[C@H]3O)[C@H](NCC)C[C@@H]2N)[C@H](N)C1,C1=COC(OC2CCCC(OC3CCCCO3)C2)CC1,531.6950000000002,-1.6402999999999914,12,8,True,6.24
CHEMBL3114339,NCCCC[C@H](N)CN[C@@H]1C[C@H](N)[C@@]2(CC[C@@H](O)[C@@H](O)CO2)[C@H](O)[C@H]1O,6.222,IC50,600000.0,CHEMBL2363135,Bacteria,70S_ribosome,NCCCC[C@H](N)CN[C@@H]1C[C@H](N)[C@@]2(CC[C@@H](O)[C@@H](O)CO2)[C@H](O)[C@H]1O,C1CCOC2(CC1)CCCCC2,376.49800000000005,-2.8752999999999944,9,8,True,6.222
CHEMBL3114338,N[C@H](CN[C@@H]1C[C@H](N)[C@@]2(CC[C@@H](O)[C@@H](O)CO2)[C@H](O)[C@H]1O)Cc1ccc(O)cc1,6.222,IC50,600000.0,CHEMBL2363135,Bacteria,70S_ribosome,N[C@H](CN[C@@H]1C[C@H](N)[C@@]2(CC[C@@H](O)[C@@H](O)CO2)[C@H](O)[C@H]1O)Cc1ccc(O)cc1,c1ccc(CCCNC2CCC3(CCCCCO3)CC2)cc1,411.4990000000001,-2.0559999999999947,9,8,True,6.222
CHEMBL3114337,N[C@H](CN[C@@H]1C[C@H](N)[C@@]2(CC[C@H](O)[C@H](O)CO2)[C@H](O)[C@H]1O)Cc1ccc(O)cc1,6.222,IC50,600000.0,CHEMBL2363135,Bacteria,70S_ribosome,N[C@H](CN[C@@H]1C[C@H](N)[C@@]2(CC[C@H](O)[C@H](O)CO2)[C@H](O)[C@H]1O)Cc1ccc(O)cc1,c1ccc(CCCNC2CCC3(CCCCCO3)CC2)cc1,411.4990000000001,-2.0559999999999947,9,8,True,6.222
CHEMBL3114336,NCC[C@H](O)CN[C@@H]1C[C@H](N)[C@@]2(CC[C@H](O)[C@H](O)CO2)[C@H](O)[C@H]1O,6.222,IC50,600000.0,CHEMBL2363135,Bacteria,70S_ribosome,NCC[C@H](O)CN[C@@H]1C[C@H](N)[C@@]2(CC[C@H](O)[C@H](O)CO2)[C@H](O)[C@H]1O,C1CCOC2(CC1)CCCCC2,349.42800000000005,-3.6218999999999952,9,8,True,6.222
CHEMBL3114333,N[C@@H](Cc1ccc(O)cc1)C(=O)N[C@@H]1C[C@H](N)[C@@]2(CC[C@@H](O)[C@@H](O)CO2)[C@H](O)[C@H]1O,6.222,IC50,600000.0,CHEMBL2363135,Bacteria,70S_ribosome,N[C@@H](Cc1ccc(O)cc1)C(=O)N[C@@H]1C[C@H](N)[C@@]2(CC[C@@H](O)[C@@H](O)CO2)[C@H](O)[C@H]1O,O=C(CCc1ccccc1)NC1CCC2(CCCCCO2)CC1,425.48200000000014,-2.529399999999996,9,8,True,6.222
CHEMBL3114332,N[C@@H](Cc1ccc(O)cc1)C(=O)N[C@@H]1C[C@H](N)[C@@]2(C[C@H](O)[C@H](O)CO2)[C@H](O)[C@H]1O,6.222,IC50,600000.0,CHEMBL2363135,Bacteria,70S_ribosome,N[C@@H](Cc1ccc(O)cc1)C(=O)N[C@@H]1C[C@H](N)[C@@]2(C[C@H](O)[C@H](O)CO2)[C@H](O)[C@H]1O,O=C(CCc1ccccc1)NC1CCC2(CCCCO2)CC1,411.4550000000001,-2.919499999999996,9,8,True,6.222
CHEMBL3114331,NCC[C@H](O)C(=O)N[C@@H]1C[C@H](N)[C@@]2(CC[C@@H](O)[C@@H](O)CO2)[C@H](O)[C@H]1O,6.222,IC50,600000.0,CHEMBL2363135,Bacteria,70S_ribosome,NCC[C@H](O)C(=O)N[C@@H]1C[C@H](N)[C@@]2(CC[C@@H](O)[C@@H](O)CO2)[C@H](O)[C@H]1O,C1CCOC2(CC1)CCCCC2,363.41100000000006,-4.095299999999994,9,8,True,6.222
CHEMBL3114330,NCC[C@H](O)C(=O)N[C@@H]1C[C@H](N)[C@@]2(C[C@H](O)[C@H](O)CO2)[C@H](O)[C@H]1O,6.222,IC50,600000.0,CHEMBL2363135,Bacteria,70S_ribosome,NCC[C@H](O)C(=O)N[C@@H]1C[C@H](N)[C@@]2(C[C@H](O)[C@H](O)CO2)[C@H](O)[C@H]1O,C1CCC2(CC1)CCCCO2,349.38400000000007,-4.485399999999992,9,8,True,6.222
CHEMBL3114329,NCCCC[C@H](N)C(=O)N[C@@H]1C[C@H](N)[C@@]2(CC[C@@H](O)[C@@H](O)CO2)[C@H](O)[C@H]1O,6.222,IC50,600000.0,CHEMBL2363135,Bacteria,70S_ribosome,NCCCC[C@H](N)C(=O)N[C@@H]1C[C@H](N)[C@@]2(CC[C@@H](O)[C@@H](O)CO2)[C@H](O)[C@H]1O,C1CCOC2(CC1)CCCCC2,390.48100000000005,-3.3486999999999942,9,8,True,6.222
CHEMBL3114327,N[C@@H]1C[C@H](N)[C@@]2(CC[C@@H](CNC(=O)[C@@H](N)Cc3ccc(O)cc3)O2)[C@H](O)[C@H]1O,6.222,IC50,600000.0,CHEMBL2363135,Bacteria,70S_ribosome,N[C@@H]1C[C@H](N)[C@@]2(CC[C@@H](CNC(=O)[C@@H](N)Cc3ccc(O)cc3)O2)[C@H](O)[C@H]1O,O=C(CCc1ccccc1)NCC1CCC2(CCCCC2)O1,394.47200000000004,-1.9238999999999948,8,7,True,6.222
CHEMBL1951095,CN(C)[C@@H]1C(O)=C(C(N)=O)C(=O)[C@@]2(O)C(O)=C3C(=O)c4c(O)c(NC(=O)CN5CCCC5)cc(F)c4C[C@H]3C[C@@H]12,6.21,IC50,620.0,CHEMBL2363135,Bacteria,70S_ribosome,CN(C)[C@@H]1C(O)=C(C(N)=O)C(=O)[C@@]2(O)C(O)=C3C(=O)c4c(O)c(NC(=O)CN5CCCC5)cc(F)c4C[C@H]3C[C@@H]12,O=C(CN1CCCC1)Nc1ccc2c(c1)C(=O)C1=CC3C(=O)C=CCC3CC1C2,558.5630000000002,0.29400000000000115,10,6,True,6.21
CHEMBL4439765,CCN[C@@H]1C[C@H](N)[C@@H](O[C@H]2OC(CN)=C(SCC)C[C@H]2N)[C@H](O)[C@H]1O[C@H]1OC[C@](C)(O)[C@H](NC)[C@H]1O,6.17,IC50,670.0,CHEMBL2363135,Bacteria,70S_ribosome,CCN[C@@H]1C[C@H](N)[C@@H](O[C@H]2OC(CN)=C(SCC)C[C@H]2N)[C@H](O)[C@H]1O[C@H]1OC[C@](C)(O)[C@H](NC)[C@H]1O,C1=COC(OC2CCCC(OC3CCCCO3)C2)CC1,535.7080000000004,-2.1198999999999923,13,8,True,6.17
CHEMBL469912,COc1ccc(C[C@H](N)C(=O)N[C@H]2[C@@H](O)[C@H](n3cnc4c(N(C)C)ncnc43)O[C@@H]2CO)cc1,6.05,IC50,900.0,CHEMBL2363135,Bacteria,70S_ribosome,COc1ccc(C[C@H](N)C(=O)N[C@H]2[C@@H](O)[C@H](n3cnc4c(N(C)C)ncnc43)O[C@@H]2CO)cc1,O=C(CCc1ccccc1)NC1COC(n2cnc3cncnc32)C1,471.51800000000026,-0.7936999999999972,10,4,True,6.05
CHEMBL3251866,CCCC(=O)O[C@H]1[C@H](C)O[C@@H](O[C@H]2[C@H](N(C)C)[C@@H](O)[C@H](O[C@H]3[C@@H](CC=O)C[C@@H](C)[C@@H](OC(C)=O)/C=C/C=C/C[C@@H](C)OC(=O)C[C@@H](O)[C@@H]3OC)O[C@@H]2C)C[C@@]1(C)O,6.05,IC50,900.0,CHEMBL2363135,Bacteria,70S_ribosome,CCCC(=O)O[C@H]1[C@H](C)O[C@@H](O[C@H]2[C@H](N(C)C)[C@@H](O)[C@H](O[C@H]3[C@@H](CC=O)C[C@@H](C)[C@@H](OC(C)=O)/C=C/C=C/C[C@@H](C)OC(=O)C[C@@H](O)[C@@H]3OC)O[C@@H]2C)C[C@@]1(C)O,O=C1CCCC(OC2CCC(OC3CCCCO3)CO2)CCCCC=CC=CCCO1,813.9790000000002,2.767400000000006,16,3,True,6.05
CHEMBL3251868,CCCC(=O)O[C@H]1/C=C/C=C/C[C@@H](C)OC(=O)C[C@@H](O)[C@H](OC)[C@@H](O[C@@H]2O[C@H](C)[C@@H](O[C@H]3C[C@@](C)(O)[C@@H](OC(=O)CCC)[C@H](C)O3)[C@H](N(C)C)[C@H]2O)[C@@H](CC=O)C[C@H]1C,6.05,IC50,900.0,CHEMBL2363135,Bacteria,70S_ribosome,CCCC(=O)O[C@H]1/C=C/C=C/C[C@@H](C)OC(=O)C[C@@H](O)[C@H](OC)[C@@H](O[C@@H]2O[C@H](C)[C@@H](O[C@H]3C[C@@](C)(O)[C@@H](OC(=O)CCC)[C@H](C)O3)[C@H](N(C)C)[C@H]2O)[C@@H](CC=O)C[C@H]1C,O=C1CCCC(OC2CCC(OC3CCCCO3)CO2)CCCCC=CC=CCCO1,842.0329999999999,3.5476000000000063,16,3,True,6.05
CHEMBL3244602,CCCC(=O)O[C@H]1[C@H](C)O[C@@H](O[C@H]2[C@H](N(C)C)[C@@H](O)[C@H](O[C@H]3[C@@H](CC=O)C[C@@H](C)[C@@H](OC(=O)CCl)/C=C/C=C/C[C@@H](C)OC(=O)C[C@@H](O)[C@@H]3OC)O[C@@H]2C)C[C@@]1(C)O,6.05,IC50,900.0,CHEMBL2363135,Bacteria,70S_ribosome,CCCC(=O)O[C@H]1[C@H](C)O[C@@H](O[C@H]2[C@H](N(C)C)[C@@H](O)[C@H](O[C@H]3[C@@H](CC=O)C[C@@H](C)[C@@H](OC(=O)CCl)/C=C/C=C/C[C@@H](C)OC(=O)C[C@@H](O)[C@@H]3OC)O[C@@H]2C)C[C@@]1(C)O,O=C1CCCC(OC2CCC(OC3CCCCO3)CO2)CCCCC=CC=CCCO1,848.4240000000001,2.986300000000005,16,3,True,6.05
CHEMBL5170706,C[C@@H]1C[C@@H](O)[C@H]2O[C@H](O[C@H]3[C@H](O[C@@H]4O[C@H](CO)[C@@H](O[C@H]5O[C@@H](CN)[C@@H](O)[C@H](O)[C@H]5N)[C@H]4O)[C@@H](O)[C@H](N)C[C@@H]3N)[C@H](N)[C@@H](O)[C@@H]2O1,6.05,IC50,890.0,CHEMBL2363135,Bacteria,70S_ribosome,C[C@@H]1C[C@@H](O)[C@H]2O[C@H](O[C@H]3[C@H](O[C@@H]4O[C@H](CO)[C@@H](O[C@H]5O[C@@H](CN)[C@@H](O)[C@H](O)[C@H]5N)[C@H]4O)[C@@H](O)[C@H](N)C[C@@H]3N)[C@H](N)[C@@H](O)[C@@H]2O1,C1CCC(OC2COC(OC3CCCCC3OC3CCC4OCCCC4O3)C2)OC1,655.699,-7.6766000000000165,19,12,True,6.05
CHEMBL1163270,C[C@H](O)[C@H]1O[C@H](O[C@H]2[C@H](O[C@@H]3O[C@H](CN)[C@@H](O)[C@H]3O)[C@@H](O)[C@H](NC(=O)[C@@H](O)CCN)C[C@@H]2N)[C@H](N)[C@@H](O)[C@@H]1O,6.01,IC50,980.0,CHEMBL2363135,Bacteria,70S_ribosome,C[C@H](O)[C@H]1O[C@H](O[C@H]2[C@H](O[C@@H]3O[C@H](CN)[C@@H](O)[C@H]3O)[C@@H](O)[C@H](NC(=O)[C@@H](O)CCN)C[C@@H]2N)[C@H](N)[C@@H](O)[C@@H]1O,C1CCC(OC2CCCCC2OC2CCCO2)OC1,569.6090000000004,-7.396600000000013,16,12,True,6.01
CHEMBL1631493,N[C@@H]1C[C@H](N)[C@@]2(CCC=CCO2)[C@H](O)[C@H]1O,6.0,IC50,1000000.0,CHEMBL2363135,Bacteria,70S_ribosome,N[C@@H]1C[C@H](N)[C@@]2(CCC=CCO2)[C@H](O)[C@H]1O,C1=CCOC2(CC1)CCCCC2,228.292,-1.1280999999999994,5,4,True,6.0
CHEMBL2106399,CO[C@@H]1[C@@H](O[C@@H]2O[C@H](C)[C@@H](O[C@H]3C[C@@](C)(O)[C@@H](OC(=O)CC(C)C)[C@H](C)O3)[C@H](N(C)C)[C@H]2O)[C@@H](CC=O)C[C@@H](C)[C@@H](O)/C=C/C=C/C[C@@H](C)OC(=O)C[C@H]1O,6.0,IC50,1000.0,CHEMBL2363135,Bacteria,70S_ribosome,CO[C@@H]1[C@@H](O[C@@H]2O[C@H](C)[C@@H](O[C@H]3C[C@@](C)(O)[C@@H](OC(=O)CC(C)C)[C@H](C)O3)[C@H](N(C)C)[C@H]2O)[C@@H](CC=O)C[C@@H](C)[C@@H](O)/C=C/C=C/C[C@@H](C)OC(=O)C[C@H]1O,O=C1CCCC(OC2CCC(OC3CCCCO3)CO2)CCCCC=CC=CCCO1,785.9690000000003,2.4426000000000037,15,4,True,6.0
CHEMBL3251853,CCCC(=O)O[C@H]1[C@H](C)O[C@@H](O[C@H]2[C@H](N(C)C)[C@@H](O)[C@H](O[C@H]3[C@@H](CC=O)C[C@@H](C)[C@@H](O)/C=C/C=C/C[C@@H](C)OC(=O)C[C@@H](O)[C@@H]3OC)O[C@@H]2C)C[C@@]1(C)O,5.96,IC50,1100.0,CHEMBL2363135,Bacteria,70S_ribosome,CCCC(=O)O[C@H]1[C@H](C)O[C@@H](O[C@H]2[C@H](N(C)C)[C@@H](O)[C@H](O[C@H]3[C@@H](CC=O)C[C@@H](C)[C@@H](O)/C=C/C=C/C[C@@H](C)OC(=O)C[C@@H](O)[C@@H]3OC)O[C@@H]2C)C[C@@]1(C)O,O=C1CCCC(OC2CCC(OC3CCCCO3)CO2)CCCCC=CC=CCCO1,771.9420000000001,2.196600000000004,15,4,True,5.96
CHEMBL3251869,CO[C@@H]1[C@@H](O[C@@H]2O[C@H](C)[C@@H](O[C@H]3C[C@@](C)(O)[C@@H](OC(=O)CC(C)C)[C@H](C)O3)[C@H](N(C)C)[C@H]2O)[C@@H](CC=O)C[C@@H](C)[C@@H](OC(C)=O)/C=C/C=C/C[C@@H](C)OC(=O)C[C@H]1O,5.96,IC50,1100.0,CHEMBL2363135,Bacteria,70S_ribosome,CO[C@@H]1[C@@H](O[C@@H]2O[C@H](C)[C@@H](O[C@H]3C[C@@](C)(O)[C@@H](OC(=O)CC(C)C)[C@H](C)O3)[C@H](N(C)C)[C@H]2O)[C@@H](CC=O)C[C@@H](C)[C@@H](OC(C)=O)/C=C/C=C/C[C@@H](C)OC(=O)C[C@H]1O,O=C1CCCC(OC2CCC(OC3CCCCO3)CO2)CCCCC=CC=CCCO1,828.0060000000002,3.0134000000000056,16,3,True,5.96
CHEMBL115026,CSCSCC(CO)NC(=O)/C=C/c1c(C)nc(O)nc1O,5.96,Ki,1090.0,CHEMBL2363135,Bacteria,70S_ribosome,CSCSCC(CO)NC(=O)/C=C/c1c(C)nc(O)nc1O,c1cncnc1,345.4460000000001,0.7402199999999999,8,4,True,5.96
CHEMBL3248507,CCCSC[C@H](CO)NC(=O)/C=C/c1c(C)[nH]c(=O)[nH]c1=O,5.96,Ki,1100.0,CHEMBL2363135,Bacteria,70S_ribosome,CCCSC[C@H](CO)NC(=O)/C=C/c1c(C)[nH]c(=O)[nH]c1=O,O=c1cc[nH]c(=O)[nH]1,327.40600000000006,0.005119999999999902,5,4,True,5.96
CHEMBL1164465,C[C@H](O)[C@H]1O[C@H](O[C@H]2[C@H](O[C@@H]3O[C@H](CN)[C@@H](O)[C@H]3O)[C@@H](O)[C@H](N)C[C@@H]2N)[C@H](N)[C@@H](O)[C@@H]1O,5.95,IC50,1130.0,CHEMBL2363135,Bacteria,70S_ribosome,C[C@H](O)[C@H]1O[C@H](O[C@H]2[C@H](O[C@@H]3O[C@H](CN)[C@@H](O)[C@H]3O)[C@@H](O)[C@H](N)C[C@@H]2N)[C@H](N)[C@@H](O)[C@@H]1O,C1CCC(OC2CCCCC2OC2CCCO2)OC1,468.50400000000013,-6.263800000000002,14,10,True,5.95
CHEMBL224436,CO[C@@H]1[C@@H](O[C@@H]2O[C@H](C)[C@@H](O[C@H]3C[C@@](C)(O)[C@@H](OC(=O)CC(C)C)[C@H](C)O3)[C@H](N(C)C)[C@H]2O)[C@@H](CC=O)C[C@@H](C)[C@@H](O)/C=C/C=C/C[C@@H](C)OC(=O)C[C@H]1OC(C)=O,5.92,IC50,1200.0,CHEMBL2363135,Bacteria,70S_ribosome,CO[C@@H]1[C@@H](O[C@@H]2O[C@H](C)[C@@H](O[C@H]3C[C@@](C)(O)[C@@H](OC(=O)CC(C)C)[C@H](C)O3)[C@H](N(C)C)[C@H]2O)[C@@H](CC=O)C[C@@H](C)[C@@H](O)/C=C/C=C/C[C@@H](C)OC(=O)C[C@H]1OC(C)=O,O=C1CCCC(OC2CCC(OC3CCCCO3)CO2)CCCCC=CC=CCCO1,828.0060000000002,3.013400000000005,16,3,True,5.92
CHEMBL3251852,CCCC(=O)O[C@H]1[C@H](C)O[C@@H](O[C@H]2[C@H](N(C)C)[C@@H](O)[C@H](O[C@H]3[C@@H](CC=O)C[C@@H](C)[C@@H](O)/C=C/C=C/C[C@@H](C)OC(=O)C[C@@H](OC(C)=O)[C@@H]3OC)O[C@@H]2C)C[C@@]1(C)O,5.92,IC50,1200.0,CHEMBL2363135,Bacteria,70S_ribosome,CCCC(=O)O[C@H]1[C@H](C)O[C@@H](O[C@H]2[C@H](N(C)C)[C@@H](O)[C@H](O[C@H]3[C@@H](CC=O)C[C@@H](C)[C@@H](O)/C=C/C=C/C[C@@H](C)OC(=O)C[C@@H](OC(C)=O)[C@@H]3OC)O[C@@H]2C)C[C@@]1(C)O,O=C1CCCC(OC2CCC(OC3CCCCO3)CO2)CCCCC=CC=CCCO1,813.979,2.767400000000006,16,3,True,5.92
CHEMBL3248509,Cc1[nH]c(=O)[nH]c(=O)c1/C=C/C(=O)NC(CO)CSCc1ccccc1,5.92,Ki,1210.0,CHEMBL2363135,Bacteria,70S_ribosome,Cc1[nH]c(=O)[nH]c(=O)c1/C=C/C(=O)NC(CO)CSCc1ccccc1,O=C(C=Cc1c[nH]c(=O)[nH]c1=O)NCCSCc1ccccc1,375.4500000000001,0.7953200000000004,5,4,True,5.92
CHEMBL557931,CC[C@H]1OC(=O)[C@H](C)[C@@H](O[C@H]2C[C@@](C)(OC)[C@@H](O)[C@H](C)O2)[C@H](C)[C@@H](O[C@@H]2O[C@H](C)C[C@H](N(C)C)[C@H]2O)[C@](C)(OC)C[C@@H](C)C(=O)N[C@H](C)[C@@H](O)[C@]1(C)O,5.89,IC50,1300.0,CHEMBL2363135,Bacteria,70S_ribosome,CC[C@H]1OC(=O)[C@H](C)[C@@H](O[C@H]2C[C@@](C)(OC)[C@@H](O)[C@H](C)O2)[C@H](C)[C@@H](O[C@@H]2O[C@H](C)C[C@H](N(C)C)[C@H]2O)[C@](C)(OC)C[C@@H](C)C(=O)N[C@H](C)[C@@H](O)[C@]1(C)O,O=C1CCCC(OC2CCCCO2)CC(OC2CCCCO2)CC(=O)OCCCCN1,762.9790000000002,1.7392000000000052,14,5,True,5.89
CHEMBL3251861,CO[C@@H]1[C@@H](O[C@@H]2O[C@H](C)[C@@H](O[C@H]3C[C@@](C)(O)[C@@H](OC(=O)CC(C)C)[C@H](C)O3)[C@H](N(C)C)[C@H]2O)[C@@H](CC=O)C[C@@H](C)[C@@H](OC(C)=O)/C=C/C=C/C[C@@H](C)OC(=O)C[C@H]1OC(C)=O,5.89,IC50,1300.0,CHEMBL2363135,Bacteria,70S_ribosome,CO[C@@H]1[C@@H](O[C@@H]2O[C@H](C)[C@@H](O[C@H]3C[C@@](C)(O)[C@@H](OC(=O)CC(C)C)[C@H](C)O3)[C@H](N(C)C)[C@H]2O)[C@@H](CC=O)C[C@@H](C)[C@@H](OC(C)=O)/C=C/C=C/C[C@@H](C)OC(=O)C[C@H]1OC(C)=O,O=C1CCCC(OC2CCC(OC3CCCCO3)CO2)CCCCC=CC=CCCO1,870.0430000000001,3.584200000000007,17,2,True,5.89
CHEMBL3244603,CCCC(=O)O[C@H]1[C@H](C)O[C@@H](O[C@H]2[C@H](N(C)C)[C@@H](O)[C@H](O[C@H]3[C@@H](CC=O)C[C@@H](C)[C@@H](OC(=O)C(Cl)Cl)/C=C/C=C/C[C@@H](C)OC(=O)C[C@@H](O)[C@@H]3OC)O[C@@H]2C)C[C@@]1(C)O,5.89,IC50,1300.0,CHEMBL2363135,Bacteria,70S_ribosome,CCCC(=O)O[C@H]1[C@H](C)O[C@@H](O[C@H]2[C@H](N(C)C)[C@@H](O)[C@H](O[C@H]3[C@@H](CC=O)C[C@@H](C)[C@@H](OC(=O)C(Cl)Cl)/C=C/C=C/C[C@@H](C)OC(=O)C[C@@H](O)[C@@H]3OC)O[C@@H]2C)C[C@@]1(C)O,O=C1CCCC(OC2CCC(OC3CCCCO3)CO2)CCCCC=CC=CCCO1,882.869,3.5512000000000055,16,3,True,5.89
CHEMBL4754000,C[C@H](NC(=O)[C@@H](NC(=O)[C@@H](N)CCCCN)[C@@H](O)CN)C(=O)NCC(=O)N[C@H](CCCO)C(=O)N1CCC[C@H]1C(=O)N[C@@H](Cc1c[nH]cn1)C(=O)N[C@@H](CCCCN)C(=O)N/C(=C\CCNC(=N)N)C(=O)O,5.89,IC50,1300.0,CHEMBL2363135,Bacteria,70S_ribosome,C[C@H](NC(=O)[C@@H](NC(=O)[C@@H](N)CCCCN)[C@@H](O)CN)C(=O)NCC(=O)N[C@H](CCCO)C(=O)N1CCC[C@H]1C(=O)N[C@@H](Cc1c[nH]cn1)C(=O)N[C@@H](CCCCN)C(=O)N/C(=C\CCNC(=N)N)C(=O)O,O=C(NCCc1c[nH]cn1)C1CCCN1,1022.1799999999993,-6.861430000000025,17,18,True,5.89
CHEMBL126,CC(=O)NC[C@H]1CN(c2ccc(N3CCOCC3)c(F)c2)C(=O)O1,5.86,IC50,1380000.0,CHEMBL2363135,Bacteria,70S_ribosome,CC(=O)NC[C@H]1CN(c2ccc(N3CCOCC3)c(F)c2)C(=O)O1,O=C1OCCN1c1ccc(N2CCOCC2)cc1,337.35100000000006,1.1235999999999997,5,1,True,5.86
CHEMBL3244601,CO[C@@H]1[C@@H](O[C@@H]2O[C@H](C)[C@@H](O[C@H]3C[C@@](C)(O)[C@@H](OC(=O)CC(C)C)[C@H](C)O3)[C@H](N(C)C)[C@H]2O)[C@@H](CC=O)C[C@@H](C)[C@@H](OC(=O)C(Cl)Cl)/C=C/C=C/C[C@@H](C)OC(=O)C[C@H]1OC(C)=O,5.85,IC50,1400.0,CHEMBL2363135,Bacteria,70S_ribosome,CO[C@@H]1[C@@H](O[C@@H]2O[C@H](C)[C@@H](O[C@H]3C[C@@](C)(O)[C@@H](OC(=O)CC(C)C)[C@H](C)O3)[C@H](N(C)C)[C@H]2O)[C@@H](CC=O)C[C@@H](C)[C@@H](OC(=O)C(Cl)Cl)/C=C/C=C/C[C@@H](C)OC(=O)C[C@H]1OC(C)=O,O=C1CCCC(OC2CCC(OC3CCCCO3)CO2)CCCCC=CC=CCCO1,938.9330000000001,4.368000000000006,17,2,True,5.85
CHEMBL5203971,NC[C@@H]1O[C@H](O[C@H]2[C@@H](O)[C@H](O[C@@H]3[C@@H](O)[C@H](N)C[C@H](N)[C@H]3O[C@H]3O[C@H]4[C@@H](OCCC[C@H]4O)[C@H](O)[C@H]3N)O[C@@H]2CO)[C@H](N)[C@@H](O)[C@@H]1O,5.82,IC50,1500.0,CHEMBL2363135,Bacteria,70S_ribosome,NC[C@@H]1O[C@H](O[C@H]2[C@@H](O)[C@H](O[C@@H]3[C@@H](O)[C@H](N)C[C@H](N)[C@H]3O[C@H]3O[C@H]4[C@@H](OCCC[C@H]4O)[C@H](O)[C@H]3N)O[C@@H]2CO)[C@H](N)[C@@H](O)[C@@H]1O,C1CCC(OC2COC(OC3CCCCC3OC3CCC4OCCCCC4O3)C2)OC1,655.6990000000003,-7.675000000000013,19,12,True,5.82
CHEMBL3251867,CCCC(=O)O[C@H]1[C@H](C)O[C@@H](O[C@H]2[C@H](N(C)C)[C@@H](O)[C@H](O[C@H]3[C@@H](CC=O)C[C@@H](C)[C@@H](OC(=O)CC)/C=C/C=C/C[C@@H](C)OC(=O)C[C@@H](O)[C@@H]3OC)O[C@@H]2C)C[C@@]1(C)O,5.77,IC50,1700.0,CHEMBL2363135,Bacteria,70S_ribosome,CCCC(=O)O[C@H]1[C@H](C)O[C@@H](O[C@H]2[C@H](N(C)C)[C@@H](O)[C@H](O[C@H]3[C@@H](CC=O)C[C@@H](C)[C@@H](OC(=O)CC)/C=C/C=C/C[C@@H](C)OC(=O)C[C@@H](O)[C@@H]3OC)O[C@@H]2C)C[C@@]1(C)O,O=C1CCCC(OC2CCC(OC3CCCCO3)CO2)CCCCC=CC=CCCO1,828.0060000000002,3.1575000000000055,16,3,True,5.77
CHEMBL3244599,CCC(=O)O[C@H]1/C=C/C=C/C[C@@H](C)OC(=O)C[C@@H](O)[C@H](OC)[C@@H](O[C@@H]2O[C@H](C)[C@@H](O[C@H]3C[C@@](C)(O)[C@@H](OC(=O)C(C)CC)[C@H](C)O3)[C@H](N(C)C)[C@H]2O)[C@@H](CC=O)C[C@H]1C,5.77,IC50,1700.0,CHEMBL2363135,Bacteria,70S_ribosome,CCC(=O)O[C@H]1/C=C/C=C/C[C@@H](C)OC(=O)C[C@@H](O)[C@H](OC)[C@@H](O[C@@H]2O[C@H](C)[C@@H](O[C@H]3C[C@@](C)(O)[C@@H](OC(=O)C(C)CC)[C@H](C)O3)[C@H](N(C)C)[C@H]2O)[C@@H](CC=O)C[C@H]1C,O=C1CCCC(OC2CCC(OC3CCCCO3)CO2)CCCCC=CC=CCCO1,842.0329999999999,3.4035000000000055,16,3,True,5.77
CHEMBL3244600,CO[C@@H]1[C@@H](O[C@@H]2O[C@H](C)[C@@H](O[C@H]3C[C@@](C)(O)[C@@H](OC(=O)CC(C)C)[C@H](C)O3)[C@H](N(C)C)[C@H]2O)[C@@H](CC=O)C[C@@H](C)[C@@H](OC(=O)CCl)/C=C/C=C/C[C@@H](C)OC(=O)C[C@H]1OC(C)=O,5.77,IC50,1700.0,CHEMBL2363135,Bacteria,70S_ribosome,CO[C@@H]1[C@@H](O[C@@H]2O[C@H](C)[C@@H](O[C@H]3C[C@@](C)(O)[C@@H](OC(=O)CC(C)C)[C@H](C)O3)[C@H](N(C)C)[C@H]2O)[C@@H](CC=O)C[C@@H](C)[C@@H](OC(=O)CCl)/C=C/C=C/C[C@@H](C)OC(=O)C[C@H]1OC(C)=O,O=C1CCCC(OC2CCC(OC3CCCCO3)CO2)CCCCC=CC=CCCO1,904.488,3.803100000000007,17,2,True,5.77
CHEMBL3251854,CCC(=O)O[C@H]1[C@H](C)O[C@@H](O[C@H]2[C@H](N(C)C)[C@@H](O)[C@H](O[C@H]3[C@@H](CC=O)C[C@@H](C)[C@@H](O)/C=C/C=C/C[C@@H](C)OC(=O)C[C@@H](OC(C)=O)[C@@H]3OC)O[C@@H]2C)C[C@@]1(C)O,5.72,IC50,1900.0,CHEMBL2363135,Bacteria,70S_ribosome,CCC(=O)O[C@H]1[C@H](C)O[C@@H](O[C@H]2[C@H](N(C)C)[C@@H](O)[C@H](O[C@H]3[C@@H](CC=O)C[C@@H](C)[C@@H](O)/C=C/C=C/C[C@@H](C)OC(=O)C[C@@H](OC(C)=O)[C@@H]3OC)O[C@@H]2C)C[C@@]1(C)O,O=C1CCCC(OC2CCC(OC3CCCCO3)CO2)CCCCC=CC=CCCO1,799.9520000000001,2.3773000000000066,16,3,True,5.72
CHEMBL3251862,CCC(=O)O[C@H]1/C=C/C=C/C[C@@H](C)OC(=O)C[C@@H](OC(C)=O)[C@H](OC)[C@@H](O[C@@H]2O[C@H](C)[C@@H](O[C@H]3C[C@@](C)(O)[C@@H](OC(=O)CC(C)C)[C@H](C)O3)[C@H](N(C)C)[C@H]2O)[C@@H](CC=O)C[C@H]1C,5.72,IC50,1900.0,CHEMBL2363135,Bacteria,70S_ribosome,CCC(=O)O[C@H]1/C=C/C=C/C[C@@H](C)OC(=O)C[C@@H](OC(C)=O)[C@H](OC)[C@@H](O[C@@H]2O[C@H](C)[C@@H](O[C@H]3C[C@@](C)(O)[C@@H](OC(=O)CC(C)C)[C@H](C)O3)[C@H](N(C)C)[C@H]2O)[C@@H](CC=O)C[C@H]1C,O=C1CCCC(OC2CCC(OC3CCCCO3)CO2)CCCCC=CC=CCCO1,884.07,3.9743000000000075,17,2,True,5.72
CHEMBL3251863,CCCC(=O)O[C@H]1/C=C/C=C/C[C@@H](C)OC(=O)C[C@@H](OC(C)=O)[C@H](OC)[C@@H](O[C@@H]2O[C@H](C)[C@@H](O[C@H]3C[C@@](C)(O)[C@@H](OC(=O)CC(C)C)[C@H](C)O3)[C@H](N(C)C)[C@H]2O)[C@@H](CC=O)C[C@H]1C,5.72,IC50,1900.0,CHEMBL2363135,Bacteria,70S_ribosome,CCCC(=O)O[C@H]1/C=C/C=C/C[C@@H](C)OC(=O)C[C@@H](OC(C)=O)[C@H](OC)[C@@H](O[C@@H]2O[C@H](C)[C@@H](O[C@H]3C[C@@](C)(O)[C@@H](OC(=O)CC(C)C)[C@H](C)O3)[C@H](N(C)C)[C@H]2O)[C@@H](CC=O)C[C@H]1C,O=C1CCCC(OC2CCC(OC3CCCCO3)CO2)CCCCC=CC=CCCO1,898.097,4.364400000000008,17,2,True,5.72
CHEMBL3244432,CCCC(=O)O[C@H]1[C@H](C)O[C@@H](O[C@H]2[C@H](N(C)C)[C@@H](OC(=O)CCC(=O)O)[C@H](O[C@H]3[C@@H](CC=O)C[C@@H](C)[C@@H](O)/C=C/C=C/C[C@@H](C)OC(=O)C[C@@H](O)[C@@H]3OC)O[C@@H]2C)C[C@@]1(C)O,5.72,IC50,1900.0,CHEMBL2363135,Bacteria,70S_ribosome,CCCC(=O)O[C@H]1[C@H](C)O[C@@H](O[C@H]2[C@H](N(C)C)[C@@H](OC(=O)CCC(=O)O)[C@H](O[C@H]3[C@@H](CC=O)C[C@@H](C)[C@@H](O)/C=C/C=C/C[C@@H](C)OC(=O)C[C@@H](O)[C@@H]3OC)O[C@@H]2C)C[C@@]1(C)O,O=C1CCCC(OC2CCC(OC3CCCCO3)CO2)CCCCC=CC=CCCO1,872.0150000000002,2.612300000000007,17,4,True,5.72
CHEMBL5205282,C=C[C@]1(C)C[C@@H](OC(=O)CSc2nnc(-c3ccccc3F)[nH]2)[C@]2(C)[C@H](C)CC[C@]3(CCC(=O)[C@H]32)[C@@H](C)[C@@H]1O,5.71,Kd,1950.0,CHEMBL2363135,Bacteria,70S_ribosome,C=C[C@]1(C)C[C@@H](OC(=O)CSc2nnc(-c3ccccc3F)[nH]2)[C@]2(C)[C@H](C)CC[C@]3(CCC(=O)[C@H]32)[C@@H](C)[C@@H]1O,O=C(CSc1nnc(-c2ccccc2)[nH]1)OC1CCCCC23CCCC1C2C(=O)CC3,555.7160000000003,5.609400000000006,7,2,True,5.71
CHEMBL3251864,CO[C@@H]1[C@@H](O[C@@H]2O[C@H](C)[C@@H](O[C@H]3C[C@@](C)(O)[C@@H](OC(=O)CC(C)C)[C@H](C)O3)[C@H](N(C)C)[C@H]2O)[C@@H](CC=O)C[C@@H](C)[C@@H](OC(=O)C(C)C)/C=C/C=C/C[C@@H](C)OC(=O)C[C@H]1OC(C)=O,5.7,IC50,2000.0,CHEMBL2363135,Bacteria,70S_ribosome,CO[C@@H]1[C@@H](O[C@@H]2O[C@H](C)[C@@H](O[C@H]3C[C@@](C)(O)[C@@H](OC(=O)CC(C)C)[C@H](C)O3)[C@H](N(C)C)[C@H]2O)[C@@H](CC=O)C[C@@H](C)[C@@H](OC(=O)C(C)C)/C=C/C=C/C[C@@H](C)OC(=O)C[C@H]1OC(C)=O,O=C1CCCC(OC2CCC(OC3CCCCO3)CO2)CCCCC=CC=CCCO1,898.0970000000001,4.220300000000009,17,2,True,5.7
CHEMBL3248506,CCCSCC(CO)NC(=O)/C=C/c1c(C)[nH]c(=O)[nH]c1=O,5.7,Ki,2000.0,CHEMBL2363135,Bacteria,70S_ribosome,CCCSCC(CO)NC(=O)/C=C/c1c(C)[nH]c(=O)[nH]c1=O,O=c1cc[nH]c(=O)[nH]1,327.40600000000006,0.005119999999999902,5,4,True,5.7
CHEMBL3251865,CO[C@@H]1[C@@H](O[C@@H]2O[C@H](C)[C@@H](O[C@H]3C[C@@](C)(O)[C@@H](OC(C)=O)[C@H](C)O3)[C@H](N(C)C)[C@H]2O)[C@@H](CC=O)C[C@@H](C)[C@@H](OC(C)=O)/C=C/C=C/C[C@@H](C)OC(=O)C[C@H]1O,5.68,IC50,2100.0,CHEMBL2363135,Bacteria,70S_ribosome,CO[C@@H]1[C@@H](O[C@@H]2O[C@H](C)[C@@H](O[C@H]3C[C@@](C)(O)[C@@H](OC(C)=O)[C@H](C)O3)[C@H](N(C)C)[C@H]2O)[C@@H](CC=O)C[C@@H](C)[C@@H](OC(C)=O)/C=C/C=C/C[C@@H](C)OC(=O)C[C@H]1O,O=C1CCCC(OC2CCC(OC3CCCCO3)CO2)CCCCC=CC=CCCO1,785.9250000000002,1.9872000000000072,16,3,True,5.68
CHEMBL3251873,CCCC(=O)O[C@H]1[C@H](C)O[C@@H](O[C@H]2[C@H](N(C)C)[C@@H](O)[C@H](O[C@H]3[C@@H](CC=O)C[C@@H](C)[C@@H](OC(C)=O)/C=C/C=C/C[C@@H](C)OC(=O)C[C@@H](OC(C)=O)[C@@H]3OC)O[C@@H]2C)C[C@@]1(C)O,5.66,IC50,2200.0,CHEMBL2363135,Bacteria,70S_ribosome,CCCC(=O)O[C@H]1[C@H](C)O[C@@H](O[C@H]2[C@H](N(C)C)[C@@H](O)[C@H](O[C@H]3[C@@H](CC=O)C[C@@H](C)[C@@H](OC(C)=O)/C=C/C=C/C[C@@H](C)OC(=O)C[C@@H](OC(C)=O)[C@@H]3OC)O[C@@H]2C)C[C@@]1(C)O,O=C1CCCC(OC2CCC(OC3CCCCO3)CO2)CCCCC=CC=CCCO1,856.0160000000001,3.338200000000008,17,2,True,5.66
CHEMBL3248511,CCCCCC(CO)NC(=O)/C=C/c1c(C)[nH]c(=O)[nH]c1=O,5.64,Ki,2300.0,CHEMBL2363135,Bacteria,70S_ribosome,CCCCCC(CO)NC(=O)/C=C/c1c(C)[nH]c(=O)[nH]c1=O,O=c1cc[nH]c(=O)[nH]1,309.36600000000004,0.44222000000000017,4,4,True,5.64
CHEMBL1753,CCC[C@@H]1C[C@@H](C(=O)N[C@@H]([C@H]2O[C@H](SC)[C@H](O)[C@@H](O)[C@H]2O)[C@H](C)Cl)N(C)C1,5.57,Ki,2700.0,CHEMBL2363135,Bacteria,70S_ribosome,CCC[C@@H]1C[C@@H](C(=O)N[C@@H]([C@H]2O[C@H](SC)[C@H](O)[C@@H](O)[C@H]2O)[C@H](C)Cl)N(C)C1,O=C(NCC1CCCCO1)C1CCCN1,424.9910000000001,0.3895000000000004,7,4,True,5.57
CHEMBL3244596,CO[C@@H]1[C@@H](O[C@@H]2O[C@H](C)[C@@H](O[C@H]3C[C@@](C)(O)[C@@H](O)[C@H](C)O3)[C@H](N(C)C)[C@H]2O)[C@@H](CC=O)C[C@@H](C)[C@@H](OC(C)=O)/C=C/C=C/C[C@@H](C)OC(=O)C[C@H]1O,5.55,IC50,2800.0,CHEMBL2363135,Bacteria,70S_ribosome,CO[C@@H]1[C@@H](O[C@@H]2O[C@H](C)[C@@H](O[C@H]3C[C@@](C)(O)[C@@H](O)[C@H](C)O3)[C@H](N(C)C)[C@H]2O)[C@@H](CC=O)C[C@@H](C)[C@@H](OC(C)=O)/C=C/C=C/C[C@@H](C)OC(=O)C[C@H]1O,O=C1CCCC(OC2CCC(OC3CCCCO3)CO2)CCCCC=CC=CCCO1,743.8880000000001,1.4164000000000063,15,4,True,5.55
CHEMBL3244606,CCCC(=O)O[C@H]1[C@H](C)O[C@@H](O[C@H]2[C@H](N(C)C)[C@@H](OC(=O)CCC(=O)O)[C@H](O[C@H]3[C@@H](CC=O)C[C@@H](C)[C@@H](OC(=O)CCC(=O)O)/C=C/C=C/C[C@@H](C)OC(=O)C[C@@H](O)[C@@H]3OC)O[C@@H]2C)C[C@@]1(C)O,5.55,IC50,2800.0,CHEMBL2363135,Bacteria,70S_ribosome,CCCC(=O)O[C@H]1[C@H](C)O[C@@H](O[C@H]2[C@H](N(C)C)[C@@H](OC(=O)CCC(=O)O)[C@H](O[C@H]3[C@@H](CC=O)C[C@@H](C)[C@@H](OC(=O)CCC(=O)O)/C=C/C=C/C[C@@H](C)OC(=O)C[C@@H](O)[C@@H]3OC)O[C@@H]2C)C[C@@]1(C)O,O=C1CCCC(OC2CCC(OC3CCCCO3)CO2)CCCCC=CC=CCCO1,972.0880000000001,3.02800000000001,19,4,True,5.55
CHEMBL5434382,CCN1CCN(Cc2csc(-c3ccccc3)n2)CC1,5.55,IC50,2800.0,CHEMBL2363135,Bacteria,70S_ribosome,CCN1CCN(Cc2csc(-c3ccccc3)n2)CC1,c1ccc(-c2nc(CN3CCNCC3)cs2)cc1,287.4320000000001,2.9476000000000013,4,0,True,5.55
CHEMBL4757804,CNC[C@H](O)[C@H](NC(=O)[C@@H](N)CCCCN)C(=O)N[C@@H](C)C(=O)NCC(=O)N[C@H](CCCN)C(=O)N1CCC[C@H]1C(=O)N[C@@H](Cc1c[nH]cn1)C(=O)N[C@@H](CCCCN)C(=O)N/C(=C\CCNC(=N)N)C(=O)O,5.5,IC50,3200.0,CHEMBL2363135,Bacteria,70S_ribosome,CNC[C@H](O)[C@H](NC(=O)[C@@H](N)CCCCN)C(=O)N[C@@H](C)C(=O)NCC(=O)N[C@H](CCCN)C(=O)N1CCC[C@H]1C(=O)N[C@@H](Cc1c[nH]cn1)C(=O)N[C@@H](CCCCN)C(=O)N/C(=C\CCNC(=N)N)C(=O)O,O=C(NCCc1c[nH]cn1)C1CCCN1,1035.222999999999,-6.634330000000013,17,18,True,5.5
CHEMBL3244607,CCCC(=O)O[C@H]1[C@H](C)O[C@@H](O[C@H]2[C@H](N(C)C)[C@@H](OC(=O)CCC(=O)O)[C@H](O[C@H]3[C@@H](CC=O)C[C@@H](C)[C@@H](OC(C)=O)/C=C/C=C/C[C@@H](C)OC(=O)C[C@@H](O)[C@@H]3OC)O[C@@H]2C)C[C@@]1(C)O,5.48,IC50,3300.0,CHEMBL2363135,Bacteria,70S_ribosome,CCCC(=O)O[C@H]1[C@H](C)O[C@@H](O[C@H]2[C@H](N(C)C)[C@@H](OC(=O)CCC(=O)O)[C@H](O[C@H]3[C@@H](CC=O)C[C@@H](C)[C@@H](OC(C)=O)/C=C/C=C/C[C@@H](C)OC(=O)C[C@@H](O)[C@@H]3OC)O[C@@H]2C)C[C@@]1(C)O,O=C1CCCC(OC2CCC(OC3CCCCO3)CO2)CCCCC=CC=CCCO1,914.0520000000001,3.183100000000008,18,3,True,5.48
CHEMBL5201220,NC[C@@H]1O[C@H](O[C@H]2[C@@H](O)[C@H](O[C@@H]3[C@@H](O)[C@H](N)C[C@H](N)[C@H]3O[C@H]3O[C@H]4[C@@H](OCC[C@H]4O)[C@H](O)[C@H]3N)O[C@@H]2CO)[C@H](N)[C@@H](O)[C@@H]1O,5.48,IC50,3300.0,CHEMBL2363135,Bacteria,70S_ribosome,NC[C@@H]1O[C@H](O[C@H]2[C@@H](O)[C@H](O[C@@H]3[C@@H](O)[C@H](N)C[C@H](N)[C@H]3O[C@H]3O[C@H]4[C@@H](OCC[C@H]4O)[C@H](O)[C@H]3N)O[C@@H]2CO)[C@H](N)[C@@H](O)[C@@H]1O,C1CCC(OC2COC(OC3CCCCC3OC3CCC4OCCCC4O3)C2)OC1,641.6720000000004,-8.065100000000015,19,12,True,5.48
CHEMBL3244605,CO[C@@H]1[C@@H](O[C@@H]2O[C@H](C)[C@@H](O[C@H]3C[C@@](C)(O)[C@@H](OC(=O)CC(C)C)[C@H](C)O3)[C@H](N(C)C)[C@H]2O)[C@@H](CC=O)C[C@@H](C)[C@@H](OC(=O)CCC(=O)O)/C=C/C=C/C[C@@H](C)OC(=O)C[C@H]1OC(C)=O,5.47,IC50,3400.0,CHEMBL2363135,Bacteria,70S_ribosome,CO[C@@H]1[C@@H](O[C@@H]2O[C@H](C)[C@@H](O[C@H]3C[C@@](C)(O)[C@@H](OC(=O)CC(C)C)[C@H](C)O3)[C@H](N(C)C)[C@H]2O)[C@@H](CC=O)C[C@@H](C)[C@@H](OC(=O)CCC(=O)O)/C=C/C=C/C[C@@H](C)OC(=O)C[C@H]1OC(C)=O,O=C1CCCC(OC2CCC(OC3CCCCO3)CO2)CCCCC=CC=CCCO1,928.0790000000001,3.4291000000000107,18,3,True,5.47
CHEMBL3244604,CO[C@@H]1[C@@H](O[C@@H]2O[C@H](C)[C@@H](O[C@H]3C[C@@](C)(O)[C@@H](OC(=O)CC(C)C)[C@H](C)O3)[C@H](N(C)C)[C@H]2OC(=O)CCC(=O)O)[C@@H](CC=O)C[C@@H](C)[C@@H](O)/C=C/C=C/C[C@@H](C)OC(=O)C[C@H]1OC(C)=O,5.46,IC50,3500.0,CHEMBL2363135,Bacteria,70S_ribosome,CO[C@@H]1[C@@H](O[C@@H]2O[C@H](C)[C@@H](O[C@H]3C[C@@](C)(O)[C@@H](OC(=O)CC(C)C)[C@H](C)O3)[C@H](N(C)C)[C@H]2OC(=O)CCC(=O)O)[C@@H](CC=O)C[C@@H](C)[C@@H](O)/C=C/C=C/C[C@@H](C)OC(=O)C[C@H]1OC(C)=O,O=C1CCCC(OC2CCC(OC3CCCCO3)CO2)CCCCC=CC=CCCO1,928.0790000000001,3.429100000000009,18,3,True,5.46
CHEMBL3244598,CCC(=O)O[C@H]1/C=C/C=C/C[C@@H](C)OC(=O)C[C@@H](O)[C@H](OC)[C@@H](O[C@@H]2O[C@H](C)[C@@H](O[C@H]3C[C@@](C)(O)[C@@H](O)[C@H](C)O3)[C@H](N(C)C)[C@H]2O)[C@@H](CC=O)C[C@H]1C,5.4,IC50,4000.0,CHEMBL2363135,Bacteria,70S_ribosome,CCC(=O)O[C@H]1/C=C/C=C/C[C@@H](C)OC(=O)C[C@@H](O)[C@H](OC)[C@@H](O[C@@H]2O[C@H](C)[C@@H](O[C@H]3C[C@@](C)(O)[C@@H](O)[C@H](C)O3)[C@H](N(C)C)[C@H]2O)[C@@H](CC=O)C[C@H]1C,O=C1CCCC(OC2CCC(OC3CCCCO3)CO2)CCCCC=CC=CCCO1,757.9150000000001,1.8065000000000044,15,4,True,5.4
CHEMBL1440,CN(C)[C@@H]1C(O)=C(C(N)=O)C(=O)[C@@]2(O)C(O)=C3C(=O)c4c(O)cccc4[C@@](C)(O)[C@H]3C[C@@H]12,5.34,IC50,4580.0,CHEMBL2363135,Bacteria,70S_ribosome,CN(C)[C@@H]1C(O)=C(C(N)=O)C(=O)[C@@]2(O)C(O)=C3C(=O)c4c(O)cccc4[C@@](C)(O)[C@H]3C[C@@H]12,O=C1C2=CC3C(=O)C=CCC3CC2Cc2ccccc21,444.44000000000017,-0.21439999999999837,9,6,True,5.34
CHEMBL427409,NC[C@H]1O[C@H](O[C@H]2[C@H](O)[C@@H](O)[C@H](N)C[C@@H]2N)[C@H](N)[C@@H](O)[C@@H]1O,5.3,IC50,5000.0,CHEMBL2363135,Bacteria,70S_ribosome,NC[C@H]1O[C@H](O[C@H]2[C@H](O)[C@@H](O)[C@H](N)C[C@@H]2N)[C@H](N)[C@@H](O)[C@@H]1O,C1CCC(OC2CCCCO2)CC1,322.362,-5.115599999999994,10,8,True,5.3
CHEMBL4521742,CC1=C\[C@@H](O)C[C@H](O)Cc2nc(co2)C(=O)N2CCC[C@@H]2C(=O)O[C@H](C(C)C)[C@H](C)/C=C/C(=O)NC\C=C\1,5.22,IC50,6000.0,CHEMBL2363135,Bacteria,70S_ribosome,CC1=C\[C@@H](O)C[C@H](O)Cc2nc(co2)C(=O)N2CCC[C@@H]2C(=O)O[C@H](C(C)C)[C@H](C)/C=C/C(=O)NC\C=C\1,O=C1C=CCCOC(=O)C2CCCN2C(=O)c2coc(n2)CCCCC=CC=CCN1,529.6340000000004,2.3259999999999996,8,3,True,5.22
CHEMBL3244597,CO[C@@H]1[C@@H](O[C@@H]2O[C@H](C)[C@@H](O[C@H]3C[C@@](C)(O)[C@@H](O)[C@H](C)O3)[C@H](N(C)C)[C@H]2O)[C@@H](CC=O)C[C@@H](C)[C@@H](OC(C)=O)/C=C/C=C/C[C@@H](C)OC(=O)C[C@H]1OC(C)=O,5.2,IC50,6300.0,CHEMBL2363135,Bacteria,70S_ribosome,CO[C@@H]1[C@@H](O[C@@H]2O[C@H](C)[C@@H](O[C@H]3C[C@@](C)(O)[C@@H](O)[C@H](C)O3)[C@H](N(C)C)[C@H]2O)[C@@H](CC=O)C[C@@H](C)[C@@H](OC(C)=O)/C=C/C=C/C[C@@H](C)OC(=O)C[C@H]1OC(C)=O,O=C1CCCC(OC2CCC(OC3CCCCO3)CO2)CCCCC=CC=CCCO1,785.9250000000001,1.9872000000000074,16,3,True,5.2
CHEMBL3251855,CO[C@@H]1[C@@H](O[C@@H]2O[C@H](C)[C@@H](O[C@H]3C[C@@](C)(O)[C@@H](OC(C)=O)[C@H](C)O3)[C@H](N(C)C)[C@H]2O)[C@@H](CC=O)C[C@@H](C)[C@@H](O)/C=C/C=C/C[C@@H](C)OC(=O)C[C@H]1OC(C)=O,5.17,IC50,6700.0,CHEMBL2363135,Bacteria,70S_ribosome,CO[C@@H]1[C@@H](O[C@@H]2O[C@H](C)[C@@H](O[C@H]3C[C@@](C)(O)[C@@H](OC(C)=O)[C@H](C)O3)[C@H](N(C)C)[C@H]2O)[C@@H](CC=O)C[C@@H](C)[C@@H](O)/C=C/C=C/C[C@@H](C)OC(=O)C[C@H]1OC(C)=O,O=C1CCCC(OC2CCC(OC3CCCCO3)CO2)CCCCC=CC=CCCO1,785.9250000000002,1.9872000000000065,16,3,True,5.17
CHEMBL1276662,CC(=O)NC[C@H]1CN(c2ccc(-c3ccc(CNC(=N)N)cc3)c(F)c2)C(=O)O1,5.06,IC50,8700.0,CHEMBL2363135,Bacteria,70S_ribosome,CC(=O)NC[C@H]1CN(c2ccc(-c3ccc(CNC(=N)N)cc3)c(F)c2)C(=O)O1,O=C1OCCN1c1ccc(-c2ccccc2)cc1,399.4260000000001,1.9370699999999998,4,4,True,5.06
CHEMBL5411816,Cc1nc(CN2CCN(Cc3csc(-c4ccccc4)n3)CC2)cs1,5.04,IC50,9100.0,CHEMBL2363135,Bacteria,70S_ribosome,Cc1nc(CN2CCN(Cc3csc(-c4ccccc4)n3)CC2)cs1,c1ccc(-c2nc(CN3CCN(Cc4cscn4)CC3)cs2)cc1,370.54700000000014,3.892820000000003,6,0,True,5.04
CHEMBL3244608,CCCC(=O)O[C@H]1[C@H](C)O[C@@H](O[C@H]2[C@H](N(C)C)[C@@H](OC(=O)CCCC(=O)O)[C@H](O[C@H]3[C@@H](CC=O)C[C@@H](C)[C@@H](O)/C=C/C=C/C[C@@H](C)OC(=O)C[C@@H](O)[C@@H]3OC)O[C@@H]2C)C[C@@]1(C)O,5.03,IC50,9300.0,CHEMBL2363135,Bacteria,70S_ribosome,CCCC(=O)O[C@H]1[C@H](C)O[C@@H](O[C@H]2[C@H](N(C)C)[C@@H](OC(=O)CCCC(=O)O)[C@H](O[C@H]3[C@@H](CC=O)C[C@@H](C)[C@@H](O)/C=C/C=C/C[C@@H](C)OC(=O)C[C@@H](O)[C@@H]3OC)O[C@@H]2C)C[C@@]1(C)O,O=C1CCCC(OC2CCC(OC3CCCCO3)CO2)CCCCC=CC=CCCO1,886.0420000000003,3.0024000000000073,17,4,True,5.03
CHEMBL4748593,C[C@H](NC(=O)[C@@H](NC(=O)[C@@H](N)CCCCN)[C@@H](O)[C@@H](C)N)C(=O)NCC(=O)N[C@H](CCCN)C(=O)N1CCC[C@H]1C(=O)N[C@@H](Cc1c[nH]cn1)C(=O)N[C@@H](CCCCN)C(=O)N/C(=C\CCNC(=N)N)C(=O)O,5.0,IC50,10000.0,CHEMBL2363135,Bacteria,70S_ribosome,C[C@H](NC(=O)[C@@H](NC(=O)[C@@H](N)CCCCN)[C@@H](O)[C@@H](C)N)C(=O)NCC(=O)N[C@H](CCCN)C(=O)N1CCC[C@H]1C(=O)N[C@@H](Cc1c[nH]cn1)C(=O)N[C@@H](CCCCN)C(=O)N/C(=C\CCNC(=N)N)C(=O)O,O=C(NCCc1c[nH]cn1)C1CCCN1,1035.2229999999993,-6.506530000000013,17,18,True,5.0
CHEMBL3251856,CO[C@@H]1[C@@H](O[C@@H]2O[C@H](C)[C@@H](O[C@H]3C[C@@](C)(O)[C@@H](O)[C@H](C)O3)[C@H](N(C)C)[C@H]2O)[C@@H](CC=O)C[C@@H](C)[C@@H](O)/C=C/C=C/C[C@@H](C)OC(=O)C[C@H]1OC(C)=O,4.97,IC50,10700.0,CHEMBL2363135,Bacteria,70S_ribosome,CO[C@@H]1[C@@H](O[C@@H]2O[C@H](C)[C@@H](O[C@H]3C[C@@](C)(O)[C@@H](O)[C@H](C)O3)[C@H](N(C)C)[C@H]2O)[C@@H](CC=O)C[C@@H](C)[C@@H](O)/C=C/C=C/C[C@@H](C)OC(=O)C[C@H]1OC(C)=O,O=C1CCCC(OC2CCC(OC3CCCCO3)CO2)CCCCC=CC=CCCO1,743.8880000000001,1.4164000000000063,15,4,True,4.97
CHEMBL1631490,N[C@@H]1C[C@H](N)[C@@]2(C[C@H](O)[C@H](O)CO2)[C@H](O)[C@H]1O,4.95,IC50,11300.0,CHEMBL2363135,Bacteria,70S_ribosome,N[C@@H]1C[C@H](N)[C@@]2(C[C@H](O)[C@H](O)CO2)[C@H](O)[C@H]1O,C1CCC2(CC1)CCCCO2,248.279,-3.3525999999999985,7,6,True,4.95
CHEMBL3251859,CCCC(=O)O[C@H]1[C@H](C)O[C@@H](O[C@H]2[C@H](N(C)C)[C@@H](OC(=O)CC)[C@H](O[C@H]3[C@@H](CC=O)C[C@@H](C)[C@@H](O)/C=C/C=C/C[C@@H](C)OC(=O)C[C@@H](O)[C@@H]3OC)O[C@@H]2C)C[C@@]1(C)O,4.86,IC50,13800.0,CHEMBL2363135,Bacteria,70S_ribosome,CCCC(=O)O[C@H]1[C@H](C)O[C@@H](O[C@H]2[C@H](N(C)C)[C@@H](OC(=O)CC)[C@H](O[C@H]3[C@@H](CC=O)C[C@@H](C)[C@@H](O)/C=C/C=C/C[C@@H](C)OC(=O)C[C@@H](O)[C@@H]3OC)O[C@@H]2C)C[C@@]1(C)O,O=C1CCCC(OC2CCC(OC3CCCCO3)CO2)CCCCC=CC=CCCO1,828.0060000000002,3.1575000000000055,16,3,True,4.86
CHEMBL4754988,C[C@H](NC(=O)[C@@H](NC(=O)[C@@H](N)CCCCN)[C@@H](O)CCN)C(=O)NCC(=O)N[C@H](CCCN)C(=O)N1CCC[C@H]1C(=O)N[C@@H](Cc1c[nH]cn1)C(=O)N[C@@H](CCCCN)C(=O)N/C(=C\CCNC(=N)N)C(=O)O,4.84,IC50,14400.0,CHEMBL2363135,Bacteria,70S_ribosome,C[C@H](NC(=O)[C@@H](NC(=O)[C@@H](N)CCCCN)[C@@H](O)CCN)C(=O)NCC(=O)N[C@H](CCCN)C(=O)N1CCC[C@H]1C(=O)N[C@@H](Cc1c[nH]cn1)C(=O)N[C@@H](CCCCN)C(=O)N/C(=C\CCNC(=N)N)C(=O)O,O=C(NCCc1c[nH]cn1)C1CCCN1,1035.2229999999993,-6.504930000000013,17,18,True,4.84
CHEMBL3251858,CCCC(=O)O[C@H]1[C@H](C)O[C@@H](O[C@H]2[C@H](N(C)C)[C@@H](OC(C)=O)[C@H](O[C@H]3[C@@H](CC=O)C[C@@H](C)[C@@H](O)/C=C/C=C/C[C@@H](C)OC(=O)C[C@@H](O)[C@@H]3OC)O[C@@H]2C)C[C@@]1(C)O,4.83,IC50,14800.0,CHEMBL2363135,Bacteria,70S_ribosome,CCCC(=O)O[C@H]1[C@H](C)O[C@@H](O[C@H]2[C@H](N(C)C)[C@@H](OC(C)=O)[C@H](O[C@H]3[C@@H](CC=O)C[C@@H](C)[C@@H](O)/C=C/C=C/C[C@@H](C)OC(=O)C[C@@H](O)[C@@H]3OC)O[C@@H]2C)C[C@@]1(C)O,O=C1CCCC(OC2CCC(OC3CCCCO3)CO2)CCCCC=CC=CCCO1,813.9790000000002,2.767400000000006,16,3,True,4.83
CHEMBL4751891,C[C@H](NC(=O)[C@H](CCN)NC(=O)[C@@H](N)CCCCN)C(=O)NCC(=O)N[C@H](CCCN)C(=O)N1CCC[C@H]1C(=O)N[C@@H](Cc1c[nH]cn1)C(=O)N[C@@H](CCCCN)C(=O)N/C(=C\CCNC(=N)N)C(=O)O,4.77,IC50,17000.0,CHEMBL2363135,Bacteria,70S_ribosome,C[C@H](NC(=O)[C@H](CCN)NC(=O)[C@@H](N)CCCCN)C(=O)NCC(=O)N[C@H](CCCN)C(=O)N1CCC[C@H]1C(=O)N[C@@H](Cc1c[nH]cn1)C(=O)N[C@@H](CCCCN)C(=O)N/C(=C\CCNC(=N)N)C(=O)O,O=C(NCCc1c[nH]cn1)C1CCCN1,1005.1969999999994,-5.865830000000016,16,17,True,4.77
CHEMBL3251860,CCCC(=O)O[C@H]1[C@H](C)O[C@@H](O[C@H]2[C@H](N(C)C)[C@@H](OC(=O)CC)[C@H](O[C@H]3[C@@H](CC=O)C[C@@H](C)[C@@H](O)/C=C/C=C/C[C@@H](C)OC(=O)C[C@@H](OC(C)=O)[C@@H]3OC)O[C@@H]2C)C[C@@]1(C)O,4.75,IC50,17800.0,CHEMBL2363135,Bacteria,70S_ribosome,CCCC(=O)O[C@H]1[C@H](C)O[C@@H](O[C@H]2[C@H](N(C)C)[C@@H](OC(=O)CC)[C@H](O[C@H]3[C@@H](CC=O)C[C@@H](C)[C@@H](O)/C=C/C=C/C[C@@H](C)OC(=O)C[C@@H](OC(C)=O)[C@@H]3OC)O[C@@H]2C)C[C@@]1(C)O,O=C1CCCC(OC2CCC(OC3CCCCO3)CO2)CCCCC=CC=CCCO1,870.0430000000001,3.7283000000000075,17,2,True,4.75
CHEMBL4785848,C[C@H](N)CC[C@@H](NC(=O)CNC(=O)[C@H](C)NC(=O)[C@@H](NC(=O)[C@@H](N)CCCCN)[C@@H](O)CN)C(=O)N1CCC[C@H]1C(=O)N[C@@H](Cc1c[nH]cn1)C(=O)N[C@@H](CCCCN)C(=O)N/C(=C\CCNC(=N)N)C(=O)O,4.75,IC50,17900.0,CHEMBL2363135,Bacteria,70S_ribosome,C[C@H](N)CC[C@@H](NC(=O)CNC(=O)[C@H](C)NC(=O)[C@@H](NC(=O)[C@@H](N)CCCCN)[C@@H](O)CN)C(=O)N1CCC[C@H]1C(=O)N[C@@H](Cc1c[nH]cn1)C(=O)N[C@@H](CCCCN)C(=O)N/C(=C\CCNC(=N)N)C(=O)O,O=C(NCCc1c[nH]cn1)C1CCCN1,1035.2229999999993,-6.506530000000015,17,18,True,4.75
CHEMBL4759544,C[C@H](NC(=O)[C@@H](NC(=O)[C@@H](N)CCCCN)[C@@H](O)CN)C(=O)NCC(=O)N[C@](C)(CCCN)C(=O)N1CCC[C@H]1C(=O)N[C@@H](Cc1c[nH]cn1)C(=O)N[C@@H](CCCCN)C(=O)N/C(=C\CCNC(=N)N)C(=O)O,4.74,IC50,18100.0,CHEMBL2363135,Bacteria,70S_ribosome,C[C@H](NC(=O)[C@@H](NC(=O)[C@@H](N)CCCCN)[C@@H](O)CN)C(=O)NCC(=O)N[C@](C)(CCCN)C(=O)N1CCC[C@H]1C(=O)N[C@@H](Cc1c[nH]cn1)C(=O)N[C@@H](CCCCN)C(=O)N/C(=C\CCNC(=N)N)C(=O)O,O=C(NCCc1c[nH]cn1)C1CCCN1,1035.2229999999993,-6.504930000000013,17,18,True,4.74
CHEMBL1241590,CS(=O)(=O)c1ccc([C@@H](O)[C@@H](CF)NC(=O)C(Cl)Cl)cc1,4.7,IC50,20000.0,CHEMBL2363135,Bacteria,70S_ribosome,CS(=O)(=O)c1ccc([C@@H](O)[C@@H](CF)NC(=O)C(Cl)Cl)cc1,c1ccccc1,358.21799999999996,1.3815,4,2,True,4.7
CHEMBL3251872,CCCC(=O)O[C@H]1[C@H](C)O[C@@H](O[C@H]2[C@H](N(C)C)[C@@H](OC(C)=O)[C@H](O[C@H]3[C@@H](CC=O)C[C@@H](C)[C@@H](O)/C=C/C=C/C[C@@H](C)OC(=O)C[C@@H](OC(C)=O)[C@@H]3OC)O[C@@H]2C)C[C@@]1(C)O,4.68,IC50,20900.0,CHEMBL2363135,Bacteria,70S_ribosome,CCCC(=O)O[C@H]1[C@H](C)O[C@@H](O[C@H]2[C@H](N(C)C)[C@@H](OC(C)=O)[C@H](O[C@H]3[C@@H](CC=O)C[C@@H](C)[C@@H](O)/C=C/C=C/C[C@@H](C)OC(=O)C[C@@H](OC(C)=O)[C@@H]3OC)O[C@@H]2C)C[C@@]1(C)O,O=C1CCCC(OC2CCC(OC3CCCCO3)CO2)CCCCC=CC=CCCO1,856.0160000000001,3.338200000000008,17,2,True,4.68
CHEMBL3251870,CO[C@@H]1[C@@H](O[C@@H]2O[C@H](C)[C@@H](O[C@H]3C[C@@](C)(O)[C@@H](OC(=O)CC(C)C)[C@H](C)O3)[C@H](N(C)C)[C@H]2OC(C)=O)[C@@H](CC=O)C[C@@H](C)[C@@H](OC(C)=O)/C=C/C=C/C[C@@H](C)OC(=O)C[C@H]1OC(C)=O,4.67,IC50,21400.0,CHEMBL2363135,Bacteria,70S_ribosome,CO[C@@H]1[C@@H](O[C@@H]2O[C@H](C)[C@@H](O[C@H]3C[C@@](C)(O)[C@@H](OC(=O)CC(C)C)[C@H](C)O3)[C@H](N(C)C)[C@H]2OC(C)=O)[C@@H](CC=O)C[C@@H](C)[C@@H](OC(C)=O)/C=C/C=C/C[C@@H](C)OC(=O)C[C@H]1OC(C)=O,O=C1CCCC(OC2CCC(OC3CCCCO3)CO2)CCCCC=CC=CCCO1,912.08,4.155000000000008,18,1,True,4.67
CHEMBL3251874,CCCC(=O)O[C@H]1[C@H](C)O[C@@H](O[C@H]2[C@H](N(C)C)[C@@H](OC(C)=O)[C@H](O[C@H]3[C@@H](CC=O)C[C@@H](C)[C@@H](OC(C)=O)/C=C/C=C/C[C@@H](C)OC(=O)C[C@@H](O)[C@@H]3OC)O[C@@H]2C)C[C@@]1(C)O,4.63,IC50,23400.0,CHEMBL2363135,Bacteria,70S_ribosome,CCCC(=O)O[C@H]1[C@H](C)O[C@@H](O[C@H]2[C@H](N(C)C)[C@@H](OC(C)=O)[C@H](O[C@H]3[C@@H](CC=O)C[C@@H](C)[C@@H](OC(C)=O)/C=C/C=C/C[C@@H](C)OC(=O)C[C@@H](O)[C@@H]3OC)O[C@@H]2C)C[C@@]1(C)O,O=C1CCCC(OC2CCC(OC3CCCCO3)CO2)CCCCC=CC=CCCO1,856.0160000000002,3.338200000000008,17,2,True,4.63
CHEMBL4759202,C[C@H](NC(=O)[C@@H](NC(=O)[C@@H](N)CCCCN)[C@@H](C)CN)C(=O)NCC(=O)N[C@H](CCCN)C(=O)N1CCC[C@H]1C(=O)N[C@@H](Cc1c[nH]cn1)C(=O)N[C@@H](CCCCN)C(=O)N/C(=C\CCNC(=N)N)C(=O)O,4.57,IC50,26700.0,CHEMBL2363135,Bacteria,70S_ribosome,C[C@H](NC(=O)[C@@H](NC(=O)[C@@H](N)CCCCN)[C@@H](C)CN)C(=O)NCC(=O)N[C@H](CCCN)C(=O)N1CCC[C@H]1C(=O)N[C@@H](Cc1c[nH]cn1)C(=O)N[C@@H](CCCCN)C(=O)N/C(=C\CCNC(=N)N)C(=O)O,O=C(NCCc1c[nH]cn1)C1CCCN1,1019.2239999999994,-5.619830000000019,16,17,True,4.57
CHEMBL4515707,O=C(NNC(=S)Nc1cccc(F)c1)c1ccccc1O,7.0,IC50,100.0,CHEMBL4523951,Enterococcus faecalis (strain ATCC 700802 / V583),D-Ala-D-Ala,O=C(NNC(=S)Nc1cccc(F)c1)c1ccccc1O,O=C(NNC(=S)Nc1ccccc1)c1ccccc1,305.33400000000006,2.1627000000000005,3,4,True,7.0
CHEMBL28,O=c1cc(-c2ccc(O)cc2)oc2cc(O)cc(O)c12,6.788,IC50,163000.0,CHEMBL1956,Escherichia coli K-12,D-Ala-D-Ala,O=c1cc(-c2ccc(O)cc2)oc2cc(O)cc(O)c12,O=c1cc(-c2ccccc2)oc2ccccc12,270.24,2.576800000000001,5,3,True,6.788
CHEMBL5173242,CC[C@H](C)[C@@H](CCC(=O)NC)NC(=O)[C@H](Cc1c[nH]c2ccc(F)cc12)NC(=O)[C@H](CCC(C)C)NCc1cnn(C)c1-c1ccc(OC)cc1,6.615,IC50,242700.0,CHEMBL1956,Escherichia coli K-12,D-Ala-D-Ala,CC[C@H](C)[C@@H](CCC(=O)NC)NC(=O)[C@H](Cc1c[nH]c2ccc(F)cc12)NC(=O)[C@H](CCC(C)C)NCc1cnn(C)c1-c1ccc(OC)cc1,O=C(CNCc1cn[nH]c1-c1ccccc1)NCCc1c[nH]c2ccccc12,703.9039999999999,5.395100000000005,6,5,True,6.615
CHEMBL771,N[C@@H]1CONC1=O,6.582,IC50,262000.0,CHEMBL4523951,Enterococcus faecalis (strain ATCC 700802 / V583),D-Ala-D-Ala,N[C@@H]1CONC1=O,O=C1CCON1,102.09299999999999,-1.6249000000000007,3,2,True,6.582
CHEMBL4535288,CC(=O)c1ccc(NC(=S)NNC(=O)c2ccccc2O)cc1,6.43,IC50,370.0,CHEMBL4523951,Enterococcus faecalis (strain ATCC 700802 / V583),D-Ala-D-Ala,CC(=O)c1ccc(NC(=S)NNC(=O)c2ccccc2O)cc1,O=C(NNC(=S)Nc1ccccc1)c1ccccc1,329.38100000000003,2.2262000000000004,4,4,True,6.43
CHEMBL4537639,CCOC(=O)c1cc(Br)c2nc(-c3cccc(CN)c3)oc2c1,6.365,IC50,432000.0,CHEMBL4523951,Enterococcus faecalis (strain ATCC 700802 / V583),D-Ala-D-Ala,CCOC(=O)c1cc(Br)c2nc(-c3cccc(CN)c3)oc2c1,c1ccc(-c2nc3ccccc3o2)cc1,375.2220000000001,3.8927000000000023,5,1,True,6.365
CHEMBL4457124,N#Cc1ccc(NC(=S)NNC(=O)c2ccccc2O)cc1,6.29,IC50,510.0,CHEMBL4523951,Enterococcus faecalis (strain ATCC 700802 / V583),D-Ala-D-Ala,N#Cc1ccc(NC(=S)NNC(=O)c2ccccc2O)cc1,O=C(NNC(=S)Nc1ccccc1)c1ccccc1,312.35400000000004,1.8952799999999999,4,4,True,6.29
CHEMBL4441028,O=C(NNC(=S)Nc1cccc2ccccc12)c1ccccc1O,6.28,IC50,520.0,CHEMBL4523951,Enterococcus faecalis (strain ATCC 700802 / V583),D-Ala-D-Ala,O=C(NNC(=S)Nc1cccc2ccccc12)c1ccccc1O,O=C(NNC(=S)Nc1cccc2ccccc12)c1ccccc1,337.4040000000001,3.1768000000000014,3,4,True,6.28
CHEMBL4547125,COc1ccccc1NC(=S)NNC(=O)c1ccccc1O,6.26,IC50,550.0,CHEMBL4523951,Enterococcus faecalis (strain ATCC 700802 / V583),D-Ala-D-Ala,COc1ccccc1NC(=S)NNC(=O)c1ccccc1O,O=C(NNC(=S)Nc1ccccc1)c1ccccc1,317.37000000000006,2.0322,4,4,True,6.26
CHEMBL4450059,O=C(NNC(=S)Nc1ccc(Cl)c(Cl)c1)c1cc2ccccc2cc1O,6.25,IC50,560.0,CHEMBL4523951,Enterococcus faecalis (strain ATCC 700802 / V583),D-Ala-D-Ala,O=C(NNC(=S)Nc1ccc(Cl)c(Cl)c1)c1cc2ccccc2cc1O,O=C(NNC(=S)Nc1ccccc1)c1ccc2ccccc2c1,406.29400000000015,4.483600000000002,3,4,True,6.25
CHEMBL4566999,O=C(NNC(=S)Nc1ccc(Cl)cc1Cl)c1ccccc1O,6.24,IC50,580.0,CHEMBL4523951,Enterococcus faecalis (strain ATCC 700802 / V583),D-Ala-D-Ala,O=C(NNC(=S)Nc1ccc(Cl)cc1Cl)c1ccccc1O,O=C(NNC(=S)Nc1ccccc1)c1ccccc1,356.2340000000001,3.3304000000000005,3,4,True,6.24
CHEMBL4445254,O=C(NNC(=S)Nc1cccc(Cl)c1)c1ccccc1O,6.2,IC50,630.0,CHEMBL4523951,Enterococcus faecalis (strain ATCC 700802 / V583),D-Ala-D-Ala,O=C(NNC(=S)Nc1cccc(Cl)c1)c1ccccc1O,O=C(NNC(=S)Nc1ccccc1)c1ccccc1,321.78900000000004,2.677000000000001,3,4,True,6.2
CHEMBL4448556,O=C(NNC(=S)Nc1ccc(OC(F)(F)F)cc1)c1ccccc1O,6.16,IC50,700.0,CHEMBL4523951,Enterococcus faecalis (strain ATCC 700802 / V583),D-Ala-D-Ala,O=C(NNC(=S)Nc1ccc(OC(F)(F)F)cc1)c1ccccc1O,O=C(NNC(=S)Nc1ccccc1)c1ccccc1,371.34000000000003,2.9222000000000006,4,4,True,6.16
CHEMBL4524762,COc1ccc(NC(=S)NNC(=O)c2ccccc2O)cc1,6.15,IC50,710.0,CHEMBL4523951,Enterococcus faecalis (strain ATCC 700802 / V583),D-Ala-D-Ala,COc1ccc(NC(=S)NNC(=O)c2ccccc2O)cc1,O=C(NNC(=S)Nc1ccccc1)c1ccccc1,317.37000000000006,2.0321999999999996,4,4,True,6.15
CHEMBL4591078,O=C(NNC(=S)Nc1cccc(I)c1)c1ccccc1O,6.14,IC50,730.0,CHEMBL4523951,Enterococcus faecalis (strain ATCC 700802 / V583),D-Ala-D-Ala,O=C(NNC(=S)Nc1cccc(I)c1)c1ccccc1O,O=C(NNC(=S)Nc1ccccc1)c1ccccc1,413.24000000000007,2.628200000000001,3,4,True,6.14
CHEMBL3633780,O=C(NNC(=S)Nc1ccccc1)c1ccccc1O,6.1,IC50,800.0,CHEMBL4523951,Enterococcus faecalis (strain ATCC 700802 / V583),D-Ala-D-Ala,O=C(NNC(=S)Nc1ccccc1)c1ccccc1O,O=C(NNC(=S)Nc1ccccc1)c1ccccc1,287.34400000000005,2.0235999999999996,3,4,True,6.1
CHEMBL4472847,O=C(NNC(=S)Nc1ccccc1Cl)c1ccccc1O,6.1,IC50,790.0,CHEMBL4523951,Enterococcus faecalis (strain ATCC 700802 / V583),D-Ala-D-Ala,O=C(NNC(=S)Nc1ccccc1Cl)c1ccccc1O,O=C(NNC(=S)Nc1ccccc1)c1ccccc1,321.78900000000004,2.677000000000001,3,4,True,6.1
CHEMBL4594055,O=C(NNC(=S)Nc1ccc(Cl)cc1)c1ccccc1O,6.08,IC50,830.0,CHEMBL4523951,Enterococcus faecalis (strain ATCC 700802 / V583),D-Ala-D-Ala,O=C(NNC(=S)Nc1ccc(Cl)cc1)c1ccccc1O,O=C(NNC(=S)Nc1ccccc1)c1ccccc1,321.78900000000004,2.677000000000001,3,4,True,6.08
CHEMBL4531935,O=C(NNC(=S)Nc1ccc(F)cc1)c1ccccc1O,6.08,IC50,840.0,CHEMBL4523951,Enterococcus faecalis (strain ATCC 700802 / V583),D-Ala-D-Ala,O=C(NNC(=S)Nc1ccc(F)cc1)c1ccccc1O,O=C(NNC(=S)Nc1ccccc1)c1ccccc1,305.33400000000006,2.1627000000000005,3,4,True,6.08
CHEMBL4514663,CCCCCNC(=S)NNC(=O)c1ccccc1O,6.03,IC50,930.0,CHEMBL4523951,Enterococcus faecalis (strain ATCC 700802 / V583),D-Ala-D-Ala,CCCCCNC(=S)NNC(=O)c1ccccc1O,c1ccccc1,281.38100000000003,1.6912999999999996,3,4,True,6.03
CHEMBL4461445,O=C(NNC(=S)Nc1ccc(Cl)c(Cl)c1)c1ccc(I)cc1O,6.03,IC50,930.0,CHEMBL4523951,Enterococcus faecalis (strain ATCC 700802 / V583),D-Ala-D-Ala,O=C(NNC(=S)Nc1ccc(Cl)c(Cl)c1)c1ccc(I)cc1O,O=C(NNC(=S)Nc1ccccc1)c1ccccc1,482.1300000000001,3.935,3,4,True,6.03
CHEMBL4453039,O=C(NNC(=S)Nc1ccccc1F)c1ccccc1O,6.01,IC50,970.0,CHEMBL4523951,Enterococcus faecalis (strain ATCC 700802 / V583),D-Ala-D-Ala,O=C(NNC(=S)Nc1ccccc1F)c1ccccc1O,O=C(NNC(=S)Nc1ccccc1)c1ccccc1,305.33400000000006,2.1627000000000005,3,4,True,6.01
CHEMBL4465913,O=C(NNC(=S)Nc1ccc(OCc2ccccc2)cc1)c1ccccc1O,6.0,IC50,990.0,CHEMBL4523951,Enterococcus faecalis (strain ATCC 700802 / V583),D-Ala-D-Ala,O=C(NNC(=S)Nc1ccc(OCc2ccccc2)cc1)c1ccccc1O,O=C(NNC(=S)Nc1ccc(OCc2ccccc2)cc1)c1ccccc1,393.4680000000001,3.602600000000003,4,4,True,6.0
CHEMBL4451238,Nc1ccc(C(=O)NNC(=S)Nc2ccc(Cl)c(Cl)c2)c(O)c1,6.0,IC50,990.0,CHEMBL4523951,Enterococcus faecalis (strain ATCC 700802 / V583),D-Ala-D-Ala,Nc1ccc(C(=O)NNC(=S)Nc2ccc(Cl)c(Cl)c2)c(O)c1,O=C(NNC(=S)Nc1ccccc1)c1ccccc1,371.24900000000014,2.9125999999999994,4,5,True,6.0
CHEMBL4476621,O=C(NNC(=S)Nc1ccc(Cl)c(Cl)c1)c1ccccc1O,5.81,IC50,1540.0,CHEMBL4523951,Enterococcus faecalis (strain ATCC 700802 / V583),D-Ala-D-Ala,O=C(NNC(=S)Nc1ccc(Cl)c(Cl)c1)c1ccccc1O,O=C(NNC(=S)Nc1ccccc1)c1ccccc1,356.2340000000001,3.3304000000000005,3,4,True,5.81
CHEMBL50,O=c1c(O)c(-c2ccc(O)c(O)c2)oc2cc(O)cc(O)c12,4.7,IC50,19900.0,CHEMBL1956,Escherichia coli K-12,D-Ala-D-Ala,O=c1c(O)c(-c2ccc(O)c(O)c2)oc2cc(O)cc(O)c12,O=c1cc(-c2ccccc2)oc2ccccc12,302.23800000000006,1.988,7,5,True,4.7
CHEMBL170758,CCC(CC)n1c(C)cc2c3c(N)nc(N)nc3ccc21,10.52,Ki,0.03,CHEMBL2329,C. albicans,DHFR,CCC(CC)n1c(C)cc2c3c(N)nc(N)nc3ccc21,c1ncc2c(ccc3[nH]ccc32)n1,283.379,3.418420000000001,4,2,True,10.52
CHEMBL171305,CC(C)(C)c1cc2c(ccc3nc(N)nc(N)c32)[nH]1,9.92,Ki,0.12,CHEMBL2329,C. albicans,DHFR,CC(C)(C)c1cc2c(ccc3nc(N)nc(N)c32)[nH]1,c1ncc2c(ccc3[nH]ccc32)n1,255.325,2.5729999999999995,4,3,True,9.92
CHEMBL353161,CC(C)c1cc2c(ccc3nc(N)nc(N)c32)[nH]1,9.8,Ki,0.16,CHEMBL2329,C. albicans,DHFR,CC(C)c1cc2c(ccc3nc(N)nc(N)c32)[nH]1,c1ncc2c(ccc3[nH]ccc32)n1,241.29799999999997,2.3989,4,3,True,9.8
CHEMBL318721,CCC(CC)n1ccc2c3c(N)nc(N)nc3ccc21,9.66,Ki,0.22,CHEMBL2329,C. albicans,DHFR,CCC(CC)n1ccc2c3c(N)nc(N)nc3ccc21,c1ncc2c(ccc3[nH]ccc32)n1,269.352,3.1100000000000003,4,2,True,9.66
CHEMBL173617,Cc1cc2c3c(N)nc(N)nc3ccc2n1C(C)C,9.66,Ki,0.22,CHEMBL2329,C. albicans,DHFR,Cc1cc2c3c(N)nc(N)nc3ccc2n1C(C)C,c1ncc2c(ccc3[nH]ccc32)n1,255.32500000000002,2.6382200000000005,4,2,True,9.66
CHEMBL353621,COc1cc(Cn2ccc3c4c(N)nc(N)nc4ccc32)cc(OC)c1OC,9.64,Ki,0.23,CHEMBL2329,C. albicans,DHFR,COc1cc(Cn2ccc3c4c(N)nc(N)nc4ccc32)cc(OC)c1OC,c1ccc(Cn2ccc3c4cncnc4ccc32)cc1,379.42000000000013,2.8230000000000013,7,2,True,9.64
CHEMBL170144,CCc1cc2c3c(N)nc(N)nc3ccc2n1CC,9.48,Ki,0.33,CHEMBL2329,C. albicans,DHFR,CCc1cc2c3c(N)nc(N)nc3ccc2n1CC,c1ncc2c(ccc3[nH]ccc32)n1,255.325,2.3312,4,2,True,9.48
CHEMBL170654,CCn1c(C(C)C)cc2c3c(N)nc(N)nc3ccc21,9.48,Ki,0.33,CHEMBL2329,C. albicans,DHFR,CCn1c(C(C)C)cc2c3c(N)nc(N)nc3ccc21,c1ncc2c(ccc3[nH]ccc32)n1,269.352,2.8922,4,2,True,9.48
CHEMBL171629,CCCCc1cc2c3c(N)nc(N)nc3ccc2n1C(C)(C)C,9.42,Ki,0.38,CHEMBL2329,C. albicans,DHFR,CCCCc1cc2c3c(N)nc(N)nc3ccc2n1C(C)(C)C,c1ncc2c(ccc3[nH]ccc32)n1,311.43300000000005,3.8465000000000025,4,2,True,9.42
CHEMBL353763,CCCc1cc2c3c(N)nc(N)nc3ccc2n1CC,9.19,Ki,0.65,CHEMBL2329,C. albicans,DHFR,CCCc1cc2c3c(N)nc(N)nc3ccc2n1CC,c1ncc2c(ccc3[nH]ccc32)n1,269.352,2.721300000000001,4,2,True,9.19
CHEMBL170900,CCc1cc2c3c(N)nc(N)nc3ccc2n1C,8.89,Ki,1.3,CHEMBL2329,C. albicans,DHFR,CCc1cc2c3c(N)nc(N)nc3ccc2n1C,c1ncc2c(ccc3[nH]ccc32)n1,241.298,1.8482999999999996,4,2,True,8.89
CHEMBL57377,COc1cc(Cc2cnc(N)nc2N)cc2c(C)cc(C)nc12,8.72,IC50,1.9,CHEMBL2627,E. coli,DHFR,COc1cc(Cc2cnc(N)nc2N)cc2c(C)cc(C)nc12,c1cnc2ccc(Cc3cncnc3)cc2c1,309.37300000000005,2.4054400000000005,6,2,True,8.72
CHEMBL58455,Cc1ccnc2c([N+](=O)[O-])cc(Cc3cnc(N)nc3N)cc12,8.7,IC50,2.0,CHEMBL2627,E. coli,DHFR,Cc1ccnc2c([N+](=O)[O-])cc(Cc3cnc(N)nc3N)cc12,c1cnc2ccc(Cc3cncnc3)cc2c1,310.31700000000006,1.9966199999999996,7,2,True,8.7
CHEMBL418293,COc1cc(Cc2cnc(N)nc2N)cc2c1NC(C)(CF)C(F)=C2C,8.7,IC50,2.0,CHEMBL2627,E. coli,DHFR,COc1cc(Cc2cnc(N)nc2N)cc2c1NC(C)(CF)C(F)=C2C,C1=Cc2cc(Cc3cncnc3)ccc2NC1,361.39600000000013,3.0946000000000016,6,3,True,8.7
CHEMBL353929,Cc1cc2c3c(N)nc(N)nc3ccc2n1C,8.7,Ki,2.0,CHEMBL2329,C. albicans,DHFR,Cc1cc2c3c(N)nc(N)nc3ccc2n1C,c1ncc2c(ccc3[nH]ccc32)n1,227.27100000000002,1.5943199999999997,4,2,True,8.7
CHEMBL57458,CCc1cc(Cc2cnc(N)nc2N)cc2c1N(C)CCC2C,8.62,IC50,2.4,CHEMBL2627,E. coli,DHFR,CCc1cc(Cc2cnc(N)nc2N)cc2c1N(C)CCC2C,c1ncc(Cc2ccc3c(c2)CCCN3)cn1,311.4330000000001,2.7376000000000005,5,2,True,8.62
CHEMBL300371,CCc1cc(Cc2cnc(N)nc2N)cc2c1NC(C)(C)C=C2C,8.59,IC50,2.6,CHEMBL2627,E. coli,DHFR,CCc1cc(Cc2cnc(N)nc2N)cc2c1NC(C)(C)C=C2C,C1=Cc2cc(Cc3cncnc3)ccc2NC1,323.4440000000001,3.401600000000002,5,3,True,8.59
CHEMBL121669,CC(C)COc1ccc2nc(N)nc(N)c2c1Sc1ccc(C(C)(C)C)cc1,8.52,IC50,3.0,CHEMBL2329,C. albicans,DHFR,CC(C)COc1ccc2nc(N)nc(N)c2c1Sc1ccc(C(C)(C)C)cc1,c1ccc(Sc2cccc3ncncc23)cc1,396.5600000000001,5.277700000000004,6,2,True,8.52
CHEMBL300385,COc1cc(Cc2cnc(N)nc2N)cc2c1N(C)C(C)(C)C=C2C,8.51,IC50,3.1,CHEMBL2627,E. coli,DHFR,COc1cc(Cc2cnc(N)nc2N)cc2c1N(C)C(C)(C)C=C2C,C1=Cc2cc(Cc3cncnc3)ccc2NC1,339.4430000000001,2.8721000000000005,6,2,True,8.51
CHEMBL294678,CC1=CC(C)(C)Nc2c(Cl)cc(Cc3cnc(N)nc3N)cc21,8.47,IC50,3.4,CHEMBL2627,E. coli,DHFR,CC1=CC(C)(C)Nc2c(Cl)cc(Cc3cnc(N)nc3N)cc21,C1=Cc2cc(Cc3cncnc3)ccc2NC1,329.8350000000001,3.4926000000000004,5,3,True,8.47
CHEMBL59491,COc1cc(Cc2cnc(N)nc2N)cc2c1N(C)CCC2C,8.17,IC50,6.8,CHEMBL2627,E. coli,DHFR,COc1cc(Cc2cnc(N)nc2N)cc2c1N(C)CCC2C,c1ncc(Cc2ccc3c(c2)CCCN3)cn1,313.4050000000001,2.1837999999999997,6,2,True,8.17
CHEMBL60647,COc1cc(Cc2cnc(N)nc2N)cc2c1NC(C)(C)CC2C,8.15,IC50,7.0,CHEMBL2627,E. coli,DHFR,COc1cc(Cc2cnc(N)nc2N)cc2c1NC(C)(C)CC2C,c1ncc(Cc2ccc3c(c2)CCCN3)cn1,327.43200000000013,2.9381000000000013,6,3,True,8.15
CHEMBL57807,COc1cc(Cc2cnc(N)nc2N)cc2c1NCC(COC(C)=O)C2,8.13,IC50,7.4,CHEMBL2627,E. coli,DHFR,COc1cc(Cc2cnc(N)nc2N)cc2c1NCC(COC(C)=O)C2,c1ncc(Cc2ccc3c(c2)CCCN3)cn1,357.4140000000002,1.3876999999999995,8,3,True,8.13
CHEMBL329985,CC(C)(C)c1ccc(Sc2cccc3nc(N)nc(N)c23)cc1,8.1,IC50,8.0,CHEMBL2329,C. albicans,DHFR,CC(C)(C)c1ccc(Sc2cccc3nc(N)nc(N)c23)cc1,c1ccc(Sc2cccc3ncncc23)cc1,324.45300000000003,4.242900000000002,5,2,True,8.1
CHEMBL58038,COc1cc(Cc2cnc(N)nc2N)cc2c1NCCC2C,8.09,IC50,8.1,CHEMBL2627,E. coli,DHFR,COc1cc(Cc2cnc(N)nc2N)cc2c1NCCC2C,c1ncc(Cc2ccc3c(c2)CCCN3)cn1,299.3780000000001,2.1594999999999995,6,3,True,8.09
CHEMBL57343,CCc1cc(Cc2cnc(N)nc2N)cc(NC(C)=O)c1CO,8.02,Ki,9.55,CHEMBL2627,E. coli,DHFR,CCc1cc(Cc2cnc(N)nc2N)cc(NC(C)=O)c1CO,c1ccc(Cc2cncnc2)cc1,315.37700000000007,1.2449,6,4,True,8.02
CHEMBL57383,COc1cc(Cc2cnc(N)nc2N)ccc1OS(C)(=O)=O,7.94,Ki,11.48,CHEMBL2627,E. coli,DHFR,COc1cc(Cc2cnc(N)nc2N)ccc1OS(C)(=O)=O,c1ccc(Cc2cncnc2)cc1,324.3620000000001,0.5788,8,2,True,7.94
CHEMBL58074,COc1cc(Cc2cnc(N)nc2N)cc2c1N(CCO)CCC2C,7.92,IC50,12.0,CHEMBL2627,E. coli,DHFR,COc1cc(Cc2cnc(N)nc2N)cc2c1N(CCO)CCC2C,c1ncc(Cc2ccc3c(c2)CCCN3)cn1,343.43100000000015,1.5462999999999993,7,3,True,7.92
CHEMBL59283,Cc1ccnc2ccc(Cc3cnc(N)nc3N)cc12,7.85,IC50,14.0,CHEMBL2627,E. coli,DHFR,Cc1ccnc2ccc(Cc3cnc(N)nc3N)cc12,c1cnc2ccc(Cc3cncnc3)cc2c1,265.32,2.0884199999999993,5,2,True,7.85
CHEMBL300370,CC1=CC(C)(C)Nc2c(C)cc(Cc3cnc(N)nc3N)cc21,7.81,IC50,15.4,CHEMBL2627,E. coli,DHFR,CC1=CC(C)(C)Nc2c(C)cc(Cc3cnc(N)nc3N)cc21,C1=Cc2cc(Cc3cncnc3)ccc2NC1,309.41700000000003,3.14762,5,3,True,7.81
CHEMBL292839,COc1cc(Cc2cnc(N)nc2N)cc2c1N(CCOC(C)=O)CCC2C,7.8,IC50,16.0,CHEMBL2627,E. coli,DHFR,COc1cc(Cc2cnc(N)nc2N)cc2c1N(CCOC(C)=O)CCC2C,c1ncc(Cc2ccc3c(c2)CCCN3)cn1,385.46800000000025,2.1170999999999993,8,2,True,7.8
CHEMBL300114,COc1ccc(Cc2cnc(N)nc2N)cc1OS(C)(=O)=O,7.8,Ki,15.85,CHEMBL2627,E. coli,DHFR,COc1ccc(Cc2cnc(N)nc2N)cc1OS(C)(=O)=O,c1ccc(Cc2cncnc2)cc1,324.362,0.5788,8,2,True,7.8
CHEMBL293325,COc1cc(Cc2cnc(N)nc2N)cc2cccnc12,7.77,IC50,17.0,CHEMBL2627,E. coli,DHFR,COc1cc(Cc2cnc(N)nc2N)cc2cccnc12,c1cnc2ccc(Cc3cncnc3)cc2c1,281.319,1.7885999999999997,6,2,True,7.77
CHEMBL575217,COc1cc(-c2cc(C)cc(C)c2)cc(C(C)C#Cc2c(C)nc(N)nc2N)c1,7.77,IC50,17.0,CHEMBL2329,C. albicans,DHFR,COc1cc(-c2cc(C)cc(C)c2)cc(C(C)C#Cc2c(C)nc(N)nc2N)c1,C(#Cc1cncnc1)Cc1cccc(-c2ccccc2)c1,386.49900000000014,4.397060000000002,5,2,True,7.77
CHEMBL576960,COc1cc(-c2cc(C)cc(C)c2)cc([C@@H](C)C#Cc2c(C)nc(N)nc2N)c1,7.77,IC50,17.0,CHEMBL2329,C. albicans,DHFR,COc1cc(-c2cc(C)cc(C)c2)cc([C@@H](C)C#Cc2c(C)nc(N)nc2N)c1,C(#Cc1cncnc1)Cc1cccc(-c2ccccc2)c1,386.49900000000014,4.397060000000002,5,2,True,7.77
CHEMBL575009,COc1cc(-c2cc(C)cc(C)c2)cc([C@H](C)C#Cc2c(C)nc(N)nc2N)c1,7.77,IC50,17.0,CHEMBL2329,C. albicans,DHFR,COc1cc(-c2cc(C)cc(C)c2)cc([C@H](C)C#Cc2c(C)nc(N)nc2N)c1,C(#Cc1cncnc1)Cc1cccc(-c2ccccc2)c1,386.49900000000014,4.397060000000002,5,2,True,7.77
CHEMBL2335421,CCc1nc(N)nc(N)c1C#CC(C)c1cc(OC)cc(-c2cccc3cnccc23)c1,7.77,IC50,17.0,CHEMBL2329,C. albicans,DHFR,CCc1nc(N)nc(N)c1C#CC(C)c1cc(OC)cc(-c2cccc3cnccc23)c1,C(#Cc1cncnc1)Cc1cccc(-c2cccc3cnccc23)c1,423.52000000000015,4.582400000000003,6,2,True,7.77
CHEMBL485959,CCc1nc(N)nc(N)c1C#CCc1cc(OC)c(OC)c(OC)c1,7.75,IC50,18.0,CHEMBL2329,C. albicans,DHFR,CCc1nc(N)nc(N)c1C#CCc1cc(OC)c(OC)c(OC)c1,C(#Cc1cncnc1)Cc1ccccc1,342.3990000000001,1.8234,7,2,True,7.75
CHEMBL3234317,CCc1nc(N)nc(N)c1C#CC(C)c1ccc(-c2ccc(OC(N)=O)cc2)cc1OC,7.75,IC50,18.0,CHEMBL2329,C. albicans,DHFR,CCc1nc(N)nc(N)c1C#CC(C)c1ccc(-c2ccc(OC(N)=O)cc2)cc1OC,C(#Cc1cncnc1)Cc1ccc(-c2ccccc2)cc1,431.4960000000002,3.4917000000000016,7,3,True,7.75
CHEMBL57812,CCOC(=O)C1CNc2c(cc(Cc3cnc(N)nc3N)cc2OC)C1,7.72,IC50,19.0,CHEMBL2627,E. coli,DHFR,CCOC(=O)C1CNc2c(cc(Cc3cnc(N)nc3N)cc2OC)C1,c1ncc(Cc2ccc3c(c2)CCCN3)cn1,357.41400000000016,1.3876999999999997,8,3,True,7.72
CHEMBL330868,COc1ccc(Sc2cccc3nc(N)nc(N)c23)cc1,7.7,IC50,20.0,CHEMBL2329,C. albicans,DHFR,COc1ccc(Sc2cccc3nc(N)nc(N)c23)cc1,c1ccc(Sc2cccc3ncncc23)cc1,298.37100000000004,2.9539999999999997,6,2,True,7.7
CHEMBL575223,CCc1nc(N)nc(N)c1C#CC(C)c1cc(OC)c(OC)c(OC)c1,7.7,IC50,20.0,CHEMBL2329,C. albicans,DHFR,CCc1nc(N)nc(N)c1C#CC(C)c1cc(OC)c(OC)c(OC)c1,C(#Cc1cncnc1)Cc1ccccc1,356.42600000000016,2.3844000000000003,7,2,True,7.7
CHEMBL574563,CCc1nc(N)nc(N)c1C#C[C@H](C)c1cc(OC)c(OC)c(OC)c1,7.7,IC50,20.0,CHEMBL2329,C. albicans,DHFR,CCc1nc(N)nc(N)c1C#C[C@H](C)c1cc(OC)c(OC)c(OC)c1,C(#Cc1cncnc1)Cc1ccccc1,356.42600000000016,2.3844000000000003,7,2,True,7.7
CHEMBL583570,CCc1nc(N)nc(N)c1C#C[C@@H](C)c1cc(OC)c(OC)c(OC)c1,7.7,IC50,20.0,CHEMBL2329,C. albicans,DHFR,CCc1nc(N)nc(N)c1C#C[C@@H](C)c1cc(OC)c(OC)c(OC)c1,C(#Cc1cncnc1)Cc1ccccc1,356.42600000000016,2.3844000000000003,7,2,True,7.7
CHEMBL1270837,COc1cc(-c2ccccc2)ccc1C(C)C#Cc1c(C)nc(N)nc1N,7.7,IC50,20.0,CHEMBL2329,C. albicans,DHFR,COc1cc(-c2ccccc2)ccc1C(C)C#Cc1c(C)nc(N)nc1N,C(#Cc1cncnc1)Cc1ccc(-c2ccccc2)cc1,358.4450000000001,3.780220000000001,5,2,True,7.7
CHEMBL2335416,COc1cc(C(C)C#Cc2c(C)nc(N)nc2N)cc(N2CCOCC2)c1,7.68,IC50,21.0,CHEMBL2329,C. albicans,DHFR,COc1cc(C(C)C#Cc2c(C)nc(N)nc2N)cc(N2CCOCC2)c1,C(#Cc1cncnc1)Cc1cccc(N2CCOCC2)c1,367.4530000000002,1.9498199999999999,7,2,True,7.68
CHEMBL293977,COc1cc(Cc2cnc(N)nc2N)cc2c1NCC(CO)C2,7.66,IC50,22.0,CHEMBL2627,E. coli,DHFR,COc1cc(Cc2cnc(N)nc2N)cc2c1NCC(CO)C2,c1ncc(Cc2ccc3c(c2)CCCN3)cn1,315.3770000000001,0.8168999999999995,7,4,True,7.66
CHEMBL280378,CCOc1cc(Cc2cnc(N)nc2N)cc(OCC)c1-n1cccc1,7.66,Ki,21.88,CHEMBL2627,E. coli,DHFR,CCOc1cc(Cc2cnc(N)nc2N)cc(OCC)c1-n1cccc1,c1ccn(-c2ccc(Cc3cncnc3)cc2)c1,353.42600000000004,2.8199000000000014,6,2,True,7.66
CHEMBL584391,COc1cc(-c2ccc(C)cc2)cc(C(C)C#Cc2c(C)nc(N)nc2N)c1,7.66,IC50,22.0,CHEMBL2329,C. albicans,DHFR,COc1cc(-c2ccc(C)cc2)cc(C(C)C#Cc2c(C)nc(N)nc2N)c1,C(#Cc1cncnc1)Cc1cccc(-c2ccccc2)c1,372.47200000000015,4.088640000000002,5,2,True,7.66
CHEMBL575218,COc1cc(-c2ccc(C)cc2)cc([C@@H](C)C#Cc2c(C)nc(N)nc2N)c1,7.66,IC50,22.0,CHEMBL2329,C. albicans,DHFR,COc1cc(-c2ccc(C)cc2)cc([C@@H](C)C#Cc2c(C)nc(N)nc2N)c1,C(#Cc1cncnc1)Cc1cccc(-c2ccccc2)c1,372.47200000000015,4.088640000000002,5,2,True,7.66
CHEMBL574336,COc1cc(-c2ccc(C)cc2)cc([C@H](C)C#Cc2c(C)nc(N)nc2N)c1,7.66,IC50,22.0,CHEMBL2329,C. albicans,DHFR,COc1cc(-c2ccc(C)cc2)cc([C@H](C)C#Cc2c(C)nc(N)nc2N)c1,C(#Cc1cncnc1)Cc1cccc(-c2ccccc2)c1,372.47200000000015,4.088640000000002,5,2,True,7.66
CHEMBL58075,COCCN1CCC(C)c2cc(Cc3cnc(N)nc3N)cc(OC)c21,7.64,IC50,23.0,CHEMBL2627,E. coli,DHFR,COCCN1CCC(C)c2cc(Cc3cnc(N)nc3N)cc(OC)c21,c1ncc(Cc2ccc3c(c2)CCCN3)cn1,357.4580000000001,2.2004,7,2,True,7.64
CHEMBL83547,Cc1ccc(Sc2cccc3nc(N)nc(N)c23)cc1,7.64,IC50,23.0,CHEMBL2329,C. albicans,DHFR,Cc1ccc(Sc2cccc3nc(N)nc(N)c23)cc1,c1ccc(Sc2cccc3ncncc23)cc1,282.372,3.25382,5,2,True,7.64
CHEMBL353764,Nc1nc(N)c2c(ccc3[nH]ccc32)n1,7.64,Ki,23.0,CHEMBL2329,C. albicans,DHFR,Nc1nc(N)c2c(ccc3[nH]ccc32)n1,c1ncc2c(ccc3[nH]ccc32)n1,199.217,1.2755,4,3,True,7.64
CHEMBL2335423,CCc1nc(N)nc(N)c1C#CC(C)c1cc(OC)cc(-c2ccc3c(c2)OCCO3)c1,7.64,IC50,23.0,CHEMBL2329,C. albicans,DHFR,CCc1nc(N)nc(N)c1C#CC(C)c1cc(OC)cc(-c2ccc3c(c2)OCCO3)c1,C(#Cc1cncnc1)Cc1cccc(-c2ccc3c(c2)OCCO3)c1,430.50800000000027,3.8054000000000032,7,2,True,7.64
CHEMBL2335417,CCc1nc(N)nc(N)c1C#CC(C)c1cc(OC)cc(N2CCOCC2)c1,7.64,IC50,23.0,CHEMBL2329,C. albicans,DHFR,CCc1nc(N)nc(N)c1C#CC(C)c1cc(OC)cc(N2CCOCC2)c1,C(#Cc1cncnc1)Cc1cccc(N2CCOCC2)c1,381.48000000000025,2.2038,7,2,True,7.64
CHEMBL3234321,CCc1nc(N)nc(N)c1C#CC(C)c1ccc(-c2ccccc2)cc1,7.64,IC50,23.0,CHEMBL2329,C. albicans,DHFR,CCc1nc(N)nc(N)c1C#CC(C)c1ccc(-c2ccccc2)cc1,C(#Cc1cncnc1)Cc1ccc(-c2ccccc2)cc1,342.446,4.0256000000000025,4,2,True,7.64
CHEMBL58744,Cc1ccnc2c(N)cc(Cc3cnc(N)nc3N)cc12,7.6,IC50,24.9,CHEMBL2627,E. coli,DHFR,Cc1ccnc2c(N)cc(Cc3cnc(N)nc3N)cc12,c1cnc2ccc(Cc3cncnc3)cc2c1,280.335,1.6706199999999995,6,3,True,7.6
CHEMBL174414,Cn1ccc2c3c(N)nc(N)nc3ccc21,7.6,Ki,25.0,CHEMBL2329,C. albicans,DHFR,Cn1ccc2c3c(N)nc(N)nc3ccc21,c1ncc2c(ccc3[nH]ccc32)n1,213.24400000000003,1.2858999999999998,4,2,True,7.6
CHEMBL121057,Nc1nc(N)c2c(Sc3ccc(OC4CCOCC4)cc3)cccc2n1,7.58,IC50,26.0,CHEMBL2329,C. albicans,DHFR,Nc1nc(N)c2c(Sc3ccc(OC4CCOCC4)cc3)cccc2n1,c1cc(Sc2ccc(OC3CCOCC3)cc2)c2cncnc2c1,368.4620000000001,3.5032000000000023,7,2,True,7.58
CHEMBL30938,COc1cc(OC)cc(N2C3CCC2CC(c2cnc(N)nc2N)C3)c1,7.58,IC50,26.0,CHEMBL2329,C. albicans,DHFR,COc1cc(OC)cc(N2C3CCC2CC(c2cnc(N)nc2N)C3)c1,c1ccc(N2C3CCC2CC(c2cncnc2)C3)cc1,355.4420000000001,2.5732,7,2,True,7.58
CHEMBL457906,COc1cc(C(C)C#Cc2c(C)nc(N)nc2N)ccc1-c1ccccc1C,7.57,IC50,27.0,CHEMBL2329,C. albicans,DHFR,COc1cc(C(C)C#Cc2c(C)nc(N)nc2N)ccc1-c1ccccc1C,C(#Cc1cncnc1)Cc1ccc(-c2ccccc2)cc1,372.4720000000001,4.088640000000002,5,2,True,7.57
CHEMBL574553,COc1cc([C@@H](C)C#Cc2c(C)nc(N)nc2N)ccc1-c1ccccc1C,7.57,IC50,27.0,CHEMBL2329,C. albicans,DHFR,COc1cc([C@@H](C)C#Cc2c(C)nc(N)nc2N)ccc1-c1ccccc1C,C(#Cc1cncnc1)Cc1ccc(-c2ccccc2)cc1,372.4720000000001,4.088640000000002,5,2,True,7.57
CHEMBL573406,COc1cc([C@H](C)C#Cc2c(C)nc(N)nc2N)ccc1-c1ccccc1C,7.57,IC50,27.0,CHEMBL2329,C. albicans,DHFR,COc1cc([C@H](C)C#Cc2c(C)nc(N)nc2N)ccc1-c1ccccc1C,C(#Cc1cncnc1)Cc1ccc(-c2ccccc2)cc1,372.4720000000001,4.088640000000002,5,2,True,7.57
CHEMBL60636,CC1CC(C)c2cc(Cc3cnc(N)nc3N)cc(Cl)c2N1,7.52,IC50,30.0,CHEMBL2627,E. coli,DHFR,CC1CC(C)c2cc(Cc3cnc(N)nc3N)cc(Cl)c2N1,c1ncc(Cc2ccc3c(c2)CCCN3)cn1,317.824,3.1928,5,3,True,7.52
CHEMBL118316,Nc1nc(N)c2c(Sc3ccc(Br)cc3)cccc2n1,7.52,IC50,30.0,CHEMBL2329,C. albicans,DHFR,Nc1nc(N)c2c(Sc3ccc(Br)cc3)cccc2n1,c1ccc(Sc2cccc3ncncc23)cc1,347.24100000000004,3.7079000000000013,5,2,True,7.52
CHEMBL310759,Nc1nc(N)c2c(Sc3ccc(Cl)cc3)cccc2n1,7.52,IC50,30.0,CHEMBL2329,C. albicans,DHFR,Nc1nc(N)c2c(Sc3ccc(Cl)cc3)cccc2n1,c1ccc(Sc2cccc3ncncc23)cc1,302.79,3.5988000000000007,5,2,True,7.52
CHEMBL572485,COc1ccc(-c2cc(OC)cc(C(C)C#Cc3c(C)nc(N)nc3N)c2)cc1,7.52,IC50,30.0,CHEMBL2329,C. albicans,DHFR,COc1ccc(-c2cc(OC)cc(C(C)C#Cc3c(C)nc(N)nc3N)c2)cc1,C(#Cc1cncnc1)Cc1cccc(-c2ccccc2)c1,388.4710000000001,3.788820000000001,6,2,True,7.52
CHEMBL573407,COc1ccc(-c2cc(OC)cc([C@@H](C)C#Cc3c(C)nc(N)nc3N)c2)cc1,7.52,IC50,30.0,CHEMBL2329,C. albicans,DHFR,COc1ccc(-c2cc(OC)cc([C@@H](C)C#Cc3c(C)nc(N)nc3N)c2)cc1,C(#Cc1cncnc1)Cc1cccc(-c2ccccc2)c1,388.4710000000001,3.788820000000001,6,2,True,7.52
CHEMBL574564,COc1ccc(-c2cc(OC)cc([C@H](C)C#Cc3c(C)nc(N)nc3N)c2)cc1,7.52,IC50,30.0,CHEMBL2329,C. albicans,DHFR,COc1ccc(-c2cc(OC)cc([C@H](C)C#Cc3c(C)nc(N)nc3N)c2)cc1,C(#Cc1cncnc1)Cc1cccc(-c2ccccc2)c1,388.4710000000001,3.788820000000001,6,2,True,7.52
CHEMBL3234115,COc1ccc(-c2ccccc2)cc1C(C)C#Cc1c(C)nc(N)nc1N,7.52,IC50,30.0,CHEMBL2329,C. albicans,DHFR,COc1ccc(-c2ccccc2)cc1C(C)C#Cc1c(C)nc(N)nc1N,C(#Cc1cncnc1)Cc1cccc(-c2ccccc2)c1,358.4450000000001,3.780220000000001,5,2,True,7.52
CHEMBL426584,COc1cc(Cc2cnc(N)nc2N)ccc1OCCCCN1C(=O)c2ccccc2C1=O,7.51,IC50,31.0,CHEMBL2329,C. albicans,DHFR,COc1cc(Cc2cnc(N)nc2N)ccc1OCCCCN1C(=O)c2ccccc2C1=O,O=C1c2ccccc2C(=O)N1CCCCOc1ccc(Cc2cncnc2)cc1,447.49500000000035,2.6956000000000007,8,2,True,7.51
CHEMBL458817,COc1cc(C(C)C#Cc2c(C)nc(N)nc2N)ccc1-c1c(C)cccc1C,7.5,IC50,32.0,CHEMBL2329,C. albicans,DHFR,COc1cc(C(C)C#Cc2c(C)nc(N)nc2N)ccc1-c1c(C)cccc1C,C(#Cc1cncnc1)Cc1ccc(-c2ccccc2)cc1,386.49900000000014,4.397060000000002,5,2,True,7.5
CHEMBL574789,COc1cc([C@@H](C)C#Cc2c(C)nc(N)nc2N)ccc1-c1c(C)cccc1C,7.5,IC50,32.0,CHEMBL2329,C. albicans,DHFR,COc1cc([C@@H](C)C#Cc2c(C)nc(N)nc2N)ccc1-c1c(C)cccc1C,C(#Cc1cncnc1)Cc1ccc(-c2ccccc2)cc1,386.49900000000014,4.397060000000002,5,2,True,7.5
CHEMBL577790,COc1cc([C@H](C)C#Cc2c(C)nc(N)nc2N)ccc1-c1c(C)cccc1C,7.5,IC50,32.0,CHEMBL2329,C. albicans,DHFR,COc1cc([C@H](C)C#Cc2c(C)nc(N)nc2N)ccc1-c1c(C)cccc1C,C(#Cc1cncnc1)Cc1ccc(-c2ccccc2)cc1,386.49900000000014,4.397060000000002,5,2,True,7.5
CHEMBL582843,COc1cc(C(C#Cc2c(C)nc(N)nc2N)C(C)C)cc(OC)c1OC,7.48,IC50,33.0,CHEMBL2329,C. albicans,DHFR,COc1cc(C(C#Cc2c(C)nc(N)nc2N)C(C)C)cc(OC)c1OC,C(#Cc1cncnc1)Cc1ccccc1,370.45300000000015,2.7665200000000008,7,2,True,7.48
CHEMBL459177,COc1cc(-c2ccccc2)cc([C@@H](C)C#Cc2c(C)nc(N)nc2N)c1,7.48,IC50,33.0,CHEMBL2329,C. albicans,DHFR,COc1cc(-c2ccccc2)cc([C@@H](C)C#Cc2c(C)nc(N)nc2N)c1,C(#Cc1cncnc1)Cc1cccc(-c2ccccc2)c1,358.4450000000001,3.780220000000001,5,2,True,7.48
CHEMBL1230365,COc1cc(C(C)(C)C#Cc2c(C)nc(N)nc2N)cc(OC)c1OC,7.48,IC50,33.0,CHEMBL2329,C. albicans,DHFR,COc1cc(C(C)(C)C#Cc2c(C)nc(N)nc2N)cc(OC)c1OC,C(#Cc1cncnc1)Cc1ccccc1,356.42600000000016,2.30452,7,2,True,7.48
CHEMBL3234117,CCc1nc(N)nc(N)c1C#CC(C)c1ccc(-c2ccncc2)cc1OC,7.48,IC50,33.0,CHEMBL2329,C. albicans,DHFR,CCc1nc(N)nc(N)c1C#CC(C)c1ccc(-c2ccncc2)cc1OC,C(#Cc1cncnc1)Cc1ccc(-c2ccncc2)cc1,373.4600000000001,3.4292000000000025,6,2,True,7.48
CHEMBL123353,Nc1nc(N)c2c(Sc3ccc(O)cc3)cccc2n1,7.47,IC50,34.0,CHEMBL2329,C. albicans,DHFR,Nc1nc(N)c2c(Sc3ccc(O)cc3)cccc2n1,c1ccc(Sc2cccc3ncncc23)cc1,284.34400000000005,2.6510000000000007,6,3,True,7.47
CHEMBL100239,Nc1nc(N)c2c(Sc3ccccc3)cccc2n1,7.47,IC50,34.0,CHEMBL2329,C. albicans,DHFR,Nc1nc(N)c2c(Sc3ccccc3)cccc2n1,c1ccc(Sc2cccc3ncncc23)cc1,268.345,2.945400000000001,5,2,True,7.47
CHEMBL578424,COc1cc(-c2ccc(C(C)(C)C)cc2)cc(C(C)C#Cc2c(C)nc(N)nc2N)c1,7.47,IC50,34.0,CHEMBL2329,C. albicans,DHFR,COc1cc(-c2ccc(C(C)(C)C)cc2)cc(C(C)C#Cc2c(C)nc(N)nc2N)c1,C(#Cc1cncnc1)Cc1cccc(-c2ccccc2)c1,414.5530000000002,5.077720000000003,5,2,True,7.47
CHEMBL574949,COc1cc(-c2ccc(C(C)(C)C)cc2)cc([C@@H](C)C#Cc2c(C)nc(N)nc2N)c1,7.47,IC50,34.0,CHEMBL2329,C. albicans,DHFR,COc1cc(-c2ccc(C(C)(C)C)cc2)cc([C@@H](C)C#Cc2c(C)nc(N)nc2N)c1,C(#Cc1cncnc1)Cc1cccc(-c2ccccc2)c1,414.5530000000002,5.077720000000003,5,2,True,7.47
CHEMBL578648,COc1cc(-c2ccc(C(C)(C)C)cc2)cc([C@H](C)C#Cc2c(C)nc(N)nc2N)c1,7.47,IC50,34.0,CHEMBL2329,C. albicans,DHFR,COc1cc(-c2ccc(C(C)(C)C)cc2)cc([C@H](C)C#Cc2c(C)nc(N)nc2N)c1,C(#Cc1cncnc1)Cc1cccc(-c2ccccc2)c1,414.5530000000002,5.077720000000003,5,2,True,7.47
CHEMBL1270734,COc1cc(C(C)C#Cc2c(C)nc(N)nc2N)c(OC)cc1-c1ccccc1,7.44,IC50,36.0,CHEMBL2329,C. albicans,DHFR,COc1cc(C(C)C#Cc2c(C)nc(N)nc2N)c(OC)cc1-c1ccccc1,C(#Cc1cncnc1)Cc1ccc(-c2ccccc2)cc1,388.47100000000006,3.788820000000001,6,2,True,7.44
CHEMBL459178,COc1cc(-c2ccccc2)cc([C@H](C)C#Cc2c(C)nc(N)nc2N)c1,7.43,IC50,37.0,CHEMBL2329,C. albicans,DHFR,COc1cc(-c2ccccc2)cc([C@H](C)C#Cc2c(C)nc(N)nc2N)c1,C(#Cc1cncnc1)Cc1cccc(-c2ccccc2)c1,358.4450000000001,3.780220000000001,5,2,True,7.43
CHEMBL3234324,CCc1nc(N)nc(N)c1C#CC(C)c1cnc(-c2ccccc2)nc1,7.43,IC50,37.0,CHEMBL2329,C. albicans,DHFR,CCc1nc(N)nc(N)c1C#CC(C)c1cnc(-c2ccccc2)nc1,C(#Cc1cncnc1)Cc1cnc(-c2ccccc2)nc1,344.422,2.8156000000000008,6,2,True,7.43
CHEMBL457726,COc1cc(-c2c(C(C)C)cccc2C(C)C)cc(C(C)C#Cc2c(C)nc(N)nc2N)c1,7.42,IC50,38.0,CHEMBL2329,C. albicans,DHFR,COc1cc(-c2c(C(C)C)cccc2C(C)C)cc(C(C)C#Cc2c(C)nc(N)nc2N)c1,C(#Cc1cncnc1)Cc1cccc(-c2ccccc2)c1,442.60700000000026,6.027020000000005,5,2,True,7.42
CHEMBL574258,COc1cc(-c2c(C(C)C)cccc2C(C)C)cc([C@@H](C)C#Cc2c(C)nc(N)nc2N)c1,7.42,IC50,38.0,CHEMBL2329,C. albicans,DHFR,COc1cc(-c2c(C(C)C)cccc2C(C)C)cc([C@@H](C)C#Cc2c(C)nc(N)nc2N)c1,C(#Cc1cncnc1)Cc1cccc(-c2ccccc2)c1,442.60700000000026,6.027020000000005,5,2,True,7.42
CHEMBL575394,COc1cc(-c2c(C(C)C)cccc2C(C)C)cc([C@H](C)C#Cc2c(C)nc(N)nc2N)c1,7.42,IC50,38.0,CHEMBL2329,C. albicans,DHFR,COc1cc(-c2c(C(C)C)cccc2C(C)C)cc([C@H](C)C#Cc2c(C)nc(N)nc2N)c1,C(#Cc1cncnc1)Cc1cccc(-c2ccccc2)c1,442.60700000000026,6.027020000000005,5,2,True,7.42
CHEMBL3234118,CCc1nc(N)nc(N)c1C#CC(C)c1ccc(-c2ccc(O)cc2)cc1OC,7.41,IC50,39.0,CHEMBL2329,C. albicans,DHFR,CCc1nc(N)nc(N)c1C#CC(C)c1ccc(-c2ccc(O)cc2)cc1OC,C(#Cc1cncnc1)Cc1ccc(-c2ccccc2)cc1,388.4710000000001,3.7398000000000025,6,3,True,7.41
CHEMBL7492,COc1ccc(OC)c(Cc2cnc3nc(N)nc(N)c3c2C)c1,7.4,IC50,40.0,CHEMBL2329,C. albicans,DHFR,COc1ccc(OC)c(Cc2cnc3nc(N)nc(N)c3c2C)c1,c1ccc(Cc2cnc3ncncc3c2)cc1,325.37200000000007,2.10562,7,2,True,7.4
CHEMBL121595,CCCCCCc1ccc(Sc2cccc3nc(N)nc(N)c23)cc1,7.4,IC50,40.0,CHEMBL2329,C. albicans,DHFR,CCCCCCc1ccc(Sc2cccc3nc(N)nc(N)c23)cc1,c1ccc(Sc2cccc3ncncc23)cc1,352.5070000000001,5.068200000000004,5,2,True,7.4
CHEMBL120924,COc1cc(Sc2cccc3nc(N)nc(N)c23)cc(OC)c1OC,7.4,IC50,40.0,CHEMBL2329,C. albicans,DHFR,COc1cc(Sc2cccc3nc(N)nc(N)c23)cc(OC)c1OC,c1ccc(Sc2cccc3ncncc23)cc1,358.4230000000002,2.9712000000000005,8,2,True,7.4
CHEMBL119,COc1cc(NCc2ccc3nc(N)nc(N)c3c2C)cc(OC)c1OC,7.4,IC50,40.0,CHEMBL2329,C. albicans,DHFR,COc1cc(NCc2ccc3nc(N)nc(N)c3c2C)cc(OC)c1OC,c1ccc(NCc2ccc3ncncc3c2)cc1,369.4250000000001,2.740520000000001,8,3,True,7.4
CHEMBL458829,COc1cc(C(C)C#Cc2c(C)nc(N)nc2N)ccc1-c1c(C(C)C)cccc1C(C)C,7.39,IC50,41.0,CHEMBL2329,C. albicans,DHFR,COc1cc(C(C)C#Cc2c(C)nc(N)nc2N)ccc1-c1c(C(C)C)cccc1C(C)C,C(#Cc1cncnc1)Cc1ccc(-c2ccccc2)cc1,442.6070000000002,6.027020000000005,5,2,True,7.39
CHEMBL575632,COc1cc([C@@H](C)C#Cc2c(C)nc(N)nc2N)ccc1-c1c(C(C)C)cccc1C(C)C,7.39,IC50,41.0,CHEMBL2329,C. albicans,DHFR,COc1cc([C@@H](C)C#Cc2c(C)nc(N)nc2N)ccc1-c1c(C(C)C)cccc1C(C)C,C(#Cc1cncnc1)Cc1ccc(-c2ccccc2)cc1,442.6070000000002,6.027020000000005,5,2,True,7.39
CHEMBL575176,COc1cc([C@H](C)C#Cc2c(C)nc(N)nc2N)ccc1-c1c(C(C)C)cccc1C(C)C,7.39,IC50,41.0,CHEMBL2329,C. albicans,DHFR,COc1cc([C@H](C)C#Cc2c(C)nc(N)nc2N)ccc1-c1c(C(C)C)cccc1C(C)C,C(#Cc1cncnc1)Cc1ccc(-c2ccccc2)cc1,442.6070000000002,6.027020000000005,5,2,True,7.39
CHEMBL338742,Nc1nc(N)c2c(Sc3cccc(Cl)c3)cccc2n1,7.38,IC50,42.0,CHEMBL2329,C. albicans,DHFR,Nc1nc(N)c2c(Sc3cccc(Cl)c3)cccc2n1,c1ccc(Sc2cccc3ncncc23)cc1,302.79,3.5988000000000007,5,2,True,7.38
CHEMBL57900,COCCOc1cc(Cc2cnc(N)nc2N)cc2cccnc12,7.37,IC50,43.0,CHEMBL2627,E. coli,DHFR,COCCOc1cc(Cc2cnc(N)nc2N)cc2cccnc12,c1cnc2ccc(Cc3cncnc3)cc2c1,325.37200000000007,1.8052,7,2,True,7.37
CHEMBL3234320,CCc1nc(N)nc(N)c1C#CC(C)c1ccc(-c2ccc(F)cc2)cc1OC,7.37,IC50,43.0,CHEMBL2329,C. albicans,DHFR,CCc1nc(N)nc(N)c1C#CC(C)c1ccc(-c2ccc(F)cc2)cc1OC,C(#Cc1cncnc1)Cc1ccc(-c2ccccc2)cc1,390.4620000000001,4.173300000000003,5,2,True,7.37
CHEMBL301628,COc1cc(Cc2cnc(N)nc2N)cc2c1NCCC2,7.36,IC50,44.0,CHEMBL2627,E. coli,DHFR,COc1cc(Cc2cnc(N)nc2N)cc2c1NCCC2,c1ncc(Cc2ccc3c(c2)CCCN3)cn1,285.3510000000001,1.5984999999999994,6,3,True,7.36
CHEMBL21395,CCOc1cc(Cc2cnc(N)nc2N)ccc1OCc1ccccc1,7.35,Ki,44.67,CHEMBL2627,E. coli,DHFR,CCOc1cc(Cc2cnc(N)nc2N)ccc1OCc1ccccc1,c1ccc(COc2ccc(Cc3cncnc3)cc2)cc1,350.4220000000001,3.209500000000002,6,2,True,7.35
CHEMBL574335,CCC(C#Cc1c(C)nc(N)nc1N)c1cc(OC)c(OC)c(OC)c1,7.35,IC50,45.0,CHEMBL2329,C. albicans,DHFR,CCC(C#Cc1c(C)nc(N)nc1N)c1cc(OC)c(OC)c(OC)c1,C(#Cc1cncnc1)Cc1ccccc1,356.4260000000001,2.5205200000000003,7,2,True,7.35
CHEMBL485962,CCCc1nc(N)nc(N)c1C#CCc1cc(OC)ccc1OC,7.35,IC50,45.0,CHEMBL2329,C. albicans,DHFR,CCCc1nc(N)nc(N)c1C#CCc1cc(OC)ccc1OC,C(#Cc1cncnc1)Cc1ccccc1,326.40000000000003,2.2049000000000003,6,2,True,7.35
CHEMBL485569,COc1cc(-c2ccccc2C)cc(C(C)C#Cc2c(C)nc(N)nc2N)c1,7.35,IC50,45.0,CHEMBL2329,C. albicans,DHFR,COc1cc(-c2ccccc2C)cc(C(C)C#Cc2c(C)nc(N)nc2N)c1,C(#Cc1cncnc1)Cc1cccc(-c2ccccc2)c1,372.4720000000001,4.088640000000002,5,2,True,7.35
CHEMBL457725,COc1cc(-c2c(C)cccc2C)cc(C(C)C#Cc2c(C)nc(N)nc2N)c1,7.35,IC50,45.0,CHEMBL2329,C. albicans,DHFR,COc1cc(-c2c(C)cccc2C)cc(C(C)C#Cc2c(C)nc(N)nc2N)c1,C(#Cc1cncnc1)Cc1cccc(-c2ccccc2)c1,386.49900000000014,4.3970600000000015,5,2,True,7.35
CHEMBL573077,COc1cc(-c2c(C)cccc2C)cc([C@@H](C)C#Cc2c(C)nc(N)nc2N)c1,7.35,IC50,45.0,CHEMBL2329,C. albicans,DHFR,COc1cc(-c2c(C)cccc2C)cc([C@@H](C)C#Cc2c(C)nc(N)nc2N)c1,C(#Cc1cncnc1)Cc1cccc(-c2ccccc2)c1,386.49900000000014,4.3970600000000015,5,2,True,7.35
CHEMBL576976,COc1cc(-c2c(C)cccc2C)cc([C@H](C)C#Cc2c(C)nc(N)nc2N)c1,7.35,IC50,45.0,CHEMBL2329,C. albicans,DHFR,COc1cc(-c2c(C)cccc2C)cc([C@H](C)C#Cc2c(C)nc(N)nc2N)c1,C(#Cc1cncnc1)Cc1cccc(-c2ccccc2)c1,386.49900000000014,4.3970600000000015,5,2,True,7.35
CHEMBL584164,COc1cc(-c2ccccc2C)cc([C@@H](C)C#Cc2c(C)nc(N)nc2N)c1,7.35,IC50,45.0,CHEMBL2329,C. albicans,DHFR,COc1cc(-c2ccccc2C)cc([C@@H](C)C#Cc2c(C)nc(N)nc2N)c1,C(#Cc1cncnc1)Cc1cccc(-c2ccccc2)c1,372.4720000000001,4.088640000000002,5,2,True,7.35
CHEMBL575185,COc1cc(-c2ccccc2C)cc([C@H](C)C#Cc2c(C)nc(N)nc2N)c1,7.35,IC50,45.0,CHEMBL2329,C. albicans,DHFR,COc1cc(-c2ccccc2C)cc([C@H](C)C#Cc2c(C)nc(N)nc2N)c1,C(#Cc1cncnc1)Cc1cccc(-c2ccccc2)c1,372.4720000000001,4.088640000000002,5,2,True,7.35
CHEMBL574741,CC[C@@H](C#Cc1c(C)nc(N)nc1N)c1cc(OC)c(OC)c(OC)c1,7.35,IC50,45.0,CHEMBL2329,C. albicans,DHFR,CC[C@@H](C#Cc1c(C)nc(N)nc1N)c1cc(OC)c(OC)c(OC)c1,C(#Cc1cncnc1)Cc1ccccc1,356.4260000000001,2.5205200000000003,7,2,True,7.35
CHEMBL573076,CC[C@H](C#Cc1c(C)nc(N)nc1N)c1cc(OC)c(OC)c(OC)c1,7.35,IC50,45.0,CHEMBL2329,C. albicans,DHFR,CC[C@H](C#Cc1c(C)nc(N)nc1N)c1cc(OC)c(OC)c(OC)c1,C(#Cc1cncnc1)Cc1ccccc1,356.4260000000001,2.5205200000000003,7,2,True,7.35
CHEMBL3234318,CCc1nc(N)nc(N)c1C#CC(C)c1ccc(-c2ccc(C(=O)OC)cc2)cc1OC,7.34,IC50,46.0,CHEMBL2329,C. albicans,DHFR,CCc1nc(N)nc(N)c1C#CC(C)c1ccc(-c2ccc(C(=O)OC)cc2)cc1OC,C(#Cc1cncnc1)Cc1ccc(-c2ccccc2)cc1,430.5080000000002,3.820800000000003,7,2,True,7.34
CHEMBL176848,Nc1ncc(Cc2ccc(OCCCCN3C(=O)c4ccccc4C3=O)cc2)c(N)n1,7.33,IC50,47.0,CHEMBL2329,C. albicans,DHFR,Nc1ncc(Cc2ccc(OCCCCN3C(=O)c4ccccc4C3=O)cc2)c(N)n1,O=C1c2ccccc2C(=O)N1CCCCOc1ccc(Cc2cncnc2)cc1,417.4690000000001,2.6870000000000003,7,2,True,7.33
CHEMBL574329,COc1ccc(OC)c(C(C)C#Cc2c(C)nc(N)nc2N)c1,7.32,IC50,48.0,CHEMBL2329,C. albicans,DHFR,COc1ccc(OC)c(C(C)C#Cc2c(C)nc(N)nc2N)c1,C(#Cc1cncnc1)Cc1ccccc1,312.37300000000005,2.12182,6,2,True,7.32
CHEMBL575177,COc1ccc(C)c([C@@H](C#Cc2c(C)nc(N)nc2N)OC)c1,7.32,IC50,48.0,CHEMBL2329,C. albicans,DHFR,COc1ccc(C)c([C@@H](C#Cc2c(C)nc(N)nc2N)OC)c1,C(#Cc1cncnc1)Cc1ccccc1,312.37300000000005,2.0056399999999996,6,2,True,7.32
CHEMBL591191,COc1ccc(C)c([C@H](C#Cc2c(C)nc(N)nc2N)OC)c1,7.32,IC50,48.0,CHEMBL2329,C. albicans,DHFR,COc1ccc(C)c([C@H](C#Cc2c(C)nc(N)nc2N)OC)c1,C(#Cc1cncnc1)Cc1ccccc1,312.37300000000005,2.0056399999999996,6,2,True,7.32
CHEMBL3234119,CCc1nc(N)nc(N)c1C#CC(C)c1ccc(-c2ccc(C)cc2)cc1OC,7.32,IC50,48.0,CHEMBL2329,C. albicans,DHFR,CCc1nc(N)nc(N)c1C#CC(C)c1ccc(-c2ccc(C)cc2)cc1OC,C(#Cc1cncnc1)Cc1ccc(-c2ccccc2)cc1,386.49900000000014,4.342620000000004,5,2,True,7.32
CHEMBL57829,CCN1CC(CO)Cc2cc(Cc3cnc(N)nc3N)cc(OC)c21,7.31,IC50,49.0,CHEMBL2627,E. coli,DHFR,CCN1CC(CO)Cc2cc(Cc3cnc(N)nc3N)cc(OC)c21,c1ncc(Cc2ccc3c(c2)CCCN3)cn1,343.4310000000001,1.2312999999999998,7,3,True,7.31
CHEMBL3234116,CCc1nc(N)nc(N)c1C#CC(C)c1ccc(-c2ccccc2)cc1OC,7.31,IC50,49.0,CHEMBL2329,C. albicans,DHFR,CCc1nc(N)nc(N)c1C#CC(C)c1ccc(-c2ccccc2)cc1OC,C(#Cc1cncnc1)Cc1ccc(-c2ccccc2)cc1,372.4720000000001,4.034200000000003,5,2,True,7.31
CHEMBL3234323,CCc1nc(N)nc(N)c1C#CC(C)c1ccc(-c2ccc(C)cc2)nc1,7.31,IC50,49.0,CHEMBL2329,C. albicans,DHFR,CCc1nc(N)nc(N)c1C#CC(C)c1ccc(-c2ccc(C)cc2)nc1,C(#Cc1cncnc1)Cc1ccc(-c2ccccc2)nc1,357.46100000000007,3.729020000000003,5,2,True,7.31
CHEMBL118490,COc1cccc(Sc2cccc3nc(N)nc(N)c23)c1,7.3,IC50,50.0,CHEMBL2329,C. albicans,DHFR,COc1cccc(Sc2cccc3nc(N)nc(N)c23)c1,c1ccc(Sc2cccc3ncncc23)cc1,298.37100000000004,2.9539999999999997,6,2,True,7.3
CHEMBL122647,COc1ccc(Sc2cccc3nc(N)nc(N)c23)cc1OC,7.3,IC50,50.0,CHEMBL2329,C. albicans,DHFR,COc1ccc(Sc2cccc3nc(N)nc(N)c23)cc1OC,c1ccc(Sc2cccc3ncncc23)cc1,328.3970000000001,2.9626,7,2,True,7.3
CHEMBL334017,Nc1nc(N)c2c(Sc3ccc(C4CCCCC4)cc3)cccc2n1,7.3,IC50,50.0,CHEMBL2329,C. albicans,DHFR,Nc1nc(N)c2c(Sc3ccc(C4CCCCC4)cc3)cccc2n1,c1cc(Sc2ccc(C3CCCCC3)cc2)c2cncnc2c1,350.49100000000004,4.993100000000003,5,2,True,7.3
CHEMBL121644,Nc1nc(N)c2c(Sc3ccc(F)cc3)cccc2n1,7.3,IC50,50.0,CHEMBL2329,C. albicans,DHFR,Nc1nc(N)c2c(Sc3ccc(F)cc3)cccc2n1,c1ccc(Sc2cccc3ncncc23)cc1,286.33500000000004,3.084500000000001,5,2,True,7.3
CHEMBL3234120,CCc1nc(N)nc(N)c1C#CC(C)c1ccc(-c2ccc(C#N)cc2)cc1OC,7.3,IC50,50.0,CHEMBL2329,C. albicans,DHFR,CCc1nc(N)nc(N)c1C#CC(C)c1ccc(-c2ccc(C#N)cc2)cc1OC,C(#Cc1cncnc1)Cc1ccc(-c2ccccc2)cc1,397.48200000000014,3.9058800000000025,6,2,True,7.3
CHEMBL61305,COc1cc(Cc2cnc(N)nc2N)cc2c1N(CCOC(C)=O)C(C)(C)C=C2C,7.27,IC50,54.0,CHEMBL2627,E. coli,DHFR,COc1cc(Cc2cnc(N)nc2N)cc2c1N(CCOC(C)=O)C(C)(C)C=C2C,C1=Cc2cc(Cc3cncnc3)ccc2NC1,411.50600000000026,2.8054000000000006,8,2,True,7.27
CHEMBL520358,COc1cc(-c2ccccc2)cc(C(C)C#Cc2c(C)nc(N)nc2N)c1,7.26,IC50,55.0,CHEMBL2329,C. albicans,DHFR,COc1cc(-c2ccccc2)cc(C(C)C#Cc2c(C)nc(N)nc2N)c1,C(#Cc1cncnc1)Cc1cccc(-c2ccccc2)c1,358.4450000000001,3.780220000000001,5,2,True,7.26
CHEMBL572717,COc1cc(CC#Cc2c(C)nc(N)nc2N)cc(-c2c(C)cccc2C)c1,7.26,IC50,55.0,CHEMBL2329,C. albicans,DHFR,COc1cc(CC#Cc2c(C)nc(N)nc2N)cc(-c2c(C)cccc2C)c1,C(#Cc1cncnc1)Cc1cccc(-c2ccccc2)c1,372.4720000000001,3.8360600000000016,5,2,True,7.26
CHEMBL457905,COc1cc(C(C)C#Cc2c(C)nc(N)nc2N)ccc1-c1ccccc1,7.26,IC50,55.0,CHEMBL2329,C. albicans,DHFR,COc1cc(C(C)C#Cc2c(C)nc(N)nc2N)ccc1-c1ccccc1,C(#Cc1cncnc1)Cc1ccc(-c2ccccc2)cc1,358.44500000000005,3.780220000000001,5,2,True,7.26
CHEMBL573117,COc1cc([C@@H](C)C#Cc2c(C)nc(N)nc2N)ccc1-c1ccccc1,7.26,IC50,55.0,CHEMBL2329,C. albicans,DHFR,COc1cc([C@@H](C)C#Cc2c(C)nc(N)nc2N)ccc1-c1ccccc1,C(#Cc1cncnc1)Cc1ccc(-c2ccccc2)cc1,358.44500000000005,3.780220000000001,5,2,True,7.26
CHEMBL573306,COc1cc([C@H](C)C#Cc2c(C)nc(N)nc2N)ccc1-c1ccccc1,7.26,IC50,55.0,CHEMBL2329,C. albicans,DHFR,COc1cc([C@H](C)C#Cc2c(C)nc(N)nc2N)ccc1-c1ccccc1,C(#Cc1cncnc1)Cc1ccc(-c2ccccc2)cc1,358.44500000000005,3.780220000000001,5,2,True,7.26
CHEMBL3234322,CCc1nc(N)nc(N)c1C#CC(C)c1ccc(-c2ccccc2)nc1,7.26,IC50,55.0,CHEMBL2329,C. albicans,DHFR,CCc1nc(N)nc(N)c1C#CC(C)c1ccc(-c2ccccc2)nc1,C(#Cc1cncnc1)Cc1ccc(-c2ccccc2)nc1,343.434,3.420600000000002,5,2,True,7.26
CHEMBL61260,COCCOc1cc(Cc2cnc(N)nc2N)cc2c1NCCC2,7.24,IC50,57.0,CHEMBL2627,E. coli,DHFR,COCCOc1cc(Cc2cnc(N)nc2N)cc2c1NCCC2,c1ncc(Cc2ccc3c(c2)CCCN3)cn1,329.40400000000017,1.6150999999999998,7,3,True,7.24
CHEMBL420721,CCOc1ccc2nc(N)nc(N)c2c1Sc1ccc(C(C)(C)C)cc1,7.24,IC50,57.0,CHEMBL2329,C. albicans,DHFR,CCOc1ccc2nc(N)nc(N)c2c1Sc1ccc(C(C)(C)C)cc1,c1ccc(Sc2cccc3ncncc23)cc1,368.5060000000001,4.641600000000002,6,2,True,7.24
CHEMBL333769,Nc1ccc(Sc2cccc3nc(N)nc(N)c23)cc1,7.22,IC50,60.0,CHEMBL2329,C. albicans,DHFR,Nc1ccc(Sc2cccc3nc(N)nc(N)c23)cc1,c1ccc(Sc2cccc3ncncc23)cc1,283.36,2.5275999999999996,6,3,True,7.22
CHEMBL334307,Nc1nc(N)c2c(Sc3ccccc3Cl)cccc2n1,7.22,IC50,60.0,CHEMBL2329,C. albicans,DHFR,Nc1nc(N)c2c(Sc3ccccc3Cl)cccc2n1,c1ccc(Sc2cccc3ncncc23)cc1,302.79,3.5988000000000007,5,2,True,7.22
CHEMBL2335419,CCc1nc(N)nc(N)c1C#CC(C)c1cc(OC)cc(-c2ccncc2)c1,7.22,IC50,60.0,CHEMBL2329,C. albicans,DHFR,CCc1nc(N)nc(N)c1C#CC(C)c1cc(OC)cc(-c2ccncc2)c1,C(#Cc1cncnc1)Cc1cccc(-c2ccncc2)c1,373.4600000000001,3.4292000000000025,6,2,True,7.22
CHEMBL369645,COc1ccc(Cc2cnc(N)nc2N)cc1OCCCCN1C(=O)c2ccccc2C1=O,7.21,IC50,61.0,CHEMBL2329,C. albicans,DHFR,COc1ccc(Cc2cnc(N)nc2N)cc1OCCCCN1C(=O)c2ccccc2C1=O,O=C1c2ccccc2C(=O)N1CCCCOc1cccc(Cc2cncnc2)c1,447.4950000000003,2.6956000000000007,8,2,True,7.21
CHEMBL2335418,COc1cc(-c2ccncc2)cc(C(C)C#Cc2c(C)nc(N)nc2N)c1,7.21,IC50,61.0,CHEMBL2329,C. albicans,DHFR,COc1cc(-c2ccncc2)cc(C(C)C#Cc2c(C)nc(N)nc2N)c1,C(#Cc1cncnc1)Cc1cccc(-c2ccncc2)c1,359.4330000000001,3.1752199999999995,6,2,True,7.21
CHEMBL3234319,CCc1nc(N)nc(N)c1C#CC(C)c1ccc(-c2ccc(N(C)C)cc2)cc1OC,7.19,IC50,64.0,CHEMBL2329,C. albicans,DHFR,CCc1nc(N)nc(N)c1C#CC(C)c1ccc(-c2ccc(N(C)C)cc2)cc1OC,C(#Cc1cncnc1)Cc1ccc(-c2ccccc2)cc1,415.54100000000017,4.100200000000004,6,2,True,7.19
CHEMBL2335420,CCc1nc(N)nc(N)c1C#CCc1cc(OC)cc(-c2cccc3cnccc23)c1,7.15,IC50,71.0,CHEMBL2329,C. albicans,DHFR,CCc1nc(N)nc(N)c1C#CCc1cc(OC)cc(-c2cccc3cnccc23)c1,C(#Cc1cncnc1)Cc1cccc(-c2cccc3cnccc23)c1,409.4930000000001,4.0214000000000025,6,2,True,7.15
CHEMBL56652,CCN1CCC(C)c2cc(Cc3cnc(N)nc3N)ccc21,7.13,IC50,74.0,CHEMBL2627,E. coli,DHFR,CCN1CCC(C)c2cc(Cc3cnc(N)nc3N)ccc21,c1ncc(Cc2ccc3c(c2)CCCN3)cn1,297.406,2.5652999999999997,5,2,True,7.13
CHEMBL56129,Nc1ncc(Cc2ccc3c(c2)OCO3)c(N)n1,7.13,Ki,74.13,CHEMBL2627,E. coli,DHFR,Nc1ncc(Cc2ccc3c(c2)OCO3)c(N)n1,c1ncc(Cc2ccc3c(c2)OCO3)cn1,244.25399999999996,0.9604999999999997,6,2,True,7.13
CHEMBL367882,Nc1ncc(OCc2ccc(OCCCCN3C(=O)c4ccccc4C3=O)cc2)c(N)n1,7.11,IC50,78.0,CHEMBL2329,C. albicans,DHFR,Nc1ncc(OCc2ccc(OCCCCN3C(=O)c4ccccc4C3=O)cc2)c(N)n1,O=C1c2ccccc2C(=O)N1CCCCOc1ccc(COc2cncnc2)cc1,433.46800000000013,2.6752000000000002,8,2,True,7.11
CHEMBL124304,CC(C)c1ccc(Sc2cccc3nc(N)nc(N)c23)cc1,7.11,IC50,77.0,CHEMBL2329,C. albicans,DHFR,CC(C)c1ccc(Sc2cccc3nc(N)nc(N)c23)cc1,c1ccc(Sc2cccc3ncncc23)cc1,310.42600000000004,4.068800000000002,5,2,True,7.11
CHEMBL2335422,CCc1nc(N)nc(N)c1C#CCc1cc(OC)cc(-c2ccc3c(c2)OCCO3)c1,7.11,IC50,78.0,CHEMBL2329,C. albicans,DHFR,CCc1nc(N)nc(N)c1C#CCc1cc(OC)cc(-c2ccc3c(c2)OCCO3)c1,C(#Cc1cncnc1)Cc1cccc(-c2ccc3c(c2)OCCO3)c1,416.4810000000002,3.2444000000000015,7,2,True,7.11
CHEMBL57459,Nc1ncc(Cc2ccc3ncccc3c2)c(N)n1,7.05,IC50,90.0,CHEMBL2627,E. coli,DHFR,Nc1ncc(Cc2ccc3ncccc3c2)c(N)n1,c1cnc2ccc(Cc3cncnc3)cc2c1,251.293,1.78,5,2,True,7.05
CHEMBL574559,COc1cc(-c2ccccc2)cc(C(O)C#Cc2c(C)nc(N)nc2N)c1,7.04,IC50,91.0,CHEMBL2329,C. albicans,DHFR,COc1cc(-c2ccccc2)cc(C(O)C#Cc2c(C)nc(N)nc2N)c1,C(#Cc1cncnc1)Cc1cccc(-c2ccccc2)c1,360.4170000000001,2.71012,6,3,True,7.04
CHEMBL575194,COc1cc(-c2ccccc2)cc([C@@H](O)C#Cc2c(C)nc(N)nc2N)c1,7.04,IC50,91.0,CHEMBL2329,C. albicans,DHFR,COc1cc(-c2ccccc2)cc([C@@H](O)C#Cc2c(C)nc(N)nc2N)c1,C(#Cc1cncnc1)Cc1cccc(-c2ccccc2)c1,360.4170000000001,2.71012,6,3,True,7.04
CHEMBL583184,COc1cc(-c2ccccc2)cc([C@H](O)C#Cc2c(C)nc(N)nc2N)c1,7.04,IC50,91.0,CHEMBL2329,C. albicans,DHFR,COc1cc(-c2ccccc2)cc([C@H](O)C#Cc2c(C)nc(N)nc2N)c1,C(#Cc1cncnc1)Cc1cccc(-c2ccccc2)c1,360.4170000000001,2.71012,6,3,True,7.04
CHEMBL121303,COc1ccccc1Sc1cccc2nc(N)nc(N)c12,7.0,IC50,100.0,CHEMBL2329,C. albicans,DHFR,COc1ccccc1Sc1cccc2nc(N)nc(N)c12,c1ccc(Sc2cccc3ncncc23)cc1,298.37100000000004,2.9539999999999997,6,2,True,7.0
CHEMBL485961,CCc1nc(N)nc(N)c1C#CCc1cc(OC)ccc1OC,7.0,IC50,100.0,CHEMBL2329,C. albicans,DHFR,CCc1nc(N)nc(N)c1C#CCc1cc(OC)ccc1OC,C(#Cc1cncnc1)Cc1ccccc1,312.37300000000005,1.8147999999999997,6,2,True,7.0
CHEMBL222461,COc1cc(C(C)C#Cc2c(C)nc(N)nc2N)cc(OC)c1OC,6.96,IC50,110.0,CHEMBL2329,C. albicans,DHFR,COc1cc(C(C)C#Cc2c(C)nc(N)nc2N)cc(OC)c1OC,C(#Cc1cncnc1)Cc1ccccc1,342.3990000000001,2.13042,7,2,True,6.96
CHEMBL223301,COc1cc([C@@H](C)C#Cc2c(C)nc(N)nc2N)cc(OC)c1OC,6.96,IC50,110.0,CHEMBL2329,C. albicans,DHFR,COc1cc([C@@H](C)C#Cc2c(C)nc(N)nc2N)cc(OC)c1OC,C(#Cc1cncnc1)Cc1ccccc1,342.3990000000001,2.13042,7,2,True,6.96
CHEMBL223569,COc1cc([C@H](C)C#Cc2c(C)nc(N)nc2N)cc(OC)c1OC,6.96,IC50,110.0,CHEMBL2329,C. albicans,DHFR,COc1cc([C@H](C)C#Cc2c(C)nc(N)nc2N)cc(OC)c1OC,C(#Cc1cncnc1)Cc1ccccc1,342.3990000000001,2.13042,7,2,True,6.96
CHEMBL434787,CS(=O)(=O)Oc1cccc(Cc2cnc(N)nc2N)c1,6.92,Ki,120.23,CHEMBL2627,E. coli,DHFR,CS(=O)(=O)Oc1cccc(Cc2cnc(N)nc2N)c1,c1ccc(Cc2cncnc2)cc1,294.336,0.5702,7,2,True,6.92
CHEMBL60632,CC1CCNc2ccc(Cc3cnc(N)nc3N)cc21,6.89,IC50,130.0,CHEMBL2627,E. coli,DHFR,CC1CCNc2ccc(Cc3cnc(N)nc3N)cc21,c1ncc(Cc2ccc3c(c2)CCCN3)cn1,269.352,2.1509,5,3,True,6.89
CHEMBL56146,Nc1ncc(Cc2ccc(OCc3ccccc3)cc2)c(N)n1,6.89,Ki,128.82,CHEMBL2627,E. coli,DHFR,Nc1ncc(Cc2ccc(OCc3ccccc3)cc2)c(N)n1,c1ccc(COc2ccc(Cc3cncnc3)cc2)cc1,306.369,2.8108000000000004,5,2,True,6.89
CHEMBL328827,Nc1nc(N)c2c(Sc3ccc(N4CCOCC4)cc3)cccc2n1,6.89,IC50,130.0,CHEMBL2329,C. albicans,DHFR,Nc1nc(N)c2c(Sc3ccc(N4CCOCC4)cc3)cccc2n1,c1cc(Sc2ccc(N3CCOCC3)cc2)c2cncnc2c1,353.451,2.782000000000001,7,2,True,6.89
CHEMBL122628,CC(C)(C)c1ccc(Sc2c(C#N)ccc3nc(N)nc(N)c23)cc1,6.85,IC50,140.0,CHEMBL2329,C. albicans,DHFR,CC(C)(C)c1ccc(Sc2c(C#N)ccc3nc(N)nc(N)c23)cc1,c1ccc(Sc2cccc3ncncc23)cc1,349.4630000000001,4.114580000000002,6,2,True,6.85
CHEMBL60931,CC1CC(C)(C)Nc2ccc(Cc3cnc(N)nc3N)cc21,6.82,IC50,150.0,CHEMBL2627,E. coli,DHFR,CC1CC(C)(C)Nc2ccc(Cc3cnc(N)nc3N)cc21,c1ncc(Cc2ccc3c(c2)CCCN3)cn1,297.40600000000006,2.9295,5,3,True,6.82
CHEMBL60582,CN1CCCc2cc(Cc3cnc(N)nc3N)ccc21,6.81,IC50,156.0,CHEMBL2627,E. coli,DHFR,CN1CCCc2cc(Cc3cnc(N)nc3N)ccc21,c1ncc(Cc2ccc3c(c2)CCCN3)cn1,269.35200000000003,1.6141999999999996,5,2,True,6.81
CHEMBL265493,Nc1ncc(Cc2ccccc2)c(N)n1,6.8,IC50,160.0,CHEMBL2329,C. albicans,DHFR,Nc1ncc(Cc2ccccc2)c(N)n1,c1ccc(Cc2cncnc2)cc1,200.245,1.2318,4,2,True,6.8
CHEMBL58079,CC1=CC(C)(C)Nc2ccc(Cc3cnc(N)nc3N)cc21,6.77,IC50,170.0,CHEMBL2627,E. coli,DHFR,CC1=CC(C)(C)Nc2ccc(Cc3cnc(N)nc3N)cc21,C1=Cc2cc(Cc3cncnc3)ccc2NC1,295.39000000000004,2.8392,5,3,True,6.77
CHEMBL219889,COc1cc(C(C)C#Cc2cnc(N)nc2N)cc(OC)c1OC,6.75,IC50,180.0,CHEMBL2329,C. albicans,DHFR,COc1cc(C(C)C#Cc2cnc(N)nc2N)cc(OC)c1OC,C(#Cc1cncnc1)Cc1ccccc1,328.37200000000007,1.822,7,2,True,6.75
CHEMBL220159,COc1cc(CC#Cc2c(C)nc(N)nc2N)cc(OC)c1OC,6.75,IC50,180.0,CHEMBL2329,C. albicans,DHFR,COc1cc(CC#Cc2c(C)nc(N)nc2N)cc(OC)c1OC,C(#Cc1cncnc1)Cc1ccccc1,328.37200000000007,1.5694199999999998,7,2,True,6.75
CHEMBL573075,COc1cc([C@@H](C)C#Cc2cnc(N)nc2N)cc(OC)c1OC,6.75,IC50,180.0,CHEMBL2329,C. albicans,DHFR,COc1cc([C@@H](C)C#Cc2cnc(N)nc2N)cc(OC)c1OC,C(#Cc1cncnc1)Cc1ccccc1,328.37200000000007,1.822,7,2,True,6.75
CHEMBL573810,COc1cc([C@H](C)C#Cc2cnc(N)nc2N)cc(OC)c1OC,6.75,IC50,180.0,CHEMBL2329,C. albicans,DHFR,COc1cc([C@H](C)C#Cc2cnc(N)nc2N)cc(OC)c1OC,C(#Cc1cncnc1)Cc1ccccc1,328.37200000000007,1.822,7,2,True,6.75
CHEMBL333976,CCN(CC)c1ccc(Sc2cccc3nc(N)nc(N)c23)cc1,6.7,IC50,200.0,CHEMBL2329,C. albicans,DHFR,CCN(CC)c1ccc(Sc2cccc3nc(N)nc(N)c23)cc1,c1ccc(Sc2cccc3ncncc23)cc1,339.4680000000001,3.7916000000000007,6,2,True,6.7
CHEMBL292621,CCOC(=O)C1CNc2c(OC)cc(Cc3cnc(N)nc3N)c(OC)c2C1,6.66,IC50,220.0,CHEMBL2627,E. coli,DHFR,CCOC(=O)C1CNc2c(OC)cc(Cc3cnc(N)nc3N)c(OC)c2C1,c1ncc(Cc2ccc3c(c2)CCCN3)cn1,387.4400000000002,1.3962999999999997,9,3,True,6.66
CHEMBL121680,Nc1nc(N)c2c(Sc3ccc([N+](=O)[O-])cc3)cccc2n1,6.64,IC50,230.0,CHEMBL2329,C. albicans,DHFR,Nc1nc(N)c2c(Sc3ccc([N+](=O)[O-])cc3)cccc2n1,c1ccc(Sc2cccc3ncncc23)cc1,313.34200000000004,2.853600000000001,7,2,True,6.64
CHEMBL298955,CS(=O)(=O)Oc1ccc(Cc2cnc(N)nc2N)cc1,6.6,Ki,251.19,CHEMBL2627,E. coli,DHFR,CS(=O)(=O)Oc1ccc(Cc2cnc(N)nc2N)cc1,c1ccc(Cc2cncnc2)cc1,294.336,0.5702,7,2,True,6.6
CHEMBL120588,CC(C)(C)c1ccc(Sc2c(N)ccc3nc(N)nc(N)c23)cc1,6.6,IC50,250.0,CHEMBL2329,C. albicans,DHFR,CC(C)(C)c1ccc(Sc2c(N)ccc3nc(N)nc(N)c23)cc1,c1ccc(Sc2cccc3ncncc23)cc1,339.4680000000001,3.825100000000001,6,3,True,6.6
CHEMBL31055,NC(=O)COc1cccc(Cc2cnc(N)nc2N)c1,6.57,Ki,269.15,CHEMBL2627,E. coli,DHFR,NC(=O)COc1cccc(Cc2cnc(N)nc2N)c1,c1ccc(Cc2cncnc2)cc1,273.296,0.09589999999999982,6,3,True,6.57
CHEMBL175747,Cc1nc(N)nc(N)c1CCCc1ccccc1,6.57,IC50,270.0,CHEMBL2329,C. albicans,DHFR,Cc1nc(N)nc(N)c1CCCc1ccccc1,c1ccc(CCCc2cncnc2)cc1,242.326,2.12472,4,2,True,6.57
CHEMBL441616,Cc1ccnc2ccc(Cc3cnc(N)nc3N)c(N)c12,6.54,IC50,290.0,CHEMBL2627,E. coli,DHFR,Cc1ccnc2ccc(Cc3cnc(N)nc3N)c(N)c12,c1cnc2ccc(Cc3cncnc3)cc2c1,280.335,1.6706199999999995,6,3,True,6.54
CHEMBL368735,COc1cc(Cc2ccc(N)cc2N)cc(OC)c1OCCCNc1ccc(S(=O)(=O)c2ccc(N)cc2)cc1,6.54,IC50,290.0,CHEMBL2329,C. albicans,DHFR,COc1cc(Cc2ccc(N)cc2N)cc(OC)c1OCCCNc1ccc(S(=O)(=O)c2ccc(N)cc2)cc1,O=S(=O)(c1ccccc1)c1ccc(NCCCOc2ccc(Cc3ccccc3)cc2)cc1,562.6920000000003,4.7550000000000034,9,4,True,6.54
CHEMBL123061,CCC(C)(C)c1ccc(Sc2cccc3nc(N)nc(N)c23)cc1,6.52,IC50,300.0,CHEMBL2329,C. albicans,DHFR,CCC(C)(C)c1ccc(Sc2cccc3nc(N)nc(N)c23)cc1,c1ccc(Sc2cccc3ncncc23)cc1,338.4800000000001,4.633000000000003,5,2,True,6.52
CHEMBL120783,N#Cc1ccc(Sc2cccc3nc(N)nc(N)c23)cc1,6.5,IC50,320.0,CHEMBL2329,C. albicans,DHFR,N#Cc1ccc(Sc2cccc3nc(N)nc(N)c23)cc1,c1ccc(Sc2cccc3ncncc23)cc1,293.355,2.81708,6,2,True,6.5
CHEMBL220937,COc1cc(C(C#Cc2c(C)nc(N)nc2N)OC)cc(OC)c1OC,6.5,IC50,320.0,CHEMBL2329,C. albicans,DHFR,COc1cc(C(C#Cc2c(C)nc(N)nc2N)OC)cc(OC)c1OC,C(#Cc1cncnc1)Cc1ccccc1,358.39800000000014,1.7144199999999998,8,2,True,6.5
CHEMBL573811,COc1cc([C@@H](C#Cc2c(C)nc(N)nc2N)OC)cc(OC)c1OC,6.5,IC50,320.0,CHEMBL2329,C. albicans,DHFR,COc1cc([C@@H](C#Cc2c(C)nc(N)nc2N)OC)cc(OC)c1OC,C(#Cc1cncnc1)Cc1ccccc1,358.39800000000014,1.7144199999999998,8,2,True,6.5
CHEMBL575410,COc1cc([C@H](C#Cc2c(C)nc(N)nc2N)OC)cc(OC)c1OC,6.5,IC50,320.0,CHEMBL2329,C. albicans,DHFR,COc1cc([C@H](C#Cc2c(C)nc(N)nc2N)OC)cc(OC)c1OC,C(#Cc1cncnc1)Cc1ccccc1,358.39800000000014,1.7144199999999998,8,2,True,6.5
CHEMBL425506,COc1cc(Cc2cnc(N)nc2N)ccc1OCCNc1ccc(S(=O)(=O)c2ccc(N)cc2)cc1,6.47,IC50,340.0,CHEMBL2329,C. albicans,DHFR,COc1cc(Cc2cnc(N)nc2N)ccc1OCCNc1ccc(S(=O)(=O)c2ccc(N)cc2)cc1,O=S(=O)(c1ccccc1)c1ccc(NCCOc2ccc(Cc3cncnc3)cc2)cc1,520.6150000000004,3.1463,10,4,True,6.47
CHEMBL485960,COc1ccc(OC)c(CC#Cc2c(C)nc(N)nc2N)c1,6.39,IC50,410.0,CHEMBL2329,C. albicans,DHFR,COc1ccc(OC)c(CC#Cc2c(C)nc(N)nc2N)c1,C(#Cc1cncnc1)Cc1ccccc1,298.346,1.5608199999999997,6,2,True,6.39
CHEMBL426768,Nc1ncc(OCc2cccc3ccccc23)c(N)n1,6.37,IC50,430.0,CHEMBL2329,C. albicans,DHFR,Nc1ncc(OCc2cccc3ccccc23)c(N)n1,c1ccc2c(COc3cncnc3)cccc2c1,266.304,2.3732,5,2,True,6.37
CHEMBL368759,Cc1ccc(S(=O)(=O)NCCCOc2ccc(COc3cnc(N)nc3N)cc2)cc1,6.36,IC50,435.0,CHEMBL2329,C. albicans,DHFR,Cc1ccc(S(=O)(=O)NCCCOc2ccc(COc3cnc(N)nc3N)cc2)cc1,O=S(=O)(NCCCOc1ccc(COc2cncnc2)cc1)c1ccccc1,443.52900000000017,2.2758199999999995,8,3,True,6.36
CHEMBL58917,Nc1ncc(Cc2ccc3c(c2)CCCN3)c(N)n1,6.35,IC50,450.0,CHEMBL2627,E. coli,DHFR,Nc1ncc(Cc2ccc3c(c2)CCCN3)c(N)n1,c1ncc(Cc2ccc3c(c2)CCCN3)cn1,255.32499999999996,1.5898999999999999,5,3,True,6.35
CHEMBL413110,Nc1nc(N)c2c(Sc3ccc(C(F)(F)F)cc3)cccc2n1,6.32,IC50,480.0,CHEMBL2329,C. albicans,DHFR,Nc1nc(N)c2c(Sc3ccc(C(F)(F)F)cc3)cccc2n1,c1ccc(Sc2cccc3ncncc23)cc1,336.342,3.964200000000001,5,2,True,6.32
CHEMBL177408,Nc1ncc(Cc2ccc(Br)c3ccccc23)c(N)n1,6.31,IC50,490.0,CHEMBL2329,C. albicans,DHFR,Nc1ncc(Cc2ccc(Br)c3ccccc23)c(N)n1,c1ccc2c(Cc3cncnc3)cccc2c1,329.2010000000001,3.147500000000001,4,2,True,6.31
CHEMBL22,COc1cc(Cc2cnc(N)nc2N)cc(OC)c1OC,6.3,IC50,500.0,CHEMBL2627,E. coli,DHFR,COc1cc(Cc2cnc(N)nc2N)cc(OC)c1OC,c1ccc(Cc2cncnc2)cc1,290.32300000000004,1.2575999999999998,7,2,True,6.3
CHEMBL367220,COc1cc(COc2cnc(N)nc2N)ccc1OCCCNS(=O)(=O)c1ccc(C)cc1,6.27,IC50,538.0,CHEMBL2329,C. albicans,DHFR,COc1cc(COc2cnc(N)nc2N)ccc1OCCCNS(=O)(=O)c1ccc(C)cc1,O=S(=O)(NCCCOc1ccc(COc2cncnc2)cc1)c1ccccc1,473.55500000000023,2.284420000000001,9,3,True,6.27
CHEMBL584390,COc1ccc(OC)c(C(C#Cc2c(C)nc(N)nc2N)OC)c1,6.26,IC50,550.0,CHEMBL2329,C. albicans,DHFR,COc1ccc(OC)c(C(C#Cc2c(C)nc(N)nc2N)OC)c1,C(#Cc1cncnc1)Cc1ccccc1,328.37200000000007,1.7058199999999997,7,2,True,6.26
CHEMBL575627,COc1ccc(OC)c([C@@H](C#Cc2c(C)nc(N)nc2N)OC)c1,6.26,IC50,550.0,CHEMBL2329,C. albicans,DHFR,COc1ccc(OC)c([C@@H](C#Cc2c(C)nc(N)nc2N)OC)c1,C(#Cc1cncnc1)Cc1ccccc1,328.37200000000007,1.7058199999999997,7,2,True,6.26
CHEMBL585363,COc1ccc(OC)c([C@H](C#Cc2c(C)nc(N)nc2N)OC)c1,6.26,IC50,550.0,CHEMBL2329,C. albicans,DHFR,COc1ccc(OC)c([C@H](C#Cc2c(C)nc(N)nc2N)OC)c1,C(#Cc1cncnc1)Cc1ccccc1,328.37200000000007,1.7058199999999997,7,2,True,6.26
CHEMBL366989,Nc1ncc(Cc2cccc3ccccc23)c(N)n1,6.24,IC50,580.0,CHEMBL2329,C. albicans,DHFR,Nc1ncc(Cc2cccc3ccccc23)c(N)n1,c1ccc2c(Cc3cncnc3)cccc2c1,250.305,2.3850000000000002,4,2,True,6.24
CHEMBL175017,Cc1ccc(S(=O)(=O)NCCCCOc2ccc(Cc3cnc(N)nc3N)cc2)cc1,6.24,IC50,581.0,CHEMBL2329,C. albicans,DHFR,Cc1ccc(S(=O)(=O)NCCCCOc2ccc(Cc3cnc(N)nc3N)cc2)cc1,O=S(=O)(NCCCCOc1ccc(Cc2cncnc2)cc1)c1ccccc1,441.5570000000002,2.6777200000000008,7,3,True,6.24
CHEMBL177125,Nc1ncc(Cc2ccc3ccccc3c2)c(N)n1,6.24,IC50,570.0,CHEMBL2329,C. albicans,DHFR,Nc1ncc(Cc2ccc3ccccc3c2)c(N)n1,c1ccc2cc(Cc3cncnc3)ccc2c1,250.305,2.3850000000000002,4,2,True,6.24
CHEMBL174954,Nc1ncc(OCc2ccc(OCCCN3C(=O)c4ccccc4C3=O)cc2)c(N)n1,6.21,IC50,619.0,CHEMBL2329,C. albicans,DHFR,Nc1ncc(OCc2ccc(OCCCN3C(=O)c4ccccc4C3=O)cc2)c(N)n1,O=C1c2ccccc2C(=O)N1CCCOc1ccc(COc2cncnc2)cc1,419.4410000000001,2.2851,8,2,True,6.21
CHEMBL19414,Nc1ncc(Cc2ccc([N+](=O)[O-])cc2)c(N)n1,6.2,Ki,630.96,CHEMBL2627,E. coli,DHFR,Nc1ncc(Cc2ccc([N+](=O)[O-])cc2)c(N)n1,c1ccc(Cc2cncnc2)cc1,245.242,1.1400000000000001,6,2,True,6.2
CHEMBL426950,CC(C)(C)c1ccc(COc2cnc(N)nc2N)cc1,6.18,IC50,660.0,CHEMBL2329,C. albicans,DHFR,CC(C)(C)c1ccc(COc2cnc(N)nc2N)cc1,c1ccc(COc2cncnc2)cc1,272.352,2.5175,5,2,True,6.18
CHEMBL175752,Nc1ncc(OCc2ccccc2Cl)c(N)n1,6.14,IC50,730.0,CHEMBL2329,C. albicans,DHFR,Nc1ncc(OCc2ccccc2Cl)c(N)n1,c1ccc(COc2cncnc2)cc1,250.689,1.8734,5,2,True,6.14
CHEMBL573880,COc1ccc(OC)c(C(O)C#Cc2c(C)nc(N)nc2N)c1,6.14,IC50,730.0,CHEMBL2329,C. albicans,DHFR,COc1ccc(OC)c(C(O)C#Cc2c(C)nc(N)nc2N)c1,C(#Cc1cncnc1)Cc1ccccc1,314.345,1.05172,7,3,True,6.14
CHEMBL584385,COc1ccc(OC)c([C@@H](O)C#Cc2c(C)nc(N)nc2N)c1,6.14,IC50,730.0,CHEMBL2329,C. albicans,DHFR,COc1ccc(OC)c([C@@H](O)C#Cc2c(C)nc(N)nc2N)c1,C(#Cc1cncnc1)Cc1ccccc1,314.345,1.05172,7,3,True,6.14
CHEMBL574288,COc1ccc(OC)c([C@H](O)C#Cc2c(C)nc(N)nc2N)c1,6.14,IC50,730.0,CHEMBL2329,C. albicans,DHFR,COc1ccc(OC)c([C@H](O)C#Cc2c(C)nc(N)nc2N)c1,C(#Cc1cncnc1)Cc1ccccc1,314.345,1.05172,7,3,True,6.14
CHEMBL219624,COc1cc(CC#Cc2cnc(N)nc2N)cc(OC)c1OC,6.09,IC50,820.0,CHEMBL2329,C. albicans,DHFR,COc1cc(CC#Cc2cnc(N)nc2N)cc(OC)c1OC,C(#Cc1cncnc1)Cc1ccccc1,314.3450000000001,1.261,7,2,True,6.09
CHEMBL368065,COc1cc(COc2cnc(N)nc2N)ccc1OCCCc1ccccc1,6.07,IC50,844.0,CHEMBL2329,C. albicans,DHFR,COc1cc(COc2cnc(N)nc2N)ccc1OCCCc1ccccc1,c1ccc(CCCOc2ccc(COc3cncnc3)cc2)cc1,380.44800000000015,3.2402000000000015,7,2,True,6.07
CHEMBL176217,COc1cc(Cc2cnc(N)nc2N)cc(OC)c1OCCCNc1ccc(N(C)C)cc1,6.01,IC50,970.0,CHEMBL2329,C. albicans,DHFR,COc1cc(Cc2cnc(N)nc2N)cc(OC)c1OCCCNc1ccc(N(C)C)cc1,c1ccc(NCCCOc2ccc(Cc3cncnc3)cc2)cc1,452.55900000000025,3.1960000000000006,9,3,True,6.01
CHEMBL221172,COc1cc(C(O)C#Cc2c(C)nc(N)nc2N)cc(OC)c1OC,6.01,IC50,980.0,CHEMBL2329,C. albicans,DHFR,COc1cc(C(O)C#Cc2c(C)nc(N)nc2N)cc(OC)c1OC,C(#Cc1cncnc1)Cc1ccccc1,344.3710000000001,1.06032,8,3,True,6.01
CHEMBL575626,COc1cc([C@@H](O)C#Cc2c(C)nc(N)nc2N)cc(OC)c1OC,6.01,IC50,980.0,CHEMBL2329,C. albicans,DHFR,COc1cc([C@@H](O)C#Cc2c(C)nc(N)nc2N)cc(OC)c1OC,C(#Cc1cncnc1)Cc1ccccc1,344.3710000000001,1.06032,8,3,True,6.01
CHEMBL582881,COc1cc([C@H](O)C#Cc2c(C)nc(N)nc2N)cc(OC)c1OC,6.01,IC50,980.0,CHEMBL2329,C. albicans,DHFR,COc1cc([C@H](O)C#Cc2c(C)nc(N)nc2N)cc(OC)c1OC,C(#Cc1cncnc1)Cc1ccccc1,344.3710000000001,1.06032,8,3,True,6.01
CHEMBL177819,COc1ccc(CCc2cnc(N)nc2N)cc1OC,6.0,IC50,1000.0,CHEMBL2329,C. albicans,DHFR,COc1ccc(CCc2cnc(N)nc2N)cc1OC,c1ccc(CCc2cncnc2)cc1,274.324,1.4434,6,2,True,6.0
CHEMBL177230,Nc1ncc(CNc2ccccc2)c(N)n1,5.96,IC50,1090.0,CHEMBL2329,C. albicans,DHFR,Nc1ncc(CNc2ccccc2)c(N)n1,c1ccc(NCc2cncnc2)cc1,215.26000000000002,1.2530999999999999,5,3,True,5.96
CHEMBL177511,COc1ccc(CNc2cnc(N)nc2N)cc1OC,5.95,IC50,1120.0,CHEMBL2329,C. albicans,DHFR,COc1ccc(CNc2cnc(N)nc2N)cc1OC,c1ccc(CNc2cncnc2)cc1,275.312,1.2702999999999995,7,3,True,5.95
CHEMBL362254,Nc1ncc(OCc2ccc(Cl)c(Cl)c2)c(N)n1,5.91,IC50,1220.0,CHEMBL2329,C. albicans,DHFR,Nc1ncc(OCc2ccc(Cl)c(Cl)c2)c(N)n1,c1ccc(COc2cncnc2)cc1,285.134,2.5267999999999997,5,2,True,5.91
CHEMBL180585,Nc1ncc(OCc2ccccc2)c(N)n1,5.91,IC50,1240.0,CHEMBL2329,C. albicans,DHFR,Nc1ncc(OCc2ccccc2)c(N)n1,c1ccc(COc2cncnc2)cc1,216.244,1.22,5,2,True,5.91
CHEMBL175577,Cc1nc(N)nc(N)c1OCc1ccc(Cl)c(Cl)c1,5.87,IC50,1340.0,CHEMBL2329,C. albicans,DHFR,Cc1nc(N)nc(N)c1OCc1ccc(Cl)c(Cl)c1,c1ccc(COc2cncnc2)cc1,299.161,2.8352200000000005,5,2,True,5.87
CHEMBL177796,Nc1ncc(NCc2cccc3ccccc23)c(N)n1,5.86,IC50,1390.0,CHEMBL2329,C. albicans,DHFR,Nc1ncc(NCc2cccc3ccccc23)c(N)n1,c1ccc2c(CNc3cncnc3)cccc2c1,265.32,2.4063,5,3,True,5.86
CHEMBL521055,COc1ccc(OC)c(CC#Cc2cnc(N)nc2N)c1,5.85,IC50,1400.0,CHEMBL2329,C. albicans,DHFR,COc1ccc(OC)c(CC#Cc2cnc(N)nc2N)c1,C(#Cc1cncnc1)Cc1ccccc1,284.31899999999996,1.2524,6,2,True,5.85
CHEMBL174633,Cc1nc(N)nc(N)c1Cc1ccccc1,5.73,IC50,1850.0,CHEMBL2329,C. albicans,DHFR,Cc1nc(N)nc(N)c1Cc1ccccc1,c1ccc(Cc2cncnc2)cc1,214.27200000000002,1.5402200000000001,4,2,True,5.73
CHEMBL177862,Nc1ncc(NCc2ccc3ccccc3c2)c(N)n1,5.7,IC50,1980.0,CHEMBL2329,C. albicans,DHFR,Nc1ncc(NCc2ccc3ccccc3c2)c(N)n1,c1ccc2cc(CNc3cncnc3)ccc2c1,265.32,2.4063,5,3,True,5.7
CHEMBL220936,COc1cc(C(C#Cc2cnc(N)nc2N)OC)cc(OC)c1OC,5.6,IC50,2500.0,CHEMBL2329,C. albicans,DHFR,COc1cc(C(C#Cc2cnc(N)nc2N)OC)cc(OC)c1OC,C(#Cc1cncnc1)Cc1ccccc1,344.3710000000001,1.406,8,2,True,5.6
CHEMBL572856,COc1cc([C@H](C#Cc2cnc(N)nc2N)OC)cc(OC)c1OC,5.6,IC50,2500.0,CHEMBL2329,C. albicans,DHFR,COc1cc([C@H](C#Cc2cnc(N)nc2N)OC)cc(OC)c1OC,C(#Cc1cncnc1)Cc1ccccc1,344.3710000000001,1.406,8,2,True,5.6
CHEMBL583704,COc1cc([C@@H](C#Cc2cnc(N)nc2N)OC)cc(OC)c1OC,5.6,IC50,2500.0,CHEMBL2329,C. albicans,DHFR,COc1cc([C@@H](C#Cc2cnc(N)nc2N)OC)cc(OC)c1OC,C(#Cc1cncnc1)Cc1ccccc1,344.3710000000001,1.406,8,2,True,5.6
CHEMBL174679,COc1ccc(COc2cnc(N)nc2N)cc1,5.59,IC50,2590.0,CHEMBL2329,C. albicans,DHFR,COc1ccc(COc2cnc(N)nc2N)cc1,c1ccc(COc2cncnc2)cc1,246.27,1.2285999999999997,6,2,True,5.59
CHEMBL369501,Nc1ncc(NCc2ccccc2Cl)c(N)n1,5.57,IC50,2690.0,CHEMBL2329,C. albicans,DHFR,Nc1ncc(NCc2ccccc2Cl)c(N)n1,c1ccc(CNc2cncnc2)cc1,249.705,1.9064999999999999,5,3,True,5.57
CHEMBL174753,Nc1ncc(NCc2cccc(Cl)c2)c(N)n1,5.55,IC50,2810.0,CHEMBL2329,C. albicans,DHFR,Nc1ncc(NCc2cccc(Cl)c2)c(N)n1,c1ccc(CNc2cncnc2)cc1,249.705,1.9065,5,3,True,5.55
CHEMBL174617,Nc1ncc(OCc2ccc(OCc3ccccc3)cc2)c(N)n1,5.55,IC50,2810.0,CHEMBL2329,C. albicans,DHFR,Nc1ncc(OCc2ccc(OCc3ccccc3)cc2)c(N)n1,c1ccc(COc2ccc(COc3cncnc3)cc2)cc1,322.36800000000005,2.7990000000000004,6,2,True,5.55
CHEMBL174223,Nc1ncc(NCc2ccc(Cl)c(Cl)c2)c(N)n1,5.51,IC50,3090.0,CHEMBL2329,C. albicans,DHFR,Nc1ncc(NCc2ccc(Cl)c(Cl)c2)c(N)n1,c1ccc(CNc2cncnc2)cc1,284.15000000000003,2.5599,5,3,True,5.51
CHEMBL367308,Nc1ncc(OCc2c(Cl)cccc2Cl)c(N)n1,5.51,IC50,3100.0,CHEMBL2329,C. albicans,DHFR,Nc1ncc(OCc2c(Cl)cccc2Cl)c(N)n1,c1ccc(COc2cncnc2)cc1,285.134,2.5267999999999997,5,2,True,5.51
CHEMBL369237,COc1ccc(CNc2cnc(N)nc2N)cc1,5.5,IC50,3180.0,CHEMBL2329,C. albicans,DHFR,COc1ccc(CNc2cnc(N)nc2N)cc1,c1ccc(CNc2cncnc2)cc1,245.286,1.2616999999999996,6,3,True,5.5
CHEMBL158543,Cc1ccc(S(=O)(=O)Nc2ccc(OCCCNc3nc(N)nc(O)c3N=O)cc2)cc1,6.22,IC50,600.0,CHEMBL4032,E. coli,DHPS,Cc1ccc(S(=O)(=O)Nc2ccc(OCCCNc3nc(N)nc(O)c3N=O)cc2)cc1,O=S(=O)(Nc1ccc(OCCCNc2ccncn2)cc1)c1ccccc1,458.5000000000001,3.15252,10,4,True,6.22
CHEMBL159139,COc1cc(OC)cc(OCCCNc2nc(N)nc(O)c2N=O)c1,6.16,IC50,700.0,CHEMBL4032,E. coli,DHPS,COc1cc(OC)cc(OCCCNc2nc(N)nc(O)c2N=O)c1,c1ccc(OCCCNc2ccncn2)cc1,349.34700000000004,2.0604999999999993,10,3,True,6.16
CHEMBL422884,Nc1nc(O)c(N=O)c(NCCCOc2ccc(Cl)cc2)n1,6.0,IC50,1000.0,CHEMBL4032,E. coli,DHPS,Nc1nc(O)c(N=O)c(NCCCOc2ccc(Cl)cc2)n1,c1ccc(OCCCNc2ccncn2)cc1,323.73999999999995,2.6967000000000008,8,3,True,6.0
CHEMBL159048,Nc1nc(O)c(N=O)c(NCCCOc2ccc([N+](=O)[O-])cc2)n1,6.0,IC50,1000.0,CHEMBL4032,E. coli,DHPS,Nc1nc(O)c(N=O)c(NCCCOc2ccc([N+](=O)[O-])cc2)n1,c1ccc(OCCCNc2ccncn2)cc1,334.292,1.9514999999999996,10,3,True,6.0
CHEMBL158993,Nc1nc(O)c(N=O)c(NCCCOc2ccc(C(F)(F)F)cc2)n1,5.85,IC50,1400.0,CHEMBL4032,E. coli,DHPS,Nc1nc(O)c(N=O)c(NCCCOc2ccc(C(F)(F)F)cc2)n1,c1ccc(OCCCNc2ccncn2)cc1,357.2919999999999,3.062100000000001,8,3,True,5.85
CHEMBL351250,Nc1nc(O)c(N=O)c(NCCCOc2cc(Cl)cc(Cl)c2)n1,5.85,IC50,1400.0,CHEMBL4032,E. coli,DHPS,Nc1nc(O)c(N=O)c(NCCCOc2cc(Cl)cc(Cl)c2)n1,c1ccc(OCCCNc2ccncn2)cc1,358.185,3.350100000000001,8,3,True,5.85
CHEMBL442357,Nc1nc(O)c(N=O)c(NCCCCCCCc2ccccc2)n1,5.85,IC50,1400.0,CHEMBL4032,E. coli,DHPS,Nc1nc(O)c(N=O)c(NCCCCCCCc2ccccc2)n1,c1ccc(CCCCCCCNc2ccncn2)cc1,329.4039999999999,3.767400000000002,7,3,True,5.85
CHEMBL55866,CNc1nc(N)nc(O)c1N=O,5.8,IC50,1600.0,CHEMBL4032,E. coli,DHPS,CNc1nc(N)nc(O)c1N=O,c1cncnc1,169.144,0.20399999999999985,7,3,True,5.8
CHEMBL3233211,COc1ccccc1C(=O)CSc1nc2nc(N)[nH]c(=O)c2[nH]1,5.8,Kd,1600.0,CHEMBL2364668,Bacteria,DHPS,COc1ccccc1C(=O)CSc1nc2nc(N)[nH]c(=O)c2[nH]1,O=C(CSc1nc2nc[nH]c(=O)c2[nH]1)c1ccccc1,331.357,1.2119999999999993,7,3,True,5.8
CHEMBL3827911,COc1cc(NS(=O)(=O)c2ccc(NCc3cnc4nc(N)[nH]c(=O)c4n3)cc2)nc(OC)n1,5.72,IC50,1900.0,CHEMBL1075045,B. anthracis,DHPS,COc1cc(NS(=O)(=O)c2ccc(NCc3cnc4nc(N)[nH]c(=O)c4n3)cc2)nc(OC)n1,O=c1[nH]cnc2ncc(CNc3ccc(S(=O)(=O)Nc4ccncn4)cc3)nc12,485.4860000000002,0.5153999999999997,12,4,True,5.72
CHEMBL348892,COc1cc(OCCCNc2nc(N)nc(O)c2N=O)cc(OC)c1OC,5.7,IC50,2000.0,CHEMBL4032,E. coli,DHPS,COc1cc(OCCCNc2nc(N)nc(O)c2N=O)cc(OC)c1OC,c1ccc(OCCCNc2ccncn2)cc1,379.37300000000016,2.0690999999999997,11,3,True,5.7
CHEMBL158793,CCCCOc1ccc(OCCCNc2nc(N)nc(O)c2N=O)cc1,5.68,IC50,2100.0,CHEMBL4032,E. coli,DHPS,CCCCOc1ccc(OCCCNc2nc(N)nc(O)c2N=O)cc1,c1ccc(OCCCNc2ccncn2)cc1,361.40200000000004,3.2222,9,3,True,5.68
CHEMBL160727,Nc1nc(O)c(N=O)c(NCCCOc2ccc(O)cc2)n1,5.66,IC50,2200.0,CHEMBL4032,E. coli,DHPS,Nc1nc(O)c(N=O)c(NCCCOc2ccc(O)cc2)n1,c1ccc(OCCCNc2ccncn2)cc1,305.2939999999999,1.7488999999999997,9,4,True,5.66
CHEMBL158792,CS(=O)(=O)c1ccc(OCCCNc2nc(N)nc(O)c2N=O)cc1,5.6,IC50,2500.0,CHEMBL4032,E. coli,DHPS,CS(=O)(=O)c1ccc(OCCCNc2nc(N)nc(O)c2N=O)cc1,c1ccc(OCCCNc2ccncn2)cc1,367.38700000000006,1.4467999999999999,10,3,True,5.6
CHEMBL351829,Nc1nc(O)c(N=O)c(NCCCCNc2ccc(C(=O)O)cc2)n1,5.6,IC50,2500.0,CHEMBL4032,E. coli,DHPS,Nc1nc(O)c(N=O)c(NCCCCNc2ccc(C(=O)O)cc2)n1,c1ccc(NCCCCNc2ccncn2)cc1,346.34700000000004,2.1647,9,5,True,5.6
CHEMBL291953,Nc1nc(O)c(N=O)c(NCCCCc2ccccc2)n1,5.6,IC50,2500.0,CHEMBL4032,E. coli,DHPS,Nc1nc(O)c(N=O)c(NCCCCc2ccccc2)n1,c1ccc(CCCCNc2ccncn2)cc1,287.3229999999999,2.5971,7,3,True,5.6
CHEMBL437,Nc1ccc(S(=O)(=O)Nc2nccs2)cc1,5.6,IC50,2500.0,CHEMBL4032,E. coli,DHPS,Nc1ccc(S(=O)(=O)Nc2nccs2)cc1,O=S(=O)(Nc1nccs1)c1ccccc1,255.32400000000004,1.5261,5,2,True,5.6
CHEMBL3828161,Nc1nc2ncc(CNc3ccc(S(=O)(=O)Nc4ccccn4)cc3)nc2c(=O)[nH]1,5.6,IC50,2500.0,CHEMBL1075045,B. anthracis,DHPS,Nc1nc2ncc(CNc3ccc(S(=O)(=O)Nc4ccccn4)cc3)nc2c(=O)[nH]1,O=c1[nH]cnc2ncc(CNc3ccc(S(=O)(=O)Nc4ccccn4)cc3)nc12,424.44600000000014,1.1032,9,4,True,5.6
CHEMBL56190,CNc1nc(N)[nH]c(=O)c1[N+](=O)[O-],5.55,IC50,2800.0,CHEMBL4032,E. coli,DHPS,CNc1nc(N)[nH]c(=O)c1[N+](=O)[O-],O=c1ccnc[nH]1,185.143,-0.6980000000000002,6,3,True,5.55
CHEMBL159046,CCOC(=O)c1ccc(OCCCNc2nc(N)nc(O)c2N=O)cc1,5.54,IC50,2900.0,CHEMBL4032,E. coli,DHPS,CCOC(=O)c1ccc(OCCCNc2nc(N)nc(O)c2N=O)cc1,c1ccc(OCCCNc2ccncn2)cc1,361.358,2.2199999999999998,10,3,True,5.54
CHEMBL161537,CCOC(=O)c1ccc(NCCCCNc2nc(N)nc(O)c2N=O)cc1,5.52,IC50,3000.0,CHEMBL4032,E. coli,DHPS,CCOC(=O)c1ccc(NCCCCNc2nc(N)nc(O)c2N=O)cc1,c1ccc(NCCCCNc2ccncn2)cc1,374.40100000000007,2.6431999999999993,10,4,True,5.52
CHEMBL161774,Nc1nc(O)c(N=O)c(NCCCOc2ccc(OCc3ccccc3)cc2)n1,5.52,IC50,3000.0,CHEMBL4032,E. coli,DHPS,Nc1nc(O)c(N=O)c(NCCCOc2ccc(OCc3ccccc3)cc2)n1,c1ccc(COc2ccc(OCCCNc3ccncn3)cc2)cc1,395.41900000000004,3.622300000000002,9,3,True,5.52
CHEMBL458164,Oc1ccc(/C=N/C2CCCCC2)c(O)c1,7.7,Kd,20.0,CHEMBL4914,E. coli,FabH,Oc1ccc(/C=N/C2CCCCC2)c(O)c1,C(=NC1CCCCC1)c1ccccc1,219.28399999999996,2.849400000000001,3,2,True,7.7
CHEMBL459369,COc1ccc2c(c1OC)C(=O)OC2C(C)C(=O)c1ccc(O)c(O)c1,5.91,Kd,1220.0,CHEMBL4914,E. coli,FabH,COc1ccc2c(c1OC)C(=O)OC2C(C)C(=O)c1ccc(O)c(O)c1,O=C(CC1OC(=O)c2ccccc21)c1ccccc1,358.34600000000006,2.845500000000002,7,2,True,5.91
CHEMBL4100081,C(=N\C1CCCCC1)/c1ccc2c(c1)OCCCO2,5.8,IC50,1600.0,CHEMBL4914,E. coli,FabH,C(=N\C1CCCCC1)/c1ccc2c(c1)OCCCO2,C(=NC1CCCCC1)c1ccc2c(c1)OCCCO2,259.349,3.5995000000000035,3,0,True,5.8
CHEMBL4100896,COc1cc(/C=N/NC(=O)c2ccc3c(c2)OCCCO3)cc(OC)c1OC,5.7,IC50,2000.0,CHEMBL4914,E. coli,FabH,COc1cc(/C=N/NC(=O)c2ccc3c(c2)OCCCO3)cc(OC)c1OC,O=C(NN=Cc1ccccc1)c1ccc2c(c1)OCCCO2,386.4040000000002,2.637600000000001,7,1,True,5.7
CHEMBL5555396,COC(=O)c1c[nH]c2cc(NC(=O)c3ccc4c(c3)OCCCO4)ccc12,5.7,IC50,2000.0,CHEMBL4914,E. coli,FabH,COC(=O)c1c[nH]c2cc(NC(=O)c3ccc4c(c3)OCCCO4)ccc12,O=C(Nc1ccc2cc[nH]c2c1)c1ccc2c(c1)OCCCO2,366.3730000000002,3.368100000000002,5,2,True,5.7
CHEMBL370931,O=C(Nc1cccc(O)c1C(=O)O)c1ccc(-c2ccccc2)c(Oc2ccccc2)c1,5.62,IC50,2400.0,CHEMBL3822,H. influenzae,FabH,O=C(Nc1cccc(O)c1C(=O)O)c1ccc(-c2ccccc2)c(Oc2ccccc2)c1,O=C(Nc1ccccc1)c1ccc(-c2ccccc2)c(Oc2ccccc2)c1,425.44000000000005,5.802000000000002,4,3,True,5.62
CHEMBL3360252,CCCCCCc1ccc(Oc2ccccc2C#N)c(O)c1,11.0,Ki,0.01,CHEMBL3994,S. aureus,FabI,CCCCCCc1ccc(Oc2ccccc2C#N)c(O)c1,c1ccc(Oc2ccccc2)cc1,295.382,5.1789800000000055,3,1,True,11.0
CHEMBL488937,Cc1c(N)cccc1Cn1ccc(OCCc2cccs2)cc1=O,8.33,Ki,4.7,CHEMBL3994,S. aureus,FabI,Cc1c(N)cccc1Cn1ccc(OCCc2cccs2)cc1=O,O=c1cc(OCCc2cccs2)ccn1Cc1ccccc1,340.448,3.470220000000002,4,1,True,8.33
CHEMBL5966032,CCc1ccn(Cc2cccc(N)c2C)c(=O)c1,8.14,Ki,7.3,CHEMBL3994,S. aureus,FabI,CCc1ccn(Cc2cccc(N)c2C)c(=O)c1,O=c1ccccn1Cc1ccccc1,242.32199999999997,2.3496200000000007,2,1,True,8.14
CHEMBL2178304,CCc1cc(O)c(Oc2ccccc2F)cc1F,8.1,IC50,8.0,CHEMBL3994,S. aureus,FabI,CCc1cc(O)c(Oc2ccccc2F)cc1F,c1ccc(Oc2ccccc2)cc1,250.24399999999997,4.025100000000001,2,1,True,8.1
CHEMBL583197,Cc1c(CN(C)C(=O)/C=C/c2cnc3c(c2)CNCCN3)sc2ccccc12,8.05,IC50,9.0,CHEMBL1857,E. coli,FabI,Cc1c(CN(C)C(=O)/C=C/c2cnc3c(c2)CNCCN3)sc2ccccc12,O=C(C=Cc1cnc2c(c1)CNCCN2)NCc1cc2ccccc2s1,392.5280000000001,3.7916200000000018,5,2,True,8.05
CHEMBL6004349,CCc1cc(=O)c(Oc2ccccc2C)cn1C,8.0,Ki,10.1,CHEMBL3994,S. aureus,FabI,CCc1cc(=O)c(Oc2ccccc2C)cn1C,O=c1cc[nH]cc1Oc1ccccc1,243.306,3.048420000000001,2,0,True,8.0
CHEMBL2178284,CCc1cc(O)c(Oc2ccc(C(N)=O)cc2F)cc1F,7.92,IC50,12.0,CHEMBL3994,S. aureus,FabI,CCc1cc(O)c(Oc2ccc(C(N)=O)cc2F)cc1F,c1ccc(Oc2ccccc2)cc1,293.26899999999995,3.1240000000000006,3,2,True,7.92
CHEMBL567520,Cc1c(CN(C)C(=O)/C=C/c2cnc3c(c2)NCCCN3)oc2ccccc12,7.92,IC50,12.0,CHEMBL1857,E. coli,FabI,Cc1c(CN(C)C(=O)/C=C/c2cnc3c(c2)NCCCN3)oc2ccccc12,O=C(C=Cc1cnc2c(c1)NCCCN2)NCc1cc2ccccc2o1,376.4600000000001,4.035520000000003,5,2,True,7.92
CHEMBL2178291,CCc1cc(O)c(Oc2cccnc2F)cc1F,7.89,IC50,13.0,CHEMBL3994,S. aureus,FabI,CCc1cc(O)c(Oc2cccnc2F)cc1F,c1ccc(Oc2cccnc2)cc1,251.23199999999997,3.4201000000000015,3,1,True,7.89
CHEMBL3676405,O=C1CCc2cc(/C=C/C(=O)N3CC(OCc4cccs4)C3)cnc2N1,7.89,IC50,13.0,CHEMBL3994,S. aureus,FabI,O=C1CCc2cc(/C=C/C(=O)N3CC(OCc4cccs4)C3)cnc2N1,O=C1CCc2cc(C=CC(=O)N3CC(OCc4cccs4)C3)cnc2N1,369.446,2.4686000000000003,5,1,True,7.89
CHEMBL566665,Cc1c(CN(C)C(=O)/C=C/c2cnc3c(c2)CC2(CCN(C)CC2)C(=O)N3)sc2ccccc12,7.85,IC50,14.0,CHEMBL3994,S. aureus,FabI,Cc1c(CN(C)C(=O)/C=C/c2cnc3c(c2)CC2(CCN(C)CC2)C(=O)N3)sc2ccccc12,O=C(C=Cc1cnc2c(c1)CC1(CCNCC1)C(=O)N2)NCc1cc2ccccc2s1,474.6300000000002,4.483120000000004,5,1,True,7.85
CHEMBL567313,Cc1c(CN(C)C(=O)/C=C/c2cnc3c(c2)NCCCN3)sc2ccccc12,7.85,IC50,14.0,CHEMBL1857,E. coli,FabI,Cc1c(CN(C)C(=O)/C=C/c2cnc3c(c2)NCCCN3)sc2ccccc12,O=C(C=Cc1cnc2c(c1)NCCCN2)NCc1cc2ccccc2s1,392.5280000000001,4.504020000000003,5,2,True,7.85
CHEMBL565647,Cc1c(CN(C)C(=O)/C=C/c2cnc3c(c2)CNCCN3)oc2ccccc12,7.85,IC50,14.0,CHEMBL1857,E. coli,FabI,Cc1c(CN(C)C(=O)/C=C/c2cnc3c(c2)CNCCN3)oc2ccccc12,O=C(C=Cc1cnc2c(c1)CNCCN2)NCc1cc2ccccc2o1,376.4600000000001,3.323120000000001,5,2,True,7.85
CHEMBL2178287,CCc1cc(O)c(Oc2ccc(C(=O)N3CCNC(=O)C3)cc2F)cc1F,7.8,IC50,16.0,CHEMBL3994,S. aureus,FabI,CCc1cc(O)c(Oc2ccc(C(=O)N3CCNC(=O)C3)cc2F)cc1F,O=C1CN(C(=O)c2ccc(Oc3ccccc3)cc2)CCN1,376.3590000000001,2.597100000000001,4,2,True,7.8
CHEMBL576646,Cc1c(CN(C)C(=O)/C=C/c2cnc3c(c2)CNCCCN3)oc2ccccc12,7.8,IC50,16.0,CHEMBL1857,E. coli,FabI,Cc1c(CN(C)C(=O)/C=C/c2cnc3c(c2)CNCCCN3)oc2ccccc12,O=C(C=Cc1cnc2c(c1)CNCCCN2)NCc1cc2ccccc2o1,390.48700000000014,3.7132200000000015,5,2,True,7.8
CHEMBL148515,Oc1ccccc1Oc1ccccc1,7.72,Ki,18.9,CHEMBL3994,S. aureus,FabI,Oc1ccccc1Oc1ccccc1,c1ccc(Oc2ccccc2)cc1,186.21,3.1845000000000017,2,1,True,7.72
CHEMBL46425,Cc1cccc2c(CN(C)C(=O)/C=C/c3cnc4c(c3)CCC(=O)N4)c(C)n(C)c12,7.7,IC50,20.0,CHEMBL3994,S. aureus,FabI,Cc1cccc2c(CN(C)C(=O)/C=C/c3cnc4c(c3)CCC(=O)N4)c(C)n(C)c12,O=C(C=Cc1cnc2c(c1)CCC(=O)N2)NCc1c[nH]c2ccccc12,402.4980000000002,3.746640000000002,3,1,True,7.7
CHEMBL567711,Cc1c(CN(C)C(=O)/C=C/c2cnc3c(c2)CC2(CCN(C)CC2)C(=O)N3)oc2ccccc12,7.7,IC50,20.0,CHEMBL3994,S. aureus,FabI,Cc1c(CN(C)C(=O)/C=C/c2cnc3c(c2)CC2(CCN(C)CC2)C(=O)N3)oc2ccccc12,O=C(C=Cc1cnc2c(c1)CC1(CCNCC1)C(=O)N2)NCc1cc2ccccc2o1,458.56200000000024,4.014620000000003,5,1,True,7.7
CHEMBL3676408,CCCCCOC1CN(C(=O)/C=C/c2cnc3c(c2)CCC(=O)N3)C1,7.6,IC50,25.0,CHEMBL3994,S. aureus,FabI,CCCCCOC1CN(C(=O)/C=C/c2cnc3c(c2)CCC(=O)N3)C1,O=C1CCc2cc(C=CC(=O)N3CCC3)cnc2N1,343.42700000000013,2.3971,4,1,True,7.6
CHEMBL567084,Cc1c(CN(C)C(=O)/C=C/c2cnc3c(c2)NCCC(=O)N3)sc2ccc(F)cc12,7.6,IC50,25.0,CHEMBL1857,E. coli,FabI,Cc1c(CN(C)C(=O)/C=C/c2cnc3c(c2)NCCC(=O)N3)sc2ccc(F)cc12,O=C(C=Cc1cnc2c(c1)NCCC(=O)N2)NCc1cc2ccccc2s1,424.5010000000001,4.1697200000000025,5,2,True,7.6
CHEMBL567931,Cc1c(CN(C)C(=O)/C=C/c2cnc3c(c2)NCCC(=O)N3)oc2ccccc12,7.6,IC50,25.0,CHEMBL1857,E. coli,FabI,Cc1c(CN(C)C(=O)/C=C/c2cnc3c(c2)NCCC(=O)N3)oc2ccccc12,O=C(C=Cc1cnc2c(c1)NCCC(=O)N2)NCc1cc2ccccc2o1,390.4430000000001,3.562120000000002,5,2,True,7.6
CHEMBL566043,Cc1c(CN(C)C(=O)/C=C/c2cnc3c(c2)CN(CCN2CCOCC2)C(=O)N3)sc2ccccc12,7.58,IC50,26.0,CHEMBL3994,S. aureus,FabI,Cc1c(CN(C)C(=O)/C=C/c2cnc3c(c2)CN(CCN2CCOCC2)C(=O)N3)sc2ccccc12,O=C(C=Cc1cnc2c(c1)CN(CCN1CCOCC1)C(=O)N2)NCc1cc2ccccc2s1,505.6440000000003,3.9562200000000027,6,1,True,7.58
CHEMBL568359,CCCOc1c(CN(C)C(=O)/C=C/c2cnc3c(c2)CC2(CCN(C)CC2)C(=O)N3)cccc1OC,7.58,IC50,26.0,CHEMBL3994,S. aureus,FabI,CCCOc1c(CN(C)C(=O)/C=C/c2cnc3c(c2)CC2(CCN(C)CC2)C(=O)N3)cccc1OC,O=C(C=Cc1cnc2c(c1)CC1(CCNCC1)C(=O)N2)NCc1ccccc1,492.6200000000004,3.7574000000000023,6,1,True,7.58
CHEMBL149299,Oc1cc(Cl)ccc1Oc1ccccc1,7.57,Ki,26.9,CHEMBL3994,S. aureus,FabI,Oc1cc(Cl)ccc1Oc1ccccc1,c1ccc(Oc2ccccc2)cc1,220.655,3.837900000000002,2,1,True,7.57
CHEMBL566666,Cc1c(CN(C)C(=O)/C=C/c2cnc3c(c2)CC2(CCN(C)CC2)C(=O)N3)sc2ccc(F)cc12,7.55,IC50,28.0,CHEMBL3994,S. aureus,FabI,Cc1c(CN(C)C(=O)/C=C/c2cnc3c(c2)CC2(CCN(C)CC2)C(=O)N3)sc2ccc(F)cc12,O=C(C=Cc1cnc2c(c1)CC1(CCNCC1)C(=O)N2)NCc1cc2ccccc2s1,492.62000000000023,4.622220000000004,5,1,True,7.55
CHEMBL2178286,CCc1ccc(Oc2ccc(C(=O)N3CCNC(=O)C3)cc2F)c(O)c1,7.55,IC50,28.0,CHEMBL3994,S. aureus,FabI,CCc1ccc(Oc2ccc(C(=O)N3CCNC(=O)C3)cc2F)c(O)c1,O=C1CN(C(=O)c2ccc(Oc3ccccc3)cc2)CCN1,358.3690000000001,2.458,4,2,True,7.55
CHEMBL1652621,Cc1c(CN(C)C(=O)/C=C/c2cnc3c(c2)CCC(=O)N3)oc2ccccc12,7.54,IC50,29.0,CHEMBL3994,S. aureus,FabI,Cc1c(CN(C)C(=O)/C=C/c2cnc3c(c2)CCC(=O)N3)oc2ccccc12,O=C(C=Cc1cnc2c(c1)CCC(=O)N2)NCc1cc2ccccc2o1,375.42800000000005,3.6927200000000022,4,1,True,7.54
CHEMBL567710,Cc1c(CN(C)C(=O)/C=C/c2cnc3c(c2)CNCC(=O)N3)oc2ccccc12,7.54,IC50,29.0,CHEMBL1857,E. coli,FabI,Cc1c(CN(C)C(=O)/C=C/c2cnc3c(c2)CNCC(=O)N3)oc2ccccc12,O=C(C=Cc1cnc2c(c1)CNCC(=O)N2)NCc1cc2ccccc2o1,390.4430000000001,2.8497200000000014,5,2,True,7.54
CHEMBL566655,Cc1c(CN(C)C(=O)/C=C/c2cnc3c(c2)CCC(=O)N3)sc2ccccc12,7.52,IC50,30.0,CHEMBL3994,S. aureus,FabI,Cc1c(CN(C)C(=O)/C=C/c2cnc3c(c2)CCC(=O)N3)sc2ccccc12,O=C(C=Cc1cnc2c(c1)CCC(=O)N2)NCc1cc2ccccc2s1,391.49600000000004,4.161220000000003,4,1,True,7.52
CHEMBL567311,Cc1c(CN(C)C(=O)/C=C/c2cnc3c(c2)CNC(=O)CCN3)oc2ccccc12,7.52,IC50,30.0,CHEMBL1857,E. coli,FabI,Cc1c(CN(C)C(=O)/C=C/c2cnc3c(c2)CNC(=O)CCN3)oc2ccccc12,O=C(C=Cc1cnc2c(c1)CNC(=O)CCN2)NCc1cc2ccccc2o1,404.47000000000014,3.2398200000000017,5,2,True,7.52
CHEMBL2178305,CCc1cc(O)c(Oc2ccc(C#N)cc2F)cc1F,7.51,IC50,31.0,CHEMBL3994,S. aureus,FabI,CCc1cc(O)c(Oc2ccc(C#N)cc2F)cc1F,c1ccc(Oc2ccccc2)cc1,275.25399999999996,3.8967800000000015,3,1,True,7.51
CHEMBL2178303,CCc1cc(O)c(Oc2ccccc2)cc1F,7.43,IC50,37.0,CHEMBL3994,S. aureus,FabI,CCc1cc(O)c(Oc2ccccc2)cc1F,c1ccc(Oc2ccccc2)cc1,232.254,3.886000000000002,2,1,True,7.43
CHEMBL570866,Cc1c(CN(C)C(=O)/C=C/c2cnc3c(c2)CNC(=O)CN3)oc2ccccc12,7.41,IC50,39.0,CHEMBL1857,E. coli,FabI,Cc1c(CN(C)C(=O)/C=C/c2cnc3c(c2)CNC(=O)CN3)oc2ccccc12,O=C(C=Cc1cnc2c(c1)CNC(=O)CN2)NCc1cc2ccccc2o1,390.4430000000001,2.8497200000000014,5,2,True,7.41
CHEMBL3676401,CCCC1CCN(C(=O)/C=C/c2cnc3c(c2)CCC(=O)N3)CC1,7.39,IC50,41.0,CHEMBL3994,S. aureus,FabI,CCCC1CCN(C(=O)/C=C/c2cnc3c(c2)CCC(=O)N3)CC1,O=C1CCc2cc(C=CC(=O)N3CCCCC3)cnc2N1,327.4280000000001,3.018200000000001,3,1,True,7.39
CHEMBL6011921,CCc1ccn(Cc2ccccc2Cl)c(=O)c1,7.39,Ki,40.7,CHEMBL3994,S. aureus,FabI,CCc1ccn(Cc2ccccc2Cl)c(=O)c1,O=c1ccccn1Cc1ccccc1,247.725,3.112400000000002,1,0,True,7.39
CHEMBL6041473,CCc1cc(=O)c(Oc2ccccc2C#N)cn1C,7.39,Ki,41.0,CHEMBL3994,S. aureus,FabI,CCc1cc(=O)c(Oc2ccccc2C#N)cn1C,O=c1cc[nH]cc1Oc1ccccc1,254.28900000000002,2.6116800000000007,3,0,True,7.39
CHEMBL6008802,CCc1ccn(Cc2ccccc2C)c(=O)c1,7.35,Ki,44.3,CHEMBL3994,S. aureus,FabI,CCc1ccn(Cc2ccccc2C)c(=O)c1,O=c1ccccn1Cc1ccccc1,227.307,2.7674200000000013,1,0,True,7.35
CHEMBL566647,Cc1c(CN(C)C(=O)/C=C/c2cnc3c(c2)CC2(CCNCC2)C(=O)N3)sc2ccccc12,7.32,IC50,48.0,CHEMBL3994,S. aureus,FabI,Cc1c(CN(C)C(=O)/C=C/c2cnc3c(c2)CC2(CCNCC2)C(=O)N3)sc2ccccc12,O=C(C=Cc1cnc2c(c1)CC1(CCNCC1)C(=O)N2)NCc1cc2ccccc2s1,460.6030000000002,4.140920000000002,5,2,True,7.32
CHEMBL2178282,CCc1ccc(Oc2ccc(C(=O)CCCO)cc2)c(O)c1,7.32,IC50,48.0,CHEMBL3994,S. aureus,FabI,CCc1ccc(Oc2ccc(C(=O)CCCO)cc2)c(O)c1,c1ccc(Oc2ccccc2)cc1,300.354,3.7021000000000024,4,2,True,7.32
CHEMBL586043,Cc1c(CN(C)C(=O)/C=C/c2cnc3c(c2)CC2(CCNCC2)C(=O)N3)oc2ccccc12,7.31,IC50,49.0,CHEMBL3994,S. aureus,FabI,Cc1c(CN(C)C(=O)/C=C/c2cnc3c(c2)CC2(CCNCC2)C(=O)N3)oc2ccccc12,O=C(C=Cc1cnc2c(c1)CC1(CCNCC1)C(=O)N2)NCc1cc2ccccc2o1,444.5350000000002,3.6724200000000016,5,2,True,7.31
CHEMBL42316,Cc1[nH]c2ccccc2c1CN(C)C(=O)/C=C/c1cnc2c(c1)CCC(=O)N2,7.3,IC50,50.0,CHEMBL3994,S. aureus,FabI,Cc1[nH]c2ccccc2c1CN(C)C(=O)/C=C/c1cnc2c(c1)CCC(=O)N2,O=C(C=Cc1cnc2c(c1)CCC(=O)N2)NCc1c[nH]c2ccccc12,374.44400000000013,3.4278200000000014,3,2,True,7.3
CHEMBL44183,CN(Cc1cc2ccccc2n1C)C(=O)/C=C/c1cnc2c(c1)CCC(=O)N2,7.3,IC50,50.0,CHEMBL3994,S. aureus,FabI,CN(Cc1cc2ccccc2n1C)C(=O)/C=C/c1cnc2c(c1)CCC(=O)N2,O=C(C=Cc1cnc2c(c1)CCC(=O)N2)NCc1cc2ccccc2[nH]1,374.44400000000013,3.1298000000000012,3,1,True,7.3
CHEMBL2178289,CCc1cc(O)c(Oc2cccnc2N)cc1F,7.25,IC50,56.0,CHEMBL3994,S. aureus,FabI,CCc1cc(O)c(Oc2cccnc2N)cc1F,c1ccc(Oc2cccnc2)cc1,248.25699999999998,2.8632,4,2,True,7.25
CHEMBL3322726,Cc1c(C2CN(C(=O)/C=C/c3cnc4c(c3)CN(CCN3CCOCC3)C(=O)N4)C2)oc2ccccc12,7.24,IC50,58.0,CHEMBL3994,S. aureus,FabI,Cc1c(C2CN(C(=O)/C=C/c3cnc4c(c3)CN(CCN3CCOCC3)C(=O)N4)C2)oc2ccccc12,O=C(C=Cc1cnc2c(c1)CN(CCN1CCOCC1)C(=O)N2)N1CC(c2cc3ccccc3o2)C1,501.5870000000004,3.4551200000000017,6,1,True,7.24
CHEMBL3676412,O=C1CCc2cc(/C=C/C(=O)N3CC(OCc4nccs4)C3)cnc2N1,7.24,IC50,57.0,CHEMBL3994,S. aureus,FabI,O=C1CCc2cc(/C=C/C(=O)N3CC(OCc4nccs4)C3)cnc2N1,O=C1CCc2cc(C=CC(=O)N3CC(OCc4nccs4)C3)cnc2N1,370.434,1.8636,6,1,True,7.24
CHEMBL297636,Cc1c(CN(C)C(=O)/C=C/c2cnc3c(c2)CCC(=O)N3)c2ccccc2n1C,7.22,IC50,60.0,CHEMBL3994,S. aureus,FabI,Cc1c(CN(C)C(=O)/C=C/c2cnc3c(c2)CCC(=O)N3)c2ccccc2n1C,O=C(C=Cc1cnc2c(c1)CCC(=O)N2)NCc1c[nH]c2ccccc12,388.47100000000006,3.438220000000002,3,1,True,7.22
CHEMBL3676417,COC(=O)C1Cc2cc(/C=C/C(=O)N3CCC(COc4ccc(F)cc4)CC3)cnc2NC1=O,7.22,IC50,60.0,CHEMBL3994,S. aureus,FabI,COC(=O)C1Cc2cc(/C=C/C(=O)N3CCC(COc4ccc(F)cc4)CC3)cnc2NC1=O,O=C1CCc2cc(C=CC(=O)N3CCC(COc4ccccc4)CC3)cnc2N1,467.4970000000002,2.835300000000001,6,1,True,7.22
CHEMBL849,Oc1cc(Cl)ccc1Oc1ccc(Cl)cc1Cl,7.16,IC50,70.0,CHEMBL3994,S. aureus,FabI,Oc1cc(Cl)ccc1Oc1ccc(Cl)cc1Cl,c1ccc(Oc2ccccc2)cc1,289.54499999999996,5.144700000000002,2,1,True,7.16
CHEMBL565827,CCCOc1c(CN(C)C(=O)/C=C/c2cnc3c(c2)CC2(CCNCC2)C(=O)N3)cccc1OC,7.15,IC50,71.0,CHEMBL3994,S. aureus,FabI,CCCOc1c(CN(C)C(=O)/C=C/c2cnc3c(c2)CC2(CCNCC2)C(=O)N3)cccc1OC,O=C(C=Cc1cnc2c(c1)CC1(CCNCC1)C(=O)N2)NCc1ccccc1,478.59300000000036,3.4152000000000013,6,2,True,7.15
CHEMBL6021680,CCc1ccn(Cc2ccccc2)c(=O)c1,7.15,Ki,70.4,CHEMBL3994,S. aureus,FabI,CCc1ccn(Cc2ccccc2)c(=O)c1,O=c1ccccn1Cc1ccccc1,213.28,2.4590000000000005,1,0,True,7.15
CHEMBL3676420,NC(=O)C1Cc2cc(/C=C/C(=O)N3CCC(COc4ccc(F)cc4)CC3)cnc2NC1=O,7.11,IC50,78.0,CHEMBL3994,S. aureus,FabI,NC(=O)C1Cc2cc(/C=C/C(=O)N3CCC(COc4ccc(F)cc4)CC3)cnc2NC1=O,O=C1CCc2cc(C=CC(=O)N3CCC(COc4ccccc4)CC3)cnc2N1,452.48600000000016,2.1475999999999997,5,2,True,7.11
CHEMBL3623427,Cc1ccc(Oc2cn(C)c(COc3ccccc3)cc2=O)c(C)c1,7.1,IC50,80.0,CHEMBL3994,S. aureus,FabI,Cc1ccc(Oc2cn(C)c(COc3ccccc3)cc2=O)c(C)c1,O=c1cc(COc2ccccc2)[nH]cc1Oc1ccccc1,335.4030000000001,4.373440000000003,3,0,True,7.1
CHEMBL2178285,CCc1cc(O)c(Oc2ccc(C(=O)NC)cc2F)cc1F,7.09,IC50,82.0,CHEMBL3994,S. aureus,FabI,CCc1cc(O)c(Oc2ccc(C(=O)NC)cc2F)cc1F,c1ccc(Oc2ccccc2)cc1,307.296,3.3847000000000014,3,2,True,7.09
CHEMBL3676418,O=C1Nc2ncc(/C=C/C(=O)N3CCC(COc4ccc(F)cc4)CC3)cc2CC1CO,7.09,IC50,81.0,CHEMBL3994,S. aureus,FabI,O=C1Nc2ncc(/C=C/C(=O)N3CCC(COc4ccc(F)cc4)CC3)cc2CC1CO,O=C1CCc2cc(C=CC(=O)N3CCC(COc4ccccc4)CC3)cnc2N1,439.4870000000002,2.6546000000000016,5,2,True,7.09
CHEMBL5517869,Cc1c(Br)cccc1N1C[C@@H](c2nc3ccccc3n2C)CC1=O,7.03,IC50,94.0,CHEMBL3994,S. aureus,FabI,Cc1c(Br)cccc1N1C[C@@H](c2nc3ccccc3n2C)CC1=O,O=C1CC(c2nc3ccccc3[nH]2)CN1c1ccccc1,384.27700000000016,4.164720000000003,2,0,True,7.03
CHEMBL149009,Oc1cc(F)ccc1Oc1ccccc1,7.03,Ki,92.6,CHEMBL3994,S. aureus,FabI,Oc1cc(F)ccc1Oc1ccccc1,c1ccc(Oc2ccccc2)cc1,204.20000000000002,3.3236000000000017,2,1,True,7.03
CHEMBL72232,O=C(c1ccc(O)cc1)N1CCc2c(n(Cc3ccc(O)cc3)c3ccccc23)C1,6.96,IC50,110.0,CHEMBL3994,S. aureus,FabI,O=C(c1ccc(O)cc1)N1CCc2c(n(Cc3ccc(O)cc3)c3ccccc23)C1,O=C(c1ccccc1)N1CCc2c(n(Cc3ccccc3)c3ccccc23)C1,398.46200000000005,4.299300000000003,3,2,True,6.96
CHEMBL3623422,Cc1cc(Cl)ccc1Oc1cn(C)c(COc2ccccc2)cc1=O,6.96,IC50,110.0,CHEMBL3994,S. aureus,FabI,Cc1cc(Cl)ccc1Oc1cn(C)c(COc2ccccc2)cc1=O,O=c1cc(COc2ccccc2)[nH]cc1Oc1ccccc1,355.821,4.7184200000000045,3,0,True,6.96
CHEMBL5764827,CCc1ccn(Cc2ccccc2C#N)c(=O)c1,6.96,Ki,110.0,CHEMBL3994,S. aureus,FabI,CCc1ccn(Cc2ccccc2C#N)c(=O)c1,O=c1ccccn1Cc1ccccc1,238.29,2.33068,2,0,True,6.96
CHEMBL2178300,CCc1ccc(Oc2ccc(C(C)=O)cc2F)c(O)c1,6.96,IC50,110.0,CHEMBL1857,E. coli,FabI,CCc1ccc(Oc2ccc(C(C)=O)cc2F)c(O)c1,c1ccc(Oc2ccccc2)cc1,274.29099999999994,4.088600000000002,3,1,True,6.96
CHEMBL3322728,Cc1c(C2CN(C(=O)/C=C/c3cnc4c(c3)CN(C)CC(=O)N4)C2)oc2ccccc12,6.95,IC50,112.0,CHEMBL3994,S. aureus,FabI,Cc1c(C2CN(C(=O)/C=C/c3cnc4c(c3)CN(C)CC(=O)N4)C2)oc2ccccc12,O=C1CNCc2cc(C=CC(=O)N3CC(c4cc5ccccc5o4)C3)cnc2N1,416.4810000000002,3.159320000000001,5,1,True,6.95
CHEMBL72900,Cc1ccc(C(=O)N2CCc3c(n(Cc4ccc(O)cc4)c4ccccc34)C2)c(O)c1,6.92,IC50,120.0,CHEMBL3994,S. aureus,FabI,Cc1ccc(C(=O)N2CCc3c(n(Cc4ccc(O)cc4)c4ccccc34)C2)c(O)c1,O=C(c1ccccc1)N1CCc2c(n(Cc3ccccc3)c3ccccc23)C1,412.48900000000015,4.607720000000004,3,2,True,6.92
CHEMBL3623417,Cn1cc(Oc2ccc(Cl)cc2Cl)c(=O)cc1COc1ccccc1,6.92,IC50,120.0,CHEMBL3994,S. aureus,FabI,Cn1cc(Oc2ccc(Cl)cc2Cl)c(=O)cc1COc1ccccc1,O=c1cc(COc2ccccc2)[nH]cc1Oc1ccccc1,376.2390000000001,5.063400000000003,3,0,True,6.92
CHEMBL3676403,O=C1CCc2cc(/C=C/C(=O)N3CCC(Oc4ccccc4)C3)cnc2N1,6.92,IC50,120.0,CHEMBL3994,S. aureus,FabI,O=C1CCc2cc(/C=C/C(=O)N3CCC(Oc4ccccc4)C3)cnc2N1,O=C1CCc2cc(C=CC(=O)N3CCC(Oc4ccccc4)C3)cnc2N1,363.41700000000003,2.6594000000000007,4,1,True,6.92
CHEMBL5742155,CCc1ccc(Oc2ccccc2)c(O)c1,6.92,Ki,121.0,CHEMBL3994,S. aureus,FabI,CCc1ccc(Oc2ccccc2)c(O)c1,c1ccc(Oc2ccccc2)cc1,214.264,3.746900000000002,2,1,True,6.92
CHEMBL2178315,Oc1cc(Br)ccc1Oc1cccc(F)n1,6.92,IC50,120.0,CHEMBL1857,E. coli,FabI,Oc1cc(Br)ccc1Oc1cccc(F)n1,c1ccc(Oc2ccccn2)cc1,284.084,3.4811000000000014,3,1,True,6.92
CHEMBL42208,CN(Cc1cn(C)c2ccccc12)C(=O)/C=C/c1cnc2c(c1)CCC(=O)N2,6.89,IC50,130.0,CHEMBL3994,S. aureus,FabI,CN(Cc1cn(C)c2ccccc12)C(=O)/C=C/c1cnc2c(c1)CCC(=O)N2,O=C(C=Cc1cnc2c(c1)CCC(=O)N2)NCc1c[nH]c2ccccc12,374.4440000000002,3.1298000000000012,3,1,True,6.89
CHEMBL571088,CN(Cc1cc2ccccc2n1C)C(=O)/C=C/c1cnc2c(c1)CC1(CCNCC1)C(=O)N2,6.88,IC50,132.0,CHEMBL3994,S. aureus,FabI,CN(Cc1cc2ccccc2n1C)C(=O)/C=C/c1cnc2c(c1)CC1(CCNCC1)C(=O)N2,O=C(C=Cc1cnc2c(c1)CC1(CCNCC1)C(=O)N2)NCc1cc2ccccc2[nH]1,443.5510000000003,3.1095000000000006,4,2,True,6.88
CHEMBL566443,CN(Cc1cc2ccccc2n1C)C(=O)/C=C/c1cnc2c(c1)NCCC(=O)N2,6.87,IC50,136.0,CHEMBL1857,E. coli,FabI,CN(Cc1cc2ccccc2n1C)C(=O)/C=C/c1cnc2c(c1)NCCC(=O)N2,O=C(C=Cc1cnc2c(c1)NCCC(=O)N2)NCc1cc2ccccc2[nH]1,389.4590000000001,2.9992,4,2,True,6.87
CHEMBL3322718,Cc1c(C2CN(C(=O)/C=C/c3cnc4c(c3)CCC(=O)N4)C2)oc2ccccc12,6.85,IC50,141.0,CHEMBL3994,S. aureus,FabI,Cc1c(C2CN(C(=O)/C=C/c3cnc4c(c3)CCC(=O)N4)C2)oc2ccccc12,O=C1CCc2cc(C=CC(=O)N3CC(c4cc5ccccc5o4)C3)cnc2N1,387.43900000000014,3.660120000000002,4,1,True,6.85
CHEMBL2178292,CCc1ccc(Oc2ccc(S(C)(=O)=O)cc2F)c(O)c1,6.85,IC50,140.0,CHEMBL1857,E. coli,FabI,CCc1ccc(Oc2ccc(S(C)(=O)=O)cc2F)c(O)c1,c1ccc(Oc2ccccc2)cc1,310.346,3.289500000000002,4,1,True,6.85
CHEMBL3623402,Cc1cc(Cl)ccc1Oc1coc(/C=C/c2ccc[nH]2)cc1=O,6.85,IC50,140.0,CHEMBL1857,E. coli,FabI,Cc1cc(Cl)ccc1Oc1coc(/C=C/c2ccc[nH]2)cc1=O,O=c1cc(C=Cc2ccc[nH]2)occ1Oc1ccccc1,327.76700000000005,4.892420000000004,3,1,True,6.85
CHEMBL3676404,Cc1nc(C2CC(C(=O)/C=C/c3cnc4c(c3)CCC(=O)N4)C2)no1,6.82,IC50,150.0,CHEMBL3994,S. aureus,FabI,Cc1nc(C2CC(C(=O)/C=C/c3cnc4c(c3)CCC(=O)N4)C2)no1,O=C1CCc2cc(C=CC(=O)C3CC(c4ncon4)C3)cnc2N1,338.3670000000001,2.43382,6,1,True,6.82
CHEMBL3687976,Cc1nc(C2CN(C(=O)/C=C/c3cnc4c(c3)CCC(=O)N4)C2)no1,6.82,IC50,150.0,CHEMBL3994,S. aureus,FabI,Cc1nc(C2CN(C(=O)/C=C/c3cnc4c(c3)CCC(=O)N4)C2)no1,O=C1CCc2cc(C=CC(=O)N3CC(c4ncon4)C3)cnc2N1,339.3550000000001,1.2969199999999999,6,1,True,6.82
CHEMBL2178295,CCc1ccc(Oc2ccc(S(=O)(=O)NCCc3ccccn3)cc2F)c(O)c1,6.82,IC50,150.0,CHEMBL1857,E. coli,FabI,CCc1ccc(Oc2ccc(S(=O)(=O)NCCc3ccccn3)cc2F)c(O)c1,O=S(=O)(NCCc1ccccn1)c1ccc(Oc2ccccc2)cc1,416.47400000000005,3.802000000000003,5,2,True,6.82
CHEMBL73580,O=C(c1ccc(O)c(Cl)c1)N1CCc2c(n(Cc3ccc(O)cc3)c3ccccc23)C1,6.8,IC50,160.0,CHEMBL3994,S. aureus,FabI,O=C(c1ccc(O)c(Cl)c1)N1CCc2c(n(Cc3ccc(O)cc3)c3ccccc23)C1,O=C(c1ccccc1)N1CCc2c(n(Cc3ccccc3)c3ccccc23)C1,432.90700000000015,4.952700000000003,3,2,True,6.8
CHEMBL309025,O=C(c1ccc(Cl)cc1O)N1CCc2c(n(Cc3ccc(O)cc3)c3ccccc23)C1,6.8,IC50,160.0,CHEMBL3994,S. aureus,FabI,O=C(c1ccc(Cl)cc1O)N1CCc2c(n(Cc3ccc(O)cc3)c3ccccc23)C1,O=C(c1ccccc1)N1CCc2c(n(Cc3ccccc3)c3ccccc23)C1,432.90700000000015,4.952700000000003,3,2,True,6.8
CHEMBL2178312,CCc1ccc(Oc2ccccc2N)c(O)c1,6.8,IC50,160.0,CHEMBL1857,E. coli,FabI,CCc1ccc(Oc2ccccc2N)c(O)c1,c1ccc(Oc2ccccc2)cc1,229.279,3.3291000000000013,3,2,True,6.8
CHEMBL3322724,CC(=O)Nc1ccc(/C=C/C(=O)N2CC(c3oc4ccccc4c3C)C2)cn1,6.79,IC50,161.0,CHEMBL3994,S. aureus,FabI,CC(=O)Nc1ccc(/C=C/C(=O)N2CC(c3oc4ccccc4c3C)C2)cn1,O=C(C=Cc1cccnc1)N1CC(c2cc3ccccc3o2)C1,375.4280000000001,3.7338200000000024,4,1,True,6.79
CHEMBL3676411,C=C(C)COC1CN(C(=O)/C=C/c2cnc3c(c2)CCC(=O)N3)C1,6.77,IC50,170.0,CHEMBL3994,S. aureus,FabI,C=C(C)COC1CN(C(=O)/C=C/c2cnc3c(c2)CCC(=O)N3)C1,O=C1CCc2cc(C=CC(=O)N3CCC3)cnc2N1,327.3840000000001,1.783,4,1,True,6.77
CHEMBL5517992,Cc1c(Br)cccc1N1CC(c2nc3ccccc3n2C)CC1=O,6.76,IC50,174.2,CHEMBL3994,S. aureus,FabI,Cc1c(Br)cccc1N1CC(c2nc3ccccc3n2C)CC1=O,O=C1CC(c2nc3ccccc3[nH]2)CN1c1ccccc1,384.27700000000016,4.164720000000003,2,0,True,6.76
CHEMBL73953,Cc1cc(C(=O)N2CCc3c(n(Cc4ccc(O)cc4)c4ccccc34)C2)ccc1O,6.75,IC50,180.0,CHEMBL3994,S. aureus,FabI,Cc1cc(C(=O)N2CCc3c(n(Cc4ccc(O)cc4)c4ccccc34)C2)ccc1O,O=C(c1ccccc1)N1CCc2c(n(Cc3ccccc3)c3ccccc23)C1,412.48900000000015,4.607720000000004,3,2,True,6.75
CHEMBL307960,O=C(c1ccc(Cl)cc1)N1CCc2c(n(Cc3ccc(O)cc3)c3ccccc23)C1,6.75,IC50,180.0,CHEMBL3994,S. aureus,FabI,O=C(c1ccc(Cl)cc1)N1CCc2c(n(Cc3ccc(O)cc3)c3ccccc23)C1,O=C(c1ccccc1)N1CCc2c(n(Cc3ccccc3)c3ccccc23)C1,416.90800000000013,5.247100000000005,2,1,True,6.75
CHEMBL2178288,CCc1cc(O)c(Oc2ccc(C(=O)O)cc2F)cc1F,6.75,IC50,180.0,CHEMBL3994,S. aureus,FabI,CCc1cc(O)c(Oc2ccc(C(=O)O)cc2F)cc1F,c1ccc(Oc2ccccc2)cc1,294.253,3.723300000000002,3,2,True,6.75
CHEMBL3322710,Cc1ccccc1OCC1CN(C(=O)/C=C/c2cnc3c(c2)CCC(=O)N3)C1,6.75,IC50,177.0,CHEMBL3994,S. aureus,FabI,Cc1ccccc1OCC1CN(C(=O)/C=C/c2cnc3c(c2)CCC(=O)N3)C1,O=C1CCc2cc(C=CC(=O)N3CC(COc4ccccc4)C3)cnc2N1,377.4440000000002,2.8253200000000005,4,1,True,6.75
CHEMBL5557878,COc1c(Br)cccc1N1CC(c2nc3ccccc3n2C)CC1=O,6.7,IC50,198.8,CHEMBL3994,S. aureus,FabI,COc1c(Br)cccc1N1CC(c2nc3ccccc3n2C)CC1=O,O=C1CC(c2nc3ccccc3[nH]2)CN1c1ccccc1,400.2760000000002,3.8649000000000022,3,0,True,6.7
CHEMBL3322720,Cc1c(C2CN(C(=O)/C=C/c3cnc4c(c3)CCC(=O)N4)C2)oc2ccc(Cl)cc12,6.69,IC50,204.0,CHEMBL3994,S. aureus,FabI,Cc1c(C2CN(C(=O)/C=C/c3cnc4c(c3)CCC(=O)N4)C2)oc2ccc(Cl)cc12,O=C1CCc2cc(C=CC(=O)N3CC(c4cc5ccccc5o4)C3)cnc2N1,421.8840000000002,4.313520000000003,4,1,True,6.69
CHEMBL3623432,Cn1cc(Oc2cccc(Cl)c2Cl)c(=O)cc1COc1ccccc1,6.66,IC50,220.0,CHEMBL3994,S. aureus,FabI,Cn1cc(Oc2cccc(Cl)c2Cl)c(=O)cc1COc1ccccc1,O=c1cc(COc2ccccc2)[nH]cc1Oc1ccccc1,376.2390000000001,5.063400000000003,3,0,True,6.66
CHEMBL5527839,Cn1c(C2CC(=O)N(c3cccc(F)c3F)C2)nc2ccccc21,6.64,IC50,226.6,CHEMBL3994,S. aureus,FabI,Cn1c(C2CC(=O)N(c3cccc(F)c3F)C2)nc2ccccc21,O=C1CC(c2nc3ccccc3[nH]2)CN1c1ccccc1,327.33400000000006,3.3720000000000017,2,0,True,6.64
CHEMBL5555931,Cn1c(C2CC(=O)N(c3cccc(Cl)c3Br)C2)nc2ccccc21,6.64,IC50,229.8,CHEMBL3994,S. aureus,FabI,Cn1c(C2CC(=O)N(c3cccc(Cl)c3Br)C2)nc2ccccc21,O=C1CC(c2nc3ccccc3[nH]2)CN1c1ccccc1,404.6950000000001,4.509700000000003,2,0,True,6.64
CHEMBL2178307,CCCc1ccc(Oc2ccc(OC)cc2)c(O)c1,6.64,IC50,230.0,CHEMBL1857,E. coli,FabI,CCCc1ccc(Oc2ccc(OC)cc2)c(O)c1,c1ccc(Oc2ccccc2)cc1,258.31699999999995,4.1456000000000035,3,1,True,6.64
CHEMBL70618,Cc1ccc(C(=O)N2CCc3c(n(Cc4ccc(O)cc4)c4ccccc34)C2)cc1,6.62,IC50,240.0,CHEMBL3994,S. aureus,FabI,Cc1ccc(C(=O)N2CCc3c(n(Cc4ccc(O)cc4)c4ccccc34)C2)cc1,O=C(c1ccccc1)N1CCc2c(n(Cc3ccccc3)c3ccccc23)C1,396.4900000000001,4.9021200000000045,2,1,True,6.62
CHEMBL3322721,Cc1cc(C2CN(C(=O)/C=C/c3cnc4c(c3)CCC(=O)N4)C2)nc2ccccc12,6.62,IC50,242.0,CHEMBL3994,S. aureus,FabI,Cc1cc(C2CN(C(=O)/C=C/c3cnc4c(c3)CCC(=O)N4)C2)nc2ccccc12,O=C1CCc2cc(C=CC(=O)N3CC(c4ccc5ccccc5n4)C3)cnc2N1,398.4660000000001,3.4621200000000014,4,1,True,6.62
CHEMBL3322722,O=C1CCc2cc(/C=C/C(=O)N3CC(c4ccccn4)C3)cnc2N1,6.62,IC50,242.0,CHEMBL3994,S. aureus,FabI,O=C1CCc2cc(/C=C/C(=O)N3CC(c4ccccn4)C3)cnc2N1,O=C1CCc2cc(C=CC(=O)N3CC(c4ccccn4)C3)cnc2N1,334.379,2.0005,4,1,True,6.62
CHEMBL2178294,CCCNS(=O)(=O)c1ccc(Oc2ccc(CC)cc2O)c(F)c1,6.62,IC50,240.0,CHEMBL1857,E. coli,FabI,CCCNS(=O)(=O)c1ccc(Oc2ccc(CC)cc2O)c(F)c1,c1ccc(Oc2ccccc2)cc1,353.415,3.574300000000002,4,2,True,6.62
CHEMBL72770,O=C(c1ccc(O)cc1)N1CCc2c(n(Cc3ccc(F)cc3)c3ccccc23)C1,6.6,IC50,250.0,CHEMBL3994,S. aureus,FabI,O=C(c1ccc(O)cc1)N1CCc2c(n(Cc3ccc(F)cc3)c3ccccc23)C1,O=C(c1ccccc1)N1CCc2c(n(Cc3ccccc3)c3ccccc23)C1,400.45300000000003,4.732800000000004,2,1,True,6.6
CHEMBL64645,Cc1ccc(Cn2cnc(-c3ccsc3)c2)cc1,6.6,IC50,250.0,CHEMBL3994,S. aureus,FabI,Cc1ccc(Cn2cnc(-c3ccsc3)c2)cc1,c1ccc(Cn2cnc(-c3ccsc3)c2)cc1,254.35800000000006,3.968320000000003,2,0,True,6.6
CHEMBL3676398,CC(C)(C)OC(=O)N1CCC(COc2ccc(F)cc2)CC1,6.6,IC50,250.0,CHEMBL3994,S. aureus,FabI,CC(C)(C)OC(=O)N1CCC(COc2ccc(F)cc2)CC1,c1ccc(OCC2CCNCC2)cc1,309.38100000000003,3.851600000000003,3,0,True,6.6
CHEMBL3322706,O=C1CCc2cc(/C=C/C(=O)N3CC(COc4ccccc4)C3)cnc2N1,6.58,IC50,265.0,CHEMBL3994,S. aureus,FabI,O=C1CCc2cc(/C=C/C(=O)N3CC(COc4ccccc4)C3)cnc2N1,O=C1CCc2cc(C=CC(=O)N3CC(COc4ccccc4)C3)cnc2N1,363.41700000000003,2.5169000000000006,4,1,True,6.58
CHEMBL3676416,CC(=O)Nc1ccc(/C=C/C(=O)N2CC(OCc3ccncc3)C2)cn1,6.58,IC50,260.0,CHEMBL3994,S. aureus,FabI,CC(=O)Nc1ccc(/C=C/C(=O)N2CC(OCc3ccncc3)C2)cn1,O=C(C=Cc1cccnc1)N1CC(OCc2ccncc2)C1,352.394,1.8758,5,1,True,6.58
CHEMBL3322729,Cc1c(C2CN(C(=O)/C=C/c3cnc4c(c3)CN(CCN3CCOCC3)CC(=O)N4)C2)oc2ccccc12,6.54,IC50,289.0,CHEMBL3994,S. aureus,FabI,Cc1c(C2CN(C(=O)/C=C/c3cnc4c(c3)CN(CCN3CCOCC3)CC(=O)N4)C2)oc2ccccc12,O=C1CN(CCN2CCOCC2)Cc2cc(C=CC(=O)N3CC(c4cc5ccccc5o4)C3)cnc2N1,515.6140000000004,2.861720000000001,7,1,True,6.54
CHEMBL296932,CC(=O)Nc1ccc(/C=C/C(=O)N(C)Cc2cc3ccccc3n2C)cn1,6.52,IC50,300.0,CHEMBL3994,S. aureus,FabI,CC(=O)Nc1ccc(/C=C/C(=O)N(C)Cc2cc3ccccc3n2C)cn1,O=C(C=Cc1cccnc1)NCc1cc2ccccc2[nH]1,362.43300000000005,3.203500000000002,3,1,True,6.52
CHEMBL525803,CN1C(=O)[C@@H](c2cc(Cl)c(O)c(Cl)c2)NC(=O)[C@@H]2NC(=O)[C@@H](c3cc(Cl)c(O)c(Cl)c3)NC(=O)[C@H](NC(=O)C(=O)c3cc(Cl)c(O)c(Cl)c3)Cc3c[nH]c4c(cccc34)-c3cc2cc(c3O)Oc2ccc(cc2)C[C@H]1C(=O)N[C@@H](C(=O)O)c1ccc(O)cc1,6.52,IC50,300.0,CHEMBL3994,S. aureus,FabI,CN1C(=O)[C@@H](c2cc(Cl)c(O)c(Cl)c2)NC(=O)[C@@H]2NC(=O)[C@@H](c3cc(Cl)c(O)c(Cl)c3)NC(=O)[C@H](NC(=O)C(=O)c3cc(Cl)c(O)c(Cl)c3)Cc3c[nH]c4c(cccc34)-c3cc2cc(c3O)Oc2ccc(cc2)C[C@H]1C(=O)N[C@@H](C(=O)O)c1ccc(O)cc1,O=C(NC1Cc2c[nH]c3c(cccc23)-c2cc3cc(c2)C(NC(=O)C(c2ccccc2)NC1=O)C(=O)NC(c1ccccc1)C(=O)NC(C(=O)NCc1ccccc1)Cc1ccc(cc1)O3)C(=O)c1ccccc1,1328.783,9.196900000000008,14,12,True,6.52
CHEMBL3322709,O=C1CCc2cc(/C=C/C(=O)N3CC(COc4ccc(F)cc4)C3)cnc2N1,6.5,IC50,316.0,CHEMBL3994,S. aureus,FabI,O=C1CCc2cc(/C=C/C(=O)N3CC(COc4ccc(F)cc4)C3)cnc2N1,O=C1CCc2cc(C=CC(=O)N3CC(COc4ccccc4)C3)cnc2N1,381.40700000000004,2.6560000000000006,4,1,True,6.5
CHEMBL3322730,Cc1c(C2CN(C(=O)/C=C/c3cnc4c(c3)NCCC(=O)N4)C2)oc2ccccc12,6.5,IC50,316.0,CHEMBL3994,S. aureus,FabI,Cc1c(C2CN(C(=O)/C=C/c3cnc4c(c3)NCCC(=O)N4)C2)oc2ccccc12,O=C1CCNc2cc(C=CC(=O)N3CC(c4cc5ccccc5o4)C3)cnc2N1,402.4540000000002,3.5295200000000015,5,2,True,6.5
CHEMBL308352,CS(=O)(=O)c1ccc(Cn2c3c(c4ccccc42)CCN(C(=O)c2ccc(O)cc2)C3)cc1,6.48,IC50,330.0,CHEMBL3994,S. aureus,FabI,CS(=O)(=O)c1ccc(Cn2c3c(c4ccccc42)CCN(C(=O)c2ccc(O)cc2)C3)cc1,O=C(c1ccccc1)N1CCc2c(n(Cc3ccccc3)c3ccccc23)C1,460.5550000000003,3.997200000000003,4,1,True,6.48
CHEMBL5532053,Cn1c(C2CC(=O)N(c3cccc(Br)c3Cl)C2)nc2ccccc21,6.48,IC50,331.4,CHEMBL3994,S. aureus,FabI,Cn1c(C2CC(=O)N(c3cccc(Br)c3Cl)C2)nc2ccccc21,O=C1CC(c2nc3ccccc3[nH]2)CN1c1ccccc1,404.6950000000001,4.509700000000003,2,0,True,6.48
CHEMBL567910,CN(Cc1cc2ccccc2n1C)C(=O)/C=C/c1cnc2c(c1)CNCC(=O)N2,6.48,IC50,330.0,CHEMBL1857,E. coli,FabI,CN(Cc1cc2ccccc2n1C)C(=O)/C=C/c1cnc2c(c1)CNCC(=O)N2,O=C(C=Cc1cnc2c(c1)CNCC(=O)N2)NCc1cc2ccccc2[nH]1,389.4590000000001,2.2867999999999995,4,2,True,6.48
CHEMBL3676407,O=C1CCc2cc(/C=C/C(=O)N3CCC(O)(c4ccccc4)CC3)cnc2N1,6.47,IC50,340.0,CHEMBL3994,S. aureus,FabI,O=C1CCc2cc(/C=C/C(=O)N3CCC(O)(c4ccccc4)CC3)cnc2N1,O=C1CCc2cc(C=CC(=O)N3CCC(c4ccccc4)CC3)cnc2N1,377.4440000000001,2.4897,4,2,True,6.47
CHEMBL5274978,Cc1cccc(Cl)c1Cc1c(Cl)n(Cc2cccc(Cl)c2)ccc1=O,6.47,IC50,340.0,CHEMBL3994,S. aureus,FabI,Cc1cccc(Cl)c1Cc1c(Cl)n(Cc2cccc(Cl)c2)ccc1=O,O=c1ccn(Cc2ccccc2)cc1Cc1ccccc1,392.713,5.756020000000005,1,0,True,6.47
CHEMBL5532124,CCn1c(C2CC(=O)N(c3cccc(Br)c3C)C2)nc2ccccc21,6.47,IC50,342.1,CHEMBL3994,S. aureus,FabI,CCn1c(C2CC(=O)N(c3cccc(Br)c3C)C2)nc2ccccc21,O=C1CC(c2nc3ccccc3[nH]2)CN1c1ccccc1,398.30400000000014,4.647620000000004,2,0,True,6.47
CHEMBL5276897,Cc1cccc(Cl)c1Cc1c(Cl)n(Cc2cccs2)ccc1=O,6.46,IC50,350.0,CHEMBL3994,S. aureus,FabI,Cc1cccc(Cl)c1Cc1c(Cl)n(Cc2cccs2)ccc1=O,O=c1ccn(Cc2cccs2)cc1Cc1ccccc1,364.297,5.164120000000004,2,0,True,6.46
CHEMBL65914,COc1ccc(-c2cn(Cc3ccc(C)cc3)cn2)cc1,6.44,IC50,360.0,CHEMBL3994,S. aureus,FabI,COc1ccc(-c2cn(Cc3ccc(C)cc3)cn2)cc1,c1ccc(Cn2cnc(-c3ccccc3)c2)cc1,278.355,3.915420000000003,2,0,True,6.44
CHEMBL302497,COc1ccc(C(=O)N2CCc3c(n(Cc4ccc(O)cc4)c4ccccc34)C2)cc1,6.43,IC50,370.0,CHEMBL3994,S. aureus,FabI,COc1ccc(C(=O)N2CCc3c(n(Cc4ccc(O)cc4)c4ccccc34)C2)cc1,O=C(c1ccccc1)N1CCc2c(n(Cc3ccccc3)c3ccccc23)C1,412.4890000000001,4.602300000000004,3,1,True,6.43
CHEMBL3322716,O=C1CCc2cc(/C=C/C(=O)N3CC(c4nc5ccccc5s4)C3)cnc2N1,6.43,IC50,373.0,CHEMBL3994,S. aureus,FabI,O=C1CCc2cc(/C=C/C(=O)N3CC(c4nc5ccccc5s4)C3)cnc2N1,O=C1CCc2cc(C=CC(=O)N3CC(c4nc5ccccc5s4)C3)cnc2N1,390.4680000000001,3.215200000000001,5,1,True,6.43
CHEMBL3322675,O=C1CCc2cc(/C=C/C(=O)N3CC(OCc4ccccc4)C3)cnc2N1,6.42,IC50,376.0,CHEMBL3994,S. aureus,FabI,O=C1CCc2cc(/C=C/C(=O)N3CC(OCc4ccccc4)C3)cnc2N1,O=C1CCc2cc(C=CC(=O)N3CC(OCc4ccccc4)C3)cnc2N1,363.41700000000003,2.4071,4,1,True,6.42
CHEMBL3322707,O=C1CCc2cc(/C=C/C(=O)N3CC(COc4ccccc4F)C3)cnc2N1,6.42,IC50,378.0,CHEMBL3994,S. aureus,FabI,O=C1CCc2cc(/C=C/C(=O)N3CC(COc4ccccc4F)C3)cnc2N1,O=C1CCc2cc(C=CC(=O)N3CC(COc4ccccc4)C3)cnc2N1,381.40700000000004,2.6560000000000006,4,1,True,6.42
CHEMBL3322727,Cc1c(C2CN(C(=O)/C=C/c3cnc4c(c3)CNCC(=O)N4)C2)oc2ccccc12,6.42,IC50,384.0,CHEMBL3994,S. aureus,FabI,Cc1c(C2CN(C(=O)/C=C/c3cnc4c(c3)CNCC(=O)N4)C2)oc2ccccc12,O=C1CNCc2cc(C=CC(=O)N3CC(c4cc5ccccc5o4)C3)cnc2N1,402.4540000000002,2.817120000000001,5,2,True,6.42
CHEMBL3623392,Cc1ccc(Oc2coc(COc3ccccc3)cc2=O)c(C)c1,6.42,IC50,380.0,CHEMBL3994,S. aureus,FabI,Cc1ccc(Oc2coc(COc3ccccc3)cc2=O)c(C)c1,O=c1cc(COc2ccccc2)occ1Oc1ccccc1,322.36000000000007,4.627940000000004,4,0,True,6.42
CHEMBL2178311,CCc1ccc(Oc2ccc(S(=O)(=O)CCC3OCCO3)cc2)c(O)c1,6.42,IC50,380.0,CHEMBL1857,E. coli,FabI,CCc1ccc(Oc2ccc(S(=O)(=O)CCC3OCCO3)cc2)c(O)c1,O=S(=O)(CCC1OCCO1)c1ccc(Oc2ccccc2)cc1,378.44600000000014,3.2836000000000025,6,1,True,6.42
CHEMBL3623421,Cc1cc(Cl)ccc1Oc1c[nH]c(COc2ccccc2)cc1=O,6.4,IC50,400.0,CHEMBL3994,S. aureus,FabI,Cc1cc(Cl)ccc1Oc1c[nH]c(COc2ccccc2)cc1=O,O=c1cc(COc2ccccc2)[nH]cc1Oc1ccccc1,341.79400000000004,4.708020000000004,3,1,True,6.4
CHEMBL71861,O=C(c1ccc(O)cc1)N1CCc2c(n(Cc3cccc(O)c3)c3ccccc23)C1,6.38,IC50,420.0,CHEMBL1857,E. coli,FabI,O=C(c1ccc(O)cc1)N1CCc2c(n(Cc3cccc(O)c3)c3ccccc23)C1,O=C(c1ccccc1)N1CCc2c(n(Cc3ccccc3)c3ccccc23)C1,398.46200000000005,4.299300000000002,3,2,True,6.38
CHEMBL5512489,Cc1c(Cl)cccc1N1CC(c2nc3ccccc3n2C)CC1=O,6.37,IC50,428.6,CHEMBL3994,S. aureus,FabI,Cc1c(Cl)cccc1N1CC(c2nc3ccccc3n2C)CC1=O,O=C1CC(c2nc3ccccc3[nH]2)CN1c1ccccc1,339.82600000000014,4.055620000000003,2,0,True,6.37
CHEMBL5268765,O=c1ccn(Cc2cccc(Br)c2)cc1C(O)c1c(Cl)cccc1Cl,6.37,IC50,430.0,CHEMBL1857,E. coli,FabI,O=c1ccn(Cc2cccc(Br)c2)cc1C(O)c1c(Cl)cccc1Cl,O=c1ccn(Cc2ccccc2)cc1Cc1ccccc1,439.1360000000002,5.047600000000004,2,1,True,6.37
CHEMBL3322708,O=C1CCc2cc(/C=C/C(=O)N3CC(COc4cccc(F)c4)C3)cnc2N1,6.36,IC50,438.0,CHEMBL3994,S. aureus,FabI,O=C1CCc2cc(/C=C/C(=O)N3CC(COc4cccc(F)c4)C3)cnc2N1,O=C1CCc2cc(C=CC(=O)N3CC(COc4ccccc4)C3)cnc2N1,381.40700000000004,2.6560000000000006,4,1,True,6.36
CHEMBL3623391,Cc1cc(Cl)ccc1Oc1coc(COc2ccccc2)cc1=O,6.35,IC50,450.0,CHEMBL3994,S. aureus,FabI,Cc1cc(Cl)ccc1Oc1coc(COc2ccccc2)cc1=O,O=c1cc(COc2ccccc2)occ1Oc1ccccc1,342.778,4.972920000000004,4,0,True,6.35
CHEMBL3623423,Cc1cc(Cl)ccc1Oc1cn(C2CC2)c(COc2ccccc2)cc1=O,6.33,IC50,470.0,CHEMBL3994,S. aureus,FabI,Cc1cc(Cl)ccc1Oc1cn(C2CC2)c(COc2ccccc2)cc1=O,O=c1cc(COc2ccccc2)n(C2CC2)cc1Oc1ccccc1,381.8590000000001,5.516320000000004,3,0,True,6.33
CHEMBL2178320,Oc1cc(CC(F)(F)F)ccc1Oc1cccc(F)n1,6.33,IC50,470.0,CHEMBL1857,E. coli,FabI,Oc1cc(CC(F)(F)F)ccc1Oc1cccc(F)n1,c1ccc(Oc2ccccn2)cc1,287.21200000000005,3.8234000000000012,3,1,True,6.33
CHEMBL3623418,O=c1cc(COc2ccccc2)n(C2CC2)cc1Oc1ccc(Cl)cc1Cl,6.32,IC50,480.0,CHEMBL3994,S. aureus,FabI,O=c1cc(COc2ccccc2)n(C2CC2)cc1Oc1ccc(Cl)cc1Cl,O=c1cc(COc2ccccc2)n(C2CC2)cc1Oc1ccccc1,402.27700000000016,5.8613000000000035,3,0,True,6.32
CHEMBL5517840,Cn1c(C2CC(=O)N(c3cccc(Br)c3F)C2)nc2ccccc21,6.32,IC50,482.3,CHEMBL3994,S. aureus,FabI,Cn1c(C2CC(=O)N(c3cccc(Br)c3F)C2)nc2ccccc21,O=C1CC(c2nc3ccccc3[nH]2)CN1c1ccccc1,388.2400000000001,3.9954000000000027,2,0,True,6.32
CHEMBL70636,O=C(c1ccccc1)N1CCc2c(n(Cc3ccc(O)cc3)c3ccccc23)C1,6.31,IC50,490.0,CHEMBL3994,S. aureus,FabI,O=C(c1ccccc1)N1CCc2c(n(Cc3ccc(O)cc3)c3ccccc23)C1,O=C(c1ccccc1)N1CCc2c(n(Cc3ccccc3)c3ccccc23)C1,382.4630000000001,4.593700000000004,2,1,True,6.31
CHEMBL3322723,O=C1CCc2cc(/C=C/C(=O)N3CC(c4ccccc4)C3)cnc2N1,6.31,IC50,488.0,CHEMBL3994,S. aureus,FabI,O=C1CCc2cc(/C=C/C(=O)N3CC(c4ccccc4)C3)cnc2N1,O=C1CCc2cc(C=CC(=O)N3CC(c4ccccc4)C3)cnc2N1,333.391,2.6055,3,1,True,6.31
CHEMBL148755,Cc1ccc(Oc2ccccc2)c(O)c1,6.31,Ki,494.0,CHEMBL3994,S. aureus,FabI,Cc1ccc(Oc2ccccc2)c(O)c1,c1ccc(Oc2ccccc2)cc1,200.23700000000002,3.4929200000000016,2,1,True,6.31
CHEMBL4204517,COc1ccccc1C1CCN(C(=O)Cc2ccccc2Cl)C1,6.3,IC50,500.0,CHEMBL3994,S. aureus,FabI,COc1ccccc1C1CCN(C(=O)Cc2ccccc2Cl)C1,O=C(Cc1ccccc1)N1CCC(c2ccccc2)C1,329.827,3.907200000000003,2,0,True,6.3
CHEMBL5268393,CN1C(=O)[C@@H](c2cc(Cl)c(O)c(Cl)c2)NC(=O)[C@@H]2NC(=O)[C@@H](c3cc(Cl)c(O)c(Cl)c3)NC(=O)[C@H](NC(=O)C(=O)c3cc(Cl)c(O)c(Cl)c3)Cc3cc4ccc(cc4[nH]3)-c3cc2cc(c3O)Oc2ccc(cc2)C[C@H]1C(=O)N[C@@H](C(=O)O)c1ccc(O)cc1,6.3,IC50,500.0,CHEMBL3994,S. aureus,FabI,CN1C(=O)[C@@H](c2cc(Cl)c(O)c(Cl)c2)NC(=O)[C@@H]2NC(=O)[C@@H](c3cc(Cl)c(O)c(Cl)c3)NC(=O)[C@H](NC(=O)C(=O)c3cc(Cl)c(O)c(Cl)c3)Cc3cc4ccc(cc4[nH]3)-c3cc2cc(c3O)Oc2ccc(cc2)C[C@H]1C(=O)N[C@@H](C(=O)O)c1ccc(O)cc1,O=C(NC1Cc2cc3ccc(cc3[nH]2)-c2cc3cc(c2)C(NC(=O)C(c2ccccc2)NC1=O)C(=O)NC(c1ccccc1)C(=O)NC(C(=O)NCc1ccccc1)Cc1ccc(cc1)O3)C(=O)c1ccccc1,1328.783,9.196900000000008,14,12,True,6.3
CHEMBL5556601,Cn1c(C2CC(=O)N(c3cccc(Cl)c3Cl)C2)nc2ccccc21,6.3,IC50,495.1,CHEMBL3994,S. aureus,FabI,Cn1c(C2CC(=O)N(c3cccc(Cl)c3Cl)C2)nc2ccccc21,O=C1CC(c2nc3ccccc3[nH]2)CN1c1ccccc1,360.24400000000014,4.400600000000003,2,0,True,6.3
CHEMBL72947,CCCCc1ccc(C(=O)N2CCc3c(n(Cc4ccc(O)cc4)c4ccccc34)C2)cc1,6.29,IC50,510.0,CHEMBL3994,S. aureus,FabI,CCCCc1ccc(C(=O)N2CCc3c(n(Cc4ccc(O)cc4)c4ccccc34)C2)cc1,O=C(c1ccccc1)N1CCc2c(n(Cc3ccccc3)c3ccccc23)C1,438.5710000000001,5.936300000000006,2,1,True,6.29
CHEMBL3676419,COC(=O)c1cc2cc(/C=C/C(=O)N3CCC(COc4ccc(F)cc4)CC3)cnc2[nH]c1=O,6.26,IC50,550.0,CHEMBL3994,S. aureus,FabI,COC(=O)c1cc2cc(/C=C/C(=O)N3CCC(COc4ccc(F)cc4)CC3)cnc2[nH]c1=O,O=C(C=Cc1cnc2[nH]c(=O)ccc2c1)N1CCC(COc2ccccc2)CC1,465.48100000000017,3.1796000000000006,6,1,True,6.26
CHEMBL2178327,Oc1cc(Cl)ccc1Oc1cccc(F)n1,6.26,IC50,550.0,CHEMBL1857,E. coli,FabI,Oc1cc(Cl)ccc1Oc1cccc(F)n1,c1ccc(Oc2ccccn2)cc1,239.63299999999998,3.3720000000000008,3,1,True,6.26
CHEMBL5556320,Cn1c(C2CC(=O)N(c3cccc(Cl)c3F)C2)nc2ccccc21,6.24,IC50,578.5,CHEMBL3994,S. aureus,FabI,Cn1c(C2CC(=O)N(c3cccc(Cl)c3F)C2)nc2ccccc21,O=C1CC(c2nc3ccccc3[nH]2)CN1c1ccccc1,343.78900000000004,3.886300000000003,2,0,True,6.24
CHEMBL2178319,CC(C)Cc1ccc(Oc2cccc(F)n2)c(O)c1,6.24,IC50,570.0,CHEMBL1857,E. coli,FabI,CC(C)Cc1ccc(Oc2cccc(F)n2)c(O)c1,c1ccc(Oc2ccccn2)cc1,261.296,3.9171000000000022,3,1,True,6.24
CHEMBL2178317,CCc1ccc(Oc2cccc(F)n2)c(O)c1,6.23,IC50,590.0,CHEMBL1857,E. coli,FabI,CCc1ccc(Oc2cccc(F)n2)c(O)c1,c1ccc(Oc2ccccn2)cc1,233.242,3.2810000000000015,3,1,True,6.23
CHEMBL524665,CN1C(=O)[C@@H](c2cc(Cl)c(O)c(Cl)c2)NC(=O)[C@@H]2NC(=O)[C@@H](c3cc(Cl)c(O)c(Cl)c3)NC(=O)[C@H](NC(=O)C(=O)c3cc(Cl)c(O)c(Cl)c3)CC3C(=O)Nc4cc(ccc43)-c3cc2cc(c3O)Oc2ccc(cc2)C[C@H]1C(=O)N[C@@H](C(=O)O)c1ccc(O)cc1,6.22,IC50,600.0,CHEMBL3994,S. aureus,FabI,CN1C(=O)[C@@H](c2cc(Cl)c(O)c(Cl)c2)NC(=O)[C@@H]2NC(=O)[C@@H](c3cc(Cl)c(O)c(Cl)c3)NC(=O)[C@H](NC(=O)C(=O)c3cc(Cl)c(O)c(Cl)c3)CC3C(=O)Nc4cc(ccc43)-c3cc2cc(c3O)Oc2ccc(cc2)C[C@H]1C(=O)N[C@@H](C(=O)O)c1ccc(O)cc1,O=C(NC1CC2C(=O)Nc3cc(ccc32)-c2cc3cc(c2)C(NC(=O)C(c2ccccc2)NC1=O)C(=O)NC(c1ccccc1)C(=O)NC(C(=O)NCc1ccccc1)Cc1ccc(cc1)O3)C(=O)c1ccccc1,1344.782,8.59890000000001,15,12,True,6.22
CHEMBL3623424,CCCCn1cc(Oc2ccc(Cl)cc2C)c(=O)cc1COc1ccccc1,6.2,IC50,630.0,CHEMBL3994,S. aureus,FabI,CCCCn1cc(Oc2ccc(Cl)cc2C)c(=O)cc1COc1ccccc1,O=c1cc(COc2ccccc2)[nH]cc1Oc1ccccc1,397.90200000000016,5.981520000000006,3,0,True,6.2
CHEMBL5556257,Cc1c(N2CC(c3nc4ccccc4n3C)CC2=O)cccc1C(F)(F)F,6.2,IC50,632.2,CHEMBL3994,S. aureus,FabI,Cc1c(N2CC(c3nc4ccccc4n3C)CC2=O)cccc1C(F)(F)F,O=C1CC(c2nc3ccccc3[nH]2)CN1c1ccccc1,373.37800000000004,4.421020000000004,2,0,True,6.2
CHEMBL3623425,Cc1cc(Cl)ccc1Oc1cn(Cc2ccccc2)c(COc2ccccc2)cc1=O,6.19,IC50,650.0,CHEMBL3994,S. aureus,FabI,Cc1cc(Cl)ccc1Oc1cn(Cc2ccccc2)c(COc2ccccc2)cc1=O,O=c1cc(COc2ccccc2)n(Cc2ccccc2)cc1Oc1ccccc1,431.9190000000002,6.229720000000006,3,0,True,6.19
CHEMBL5523412,Cc1c(O)cccc1N1CC(c2nc3ccccc3n2C)CC1=O,6.19,IC50,649.5,CHEMBL3994,S. aureus,FabI,Cc1c(O)cccc1N1CC(c2nc3ccccc3n2C)CC1=O,O=C1CC(c2nc3ccccc3[nH]2)CN1c1ccccc1,321.3800000000001,3.107820000000001,3,1,True,6.19
CHEMBL3621751,Cn1cc(Oc2cccc([N+](=O)[O-])c2Cl)c(=O)cc1COc1ccccc1,6.18,IC50,660.0,CHEMBL3994,S. aureus,FabI,Cn1cc(Oc2cccc([N+](=O)[O-])c2Cl)c(=O)cc1COc1ccccc1,O=c1cc(COc2ccccc2)[nH]cc1Oc1ccccc1,386.7910000000001,4.318200000000003,5,0,True,6.18
CHEMBL421119,Nc1ccc(Cn2c3c(c4ccccc42)CCN(C(=O)c2ccc(O)cc2)C3)cc1,6.17,IC50,670.0,CHEMBL3994,S. aureus,FabI,Nc1ccc(Cn2c3c(c4ccccc42)CCN(C(=O)c2ccc(O)cc2)C3)cc1,O=C(c1ccccc1)N1CCc2c(n(Cc3ccccc3)c3ccccc23)C1,397.4780000000001,4.175900000000003,3,2,True,6.17
CHEMBL3623390,O=c1cc(COc2ccccc2)occ1Oc1ccc(Cl)cc1Cl,6.17,IC50,680.0,CHEMBL3994,S. aureus,FabI,O=c1cc(COc2ccccc2)occ1Oc1ccc(Cl)cc1Cl,O=c1cc(COc2ccccc2)occ1Oc1ccccc1,363.196,5.3179000000000025,4,0,True,6.17
CHEMBL259629,O=c1[nH]c(OCc2ccccc2)ccc1Cc1ccccc1,6.16,IC50,700.0,CHEMBL1075044,B. subtilis,FabI,O=c1[nH]c(OCc2ccccc2)ccc1Cc1ccccc1,O=c1[nH]c(OCc2ccccc2)ccc1Cc1ccccc1,291.35,3.5447000000000024,2,1,True,6.16
CHEMBL3322717,Cc1c(C2CN(C(=O)/C=C/c3cnc4c(c3)CCC(=O)N4)C2)sc2ccccc12,6.15,IC50,709.0,CHEMBL3994,S. aureus,FabI,Cc1c(C2CN(C(=O)/C=C/c3cnc4c(c3)CCC(=O)N4)C2)sc2ccccc12,O=C1CCc2cc(C=CC(=O)N3CC(c4cc5ccccc5s4)C3)cnc2N1,403.5070000000001,4.128620000000003,4,1,True,6.15
CHEMBL72286,O=C(c1ccccc1O)N1CCc2c(n(Cc3ccc(O)cc3)c3ccccc23)C1,6.14,IC50,720.0,CHEMBL3994,S. aureus,FabI,O=C(c1ccccc1O)N1CCc2c(n(Cc3ccc(O)cc3)c3ccccc23)C1,O=C(c1ccccc1)N1CCc2c(n(Cc3ccccc3)c3ccccc23)C1,398.46200000000005,4.299300000000003,3,2,True,6.14
CHEMBL3621748,Cn1cc(Oc2c(Cl)cccc2Cl)c(=O)cc1COc1ccccc1,6.14,IC50,720.0,CHEMBL3994,S. aureus,FabI,Cn1cc(Oc2c(Cl)cccc2Cl)c(=O)cc1COc1ccccc1,O=c1cc(COc2ccccc2)[nH]cc1Oc1ccccc1,376.23900000000015,5.063400000000003,3,0,True,6.14
CHEMBL5852601,CCc1ccc(Oc2ccccc2)c(=O)[nH]1,6.14,Ki,729.0,CHEMBL3994,S. aureus,FabI,CCc1ccc(Oc2ccccc2)c(=O)[nH]1,O=c1[nH]cccc1Oc1ccccc1,215.252,2.7296000000000005,2,1,True,6.14
CHEMBL5523536,CCCn1c(C2CC(=O)N(c3cccc(Br)c3C)C2)nc2ccccc21,6.13,IC50,744.6,CHEMBL3994,S. aureus,FabI,CCCn1c(C2CC(=O)N(c3cccc(Br)c3C)C2)nc2ccccc21,O=C1CC(c2nc3ccccc3[nH]2)CN1c1ccccc1,412.33100000000013,5.037720000000005,2,0,True,6.13
CHEMBL6054263,O=C1CCc2cc(/C=C/C(=O)N3CC4C=C(c5cccs5)CC4C3)cnc2N1,6.13,IC50,740.0,CHEMBL3994,S. aureus,FabI,O=C1CCc2cc(/C=C/C(=O)N3CC4C=C(c5cccs5)CC4C3)cnc2N1,O=C1CCc2cc(C=CC(=O)N3CC4C=C(c5cccs5)CC4C3)cnc2N1,391.4960000000001,3.6029000000000018,4,1,True,6.13
CHEMBL5848982,O=C1CCc2cc(/C=C/C(=O)N3CCC(c4ccccc4)CC3)cnc2N1,6.1,IC50,802.0,CHEMBL3994,S. aureus,FabI,O=C1CCc2cc(/C=C/C(=O)N3CCC(c4ccccc4)CC3)cnc2N1,O=C1CCc2cc(C=CC(=O)N3CCC(c4ccccc4)CC3)cnc2N1,361.44500000000005,3.3857000000000017,3,1,True,6.1
CHEMBL260770,Nc1ccc(Cn2ccc(OCc3ccccc3)cc2=O)c(Cl)c1,6.1,IC50,800.0,CHEMBL1075044,B. subtilis,FabI,Nc1ccc(Cn2ccc(OCc3ccccc3)cc2=O)c(Cl)c1,O=c1cc(OCc2ccccc2)ccn1Cc1ccccc1,340.81000000000006,3.7112000000000025,3,1,True,6.1
CHEMBL261638,O=c1cc(OCCCn2ccc3ccccc32)ccn1Cc1ccccc1Cl,6.1,IC50,800.0,CHEMBL1075044,B. subtilis,FabI,O=c1cc(OCCCn2ccc3ccccc32)ccn1Cc1ccccc1Cl,O=c1cc(OCCCn2ccc3ccccc32)ccn1Cc1ccccc1,392.8860000000002,4.973800000000004,2,0,True,6.1
CHEMBL5832860,COc1ccccc1C1=CCN(C(=O)/C=C/c2cnc3c(c2)CCC(=O)N3)CC1,6.09,IC50,821.0,CHEMBL3994,S. aureus,FabI,COc1ccccc1C1=CCN(C(=O)/C=C/c2cnc3c(c2)CCC(=O)N3)CC1,O=C1CCc2cc(C=CC(=O)N3CC=C(c4ccccc4)CC3)cnc2N1,389.4550000000002,3.304000000000001,4,1,True,6.09
CHEMBL2178310,CCc1ccc(Oc2ccc(S(C)(=O)=O)cc2)c(O)c1,6.09,IC50,810.0,CHEMBL1857,E. coli,FabI,CCc1ccc(Oc2ccc(S(C)(=O)=O)cc2)c(O)c1,c1ccc(Oc2ccccc2)cc1,292.356,3.150400000000002,4,1,True,6.09
CHEMBL3623431,O=c1cc(COc2ccccc2)[nH]cc1Oc1cccc(Cl)c1Cl,6.08,IC50,840.0,CHEMBL3994,S. aureus,FabI,O=c1cc(COc2ccccc2)[nH]cc1Oc1cccc(Cl)c1Cl,O=c1cc(COc2ccccc2)[nH]cc1Oc1ccccc1,362.2120000000001,5.053000000000002,3,1,True,6.08
CHEMBL5898884,O=C1CCc2cc(/C=C/C(=O)N3CCC(Cc4ccccc4)CC3)cnc2N1,6.08,IC50,825.0,CHEMBL3994,S. aureus,FabI,O=C1CCc2cc(/C=C/C(=O)N3CCC(Cc4ccccc4)CC3)cnc2N1,O=C1CCc2cc(C=CC(=O)N3CCC(Cc4ccccc4)CC3)cnc2N1,375.47200000000004,3.4608000000000017,3,1,True,6.08
CHEMBL5824433,O=C1CCc2cc(/C=C/C(=O)N3CC4C=C(c5ccccc5)CC4C3)cnc2N1,6.08,IC50,830.0,CHEMBL3994,S. aureus,FabI,O=C1CCc2cc(/C=C/C(=O)N3CC4C=C(c5ccccc5)CC4C3)cnc2N1,O=C1CCc2cc(C=CC(=O)N3CC4C=C(c5ccccc5)CC4C3)cnc2N1,385.4670000000001,3.541400000000002,3,1,True,6.08
CHEMBL566654,Cc1c(CN(C)C(=O)/C=C/c2cnc3c(c2)NCCC(=O)N3)[nH]c2ccccc12,6.08,IC50,840.0,CHEMBL1857,E. coli,FabI,Cc1c(CN(C)C(=O)/C=C/c2cnc3c(c2)NCCC(=O)N3)[nH]c2ccccc12,O=C(C=Cc1cnc2c(c1)NCCC(=O)N2)NCc1cc2ccccc2[nH]1,389.45900000000006,3.297220000000001,4,3,True,6.08
CHEMBL3322725,Cc1c(C2CN(C(=O)/C=C/c3ccc(NC(=O)Cn4ccnn4)nc3)C2)oc2ccccc12,6.07,IC50,843.0,CHEMBL3994,S. aureus,FabI,Cc1c(C2CN(C(=O)/C=C/c3ccc(NC(=O)Cn4ccnn4)nc3)C2)oc2ccccc12,O=C(Cn1ccnn1)Nc1ccc(C=CC(=O)N2CC(c3cc4ccccc4o3)C2)cn1,442.47900000000016,3.0056200000000013,6,1,True,6.07
CHEMBL5833777,Cc1ccn(Cc2ccccc2Cl)c(=O)c1,6.07,Ki,849.0,CHEMBL3994,S. aureus,FabI,Cc1ccn(Cc2ccccc2Cl)c(=O)c1,O=c1ccccn1Cc1ccccc1,233.698,2.8584200000000015,1,0,True,6.07
CHEMBL2178298,CCCNc1ccc(Oc2ccc(CC)cc2O)c(F)c1,6.07,IC50,850.0,CHEMBL1857,E. coli,FabI,CCCNc1ccc(Oc2ccc(CC)cc2O)c(F)c1,c1ccc(Oc2ccccc2)cc1,289.34999999999997,4.707900000000004,3,2,True,6.07
CHEMBL2178293,CCc1ccc(Oc2ccc(S(N)(=O)=O)cc2F)c(O)c1,6.07,IC50,860.0,CHEMBL1857,E. coli,FabI,CCc1ccc(Oc2ccc(S(N)(=O)=O)cc2F)c(O)c1,c1ccc(Oc2ccccc2)cc1,311.334,2.5334000000000003,4,2,True,6.07
CHEMBL2178321,Oc1cc(C(F)=C(F)F)ccc1Oc1cccc(F)n1,6.07,IC50,850.0,CHEMBL1857,E. coli,FabI,Oc1cc(C(F)=C(F)F)ccc1Oc1cccc(F)n1,c1ccc(Oc2ccccn2)cc1,285.196,4.2532000000000005,3,1,True,6.07
CHEMBL3676413,C/C(Cc1ncccn1)=N\OC1CN(C(=O)/C=C/c2cnc3c(c2)CCC(=O)N3)C1,6.06,IC50,870.0,CHEMBL3994,S. aureus,FabI,C/C(Cc1ncccn1)=N\OC1CN(C(=O)/C=C/c2cnc3c(c2)CCC(=O)N3)C1,O=C1CCc2cc(C=CC(=O)N3CC(ON=CCc4ncccn4)C3)cnc2N1,406.4460000000002,1.6154999999999997,7,1,True,6.06
CHEMBL510257,CC(=O)c1cc2c(=O)c3c(C(=O)O)c(O)c(O)cc3oc2c(C(C)=O)c1-c1coc2cc(O)c(O)c(C(=O)O)c2c1=O,6.05,IC50,900.0,CHEMBL3994,S. aureus,FabI,CC(=O)c1cc2c(=O)c3c(C(=O)O)c(O)c(O)cc3oc2c(C(C)=O)c1-c1coc2cc(O)c(O)c(C(=O)O)c2c1=O,O=c1c(-c2ccc3c(=O)c4ccccc4oc3c2)coc2ccccc12,576.4220000000004,3.343600000000002,12,6,True,6.05
CHEMBL44416,Cc1cc(/C=C/C(=O)N(C)Cc2cc3ccccc3n2C)cnc1N,6.04,IC50,910.0,CHEMBL3994,S. aureus,FabI,Cc1cc(/C=C/C(=O)N(C)Cc2cc3ccccc3n2C)cnc1N,O=C(C=Cc1cccnc1)NCc1cc2ccccc2[nH]1,334.42300000000006,3.135720000000001,3,1,True,6.04
CHEMBL3322712,Cc1ccc(OCC2CN(C(=O)/C=C/c3cnc4c(c3)CCC(=O)N4)C2)cc1,6.04,IC50,921.0,CHEMBL3994,S. aureus,FabI,Cc1ccc(OCC2CN(C(=O)/C=C/c3cnc4c(c3)CCC(=O)N4)C2)cc1,O=C1CCc2cc(C=CC(=O)N3CC(COc4ccccc4)C3)cnc2N1,377.4440000000002,2.8253200000000005,4,1,True,6.04
CHEMBL45433,CC(=O)Nc1ncc(/C=C/C(=O)N(C)Cc2cc3ccccc3n2C)cc1C,6.03,IC50,940.0,CHEMBL3994,S. aureus,FabI,CC(=O)Nc1ncc(/C=C/C(=O)N(C)Cc2cc3ccccc3n2C)cc1C,O=C(C=Cc1cccnc1)NCc1cc2ccccc2[nH]1,376.4600000000001,3.5119200000000026,3,1,True,6.03
CHEMBL3676409,O=C1CCc2cc(/C=C/C(=O)N3CCC(Oc4cccnc4)C3)cnc2N1,6.03,IC50,930.0,CHEMBL3994,S. aureus,FabI,O=C1CCc2cc(/C=C/C(=O)N3CCC(Oc4cccnc4)C3)cnc2N1,O=C1CCc2cc(C=CC(=O)N3CCC(Oc4cccnc4)C3)cnc2N1,364.40500000000003,2.0544,5,1,True,6.03
CHEMBL5808519,O=C1CCc2cc(/C=C/C(=O)N3CCC(c4cccc(O)c4)CC3)cnc2N1,6.03,IC50,927.0,CHEMBL3994,S. aureus,FabI,O=C1CCc2cc(/C=C/C(=O)N3CCC(c4cccc(O)c4)CC3)cnc2N1,O=C1CCc2cc(C=CC(=O)N3CCC(c4ccccc4)CC3)cnc2N1,377.4440000000001,3.0913000000000013,4,2,True,6.03
CHEMBL6026468,Cc1ccccc1N1C[C@H]2CN(C(=O)/C=C/c3cnc4c(c3)CCC(=O)N4)C[C@H]2C1,6.03,IC50,944.0,CHEMBL3994,S. aureus,FabI,Cc1ccccc1N1C[C@H]2CN(C(=O)/C=C/c3cnc4c(c3)CCC(=O)N4)C[C@H]2C1,O=C1CCc2cc(C=CC(=O)N3CC4CN(c5ccccc5)CC4C3)cnc2N1,402.4980000000003,2.882720000000001,4,1,True,6.03
CHEMBL1466536,Cc1cccc(N2CC(c3nc4ccccc4n3C)CC2=O)c1C,6.01,IC50,976.8,CHEMBL3994,S. aureus,FabI,Cc1cccc(N2CC(c3nc4ccccc4n3C)CC2=O)c1C,O=C1CC(c2nc3ccccc3[nH]2)CN1c1ccccc1,319.40800000000013,3.7106400000000015,2,0,True,6.01
CHEMBL5974316,O=C1CCc2cc(/C=C/C(=O)N3CC=C(c4ccco4)CC3)cnc2N1,6.01,IC50,973.0,CHEMBL3994,S. aureus,FabI,O=C1CCc2cc(/C=C/C(=O)N3CC=C(c4ccco4)CC3)cnc2N1,O=C1CCc2cc(C=CC(=O)N3CC=C(c4ccco4)CC3)cnc2N1,349.3900000000001,2.8884000000000007,4,1,True,6.01
CHEMBL2178318,CCCc1ccc(Oc2cccc(F)n2)c(O)c1,6.01,IC50,970.0,CHEMBL1857,E. coli,FabI,CCCc1ccc(Oc2cccc(F)n2)c(O)c1,c1ccc(Oc2ccccn2)cc1,247.26899999999998,3.671100000000002,3,1,True,6.01
CHEMBL73331,Nc1ccc(C(=O)N2CCc3c(n(Cc4ccc(O)cc4)c4ccccc34)C2)cc1,6.0,IC50,1000.0,CHEMBL3994,S. aureus,FabI,Nc1ccc(C(=O)N2CCc3c(n(Cc4ccc(O)cc4)c4ccccc34)C2)cc1,O=C(c1ccccc1)N1CCc2c(n(Cc3ccccc3)c3ccccc23)C1,397.4780000000001,4.175900000000003,3,2,True,6.0
CHEMBL72196,CN(Cc1cc2ccccc2n1Cc1ccc(O)cc1)C(=O)c1ccc(O)cc1,6.0,IC50,1000.0,CHEMBL3994,S. aureus,FabI,CN(Cc1cc2ccccc2n1Cc1ccc(O)cc1)C(=O)c1ccc(O)cc1,O=C(NCc1cc2ccccc2n1Cc1ccccc1)c1ccccc1,386.4510000000001,4.373000000000004,3,2,True,6.0
CHEMBL3623429,CCCCn1cc(Oc2ccc(C)cc2C)c(=O)cc1COc1ccccc1,6.0,IC50,1000.0,CHEMBL3994,S. aureus,FabI,CCCCn1cc(Oc2ccc(C)cc2C)c(=O)cc1COc1ccccc1,O=c1cc(COc2ccccc2)[nH]cc1Oc1ccccc1,377.4840000000001,5.636540000000005,3,0,True,6.0
CHEMBL3676399,CS(=O)(=O)OC1CN(C(c2ccccc2)c2ccccc2)C1,6.0,IC50,1000.0,CHEMBL3994,S. aureus,FabI,CS(=O)(=O)OC1CN(C(c2ccccc2)c2ccccc2)C1,c1ccc(C(c2ccccc2)N2CCC2)cc1,317.4100000000001,2.436400000000001,4,0,True,6.0
CHEMBL3322674,O=C1CCc2cc(/C=C/C(=O)N3CC(Oc4ccccc4)C3)cnc2N1,6.0,IC50,1000.0,CHEMBL3994,S. aureus,FabI,O=C1CCc2cc(/C=C/C(=O)N3CC(Oc4ccccc4)C3)cnc2N1,O=C1CCc2cc(C=CC(=O)N3CC(Oc4ccccc4)C3)cnc2N1,349.39000000000004,2.2693,4,1,True,6.0
CHEMBL5875554,N#Cc1ccccc1C1=CC2CN(C(=O)/C=C/c3cnc4c(c3)CCC(=O)N4)CC2C1,6.0,IC50,998.0,CHEMBL3994,S. aureus,FabI,N#Cc1ccccc1C1=CC2CN(C(=O)/C=C/c3cnc4c(c3)CCC(=O)N4)CC2C1,O=C1CCc2cc(C=CC(=O)N3CC4C=C(c5ccccc5)CC4C3)cnc2N1,410.4770000000002,3.4130800000000017,4,1,True,6.0
CHEMBL5955079,CC(=O)c1ccc(C2=CC3CN(C(=O)/C=C/c4cnc5c(c4)CCC(=O)N5)CC3C2)s1,6.0,IC50,1010.0,CHEMBL3994,S. aureus,FabI,CC(=O)c1ccc(C2=CC3CN(C(=O)/C=C/c4cnc5c(c4)CCC(=O)N5)CC3C2)s1,O=C1CCc2cc(C=CC(=O)N3CC4C=C(c5cccs5)CC4C3)cnc2N1,433.53300000000024,3.805500000000003,5,1,True,6.0
CHEMBL2178297,CCc1ccc(Oc2ccc(NCCCO)cc2F)c(O)c1,6.0,IC50,1000.0,CHEMBL1857,E. coli,FabI,CCc1ccc(Oc2ccc(NCCCO)cc2F)c(O)c1,c1ccc(Oc2ccccc2)cc1,305.349,3.6803000000000017,4,3,True,6.0
CHEMBL5918646,O=C1CCc2cc(/C=C/C(=O)N3CC4C=C(c5cccnc5Cl)CC4C3)cnc2N1,5.99,IC50,1020.0,CHEMBL3994,S. aureus,FabI,O=C1CCc2cc(/C=C/C(=O)N3CC4C=C(c5cccnc5Cl)CC4C3)cnc2N1,O=C1CCc2cc(C=CC(=O)N3CC4C=C(c5cccnc5)CC4C3)cnc2N1,420.9000000000001,3.589800000000002,4,1,True,5.99
CHEMBL5907172,COc1ccsc1C1=CC2CN(C(=O)/C=C/c3cnc4c(c3)CCC(=O)N4)CC2C1,5.99,IC50,1020.0,CHEMBL3994,S. aureus,FabI,COc1ccsc1C1=CC2CN(C(=O)/C=C/c3cnc4c(c3)CCC(=O)N4)CC2C1,O=C1CCc2cc(C=CC(=O)N3CC4C=C(c5cccs5)CC4C3)cnc2N1,421.5220000000003,3.611500000000002,5,1,True,5.99
CHEMBL5801710,O=C1CCc2cc(/C=C/C(=O)N3C[C@@H]4CN(c5ccccc5Cl)C[C@@H]4C3)cnc2N1,5.98,IC50,1040.0,CHEMBL3994,S. aureus,FabI,O=C1CCc2cc(/C=C/C(=O)N3C[C@@H]4CN(c5ccccc5Cl)C[C@@H]4C3)cnc2N1,O=C1CCc2cc(C=CC(=O)N3CC4CN(c5ccccc5)CC4C3)cnc2N1,422.91600000000005,3.2277000000000013,4,1,True,5.98
CHEMBL5527934,Cn1c(C2CC(=O)N(c3cccc4ccccc34)C2)nc2ccccc21,5.97,IC50,1080.1,CHEMBL3994,S. aureus,FabI,Cn1c(C2CC(=O)N(c3cccc4ccccc34)C2)nc2ccccc21,O=C1CC(c2nc3ccccc3[nH]2)CN1c1cccc2ccccc12,341.4140000000001,4.247000000000003,2,0,True,5.97
CHEMBL5880899,O=C1CCc2cc(/C=C/C(=O)N3CC4C=C(c5cccnc5)CC4C3)cnc2N1,5.97,IC50,1060.0,CHEMBL3994,S. aureus,FabI,O=C1CCc2cc(/C=C/C(=O)N3CC4C=C(c5cccnc5)CC4C3)cnc2N1,O=C1CCc2cc(C=CC(=O)N3CC4C=C(c5cccnc5)CC4C3)cnc2N1,386.4550000000001,2.936400000000001,4,1,True,5.97
CHEMBL5900854,Cc1nnc(C2=CC3CN(C(=O)/C=C/c4cnc5c(c4)CCC(=O)N5)CC3C2)s1,5.97,IC50,1070.0,CHEMBL3994,S. aureus,FabI,Cc1nnc(C2=CC3CN(C(=O)/C=C/c4cnc5c(c4)CCC(=O)N5)CC3C2)s1,O=C1CCc2cc(C=CC(=O)N3CC4C=C(c5nncs5)CC4C3)cnc2N1,407.4990000000002,2.701320000000001,6,1,True,5.97
CHEMBL5859270,CCC1=CC2CN(C(=O)/C=C/c3cnc4c(c3)CCC(=O)N4)CC2C1,5.97,IC50,1060.0,CHEMBL3994,S. aureus,FabI,CCC1=CC2CN(C(=O)/C=C/c3cnc4c(c3)CCC(=O)N4)CC2C1,O=C1CCc2cc(C=CC(=O)N3CC4C=CCC4C3)cnc2N1,337.4230000000001,2.794200000000001,3,1,True,5.97
CHEMBL4204415,CC(=O)Nc1ccc(/C=C/C(=O)N2CCC(c3ccc4c(c3)OCO4)C2)cn1,5.96,IC50,1100.0,CHEMBL3994,S. aureus,FabI,CC(=O)Nc1ccc(/C=C/C(=O)N2CCC(c3ccc4c(c3)OCO4)C2)cn1,O=C(C=Cc1cccnc1)N1CCC(c2ccc3c(c2)OCO3)C1,379.41600000000017,2.798000000000001,5,1,True,5.96
CHEMBL261348,O=c1cc(OCc2ccc3ccccc3c2)ccn1Cc1ccccc1Cl,5.96,IC50,1100.0,CHEMBL1075044,B. subtilis,FabI,O=c1cc(OCc2ccc3ccccc3c2)ccn1Cc1ccccc1Cl,O=c1cc(OCc2ccc3ccccc3c2)ccn1Cc1ccccc1,375.85500000000013,5.282200000000003,2,0,True,5.96
CHEMBL304015,COc1ccc(-c2cn(Cc3ccccc3)cn2)cc1,5.95,IC50,1130.0,CHEMBL3994,S. aureus,FabI,COc1ccc(-c2cn(Cc3ccccc3)cn2)cc1,c1ccc(Cn2cnc(-c3ccccc3)c2)cc1,264.32800000000003,3.607000000000002,2,0,True,5.95
CHEMBL5921400,O=C1CCc2cc(/C=C/C(=O)N3CC4C=C(c5ccncc5)CC4C3)cnc2N1,5.95,IC50,1130.0,CHEMBL3994,S. aureus,FabI,O=C1CCc2cc(/C=C/C(=O)N3CC4C=C(c5ccncc5)CC4C3)cnc2N1,O=C1CCc2cc(C=CC(=O)N3CC4C=C(c5ccncc5)CC4C3)cnc2N1,386.4550000000001,2.936400000000001,4,1,True,5.95
CHEMBL5965182,O=C1CCc2cc(/C=C/C(=O)N3C[C@@H]4CC(c5ccncc5)=C[C@@H]4C3)cnc2N1,5.95,IC50,1130.0,CHEMBL3994,S. aureus,FabI,O=C1CCc2cc(/C=C/C(=O)N3C[C@@H]4CC(c5ccncc5)=C[C@@H]4C3)cnc2N1,O=C1CCc2cc(C=CC(=O)N3CC4C=C(c5ccncc5)CC4C3)cnc2N1,386.45500000000004,2.936400000000001,4,1,True,5.95
CHEMBL3623426,Cc1ccc(Oc2c[nH]c(COc3ccccc3)cc2=O)c(C)c1,5.94,IC50,1140.0,CHEMBL3994,S. aureus,FabI,Cc1ccc(Oc2c[nH]c(COc3ccccc3)cc2=O)c(C)c1,O=c1cc(COc2ccccc2)[nH]cc1Oc1ccccc1,321.3760000000001,4.3630400000000025,3,1,True,5.94
CHEMBL5740576,O=C1CCc2cc(/C=C/C(=O)N3CC=C(c4ccccc4)CC3)cnc2N1,5.94,IC50,1140.0,CHEMBL3994,S. aureus,FabI,O=C1CCc2cc(/C=C/C(=O)N3CC=C(c4ccccc4)CC3)cnc2N1,O=C1CCc2cc(C=CC(=O)N3CC=C(c4ccccc4)CC3)cnc2N1,359.4290000000001,3.2954000000000017,3,1,True,5.94
CHEMBL6048702,O=C1CCc2cc(/C=C/C(=O)N3CCC(COc4ccc(F)cc4)CC3)cnc2N1,5.94,IC50,1140.0,CHEMBL3994,S. aureus,FabI,O=C1CCc2cc(/C=C/C(=O)N3CCC(COc4ccc(F)cc4)CC3)cnc2N1,O=C1CCc2cc(C=CC(=O)N3CCC(COc4ccccc4)CC3)cnc2N1,409.46100000000007,3.436200000000002,4,1,True,5.94
CHEMBL6013029,O=C1CCc2cc(/C=C/C(=O)N3C[C@@H]4CC(c5ccsc5)=C[C@@H]4C3)cnc2N1,5.94,IC50,1140.0,CHEMBL3994,S. aureus,FabI,O=C1CCc2cc(/C=C/C(=O)N3C[C@@H]4CC(c5ccsc5)=C[C@@H]4C3)cnc2N1,O=C1CCc2cc(C=CC(=O)N3CC4C=C(c5ccsc5)CC4C3)cnc2N1,391.49600000000004,3.6029000000000018,4,1,True,5.94
CHEMBL5512560,Cc1cccc(N2CC(c3nc4ccccc4n3C)CC2=O)c1Cl,5.93,IC50,1176.2,CHEMBL3994,S. aureus,FabI,Cc1cccc(N2CC(c3nc4ccccc4n3C)CC2=O)c1Cl,O=C1CC(c2nc3ccccc3[nH]2)CN1c1ccccc1,339.82600000000014,4.055620000000003,2,0,True,5.93
CHEMBL5964508,O=C1CCc2cc(/C=C/C(=O)N3CC4C=C(c5nccs5)CC4C3)cnc2N1,5.93,IC50,1170.0,CHEMBL3994,S. aureus,FabI,O=C1CCc2cc(/C=C/C(=O)N3CC4C=C(c5nccs5)CC4C3)cnc2N1,O=C1CCc2cc(C=CC(=O)N3CC4C=C(c5nccs5)CC4C3)cnc2N1,392.4840000000001,2.9979000000000013,5,1,True,5.93
CHEMBL5840988,O=C1CCc2cc(/C=C/C(=O)N3C[C@H]4CC(c5ccsc5)=C[C@H]4C3)cnc2N1,5.93,IC50,1170.0,CHEMBL3994,S. aureus,FabI,O=C1CCc2cc(/C=C/C(=O)N3C[C@H]4CC(c5ccsc5)=C[C@H]4C3)cnc2N1,O=C1CCc2cc(C=CC(=O)N3CC4C=C(c5ccsc5)CC4C3)cnc2N1,391.49600000000004,3.6029000000000018,4,1,True,5.93
CHEMBL294363,c1ccc(-c2ccc(Cn3cnc(-c4ccsc4)c3)cc2)cc1,5.93,IC50,1180.0,CHEMBL1857,E. coli,FabI,c1ccc(-c2ccc(Cn3cnc(-c4ccsc4)c3)cc2)cc1,c1ccc(-c2ccc(Cn3cnc(-c4ccsc4)c3)cc2)cc1,316.42900000000003,5.326900000000003,2,0,True,5.93
CHEMBL4209594,CC(=O)Nc1ccc(/C=C/C(=O)N2CCC(c3ccccc3)C2)cn1,5.92,IC50,1200.0,CHEMBL3994,S. aureus,FabI,CC(=O)Nc1ccc(/C=C/C(=O)N2CCC(c3ccccc3)C2)cn1,O=C(C=Cc1cccnc1)N1CCC(c2ccccc2)C1,335.40700000000004,3.069300000000002,3,1,True,5.92
CHEMBL6015805,COc1ccccc1N1C[C@H]2CN(C(=O)/C=C/c3cnc4c(c3)CCC(=O)N4)C[C@H]2C1,5.92,IC50,1190.0,CHEMBL3994,S. aureus,FabI,COc1ccccc1N1C[C@H]2CN(C(=O)/C=C/c3cnc4c(c3)CCC(=O)N4)C[C@H]2C1,O=C1CCc2cc(C=CC(=O)N3CC4CN(c5ccccc5)CC4C3)cnc2N1,418.49700000000024,2.5829000000000004,5,1,True,5.92
CHEMBL5968973,Cc1ccccc1C1=CC2CN(C(=O)/C=C/c3cnc4c(c3)CCC(=O)N4)CC2C1,5.92,IC50,1200.0,CHEMBL3994,S. aureus,FabI,Cc1ccccc1C1=CC2CN(C(=O)/C=C/c3cnc4c(c3)CCC(=O)N4)CC2C1,O=C1CCc2cc(C=CC(=O)N3CC4C=C(c5ccccc5)CC4C3)cnc2N1,399.49400000000026,3.849820000000002,3,1,True,5.92
CHEMBL2178296,CCc1ccc(Oc2ccc(S(=O)(=O)NCCO)cc2F)c(O)c1,5.92,IC50,1200.0,CHEMBL1857,E. coli,FabI,CCc1ccc(Oc2ccc(S(=O)(=O)NCCO)cc2F)c(O)c1,c1ccc(Oc2ccccc2)cc1,355.387,2.1566,5,3,True,5.92
CHEMBL66526,Cc1ccc(Cn2cnc(-c3cccs3)c2)cc1,5.91,IC50,1240.0,CHEMBL3994,S. aureus,FabI,Cc1ccc(Cn2cnc(-c3cccs3)c2)cc1,c1ccc(Cn2cnc(-c3cccs3)c2)cc1,254.35800000000006,3.968320000000003,2,0,True,5.91
CHEMBL6020252,Cn1nccc1C1=CC2CN(C(=O)/C=C/c3cnc4c(c3)CCC(=O)N4)CC2C1,5.91,IC50,1230.0,CHEMBL3994,S. aureus,FabI,Cn1nccc1C1=CC2CN(C(=O)/C=C/c3cnc4c(c3)CCC(=O)N4)CC2C1,O=C1CCc2cc(C=CC(=O)N3CC4C=C(c5ccn[nH]5)CC4C3)cnc2N1,389.45900000000023,2.2749000000000006,4,1,True,5.91
CHEMBL3623419,CCCCn1cc(Oc2ccc(Cl)cc2Cl)c(=O)cc1COc1ccccc1,5.9,IC50,1250.0,CHEMBL3994,S. aureus,FabI,CCCCn1cc(Oc2ccc(Cl)cc2Cl)c(=O)cc1COc1ccccc1,O=c1cc(COc2ccccc2)[nH]cc1Oc1ccccc1,418.3200000000002,6.326500000000005,3,0,True,5.9
CHEMBL3623393,O=c1cc(COc2ccccc2)occ1Oc1cccc(Cl)c1Cl,5.9,IC50,1250.0,CHEMBL3994,S. aureus,FabI,O=c1cc(COc2ccccc2)occ1Oc1cccc(Cl)c1Cl,O=c1cc(COc2ccccc2)occ1Oc1ccccc1,363.196,5.3179000000000025,4,0,True,5.9
CHEMBL6024265,O=C1CCc2cc(/C=C/C(=O)N3CCC(Cc4ccccn4)CC3)cnc2N1,5.9,IC50,1270.0,CHEMBL3994,S. aureus,FabI,O=C1CCc2cc(/C=C/C(=O)N3CCC(Cc4ccccn4)CC3)cnc2N1,O=C1CCc2cc(C=CC(=O)N3CCC(Cc4ccccn4)CC3)cnc2N1,376.46000000000004,2.8558000000000012,4,1,True,5.9
CHEMBL5755876,Cc1noc(C)c1C1=CC2CN(C(=O)/C=C/c3cnc4c(c3)CCC(=O)N4)CC2C1,5.9,IC50,1260.0,CHEMBL3994,S. aureus,FabI,Cc1noc(C)c1C1=CC2CN(C(=O)/C=C/c3cnc4c(c3)CCC(=O)N4)CC2C1,O=C1CCc2cc(C=CC(=O)N3CC4C=C(c5cnoc5)CC4C3)cnc2N1,404.47000000000025,3.1462400000000015,5,1,True,5.9
CHEMBL3676402,CC(C)(C)OC(=O)N1CCCC(COc2ccc(F)cc2)C1,5.89,IC50,1300.0,CHEMBL3994,S. aureus,FabI,CC(C)(C)OC(=O)N1CCCC(COc2ccc(F)cc2)C1,c1ccc(OCC2CCCNC2)cc1,309.38100000000003,3.851600000000003,3,0,True,5.89
CHEMBL3687975,O=C1CCc2cc(/C=C/C(=O)N3CCCC(COc4ccc(F)cc4)C3)cnc2N1,5.89,IC50,1300.0,CHEMBL3994,S. aureus,FabI,O=C1CCc2cc(/C=C/C(=O)N3CCCC(COc4ccc(F)cc4)C3)cnc2N1,O=C1CCc2cc(C=CC(=O)N3CCCC(COc4ccccc4)C3)cnc2N1,409.461,3.436200000000002,4,1,True,5.89
CHEMBL4214096,COc1ccccc1C1CCN(C(=O)/C=C/c2ccc(NC(C)=O)nc2)C1,5.89,Ki,1300.0,CHEMBL3994,S. aureus,FabI,COc1ccccc1C1CCN(C(=O)/C=C/c2ccc(NC(C)=O)nc2)C1,O=C(C=Cc1cccnc1)N1CCC(c2ccccc2)C1,365.4330000000001,3.0779000000000005,4,1,True,5.89
CHEMBL4217852,COc1ccc(C2CCN(C(=O)/C=C/c3ccc(NC(C)=O)nc3)C2)cc1,5.89,Ki,1300.0,CHEMBL3994,S. aureus,FabI,COc1ccc(C2CCN(C(=O)/C=C/c3ccc(NC(C)=O)nc3)C2)cc1,O=C(C=Cc1cccnc1)N1CCC(c2ccccc2)C1,365.4330000000001,3.0779000000000014,4,1,True,5.89
CHEMBL5906463,COc1ccncc1C1=CC2CN(C(=O)/C=C/c3cnc4c(c3)CCC(=O)N4)CC2C1,5.89,IC50,1290.0,CHEMBL3994,S. aureus,FabI,COc1ccncc1C1=CC2CN(C(=O)/C=C/c3cnc4c(c3)CCC(=O)N4)CC2C1,O=C1CCc2cc(C=CC(=O)N3CC4C=C(c5cccnc5)CC4C3)cnc2N1,416.4810000000003,2.945000000000001,5,1,True,5.89
CHEMBL304367,O=C(c1ccc(O)cc1)N1CCc2c(n(Cc3ccccc3)c3ccccc23)C1,5.89,IC50,1300.0,CHEMBL1857,E. coli,FabI,O=C(c1ccc(O)cc1)N1CCc2c(n(Cc3ccccc3)c3ccccc23)C1,O=C(c1ccccc1)N1CCc2c(n(Cc3ccccc3)c3ccccc23)C1,382.463,4.593700000000004,2,1,True,5.89
CHEMBL5935131,O=C1CCc2cc(/C=C/C(=O)N3CC=C(c4ccc5c(c4)OCO5)CC3)cnc2N1,5.88,IC50,1310.0,CHEMBL3994,S. aureus,FabI,O=C1CCc2cc(/C=C/C(=O)N3CC=C(c4ccc5c(c4)OCO5)CC3)cnc2N1,O=C1CCc2cc(C=CC(=O)N3CC=C(c4ccc5c(c4)OCO5)CC3)cnc2N1,403.43800000000016,3.0241000000000007,5,1,True,5.88
CHEMBL5759944,O=C1CCc2cc(/C=C/C(=O)N3CCC(Cc4cccs4)CC3)cnc2N1,5.88,IC50,1310.0,CHEMBL3994,S. aureus,FabI,O=C1CCc2cc(/C=C/C(=O)N3CCC(Cc4cccs4)CC3)cnc2N1,O=C1CCc2cc(C=CC(=O)N3CCC(Cc4cccs4)CC3)cnc2N1,381.50100000000003,3.522300000000002,4,1,True,5.88
CHEMBL5785572,COc1ccccc1C1CCN(C(=O)/C=C/c2cnc3c(c2)CCC(=O)N3)CC1,5.87,IC50,1350.0,CHEMBL3994,S. aureus,FabI,COc1ccccc1C1CCN(C(=O)/C=C/c2cnc3c(c2)CCC(=O)N3)CC1,O=C1CCc2cc(C=CC(=O)N3CCC(c4ccccc4)CC3)cnc2N1,391.47100000000023,3.394300000000001,4,1,True,5.87
CHEMBL5768692,O=C1CCc2cc(/C=C/C(=O)N3CC4C=C(c5ccsc5)CC4C3)cnc2N1,5.87,IC50,1350.0,CHEMBL3994,S. aureus,FabI,O=C1CCc2cc(/C=C/C(=O)N3CC4C=C(c5ccsc5)CC4C3)cnc2N1,O=C1CCc2cc(C=CC(=O)N3CC4C=C(c5ccsc5)CC4C3)cnc2N1,391.4960000000001,3.6029000000000018,4,1,True,5.87
CHEMBL6061668,O=C1CCc2cc(/C=C/C(=O)N3CC=C(c4ccoc4)CC3)cnc2N1,5.86,IC50,1370.0,CHEMBL3994,S. aureus,FabI,O=C1CCc2cc(/C=C/C(=O)N3CC=C(c4ccoc4)CC3)cnc2N1,O=C1CCc2cc(C=CC(=O)N3CC=C(c4ccoc4)CC3)cnc2N1,349.39000000000004,2.8884000000000007,4,1,True,5.86
CHEMBL3322713,O=C1CCc2cc(/C=C/C(=O)N3CC(COc4ccc5ccccc5c4)C3)cnc2N1,5.85,IC50,1410.0,CHEMBL3994,S. aureus,FabI,O=C1CCc2cc(/C=C/C(=O)N3CC(COc4ccc5ccccc5c4)C3)cnc2N1,O=C1CCc2cc(C=CC(=O)N3CC(COc4ccc5ccccc5c4)C3)cnc2N1,413.4770000000001,3.6701000000000015,4,1,True,5.85
CHEMBL3623420,O=c1cc(COc2ccccc2)n(Cc2ccccc2)cc1Oc1ccc(Cl)cc1Cl,5.85,IC50,1420.0,CHEMBL3994,S. aureus,FabI,O=c1cc(COc2ccccc2)n(Cc2ccccc2)cc1Oc1ccc(Cl)cc1Cl,O=c1cc(COc2ccccc2)n(Cc2ccccc2)cc1Oc1ccccc1,452.3370000000002,6.574700000000004,3,0,True,5.85
CHEMBL3623394,O=c1cc(COc2ccccc2)occ1Oc1c(Cl)cccc1Cl,5.85,IC50,1420.0,CHEMBL3994,S. aureus,FabI,O=c1cc(COc2ccccc2)occ1Oc1c(Cl)cccc1Cl,O=c1cc(COc2ccccc2)occ1Oc1ccccc1,363.196,5.317900000000003,4,0,True,5.85
CHEMBL6065010,CCOC(=O)C1=CC2CN(C(=O)/C=C/c3cnc4c(c3)CCC(=O)N4)CC2C1,5.85,IC50,1410.0,CHEMBL3994,S. aureus,FabI,CCOC(=O)C1=CC2CN(C(=O)/C=C/c3cnc4c(c3)CCC(=O)N4)CC2C1,O=C1CCc2cc(C=CC(=O)N3CC4C=CCC4C3)cnc2N1,381.4320000000002,1.9473,5,1,True,5.85
CHEMBL73311,O=C(c1ccc(O)cc1)N1CCc2c([nH]c3ccccc23)C1,5.85,IC50,1400.0,CHEMBL1857,E. coli,FabI,O=C(c1ccc(O)cc1)N1CCc2c([nH]c3ccccc23)C1,O=C(c1ccccc1)N1CCc2c([nH]c3ccccc23)C1,292.338,3.072000000000001,2,2,True,5.85
CHEMBL72122,Cn1c2c(c3ccccc31)CCN(C(=O)c1ccc(O)cc1)C2,5.85,IC50,1400.0,CHEMBL1857,E. coli,FabI,Cn1c2c(c3ccccc31)CCN(C(=O)c1ccc(O)cc1)C2,O=C(c1ccccc1)N1CCc2c([nH]c3ccccc23)C1,306.36499999999995,3.0824000000000016,2,1,True,5.85
CHEMBL6019363,O=C1CCc2cc(/C=C/C(=O)N3CCc4ccccc4C3)cnc2N1,5.84,IC50,1430.0,CHEMBL3994,S. aureus,FabI,O=C1CCc2cc(/C=C/C(=O)N3CCc4ccccc4C3)cnc2N1,O=C1CCc2cc(C=CC(=O)N3CCc4ccccc4C3)cnc2N1,333.391,2.5644,3,1,True,5.84
CHEMBL5766607,COc1ccccc1C1=CC2CN(C(=O)/C=C/c3cnc4c(c3)CCC(=O)N4)CC2C1,5.84,IC50,1440.0,CHEMBL3994,S. aureus,FabI,COc1ccccc1C1=CC2CN(C(=O)/C=C/c3cnc4c(c3)CCC(=O)N4)CC2C1,O=C1CCc2cc(C=CC(=O)N3CC4C=C(c5ccccc5)CC4C3)cnc2N1,415.4930000000002,3.5500000000000016,4,1,True,5.84
CHEMBL5825504,O=C1CCc2cc(/C=C/C(=O)N3C[C@@H]4CN(c5nccs5)C[C@@H]4C3)cnc2N1,5.84,IC50,1460.0,CHEMBL3994,S. aureus,FabI,O=C1CCc2cc(/C=C/C(=O)N3C[C@@H]4CN(c5nccs5)C[C@@H]4C3)cnc2N1,O=C1CCc2cc(C=CC(=O)N3CC4CN(c5nccs5)CC4C3)cnc2N1,395.48800000000006,2.0307999999999997,6,1,True,5.84
CHEMBL5871753,O=C1CCc2cc(/C=C/C(=O)N3CC4C=C(c5cn[nH]c5)CC4C3)cnc2N1,5.84,IC50,1430.0,CHEMBL3994,S. aureus,FabI,O=C1CCc2cc(/C=C/C(=O)N3CC4C=C(c5cn[nH]c5)CC4C3)cnc2N1,O=C1CCc2cc(C=CC(=O)N3CC4C=C(c5cn[nH]c5)CC4C3)cnc2N1,375.4320000000001,2.2645,4,2,True,5.84
CHEMBL5899142,Cc1cscc1C1=CC2CN(C(=O)/C=C/c3cnc4c(c3)CCC(=O)N4)CC2C1,5.84,IC50,1450.0,CHEMBL3994,S. aureus,FabI,Cc1cscc1C1=CC2CN(C(=O)/C=C/c3cnc4c(c3)CCC(=O)N4)CC2C1,O=C1CCc2cc(C=CC(=O)N3CC4C=C(c5ccsc5)CC4C3)cnc2N1,405.52300000000025,3.9113200000000026,4,1,True,5.84
CHEMBL5823525,O=C1CCc2cc(/C=C/C(=O)N3CC=C(c4ccccc4Cl)CC3)cnc2N1,5.83,IC50,1470.0,CHEMBL3994,S. aureus,FabI,O=C1CCc2cc(/C=C/C(=O)N3CC=C(c4ccccc4Cl)CC3)cnc2N1,O=C1CCc2cc(C=CC(=O)N3CC=C(c4ccccc4)CC3)cnc2N1,393.87400000000014,3.948800000000003,3,1,True,5.83
CHEMBL5986792,O=C1CCc2cc(/C=C/C(=O)N3CC4CC(n5nccn5)CC4C3)cnc2N1,5.83,IC50,1470.0,CHEMBL3994,S. aureus,FabI,O=C1CCc2cc(/C=C/C(=O)N3CC4CC(n5nccn5)CC4C3)cnc2N1,O=C1CCc2cc(C=CC(=O)N3CC4CC(n5nccn5)CC4C3)cnc2N1,378.4360000000001,1.6806999999999996,5,1,True,5.83
CHEMBL3621746,O=c1cc(COc2ccccc2)n(C2CC2)cc1Oc1cccc(Cl)c1Cl,5.82,IC50,1500.0,CHEMBL3994,S. aureus,FabI,O=c1cc(COc2ccccc2)n(C2CC2)cc1Oc1cccc(Cl)c1Cl,O=c1cc(COc2ccccc2)n(C2CC2)cc1Oc1ccccc1,402.27700000000016,5.8613000000000035,3,0,True,5.82
CHEMBL5556664,Cc1c(N2CC(c3nc4ccccc4n3C)CC2=O)cccc1[N+](=O)[O-],5.82,IC50,1516.4,CHEMBL3994,S. aureus,FabI,Cc1c(N2CC(c3nc4ccccc4n3C)CC2=O)cccc1[N+](=O)[O-],O=C1CC(c2nc3ccccc3[nH]2)CN1c1ccccc1,350.3780000000001,3.3104200000000024,4,0,True,5.82
CHEMBL6053853,CC1CN(C(=O)/C=C/c2cnc3c(c2)CCC(=O)N3)CC=C1c1ccccc1,5.82,IC50,1520.0,CHEMBL3994,S. aureus,FabI,CC1CN(C(=O)/C=C/c2cnc3c(c2)CCC(=O)N3)CC=C1c1ccccc1,O=C1CCc2cc(C=CC(=O)N3CC=C(c4ccccc4)CC3)cnc2N1,373.456,3.541400000000002,3,1,True,5.82
CHEMBL5953600,O=C1CCc2cc(/C=C/C(=O)N3CC4C=C(Cc5ccccc5)CC4C3)cnc2N1,5.82,IC50,1500.0,CHEMBL3994,S. aureus,FabI,O=C1CCc2cc(/C=C/C(=O)N3CC4C=C(Cc5ccccc5)CC4C3)cnc2N1,O=C1CCc2cc(C=CC(=O)N3CC4C=C(Cc5ccccc5)CC4C3)cnc2N1,399.4940000000001,3.626900000000002,3,1,True,5.82
CHEMBL6023625,N#Cc1ccc(C2=CC3CN(C(=O)/C=C/c4cnc5c(c4)CCC(=O)N5)CC3C2)s1,5.82,IC50,1510.0,CHEMBL3994,S. aureus,FabI,N#Cc1ccc(C2=CC3CN(C(=O)/C=C/c4cnc5c(c4)CCC(=O)N5)CC3C2)s1,O=C1CCc2cc(C=CC(=O)N3CC4C=C(c5cccs5)CC4C3)cnc2N1,416.5060000000002,3.4745800000000013,5,1,True,5.82
CHEMBL260368,O=c1cc(OCc2cccc3ccccc23)ccn1Cc1ccccc1Cl,5.82,IC50,1500.0,CHEMBL1075044,B. subtilis,FabI,O=c1cc(OCc2cccc3ccccc23)ccn1Cc1ccccc1Cl,O=c1cc(OCc2cccc3ccccc23)ccn1Cc1ccccc1,375.85500000000013,5.282200000000003,2,0,True,5.82
CHEMBL260087,O=c1cc(OCc2ccccc2)ccn1Cc1ccccc1Cl,5.82,IC50,1500.0,CHEMBL1075044,B. subtilis,FabI,O=c1cc(OCc2ccccc2)ccn1Cc1ccccc1Cl,O=c1cc(OCc2ccccc2)ccn1Cc1ccccc1,325.7950000000001,4.129000000000003,2,0,True,5.82
CHEMBL5956191,O=C1CCc2cc(/C=C/C(=O)N3CC4C=C(c5ccoc5)CC4C3)cnc2N1,5.81,IC50,1540.0,CHEMBL3994,S. aureus,FabI,O=C1CCc2cc(/C=C/C(=O)N3CC4C=C(c5ccoc5)CC4C3)cnc2N1,O=C1CCc2cc(C=CC(=O)N3CC4C=C(c5ccoc5)CC4C3)cnc2N1,375.4280000000001,3.134400000000001,4,1,True,5.81
CHEMBL6038443,Cn1cc(C2=CC3CN(C(=O)/C=C/c4cnc5c(c4)CCC(=O)N5)CC3C2)cn1,5.81,IC50,1540.0,CHEMBL3994,S. aureus,FabI,Cn1cc(C2=CC3CN(C(=O)/C=C/c4cnc5c(c4)CCC(=O)N5)CC3C2)cn1,O=C1CCc2cc(C=CC(=O)N3CC4C=C(c5cn[nH]c5)CC4C3)cnc2N1,389.45900000000023,2.2749000000000006,4,1,True,5.81
CHEMBL6063623,CC1=CC2CN(C(=O)/C=C/c3cnc4c(c3)CCC(=O)N4)CC2C1,5.81,IC50,1540.0,CHEMBL3994,S. aureus,FabI,CC1=CC2CN(C(=O)/C=C/c3cnc4c(c3)CCC(=O)N4)CC2C1,O=C1CCc2cc(C=CC(=O)N3CC4C=CCC4C3)cnc2N1,323.3960000000001,2.4041000000000006,3,1,True,5.81
CHEMBL5793802,Cc1csc(C2=CC3CN(C(=O)/C=C/c4cnc5c(c4)CCC(=O)N5)CC3C2)c1,5.81,IC50,1550.0,CHEMBL3994,S. aureus,FabI,Cc1csc(C2=CC3CN(C(=O)/C=C/c4cnc5c(c4)CCC(=O)N5)CC3C2)c1,O=C1CCc2cc(C=CC(=O)N3CC4C=C(c5cccs5)CC4C3)cnc2N1,405.5230000000002,3.9113200000000026,4,1,True,5.81
CHEMBL5925524,O=C1CCc2cc(/C=C/C(=O)N3CCC(CC4CCCS4)CC3)cnc2N1,5.8,IC50,1580.0,CHEMBL3994,S. aureus,FabI,O=C1CCc2cc(/C=C/C(=O)N3CCC(CC4CCCS4)CC3)cnc2N1,O=C1CCc2cc(C=CC(=O)N3CCC(CC4CCCS4)CC3)cnc2N1,385.5330000000001,3.503800000000002,4,1,True,5.8
CHEMBL5836482,Cc1ccc(C2=CC3CN(C(=O)/C=C/c4cnc5c(c4)CCC(=O)N5)CC3C2)o1,5.8,IC50,1590.0,CHEMBL3994,S. aureus,FabI,Cc1ccc(C2=CC3CN(C(=O)/C=C/c4cnc5c(c4)CCC(=O)N5)CC3C2)o1,O=C1CCc2cc(C=CC(=O)N3CC4C=C(c5ccco5)CC4C3)cnc2N1,389.4550000000002,3.442820000000001,4,1,True,5.8
CHEMBL261420,O=c1cc(OCCCn2nnc3ccccc32)ccn1Cc1ccccc1Cl,5.8,IC50,1600.0,CHEMBL1075044,B. subtilis,FabI,O=c1cc(OCCCn2nnc3ccccc32)ccn1Cc1ccccc1Cl,O=c1cc(OCCCn2nnc3ccccc32)ccn1Cc1ccccc1,394.8620000000002,3.7638000000000025,4,0,True,5.8
CHEMBL5928826,O=C1CCc2cc(/C=C/C(=O)N3CC4C=C(c5ccccc5F)CC4C3)cnc2N1,5.79,IC50,1610.0,CHEMBL3994,S. aureus,FabI,O=C1CCc2cc(/C=C/C(=O)N3CC4C=C(c5ccccc5F)CC4C3)cnc2N1,O=C1CCc2cc(C=CC(=O)N3CC4C=C(c5ccccc5)CC4C3)cnc2N1,403.4570000000001,3.680500000000002,3,1,True,5.79
CHEMBL5981486,O=C1CCc2cc(/C=C/C(=O)N3CC4C=C(c5ccco5)CC4C3)cnc2N1,5.78,IC50,1650.0,CHEMBL3994,S. aureus,FabI,O=C1CCc2cc(/C=C/C(=O)N3CC4C=C(c5ccco5)CC4C3)cnc2N1,O=C1CCc2cc(C=CC(=O)N3CC4C=C(c5ccco5)CC4C3)cnc2N1,375.4280000000001,3.134400000000001,4,1,True,5.78
CHEMBL4209685,COc1ccccc1C1CCN(C(=O)Cc2ccccc2F)C1,5.77,Ki,1700.0,CHEMBL3994,S. aureus,FabI,COc1ccccc1C1CCN(C(=O)Cc2ccccc2F)C1,O=C(Cc1ccccc1)N1CCC(c2ccccc2)C1,313.372,3.3929000000000027,2,0,True,5.77
CHEMBL4208104,CC(=O)Nc1ccc(/C=C/C(=O)N2CCC(c3nccs3)C2)cn1,5.77,Ki,1700.0,CHEMBL3994,S. aureus,FabI,CC(=O)Nc1ccc(/C=C/C(=O)N2CCC(c3nccs3)C2)cn1,O=C(C=Cc1cccnc1)N1CCC(c2nccs2)C1,342.42400000000004,2.5258000000000003,5,1,True,5.77
CHEMBL5556451,Cc1cccc(N2CC(c3nc4ccccc4n3C)CC2=O)c1Br,5.77,IC50,1690.7,CHEMBL3994,S. aureus,FabI,Cc1cccc(N2CC(c3nc4ccccc4n3C)CC2=O)c1Br,O=C1CC(c2nc3ccccc3[nH]2)CN1c1ccccc1,384.2770000000001,4.164720000000003,2,0,True,5.77
CHEMBL5523560,Cc1c(Br)cccc1N1CC(c2nc3ccccc3n2C(C)C)CC1=O,5.76,IC50,1727.3,CHEMBL3994,S. aureus,FabI,Cc1c(Br)cccc1N1CC(c2nc3ccccc3n2C(C)C)CC1=O,O=C1CC(c2nc3ccccc3[nH]2)CN1c1ccccc1,412.3310000000002,5.208620000000003,2,0,True,5.76
CHEMBL72725,O=C(c1ccc(Cl)cc1Cl)N1CCc2c(n(Cc3ccc(O)cc3)c3ccccc23)C1,5.75,IC50,1800.0,CHEMBL3994,S. aureus,FabI,O=C(c1ccc(Cl)cc1Cl)N1CCc2c(n(Cc3ccc(O)cc3)c3ccccc23)C1,O=C(c1ccccc1)N1CCc2c(n(Cc3ccccc3)c3ccccc23)C1,451.3530000000002,5.900500000000005,2,1,True,5.75
CHEMBL308525,O=C(c1cc(Cl)cc(Cl)c1O)N1CCc2c(n(Cc3ccc(O)cc3)c3ccccc23)C1,5.75,IC50,1800.0,CHEMBL3994,S. aureus,FabI,O=C(c1cc(Cl)cc(Cl)c1O)N1CCc2c(n(Cc3ccc(O)cc3)c3ccccc23)C1,O=C(c1ccccc1)N1CCc2c(n(Cc3ccccc3)c3ccccc23)C1,467.3520000000002,5.606100000000005,3,2,True,5.75
CHEMBL3952059,O=C(/C=C/c1cnc2c(c1)CCC(O)=N2)N1CCCC[C@H]1c1nc2ccccc2o1,5.75,IC50,1800.0,CHEMBL3994,S. aureus,FabI,O=C(/C=C/c1cnc2c(c1)CCC(O)=N2)N1CCCC[C@H]1c1nc2ccccc2o1,O=C(C=Cc1cnc2c(c1)CCC=N2)N1CCCCC1c1nc2ccccc2o1,402.4540000000001,4.524000000000004,5,1,True,5.75
CHEMBL3676415,Nc1ccc(/C=C/C(=O)N2CC(OCc3ccncc3)C2)cn1,5.75,IC50,1800.0,CHEMBL3994,S. aureus,FabI,Nc1ccc(/C=C/C(=O)N2CC(OCc3ccncc3)C2)cn1,O=C(C=Cc1cccnc1)N1CC(OCc2ccncc2)C1,310.357,1.4996,5,1,True,5.75
CHEMBL3676410,O=C1CCc2cc(/C=C/C(=O)N3CCCC[C@@H]3c3nc4ccccc4o3)cnc2N1,5.75,IC50,1800.0,CHEMBL3994,S. aureus,FabI,O=C1CCc2cc(/C=C/C(=O)N3CCCC[C@@H]3c3nc4ccccc4o3)cnc2N1,O=C1CCc2cc(C=CC(=O)N3CCCCC3c3nc4ccccc4o3)cnc2N1,402.454,3.874500000000002,5,1,True,5.75
CHEMBL4210008,O=C(Cc1c(F)cccc1Cl)N1CCC(c2ccc3c(c2)OCO3)C1,5.75,IC50,1800.0,CHEMBL3994,S. aureus,FabI,O=C(Cc1c(F)cccc1Cl)N1CCC(c2ccc3c(c2)OCO3)C1,O=C(Cc1ccccc1)N1CCC(c2ccc3c(c2)OCO3)C1,361.8000000000001,3.7664000000000026,3,0,True,5.75
CHEMBL5860971,O=C1CCc2cc(/C=C/C(=O)N3C[C@@H]4CN(c5cccs5)C[C@@H]4C3)cnc2N1,5.75,IC50,1770.0,CHEMBL3994,S. aureus,FabI,O=C1CCc2cc(/C=C/C(=O)N3C[C@@H]4CN(c5cccs5)C[C@@H]4C3)cnc2N1,O=C1CCc2cc(C=CC(=O)N3CC4CN(c5cccs5)CC4C3)cnc2N1,394.50000000000006,2.6358000000000006,5,1,True,5.75
CHEMBL6034965,O=C1CCc2cc(/C=C/C(=O)N3CC4C=C(c5ccccc5Cl)CC4C3)cnc2N1,5.75,IC50,1780.0,CHEMBL3994,S. aureus,FabI,O=C1CCc2cc(/C=C/C(=O)N3CC4C=C(c5ccccc5Cl)CC4C3)cnc2N1,O=C1CCc2cc(C=CC(=O)N3CC4C=C(c5ccccc5)CC4C3)cnc2N1,419.91200000000015,4.194800000000003,3,1,True,5.75
CHEMBL5866127,O=C1CCc2cc(/C=C/C(=O)N3CC4C=C(c5ccsc5Cl)CC4C3)cnc2N1,5.75,IC50,1780.0,CHEMBL3994,S. aureus,FabI,O=C1CCc2cc(/C=C/C(=O)N3CC4C=C(c5ccsc5Cl)CC4C3)cnc2N1,O=C1CCc2cc(C=CC(=O)N3CC4C=C(c5ccsc5)CC4C3)cnc2N1,425.94100000000014,4.256300000000004,4,1,True,5.75
CHEMBL259268,CC(=O)Nc1ccc(Cn2ccc(OCc3ccccc3)cc2=O)c(Cl)c1,5.75,IC50,1800.0,CHEMBL1075044,B. subtilis,FabI,CC(=O)Nc1ccc(Cn2ccc(OCc3ccccc3)cc2=O)c(Cl)c1,O=c1cc(OCc2ccccc2)ccn1Cc1ccccc1,382.8470000000001,4.087400000000002,3,1,True,5.75
CHEMBL3623416,O=c1cc(COc2ccccc2)[nH]cc1Oc1ccc(Cl)cc1Cl,5.74,IC50,1820.0,CHEMBL3994,S. aureus,FabI,O=c1cc(COc2ccccc2)[nH]cc1Oc1ccc(Cl)cc1Cl,O=c1cc(COc2ccccc2)[nH]cc1Oc1ccccc1,362.2120000000001,5.053000000000003,3,1,True,5.74
CHEMBL6055454,O=C1CCc2cc(/C=C/C(=O)N3CCC(Cc4coc5cc(F)ccc45)CC3)cnc2N1,5.74,IC50,1820.0,CHEMBL3994,S. aureus,FabI,O=C1CCc2cc(/C=C/C(=O)N3CCC(Cc4coc5cc(F)ccc45)CC3)cnc2N1,O=C1CCc2cc(C=CC(=O)N3CCC(Cc4coc5ccccc45)CC3)cnc2N1,433.4830000000001,4.346100000000003,4,1,True,5.74
CHEMBL5557328,Cn1c(C2CC(=O)N(c3cccc(Br)c3O)C2)nc2ccccc21,5.73,IC50,1879.5,CHEMBL3994,S. aureus,FabI,Cn1c(C2CC(=O)N(c3cccc(Br)c3O)C2)nc2ccccc21,O=C1CC(c2nc3ccccc3[nH]2)CN1c1ccccc1,386.24900000000014,3.5619000000000023,3,1,True,5.73
CHEMBL6024230,O=C1CCc2cc(/C=C/C(=O)N3CC=C(c4cccnc4)CC3)cnc2N1,5.73,IC50,1850.0,CHEMBL3994,S. aureus,FabI,O=C1CCc2cc(/C=C/C(=O)N3CC=C(c4cccnc4)CC3)cnc2N1,O=C1CCc2cc(C=CC(=O)N3CC=C(c4cccnc4)CC3)cnc2N1,360.4170000000001,2.6904000000000003,4,1,True,5.73
CHEMBL65913,COc1ccc(Cn2cnc(-c3ccsc3)c2)cc1,5.72,IC50,1900.0,CHEMBL3994,S. aureus,FabI,COc1ccc(Cn2cnc(-c3ccsc3)c2)cc1,c1ccc(Cn2cnc(-c3ccsc3)c2)cc1,270.357,3.6685000000000025,3,0,True,5.72
CHEMBL3623406,O=c1cc(/C=C/c2ccoc2)occ1Oc1ccc(Cl)cc1Cl,5.72,IC50,1890.0,CHEMBL3994,S. aureus,FabI,O=c1cc(/C=C/c2ccoc2)occ1Oc1ccc(Cl)cc1Cl,O=c1cc(C=Cc2ccoc2)occ1Oc1ccccc1,349.169,5.502300000000003,4,0,True,5.72
CHEMBL4204858,O=C(Cc1c(F)cccc1F)N1CCC(c2ccccc2)C1,5.72,IC50,1900.0,CHEMBL3994,S. aureus,FabI,O=C(Cc1c(F)cccc1F)N1CCC(c2ccccc2)C1,O=C(Cc1ccccc1)N1CCC(c2ccccc2)C1,301.336,3.5234000000000023,1,0,True,5.72
CHEMBL4210639,O=C(Cc1ccccc1F)N1CCC(c2ccccc2)C1,5.72,Ki,1900.0,CHEMBL3994,S. aureus,FabI,O=C(Cc1ccccc1F)N1CCC(c2ccccc2)C1,O=C(Cc1ccccc1)N1CCC(c2ccccc2)C1,283.346,3.3843000000000023,1,0,True,5.72
CHEMBL463175,CC1CC(=O)c2c(cc3c(-c4c(O)cc(O)c5c(O)c6c(cc45)OC(C)CC6=O)c(O)cc(O)c3c2O)O1,5.72,IC50,1900.0,CHEMBL3994,S. aureus,FabI,CC1CC(=O)c2c(cc3c(-c4c(O)cc(O)c5c(O)c6c(cc45)OC(C)CC6=O)c(O)cc(O)c3c2O)O1,O=C1CCOc2cc3c(-c4cccc5cc6c(cc45)OCCC6=O)cccc3cc21,518.4740000000003,4.601000000000006,10,6,True,5.72
CHEMBL5815933,O=C1CCc2cc(/C=C/C(=O)N3CCC(O)(c4ccc(Cl)cc4)CC3)cnc2N1,5.71,IC50,1940.0,CHEMBL3994,S. aureus,FabI,O=C1CCc2cc(/C=C/C(=O)N3CCC(O)(c4ccc(Cl)cc4)CC3)cnc2N1,O=C1CCc2cc(C=CC(=O)N3CCC(c4ccccc4)CC3)cnc2N1,411.8890000000001,3.1431000000000013,4,2,True,5.71
CHEMBL304771,COC(=O)c1ccc(C(=O)N2CCc3c(n(Cc4ccc(O)cc4)c4ccccc34)C2)cc1,5.7,IC50,2000.0,CHEMBL3994,S. aureus,FabI,COC(=O)c1ccc(C(=O)N2CCc3c(n(Cc4ccc(O)cc4)c4ccccc34)C2)cc1,O=C(c1ccccc1)N1CCc2c(n(Cc3ccccc3)c3ccccc23)C1,440.4990000000001,4.380300000000004,4,1,True,5.7
CHEMBL4218049,O=C(Cc1cccc(F)c1F)N1CCC(c2ccc3c(c2)OCO3)C1,5.7,Ki,2000.0,CHEMBL3994,S. aureus,FabI,O=C(Cc1cccc(F)c1F)N1CCC(c2ccc3c(c2)OCO3)C1,O=C(Cc1ccccc1)N1CCC(c2ccc3c(c2)OCO3)C1,345.34500000000014,3.252100000000002,3,0,True,5.7
CHEMBL5804105,COc1ccncc1C1=CCN(C(=O)/C=C/c2cnc3c(c2)CCC(=O)N3)CC1,5.7,IC50,1990.0,CHEMBL3994,S. aureus,FabI,COc1ccncc1C1=CCN(C(=O)/C=C/c2cnc3c(c2)CCC(=O)N3)CC1,O=C1CCc2cc(C=CC(=O)N3CC=C(c4cccnc4)CC3)cnc2N1,390.44300000000027,2.6990000000000007,5,1,True,5.7
CHEMBL5776184,O=C1CCc2cc(/C=C/C(=O)N3C[C@@H]4CN(c5ccccc5)C[C@@H]4C3)cnc2N1,5.7,IC50,2000.0,CHEMBL3994,S. aureus,FabI,O=C1CCc2cc(/C=C/C(=O)N3C[C@@H]4CN(c5ccccc5)C[C@@H]4C3)cnc2N1,O=C1CCc2cc(C=CC(=O)N3CC4CN(c5ccccc5)CC4C3)cnc2N1,388.47100000000006,2.5743,4,1,True,5.7
CHEMBL62542,Nc1ccc(Cn2cnc(-c3ccsc3)c2)cc1,5.69,IC50,2030.0,CHEMBL3994,S. aureus,FabI,Nc1ccc(Cn2cnc(-c3ccsc3)c2)cc1,c1ccc(Cn2cnc(-c3ccsc3)c2)cc1,255.34600000000006,3.2421000000000015,3,1,True,5.69
CHEMBL3623407,O=c1cc(/C=C/c2cccnc2)occ1Oc1ccc(Cl)cc1Cl,5.69,IC50,2040.0,CHEMBL3994,S. aureus,FabI,O=c1cc(/C=C/c2cccnc2)occ1Oc1ccc(Cl)cc1Cl,O=c1cc(C=Cc2cccnc2)occ1Oc1ccccc1,360.196,5.304300000000002,4,0,True,5.69
CHEMBL5803149,COc1ccccc1C1=CCCN(C(=O)/C=C/c2cnc3c(c2)CCC(=O)N3)C1,5.69,IC50,2050.0,CHEMBL3994,S. aureus,FabI,COc1ccccc1C1=CCCN(C(=O)/C=C/c2cnc3c(c2)CCC(=O)N3)C1,O=C1CCc2cc(C=CC(=O)N3CCC=C(c4ccccc4)C3)cnc2N1,389.45500000000015,3.304000000000001,4,1,True,5.69
CHEMBL70830,CNc1ccc(C(=O)N2CCc3c(n(Cc4ccc(O)cc4)c4ccccc34)C2)cc1,5.68,IC50,2100.0,CHEMBL3994,S. aureus,FabI,CNc1ccc(C(=O)N2CCc3c(n(Cc4ccc(O)cc4)c4ccccc34)C2)cc1,O=C(c1ccccc1)N1CCc2c(n(Cc3ccccc3)c3ccccc23)C1,411.5050000000001,4.635400000000003,3,2,True,5.68
CHEMBL4213777,COc1ccccc1C1CCN(C(=O)Cc2c(F)cccc2F)C1,5.68,Ki,2100.0,CHEMBL3994,S. aureus,FabI,COc1ccccc1C1CCN(C(=O)Cc2c(F)cccc2F)C1,O=C(Cc1ccccc1)N1CCC(c2ccccc2)C1,331.36199999999997,3.5320000000000027,2,0,True,5.68
CHEMBL5805357,O=C1CCc2cc(C#CC(=O)N3CC4C=C(c5ccccc5)CC4C3)cnc2N1,5.68,IC50,2080.0,CHEMBL3994,S. aureus,FabI,O=C1CCc2cc(C#CC(=O)N3CC4C=C(c5ccccc5)CC4C3)cnc2N1,O=C1CCc2cc(C#CC(=O)N3CC4C=C(c5ccccc5)CC4C3)cnc2N1,383.4510000000001,2.8797000000000006,3,1,True,5.68
CHEMBL111031,CN(Cc1cc2ccccc2n1C)C(=O)/C=C/c1cnc(N)nc1,5.66,IC50,2200.0,CHEMBL3994,S. aureus,FabI,CN(Cc1cc2ccccc2n1C)C(=O)/C=C/c1cnc(N)nc1,O=C(C=Cc1cncnc1)NCc1cc2ccccc2[nH]1,321.384,2.2222999999999997,4,1,True,5.66
CHEMBL4205014,O=C(Cc1ccccc1Cl)N1CCC(c2nccs2)C1,5.66,Ki,2200.0,CHEMBL3994,S. aureus,FabI,O=C(Cc1ccccc1Cl)N1CCC(c2nccs2)C1,O=C(Cc1ccccc1)N1CCC(c2nccs2)C1,306.818,3.355100000000002,3,0,True,5.66
CHEMBL6004143,COc1ccc(C2=CCN(C(=O)/C=C/c3cnc4c(c3)CCC(=O)N4)CC2)cc1,5.66,IC50,2180.0,CHEMBL3994,S. aureus,FabI,COc1ccc(C2=CCN(C(=O)/C=C/c3cnc4c(c3)CCC(=O)N4)CC2)cc1,O=C1CCc2cc(C=CC(=O)N3CC=C(c4ccccc4)CC3)cnc2N1,389.4550000000002,3.304000000000001,4,1,True,5.66
CHEMBL5876339,O=C1CCc2cc(/C=C/C(=O)N3C[C@@H]4CN(c5cccc(Cl)c5)C[C@@H]4C3)cnc2N1,5.66,IC50,2190.0,CHEMBL3994,S. aureus,FabI,O=C1CCc2cc(/C=C/C(=O)N3C[C@@H]4CN(c5cccc(Cl)c5)C[C@@H]4C3)cnc2N1,O=C1CCc2cc(C=CC(=O)N3CC4CN(c5ccccc5)CC4C3)cnc2N1,422.91600000000005,3.2277000000000013,4,1,True,5.66
CHEMBL42318,CN(Cc1cc2ccccc2n1C)C(=O)/C=C/c1cnc2c(c1)CCCN2,5.64,IC50,2300.0,CHEMBL3994,S. aureus,FabI,CN(Cc1cc2ccccc2n1C)C(=O)/C=C/c1cnc2c(c1)CCCN2,O=C(C=Cc1cnc2c(c1)CCCN2)NCc1cc2ccccc2[nH]1,360.4610000000001,3.603200000000002,3,1,True,5.64
CHEMBL3621228,Cc1ccc(Oc2coc(/C=C/c3ccoc3)cc2=O)c(C)c1,5.64,IC50,2290.0,CHEMBL3994,S. aureus,FabI,Cc1ccc(Oc2coc(/C=C/c3ccoc3)cc2=O)c(C)c1,O=c1cc(C=Cc2ccoc2)occ1Oc1ccccc1,308.3330000000001,4.812340000000003,4,0,True,5.64
CHEMBL4205638,O=C(Cc1c(F)cccc1F)N1CCC(c2ccc3c(c2)OCO3)C1,5.64,IC50,2300.0,CHEMBL3994,S. aureus,FabI,O=C(Cc1c(F)cccc1F)N1CCC(c2ccc3c(c2)OCO3)C1,O=C(Cc1ccccc1)N1CCC(c2ccc3c(c2)OCO3)C1,345.34500000000014,3.252100000000002,3,0,True,5.64
CHEMBL5542487,COc1cccc(N2CC(c3nc4ccccc4n3C)CC2=O)c1C,5.64,IC50,2269.3,CHEMBL3994,S. aureus,FabI,COc1cccc(N2CC(c3nc4ccccc4n3C)CC2=O)c1C,O=C1CC(c2nc3ccccc3[nH]2)CN1c1ccccc1,335.40700000000015,3.410820000000002,3,0,True,5.64
CHEMBL2178299,CCc1ccc(Oc2ccc(NS(=O)(=O)C3CC3)cc2F)c(O)c1,5.64,IC50,2300.0,CHEMBL1857,E. coli,FabI,CCc1ccc(Oc2ccc(NS(=O)(=O)C3CC3)cc2F)c(O)c1,O=S(=O)(Nc1ccc(Oc2ccccc2)cc1)C1CC1,351.39900000000006,3.7901000000000025,4,2,True,5.64
CHEMBL5995542,O=C1CCc2cc(/C=C/C(=O)N3CC4C=C(c5ccc(Cl)s5)CC4C3)cnc2N1,5.63,IC50,2320.0,CHEMBL3994,S. aureus,FabI,O=C1CCc2cc(/C=C/C(=O)N3CC4C=C(c5ccc(Cl)s5)CC4C3)cnc2N1,O=C1CCc2cc(C=CC(=O)N3CC4C=C(c5cccs5)CC4C3)cnc2N1,425.94100000000014,4.256300000000003,4,1,True,5.63
CHEMBL297053,CN(Cc1cc2ccccc2n1C)C(=O)/C=C/c1ccc(N)nc1,5.62,IC50,2400.0,CHEMBL3994,S. aureus,FabI,CN(Cc1cc2ccccc2n1C)C(=O)/C=C/c1ccc(N)nc1,O=C(C=Cc1cccnc1)NCc1cc2ccccc2[nH]1,320.396,2.8273,3,1,True,5.62
CHEMBL5557433,Cc1ccccc1N1CC(c2nc3ccccc3n2C)CC1=O,5.62,IC50,2408.8,CHEMBL3994,S. aureus,FabI,Cc1ccccc1N1CC(c2nc3ccccc3n2C)CC1=O,O=C1CC(c2nc3ccccc3[nH]2)CN1c1ccccc1,305.38100000000014,3.4022200000000016,2,0,True,5.62
CHEMBL5951934,COc1cccc(C2=CCN(C(=O)/C=C/c3cnc4c(c3)CCC(=O)N4)CC2)c1,5.62,IC50,2380.0,CHEMBL3994,S. aureus,FabI,COc1cccc(C2=CCN(C(=O)/C=C/c3cnc4c(c3)CCC(=O)N4)CC2)c1,O=C1CCc2cc(C=CC(=O)N3CC=C(c4ccccc4)CC3)cnc2N1,389.4550000000002,3.304000000000001,4,1,True,5.62
CHEMBL3623397,Cc1cc(Cl)ccc1Oc1coc(/C=C/c2ccoc2)cc1=O,5.61,IC50,2450.0,CHEMBL3994,S. aureus,FabI,Cc1cc(Cl)ccc1Oc1coc(/C=C/c2ccoc2)cc1=O,O=c1cc(C=Cc2ccoc2)occ1Oc1ccccc1,328.7510000000001,5.157320000000004,4,0,True,5.61
CHEMBL5751144,O=C1CCc2cc(/C=C/C(=O)N3CCC(Oc4ccccc4)CC3)cnc2N1,5.61,IC50,2460.0,CHEMBL3994,S. aureus,FabI,O=C1CCc2cc(/C=C/C(=O)N3CCC(Oc4ccccc4)CC3)cnc2N1,O=C1CCc2cc(C=CC(=O)N3CCC(Oc4ccccc4)CC3)cnc2N1,377.4440000000001,3.049500000000001,4,1,True,5.61
CHEMBL5924015,O=C1CCc2cc(/C=C/C(=O)N3CCC(CCOc4ccccc4)CC3)cnc2N1,5.61,IC50,2460.0,CHEMBL3994,S. aureus,FabI,O=C1CCc2cc(/C=C/C(=O)N3CCC(CCOc4ccccc4)CC3)cnc2N1,O=C1CCc2cc(C=CC(=O)N3CCC(CCOc4ccccc4)CC3)cnc2N1,405.49800000000005,3.6872000000000025,4,1,True,5.61
CHEMBL4211939,O=C(Cc1ccccc1Cl)N1CCC(c2ccc3c(c2)OCO3)C1,5.6,IC50,2500.0,CHEMBL3994,S. aureus,FabI,O=C(Cc1ccccc1Cl)N1CCC(c2ccc3c(c2)OCO3)C1,O=C(Cc1ccccc1)N1CCC(c2ccc3c(c2)OCO3)C1,343.8100000000001,3.6273000000000026,3,0,True,5.6
CHEMBL5851989,COc1ccccc1CC1=CCN(C(=O)/C=C/c2cnc3c(c2)CCC(=O)N3)CC1,5.58,IC50,2620.0,CHEMBL3994,S. aureus,FabI,COc1ccccc1CC1=CCN(C(=O)/C=C/c2cnc3c(c2)CCC(=O)N3)CC1,O=C1CCc2cc(C=CC(=O)N3CC=C(Cc4ccccc4)CC3)cnc2N1,403.48200000000026,3.3895000000000017,4,1,True,5.58
CHEMBL5862696,O=C1CCc2cc(/C=C/C(=O)N3CC=C(c4cccc(C(F)(F)F)c4)CC3)cnc2N1,5.58,IC50,2620.0,CHEMBL3994,S. aureus,FabI,O=C1CCc2cc(/C=C/C(=O)N3CC=C(c4cccc(C(F)(F)F)c4)CC3)cnc2N1,O=C1CCc2cc(C=CC(=O)N3CC=C(c4ccccc4)CC3)cnc2N1,427.4260000000001,4.314200000000003,3,1,True,5.58
CHEMBL3623430,Cc1ccc(Oc2cn(Cc3ccccc3)c(COc3ccccc3)cc2=O)c(C)c1,5.57,IC50,2690.0,CHEMBL3994,S. aureus,FabI,Cc1ccc(Oc2cn(Cc3ccccc3)c(COc3ccccc3)cc2=O)c(C)c1,O=c1cc(COc2ccccc2)n(Cc2ccccc2)cc1Oc1ccccc1,411.50100000000015,5.884740000000005,3,0,True,5.57
CHEMBL4216771,O=C(Cc1ccccc1F)N1CCC(c2ccc3c(c2)OCO3)C1,5.57,IC50,2700.0,CHEMBL3994,S. aureus,FabI,O=C(Cc1ccccc1F)N1CCC(c2ccc3c(c2)OCO3)C1,O=C(Cc1ccccc1)N1CCC(c2ccc3c(c2)OCO3)C1,327.3550000000001,3.113000000000002,3,0,True,5.57
CHEMBL4217672,O=C(Cc1cccc(F)c1F)N1CCC(c2ccccc2)C1,5.57,Ki,2700.0,CHEMBL3994,S. aureus,FabI,O=C(Cc1cccc(F)c1F)N1CCC(c2ccccc2)C1,O=C(Cc1ccccc1)N1CCC(c2ccccc2)C1,301.336,3.5234000000000023,1,0,True,5.57
CHEMBL6010575,O=C1CCc2cc(/C=C/C(=O)N3CC4C=CCC4C3)cnc2N1,5.57,IC50,2680.0,CHEMBL3994,S. aureus,FabI,O=C1CCc2cc(/C=C/C(=O)N3CC4C=CCC4C3)cnc2N1,O=C1CCc2cc(C=CC(=O)N3CC4C=CCC4C3)cnc2N1,309.36899999999997,2.014,3,1,True,5.57
CHEMBL403703,N#Cc1ccc(COc2ccn(Cc3ccccc3Cl)c(=O)c2)cc1,5.57,IC50,2700.0,CHEMBL1075044,B. subtilis,FabI,N#Cc1ccc(COc2ccn(Cc3ccccc3Cl)c(=O)c2)cc1,O=c1cc(OCc2ccccc2)ccn1Cc1ccccc1,350.80500000000006,4.000680000000003,3,0,True,5.57
CHEMBL5517666,Cn1c(C2CC(=O)N(c3cccc(F)c3Br)C2)nc2ccccc21,5.56,IC50,2729.8,CHEMBL3994,S. aureus,FabI,Cn1c(C2CC(=O)N(c3cccc(F)c3Br)C2)nc2ccccc21,O=C1CC(c2nc3ccccc3[nH]2)CN1c1ccccc1,388.2400000000001,3.9954000000000027,2,0,True,5.56
CHEMBL5907320,O=C1CCc2cc(/C=C/C(=O)N3C[C@@H]4CN(c5cccnc5)C[C@@H]4C3)cnc2N1,5.56,IC50,2740.0,CHEMBL3994,S. aureus,FabI,O=C1CCc2cc(/C=C/C(=O)N3C[C@@H]4CN(c5cccnc5)C[C@@H]4C3)cnc2N1,O=C1CCc2cc(C=CC(=O)N3CC4CN(c5cccnc5)CC4C3)cnc2N1,389.45900000000006,1.9693,5,1,True,5.56
CHEMBL5943086,O=C1CCc2cc(/C=C/C(=O)N3CC4CC(n5cccn5)CC4C3)cnc2N1,5.56,IC50,2750.0,CHEMBL3994,S. aureus,FabI,O=C1CCc2cc(/C=C/C(=O)N3CC4CC(n5cccn5)CC4C3)cnc2N1,O=C1CCc2cc(C=CC(=O)N3CC4CC(n5cccn5)CC4C3)cnc2N1,377.4480000000001,2.2857,4,1,True,5.56
CHEMBL73455,Cc1cc(C(=O)N2CCc3c(n(Cc4ccc(O)cc4)c4ccccc34)C2)cc(C)c1O,5.54,IC50,2900.0,CHEMBL3994,S. aureus,FabI,Cc1cc(C(=O)N2CCc3c(n(Cc4ccc(O)cc4)c4ccccc34)C2)cc(C)c1O,O=C(c1ccccc1)N1CCc2c(n(Cc3ccccc3)c3ccccc23)C1,426.5160000000002,4.916140000000005,3,2,True,5.54
CHEMBL3623399,Cc1cc(Cl)ccc1Oc1coc(/C=C/c2cccnc2)cc1=O,5.53,IC50,2940.0,CHEMBL3994,S. aureus,FabI,Cc1cc(Cl)ccc1Oc1coc(/C=C/c2cccnc2)cc1=O,O=c1cc(C=Cc2cccnc2)occ1Oc1ccccc1,339.7780000000001,4.959320000000004,4,0,True,5.53
CHEMBL5769799,O=C1CCc2cc(/C=C/C(=O)N3C[C@@H]4CN(c5ccc(Cl)cc5)C[C@@H]4C3)cnc2N1,5.53,IC50,2950.0,CHEMBL3994,S. aureus,FabI,O=C1CCc2cc(/C=C/C(=O)N3C[C@@H]4CN(c5ccc(Cl)cc5)C[C@@H]4C3)cnc2N1,O=C1CCc2cc(C=CC(=O)N3CC4CN(c5ccccc5)CC4C3)cnc2N1,422.91600000000005,3.2277000000000013,4,1,True,5.53
CHEMBL4210599,COc1ccccc1C1CCN(C(=O)Cc2cccc(F)c2F)C1,5.52,IC50,3000.0,CHEMBL3994,S. aureus,FabI,COc1ccccc1C1CCN(C(=O)Cc2cccc(F)c2F)C1,O=C(Cc1ccccc1)N1CCC(c2ccccc2)C1,331.362,3.5320000000000027,2,0,True,5.52
CHEMBL5558160,COc1ccc(N2CC(c3nc4ccccc4n3C)CC2=O)cc1Br,5.52,IC50,3017.5,CHEMBL3994,S. aureus,FabI,COc1ccc(N2CC(c3nc4ccccc4n3C)CC2=O)cc1Br,O=C1CC(c2nc3ccccc3[nH]2)CN1c1ccccc1,400.2760000000001,3.864900000000003,3,0,True,5.52
CHEMBL3623400,Cc1cc(Cl)ccc1Oc1coc(/C=C/c2ccsc2)cc1=O,5.51,IC50,3120.0,CHEMBL3994,S. aureus,FabI,Cc1cc(Cl)ccc1Oc1coc(/C=C/c2ccsc2)cc1=O,O=c1cc(C=Cc2ccsc2)occ1Oc1ccccc1,344.8190000000001,5.6258200000000045,4,0,True,5.51
CHEMBL2178308,CCCc1ccc(Oc2cccc(OC)c2)c(O)c1,5.51,IC50,3100.0,CHEMBL1857,E. coli,FabI,CCCc1ccc(Oc2cccc(OC)c2)c(O)c1,c1ccc(Oc2ccccc2)cc1,258.31699999999995,4.1456000000000035,3,1,True,5.51
CHEMBL3623428,Cc1ccc(Oc2cn(C3CC3)c(COc3ccccc3)cc2=O)c(C)c1,5.5,IC50,3170.0,CHEMBL3994,S. aureus,FabI,Cc1ccc(Oc2cn(C3CC3)c(COc3ccccc3)cc2=O)c(C)c1,O=c1cc(COc2ccccc2)n(C2CC2)cc1Oc1ccccc1,361.4410000000001,5.171340000000005,3,0,True,5.5
CHEMBL5278258,CCCCCCCCCCCCCCCCc1cc(OC2OC(CO)C(O)C(O)C2O)cc(O)c1C(=O)Oc1cc(C)c(C(=O)O)c(O)c1,5.5,IC50,3200.0,CHEMBL3994,S. aureus,FabI,CCCCCCCCCCCCCCCCc1cc(OC2OC(CO)C(O)C(O)C2O)cc(O)c1C(=O)Oc1cc(C)c(C(=O)O)c(O)c1,O=C(Oc1ccccc1)c1ccc(OC2CCCCO2)cc1,690.8270000000001,5.52612000000001,11,7,True,5.5
CHEMBL5768677,O=C1CCc2cc(/C=C/C(=O)N3CCC(CCOc4ccc(F)cc4)CC3)cnc2N1,5.5,IC50,3160.0,CHEMBL3994,S. aureus,FabI,O=C1CCc2cc(/C=C/C(=O)N3CCC(CCOc4ccc(F)cc4)CC3)cnc2N1,O=C1CCc2cc(C=CC(=O)N3CCC(CCOc4ccccc4)CC3)cnc2N1,423.48800000000006,3.8263000000000025,4,1,True,5.5
CHEMBL490129,C[n+]1cc2c3c(ccc2c2ccc4cc5c(cc4c21)OCO5)OCO3.[Cl-],8.337242168318426,IC50,4.6,CHEMBL3999,E. coli,FtsZ,C[n+]1cc2c3c(ccc2c2ccc4cc5c(cc4c21)OCO5)OCO3.[Cl-],c1cc2c(c[nH+]c3c4cc5c(cc4ccc23)OCO5)c2c1OCO2,367.7880000000001,0.4320999999999995,4,0,True,8.337242168318426
CHEMBL2418095,Oc1cc(O)c2c(c1)C/C(Cl)=C\Cc1cc(c(Cl)cc1O)Oc1c(O)cc(cc1O)C/C(Cl)=C\Cc1cc(c(Cl)cc1O)O2,8.173925197299173,IC50,6.7,CHEMBL3999,E. coli,FtsZ,Oc1cc(O)c2c(c1)C/C(Cl)=C\Cc1cc(c(Cl)cc1O)Oc1c(O)cc(cc1O)C/C(Cl)=C\Cc1cc(c(Cl)cc1O)O2,C1=CCc2cccc(c2)Oc2ccccc2CC=CCc2cccc(c2)Oc2ccc(cc2)C1,678.3480000000001,8.940799999999992,8,6,True,8.173925197299173
CHEMBL1240857,COC(=O)CC1Cc2cc3cc(OC)c(-c4c(OC)cc5cc6c(c(O)c5c4O)C(=O)OC(CC(=O)OC)C6)c(O)c3c(O)c2C(=O)O1,8.086186147616283,IC50,8.2,CHEMBL3999,E. coli,FtsZ,COC(=O)CC1Cc2cc3cc(OC)c(-c4c(OC)cc5cc6c(c(O)c5c4O)C(=O)OC(CC(=O)OC)C6)c(O)c3c(O)c2C(=O)O1,O=C1OCCc2cc3ccc(-c4ccc5cc6c(cc5c4)C(=O)OCC6)cc3cc21,662.6000000000003,3.788800000000006,14,4,True,8.086186147616283
CHEMBL12089,COc1ccc2cc3[n+](cc2c1OC)CCc1cc2c(cc1-3)OCO2.[Cl-],7.64,Kd,23.0,CHEMBL3999,E. coli,FtsZ,COc1ccc2cc3[n+](cc2c1OC)CCc1cc2c(cc1-3)OCO2.[Cl-],c1ccc2c[n+]3c(cc2c1)-c1cc2c(cc1CC3)OCO2,371.82000000000005,0.10029999999999983,4,0,True,7.64
CHEMBL3423282,Cc1nc2ccccc2n1C(=O)/C=C/c1ccc(Cl)cc1Cl,7.522878745280337,IC50,30.0,CHEMBL3999,E. coli,FtsZ,Cc1nc2ccccc2n1C(=O)/C=C/c1ccc(Cl)cc1Cl,O=C(C=Cc1ccccc1)n1cnc2ccccc21,331.202,5.0051200000000025,2,0,True,7.522878745280337
CHEMBL1164137,COc1ccc2cc3[n+](cc2c1OCCCOc1ccc(Cl)cc1)CCc1cc2c(cc1-3)OCO2.[Br-],7.42021640338319,IC50,38.0,CHEMBL5096,S. aureus,FtsZ,COc1ccc2cc3[n+](cc2c1OCCCOc1ccc(Cl)cc1)CCc1cc2c(cc1-3)OCO2.[Br-],c1ccc(OCCCOc2cccc3cc4[n+](cc23)CCc2cc3c(cc2-4)OCO3)cc1,570.8670000000003,2.593,5,0,True,7.42021640338319
CHEMBL511201,NC(=O)c1c(F)ccc(OCc2nc3cc(Cl)cnc3s2)c1F,6.82,IC50,150.0,CHEMBL5096,S. aureus,FtsZ,NC(=O)c1c(F)ccc(OCc2nc3cc(Cl)cnc3s2)c1F,c1ccc(OCc2nc3cccnc3s2)cc1,355.753,3.3008000000000006,5,1,True,6.82
CHEMBL5199894,COc1cc2ncnc(Nc3ccc(F)c(Cl)c3)c2cc1NC(=O)/C=C/N1CCCCC1,6.22,Kd,600.0,CHEMBL5096,S. aureus,FtsZ,COc1cc2ncnc(Nc3ccc(F)c(Cl)c3)c2cc1NC(=O)/C=C/N1CCCCC1,O=C(C=CN1CCCCC1)Nc1ccc2ncnc(Nc3ccccc3)c2c1,455.92100000000033,5.112600000000004,6,2,True,6.22
CHEMBL3416826,O=C1NC(=S)S/C1=C/c1ccc(-c2cccc(C(F)(F)F)c2)o1,5.82,Kd,1500.0,CHEMBL5690,B. subtilis,FtsZ,O=C1NC(=S)S/C1=C/c1ccc(-c2cccc(C(F)(F)F)c2)o1,O=C1NC(=S)SC1=Cc1ccc(-c2ccccc2)o1,355.3620000000001,4.454200000000001,4,1,True,5.82
CHEMBL3954103,O=C1NC(=O)/C(=C\c2ccc(-c3cccc(C(F)(F)F)c3)o2)S1,5.82,Kd,1500.0,CHEMBL5690,B. subtilis,FtsZ,O=C1NC(=O)/C(=C\c2ccc(-c3cccc(C(F)(F)F)c3)o2)S1,O=C1NC(=O)C(=Cc2ccc(-c3ccccc3)o2)S1,339.294,4.289300000000002,4,1,True,5.82
CHEMBL2207296,COc1cc2cc(-c3cccc(-c4ccc(-c5ccccc5)cc4)c3)[n+](C)c(C)c2cc1OC.[I-],5.7,Kd,2000.0,CHEMBL5096,S. aureus,FtsZ,COc1cc2cc(-c3cccc(-c4ccc(-c5ccccc5)cc4)c3)[n+](C)c(C)c2cc1OC.[I-],c1ccc(-c2ccc(-c3cccc(-c4cc5ccccc5c[nH+]4)c3)cc2)cc1,573.4740000000002,3.994920000000005,2,0,True,5.7
CHEMBL5188114,CCCCCNc1cc(/C=C/c2ccc(N(C)C)cc2)[n+](C)c2ccccc12.[I-],5.62,Kd,2380.0,CHEMBL5096,S. aureus,FtsZ,CCCCCNc1cc(/C=C/c2ccc(N(C)C)cc2)[n+](C)c2ccccc12.[I-],C(=Cc1ccc2ccccc2[nH+]1)c1ccccc1,501.4560000000001,2.5068,2,1,True,5.62
CHEMBL5200927,CN(C)c1ccc(/C=C/c2cc(N3CCCCC3)c3ccccc3[n+]2C)cc1.[I-],5.6,Kd,2490.0,CHEMBL5096,S. aureus,FtsZ,CN(C)c1ccc(/C=C/c2cc(N3CCCCC3)c3ccccc3[n+]2C)cc1.[I-],C(=Cc1cc(N2CCCCC2)c2ccccc2[nH+]1)c1ccccc1,499.43999999999994,1.8949999999999996,2,0,True,5.6
CHEMBL417799,C[n+]1cc2c3c(ccc2c2ccc4cc5c(cc4c21)OCO5)OCO3,5.52,IC50,3000.0,CHEMBL3999,E. coli,FtsZ,C[n+]1cc2c3c(ccc2c2ccc4cc5c(cc4c21)OCO5)OCO3,c1cc2c(c[nH+]c3c4cc5c(cc4ccc23)OCO5)c2c1OCO2,332.33500000000015,3.4281000000000015,4,0,True,5.52
CHEMBL2180486,CC(C)(C)c1ccc(-c2cccc(CNC(=N)N)c2)cc1,5.42,Kd,3800.0,CHEMBL3999,E. coli,FtsZ,CC(C)(C)c1ccc(-c2cccc(CNC(=N)N)c2)cc1,c1ccc(-c2ccccc2)cc1,281.403,3.63417,1,3,True,5.42
CHEMBL5174791,CC1CCN(c2cc(/C=C/c3ccc(N(C)C)cc3)[n+](C)c3ccccc23)CC1.[I-],5.42,Kd,3840.0,CHEMBL5096,S. aureus,FtsZ,CC1CCN(c2cc(/C=C/c3ccc(N(C)C)cc3)[n+](C)c3ccccc23)CC1.[I-],C(=Cc1cc(N2CCCCC2)c2ccccc2[nH+]1)c1ccccc1,513.4670000000001,2.141,2,0,True,5.42
CHEMBL5186593,CC1CCN(c2cc(/C=C/c3ccc(N(C)C)cc3)c3ccccc3[n+]2C)CC1.[I-],5.41,Kd,3860.0,CHEMBL5096,S. aureus,FtsZ,CC1CCN(c2cc(/C=C/c3ccc(N(C)C)cc3)c3ccccc3[n+]2C)CC1.[I-],C(=Cc1cc(N2CCCCC2)[nH+]c2ccccc12)c1ccccc1,513.4670000000001,2.141,2,0,True,5.41
CHEMBL2207300,COc1cc2cc(-c3cccc(-c4ccc(C(C)(C)C)cc4)c3)[n+](C)c(C)c2cc1OC.[I-],5.27,Kd,5400.0,CHEMBL5096,S. aureus,FtsZ,COc1cc2cc(-c3cccc(-c4ccc(C(C)(C)C)cc4)c3)[n+](C)c(C)c2cc1OC.[I-],c1ccc(-c2cccc(-c3cc4ccccc4c[nH+]3)c2)cc1,553.4840000000002,3.6254200000000036,2,0,True,5.27
CHEMBL1651196,CCN(CC)c1cc2[nH]c(C3CCCCC3)nc2cc1NC(=O)c1ccccc1,5.21,IC50,6210.0,CHEMBL4213,M. tuberculosis,FtsZ,CCN(CC)c1cc2[nH]c(C3CCCCC3)nc2cc1NC(=O)c1ccccc1,O=C(Nc1ccc2[nH]c(C3CCCCC3)nc2c1)c1ccccc1,390.531,5.709100000000006,3,2,True,5.21
CHEMBL293492,O=C/C=C/c1ccccc1,5.16,IC50,6860.0,CHEMBL3999,E. coli,FtsZ,O=C/C=C/c1ccccc1,c1ccccc1,132.16199999999998,1.8987,1,0,True,5.16
CHEMBL1651202,CCCCOC(=O)Nc1cc2nc(C3CCCCC3)[nH]c2cc1N(CC)CC,5.11,IC50,7690.0,CHEMBL4213,M. tuberculosis,FtsZ,CCCCOC(=O)Nc1cc2nc(C3CCCCC3)[nH]c2cc1N(CC)CC,c1ccc2[nH]c(C3CCCCC3)nc2c1,386.54000000000013,5.805400000000005,4,2,True,5.11
CHEMBL3416824,O=C1C[C@@H](c2ccccc2)Oc2c(Cc3cc(Cc4ccccc4O)ccc3O)c(O)c(Cc3cc(Cc4ccccc4O)ccc3O)c(O)c21,5.08,IC50,8300.0,CHEMBL3999,E. coli,FtsZ,O=C1C[C@@H](c2ccccc2)Oc2c(Cc3cc(Cc4ccccc4O)ccc3O)c(O)c(Cc3cc(Cc4ccccc4O)ccc3O)c(O)c21,O=C1CC(c2ccccc2)Oc2c(Cc3cccc(Cc4ccccc4)c3)cc(Cc3cccc(Cc4ccccc4)c3)cc21,680.7530000000004,7.989900000000006,8,6,True,5.08
CHEMBL3425702,NCCNc1nc(/C=C/c2ccc(Cl)cc2)nc2cc3ccccc3cc12.O=C(O)C(F)(F)F,5.05,IC50,9000.0,CHEMBL3999,E. coli,FtsZ,NCCNc1nc(/C=C/c2ccc(Cl)cc2)nc2cc3ccccc3cc12.O=C(O)C(F)(F)F,C(=Cc1ncc2cc3ccccc3cc2n1)c1ccccc1,488.89700000000016,5.610700000000003,5,3,True,5.05
CHEMBL295124,COc1ccc2cc3[n+](cc2c1OC)CCc1cc2c(cc1-3)OCO2,5.0,IC50,10000.0,CHEMBL5096,S. aureus,FtsZ,COc1ccc2cc3[n+](cc2c1OC)CCc1cc2c(cc1-3)OCO2,c1ccc2c[n+]3c(cc2c1)-c1cc2c(cc1CC3)OCO2,336.3670000000001,3.096300000000001,4,0,True,5.0
CHEMBL487602,CC(C)c1c(O)ccc2c1CC[C@H]1C(C)(C)CCC[C@]21C,4.96,Kd,11000.0,CHEMBL4213,M. tuberculosis,FtsZ,CC(C)c1c(O)ccc2c1CC[C@H]1C(C)(C)CCC[C@]21C,c1ccc2c(c1)CCC1CCCCC21,286.459,5.545800000000005,1,1,True,4.96
CHEMBL294264,O=C1c2ccccc2C(=O)c2c(O)c(O)cc(O)c21,4.96,Kd,11000.0,CHEMBL3999,E. coli,FtsZ,O=C1c2ccccc2C(=O)c2c(O)c(O)cc(O)c21,O=C1c2ccccc2C(=O)c2ccccc21,256.21299999999997,1.5788000000000004,5,3,True,4.96
CHEMBL3416948,CN(C)CCNc1nc(/C=C/c2ccc(Cl)cc2)nc2cc3ccccc3cc12,4.92,IC50,12000.0,CHEMBL3999,E. coli,FtsZ,CN(C)CCNc1nc(/C=C/c2ccc(Cl)cc2)nc2cc3ccccc3cc12,C(=Cc1ncc2cc3ccccc3cc2n1)c1ccccc1,402.92900000000014,5.580300000000005,4,1,True,4.92
CHEMBL1835968,O=C1C[C@@H](c2ccccc2)Oc2c(Cc3ccccc3O)c(O)c(Cc3ccccc3O)c(O)c21,4.9,IC50,12500.0,CHEMBL3999,E. coli,FtsZ,O=C1C[C@@H](c2ccccc2)Oc2c(Cc3ccccc3O)c(O)c(Cc3ccccc3O)c(O)c21,O=C1CC(c2ccccc2)Oc2c(Cc3ccccc3)cc(Cc3ccccc3)cc21,468.5050000000002,5.397100000000006,6,4,True,4.9
CHEMBL3425706,CN(C)CCNc1nc(/C=C/c2ccc(N=[N+]=[N-])cc2)nc2cc3ccccc3cc12,4.85,IC50,14000.0,CHEMBL3999,E. coli,FtsZ,CN(C)CCNc1nc(/C=C/c2ccc(N=[N+]=[N-])cc2)nc2cc3ccccc3cc12,C(=Cc1ncc2cc3ccccc3cc2n1)c1ccccc1,409.4970000000002,5.868700000000005,5,1,True,4.85
CHEMBL1926717,CCOC(=O)Nc1cc(NCCCCN(CC)CC)c2nc(-c3ccco3)c(-c3ccco3)nc2n1,4.79,IC50,16400.0,CHEMBL4213,M. tuberculosis,FtsZ,CCOC(=O)Nc1cc(NCCCCN(CC)CC)c2nc(-c3ccco3)c(-c3ccco3)nc2n1,c1coc(-c2nc3cccnc3nc2-c2ccco2)c1,492.58000000000015,5.647100000000005,9,2,True,4.79
CHEMBL48217,N=C(N)c1ccc(-c2cc3ccc(C(=N)N)cc3[nH]2)cc1,4.78,Kd,16600.0,CHEMBL3999,E. coli,FtsZ,N=C(N)c1ccc(-c2cc3ccc(C(=N)N)cc3[nH]2)cc1,c1ccc(-c2cc3ccccc3[nH]2)cc1,277.331,2.4030400000000007,2,5,True,4.78
CHEMBL1926724,CCN(CC)CCCC(C)Nc1cc(N)nc2nc(-c3ccco3)c(-c3ccco3)nc12,4.73,IC50,18600.0,CHEMBL4213,M. tuberculosis,FtsZ,CCN(CC)CCCC(C)Nc1cc(N)nc2nc(-c3ccco3)c(-c3ccco3)nc12,c1coc(-c2nc3cccnc3nc2-c2ccco2)c1,434.5440000000002,5.049400000000004,8,2,True,4.73
CHEMBL1926719,CCOC(=O)Nc1cc(NCCN(CC)CC)c2nc(-c3cccs3)c(-c3cccs3)nc2n1,4.68,IC50,21000.0,CHEMBL4213,M. tuberculosis,FtsZ,CCOC(=O)Nc1cc(NCCN(CC)CC)c2nc(-c3cccs3)c(-c3cccs3)nc2n1,c1csc(-c2nc3cccnc3nc2-c2cccs2)c1,496.6620000000001,5.803900000000005,9,2,True,4.68
CHEMBL3425705,CN(C)CCNc1nc(/C=C/c2ccc(I)cc2)nc2cc3ccccc3cc12,4.62,IC50,24000.0,CHEMBL3999,E. coli,FtsZ,CN(C)CCNc1nc(/C=C/c2ccc(I)cc2)nc2cc3ccccc3cc12,C(=Cc1ncc2cc3ccccc3cc2n1)c1ccccc1,494.38000000000017,5.531500000000005,4,1,True,4.62
CHEMBL3425606,Cc1ccc2nc(/C=C/c3ccc(Cl)cc3)nc(NCCN(C)C)c2c1,4.62,IC50,24000.0,CHEMBL3999,E. coli,FtsZ,Cc1ccc2nc(/C=C/c3ccc(Cl)cc3)nc(NCCN(C)C)c2c1,C(=Cc1ncc2ccccc2n1)c1ccccc1,366.8960000000002,4.735520000000005,4,1,True,4.62
CHEMBL3425694,CN(C)CCOc1nc(/C=C/c2ccc(Cl)cc2)nc2cc3ccccc3cc12,4.58,IC50,26000.0,CHEMBL3999,E. coli,FtsZ,CN(C)CCOc1nc(/C=C/c2ccc(Cl)cc2)nc2cc3ccccc3cc12,C(=Cc1ncc2cc3ccccc3cc2n1)c1ccccc1,403.9130000000001,5.547200000000005,4,0,True,4.58
CHEMBL1929425,CCOC(=O)Nc1cc(NC(C)CCCN(CC)CC)c2nc(-c3ccco3)c(-c3ccco3)nc2n1,4.57,IC50,26800.0,CHEMBL4213,M. tuberculosis,FtsZ,CCOC(=O)Nc1cc(NC(C)CCCN(CC)CC)c2nc(-c3ccco3)c(-c3ccco3)nc2n1,c1coc(-c2nc3cccnc3nc2-c2ccco2)c1,506.60700000000026,6.035600000000006,9,2,True,4.57
CHEMBL3425693,Cc1ccc2nc(/C=C/c3ccc(Cl)cc3)nc(NCCN)c2c1.O=C(O)C(F)(F)F,4.57,IC50,27000.0,CHEMBL3999,E. coli,FtsZ,Cc1ccc2nc(/C=C/c3ccc(Cl)cc3)nc(NCCN)c2c1.O=C(O)C(F)(F)F,C(=Cc1ncc2ccccc2n1)c1ccccc1,452.8640000000002,4.765920000000003,5,3,True,4.57
CHEMBL1926722,CCOC(=O)Nc1cc(NCCN(C)C)c2nc(-c3cccs3)c(-c3cccs3)nc2n1,4.56,IC50,27300.0,CHEMBL4213,M. tuberculosis,FtsZ,CCOC(=O)Nc1cc(NCCN(C)C)c2nc(-c3cccs3)c(-c3cccs3)nc2n1,c1csc(-c2nc3cccnc3nc2-c2cccs2)c1,468.6080000000001,5.023700000000004,9,2,True,4.56
CHEMBL3425611,CN(C)CCNc1nc(/C=C/c2ccc(Cl)cc2)nc2ccc(-c3ccccc3)cc12,4.55,IC50,28000.0,CHEMBL3999,E. coli,FtsZ,CN(C)CCNc1nc(/C=C/c2ccc(Cl)cc2)nc2ccc(-c3ccccc3)cc12,C(=Cc1ncc2cc(-c3ccccc3)ccc2n1)c1ccccc1,428.96700000000016,6.094100000000005,4,1,True,4.55
CHEMBL1926725,CCN(CC)CCCC(C)Nc1cc(N)nc2nc(-c3cccs3)c(-c3cccs3)nc12,4.53,IC50,29500.0,CHEMBL4213,M. tuberculosis,FtsZ,CCN(CC)CCCC(C)Nc1cc(N)nc2nc(-c3cccs3)c(-c3cccs3)nc12,c1csc(-c2nc3cccnc3nc2-c2cccs2)c1,466.6800000000002,5.986400000000005,8,2,True,4.53
CHEMBL3425612,CN(C)CCNc1nc(/C=C/c2ccc(Cl)cc2)nc2ccc(-c3ccncc3)cc12,4.52,IC50,30000.0,CHEMBL3999,E. coli,FtsZ,CN(C)CCNc1nc(/C=C/c2ccc(Cl)cc2)nc2ccc(-c3ccncc3)cc12,C(=Cc1ncc2cc(-c3ccncc3)ccc2n1)c1ccccc1,429.95500000000015,5.489100000000005,5,1,True,4.52
CHEMBL3425609,CN(C)CCNc1nc(/C=C/c2ccc(Cl)cc2)nc2ccc(Br)cc12,4.52,IC50,30000.0,CHEMBL3999,E. coli,FtsZ,CN(C)CCNc1nc(/C=C/c2ccc(Cl)cc2)nc2ccc(Br)cc12,C(=Cc1ncc2ccccc2n1)c1ccccc1,431.7650000000001,5.189600000000004,4,1,True,4.52
CHEMBL110168,CCOC(=O)Nc1cc(NC(C)CCCN(CC)CC)c2nc(-c3ccccc3)c(-c3ccccc3)nc2n1,4.47,IC50,34200.0,CHEMBL4213,M. tuberculosis,FtsZ,CCOC(=O)Nc1cc(NC(C)CCCN(CC)CC)c2nc(-c3ccccc3)c(-c3ccccc3)nc2n1,c1ccc(-c2nc3cccnc3nc2-c2ccccc2)cc1,526.6850000000002,6.849600000000008,7,2,True,4.47
CHEMBL1926723,CCOC(=O)Nc1cc(NCCN(C)C)c2nc(-c3ccco3)c(-c3ccco3)nc2n1,4.47,IC50,34100.0,CHEMBL4213,M. tuberculosis,FtsZ,CCOC(=O)Nc1cc(NCCN(C)C)c2nc(-c3ccco3)c(-c3ccco3)nc2n1,c1coc(-c2nc3cccnc3nc2-c2ccco2)c1,436.47200000000015,4.086700000000003,9,2,True,4.47
CHEMBL1929426,CCOC(=O)Nc1cc(NC(C)CCCN(CC)CC)c2nc(-c3cccs3)c(-c3cccs3)nc2n1,4.46,IC50,34300.0,CHEMBL4213,M. tuberculosis,FtsZ,CCOC(=O)Nc1cc(NC(C)CCCN(CC)CC)c2nc(-c3cccs3)c(-c3cccs3)nc2n1,c1csc(-c2nc3cccnc3nc2-c2cccs2)c1,538.743,6.972600000000007,9,2,True,4.46
CHEMBL1926720,CCOC(=O)Nc1cc(NCCN(CC)CC)c2nc(-c3ccco3)c(-c3ccco3)nc2n1,4.46,IC50,34800.0,CHEMBL4213,M. tuberculosis,FtsZ,CCOC(=O)Nc1cc(NCCN(CC)CC)c2nc(-c3ccco3)c(-c3ccco3)nc2n1,c1coc(-c2nc3cccnc3nc2-c2ccco2)c1,464.5260000000001,4.866900000000004,9,2,True,4.46
CHEMBL2418096,COc1cc(C/C=C(/Cl)Cc2cc(O)cc(O)c2)c(OC)cc1Cl,4.43,IC50,37000.0,CHEMBL3999,E. coli,FtsZ,COc1cc(C/C=C(/Cl)Cc2cc(O)cc(O)c2)c(OC)cc1Cl,C(=CCc1ccccc1)Cc1ccccc1,369.244,4.676300000000005,4,2,True,4.43
CHEMBL3416823,CCC(CC)c1cc([C@H]2CN3CC[C@H]2C[C@@H]3CN)nc(-c2ccncc2)n1,4.43,IC50,37500.0,CHEMBL5096,S. aureus,FtsZ,CCC(CC)c1cc([C@H]2CN3CC[C@H]2C[C@@H]3CN)nc(-c2ccncc2)n1,c1cc(-c2nccc(C3CN4CCC3CC4)n2)ccn1,365.525,3.5787000000000013,5,1,True,4.43
CHEMBL106808,CCOC(=O)Nc1nc(NC(C)CCCN(CC)CC)c2nc(-c3ccccc3)c(-c3ccccc3)nc2n1,4.42,IC50,38100.0,CHEMBL4213,M. tuberculosis,FtsZ,CCOC(=O)Nc1nc(NC(C)CCCN(CC)CC)c2nc(-c3ccccc3)c(-c3ccccc3)nc2n1,c1ccc(-c2nc3cncnc3nc2-c2ccccc2)cc1,527.6730000000001,6.2446000000000055,8,2,True,4.42
CHEMBL1929427,CCOC(=O)Nc1cc(NC(C)CCCN(CC)CC)c2nc(-c3ccccn3)c(-c3ccccn3)nc2n1,4.34,IC50,45700.0,CHEMBL4213,M. tuberculosis,FtsZ,CCOC(=O)Nc1cc(NC(C)CCCN(CC)CC)c2nc(-c3ccccn3)c(-c3ccccn3)nc2n1,c1ccc(-c2nc3cccnc3nc2-c2ccccn2)nc1,528.6610000000002,5.639600000000005,9,2,True,4.34
CHEMBL1926726,CCOC(=O)Nc1nc(NC(C)CCCN(CC)CC)c2c(n1)SC(c1ccccc1)C(c1ccccc1)=N2,4.34,IC50,46000.0,CHEMBL4213,M. tuberculosis,FtsZ,CCOC(=O)Nc1nc(NC(C)CCCN(CC)CC)c2c(n1)SC(c1ccccc1)C(c1ccccc1)=N2,c1ccc(C2=Nc3cncnc3SC2c2ccccc2)cc1,546.7410000000002,6.935200000000007,8,2,True,4.34
CHEMBL1926727,CCOC(=O)Nc1nc(NCCCCN(CC)CC)c2c(n1)SC(c1ccccc1)C(c1ccccc1)=N2,4.33,IC50,46200.0,CHEMBL4213,M. tuberculosis,FtsZ,CCOC(=O)Nc1nc(NCCCCN(CC)CC)c2c(n1)SC(c1ccccc1)C(c1ccccc1)=N2,c1ccc(C2=Nc3cncnc3SC2c2ccccc2)cc1,532.714,6.546700000000007,8,2,True,4.33
CHEMBL3425615,CN(C)CCNc1nc(/C=C/c2ccc(Cl)cc2)nc2ccc(C3=CCCCC3)cc12,4.31,IC50,49000.0,CHEMBL3999,E. coli,FtsZ,CN(C)CCNc1nc(/C=C/c2ccc(Cl)cc2)nc2ccc(C3=CCCCC3)cc12,C(=Cc1ncc2cc(C3=CCCCC3)ccc2n1)c1ccccc1,432.9990000000003,6.384500000000006,4,1,True,4.31
CHEMBL457349,CCOC(=O)Nc1cc(NCCCCN(CC)CC)c2nc(-c3ccccc3)c(-c3ccccc3)nc2n1,4.28,IC50,52000.0,CHEMBL4213,M. tuberculosis,FtsZ,CCOC(=O)Nc1cc(NCCCCN(CC)CC)c2nc(-c3ccccc3)c(-c3ccccc3)nc2n1,c1ccc(-c2nc3cccnc3nc2-c2ccccc2)cc1,512.6580000000001,6.461100000000006,7,2,True,4.28
CHEMBL3425701,C[N+](C)(C)CCNc1nc(/C=C/c2ccc(Cl)cc2)nc2cc3ccccc3cc12.[I-],4.28,IC50,52000.0,CHEMBL3999,E. coli,FtsZ,C[N+](C)(C)CCNc1nc(/C=C/c2ccc(Cl)cc2)nc2cc3ccccc3cc12.[I-],C(=Cc1ncc2cc3ccccc3cc2n1)c1ccccc1,544.8680000000002,2.7289000000000003,3,1,True,4.28
CHEMBL1926721,CCOC(=O)Nc1cc(NCCN(C)C)c2nc(-c3ccccc3)c(-c3ccccc3)nc2n1,4.26,IC50,54600.0,CHEMBL4213,M. tuberculosis,FtsZ,CCOC(=O)Nc1cc(NCCN(C)C)c2nc(-c3ccccc3)c(-c3ccccc3)nc2n1,c1ccc(-c2nc3cccnc3nc2-c2ccccc2)cc1,456.5500000000001,4.900700000000004,7,2,True,4.26
CHEMBL3416822,CCC(CC)c1cc([C@H]2CN3CC[C@H]2C[C@@H]3CNCc2ccco2)nc(-c2ccncc2)n1,4.25,IC50,55700.0,CHEMBL5096,S. aureus,FtsZ,CCC(CC)c1cc([C@H]2CN3CC[C@H]2C[C@@H]3CNCc2ccco2)nc(-c2ccncc2)n1,c1coc(CNCC2CC3CCN2CC3c2ccnc(-c3ccncc3)n2)c1,445.6110000000001,5.002800000000004,6,1,True,4.25
CHEMBL3425613,CN(C)CCNc1nc(/C=C/c2ccc(Cl)cc2)nc2ccc(-c3ccc4ccccc4c3)cc12,4.24,IC50,58000.0,CHEMBL3999,E. coli,FtsZ,CN(C)CCNc1nc(/C=C/c2ccc(Cl)cc2)nc2ccc(-c3ccc4ccccc4c3)cc12,C(=Cc1ncc2cc(-c3ccc4ccccc4c3)ccc2n1)c1ccccc1,479.0270000000002,7.247300000000006,4,1,True,4.24
CHEMBL3425697,CN(C)CCCNc1nc(/C=C/c2ccc(Cl)cc2)nc2cc3ccccc3cc12,4.19,IC50,65000.0,CHEMBL3999,E. coli,FtsZ,CN(C)CCCNc1nc(/C=C/c2ccc(Cl)cc2)nc2cc3ccccc3cc12,C(=Cc1ncc2cc3ccccc3cc2n1)c1ccccc1,416.95600000000013,5.970400000000005,4,1,True,4.19
CHEMBL3416821,CCC(CC)c1cc([C@H]2CN3CC[C@H]2C[C@@H]3CNCc2ccc(CO)o2)nc(-c2ccncc2)n1,4.11,IC50,77200.0,CHEMBL5096,S. aureus,FtsZ,CCC(CC)c1cc([C@H]2CN3CC[C@H]2C[C@@H]3CNCc2ccc(CO)o2)nc(-c2ccncc2)n1,c1coc(CNCC2CC3CCN2CC3c2ccnc(-c3ccncc3)n2)c1,475.63700000000017,4.495100000000004,7,2,True,4.11
CHEMBL3425704,CN(C)CCNc1nc(/C=C/c2ccc(Cl)cc2)nc2ccc(C(=O)c3ccccc3)cc12,4.07,IC50,85000.0,CHEMBL3999,E. coli,FtsZ,CN(C)CCNc1nc(/C=C/c2ccc(Cl)cc2)nc2ccc(C(=O)c3ccccc3)cc12,O=C(c1ccccc1)c1ccc2nc(C=Cc3ccccc3)ncc2c1,456.9770000000002,5.6581000000000055,5,1,True,4.07
CHEMBL3416825,Oc1cc(O)cc(C/C(Cl)=C\Cc2cc(O)c(Cl)cc2O)c1,4.06,IC50,88000.0,CHEMBL5096,S. aureus,FtsZ,Oc1cc(O)cc(C/C(Cl)=C\Cc2cc(O)c(Cl)cc2O)c1,C(=CCc1ccccc1)Cc1ccccc1,341.19,4.070300000000002,4,4,True,4.06
CHEMBL3425610,CN(C)CCNc1nc(/C=C/c2ccc(Cl)cc2)nc2ccc(I)cc12,4.02,IC50,95000.0,CHEMBL3999,E. coli,FtsZ,CN(C)CCNc1nc(/C=C/c2ccc(Cl)cc2)nc2ccc(I)cc12,C(=Cc1ncc2ccccc2n1)c1ccccc1,478.7650000000001,5.031700000000004,4,1,True,4.02
CHEMBL1926714,CCOC(=O)Nc1cc(NC(C)CCCN(CC)CC)c2nc(C)c(C)nc2n1,4.0,IC50,100000.0,CHEMBL4213,M. tuberculosis,FtsZ,CCOC(=O)Nc1cc(NC(C)CCCN(CC)CC)c2nc(C)c(C)nc2n1,c1cnc2nccnc2c1,402.5430000000002,4.132440000000003,7,2,True,4.0
CHEMBL1926715,CCOC(=O)Nc1cc(NC(C)CCCN(CC)CC)c2nc(CC)c(CC)nc2n1,4.0,IC50,100000.0,CHEMBL4213,M. tuberculosis,FtsZ,CCOC(=O)Nc1cc(NC(C)CCCN(CC)CC)c2nc(CC)c(CC)nc2n1,c1cnc2nccnc2c1,430.59700000000026,4.640400000000004,7,2,True,4.0
CHEMBL3425608,COc1cc2nc(/C=C/c3ccc(Cl)cc3)nc(NCCN(C)C)c2cc1OC,4.0,IC50,100000.0,CHEMBL3999,E. coli,FtsZ,COc1cc2nc(/C=C/c3ccc(Cl)cc3)nc(NCCN(C)C)c2cc1OC,C(=Cc1ncc2ccccc2n1)c1ccccc1,412.9210000000003,4.444300000000004,6,1,True,4.0
CHEMBL4757242,CCCCCN(C)Cc1cc(C(=O)O)ccc1NC(=O)c1cc2cc(F)cc(NC)c2[nH]c1=O,9.68,IC50,0.21,CHEMBL2094139,E. coli complex,Gyr,CCCCCN(C)Cc1cc(C(=O)O)ccc1NC(=O)c1cc2cc(F)cc(NC)c2[nH]c1=O,O=C(Nc1ccccc1)c1cc2ccccc2[nH]c1=O,468.5290000000002,4.281400000000001,5,4,True,9.68
CHEMBL6092076,Cc1[nH]c(C(=O)Nc2ccc(-c3noc(=O)[nH]3)cc2N2CCC(N)CC2)c(Cl)c1Cl.Cl,9.6,IC50,0.253,CHEMBL2094139,E. coli complex,Gyr,Cc1[nH]c(C(=O)Nc2ccc(-c3noc(=O)[nH]3)cc2N2CCC(N)CC2)c(Cl)c1Cl.Cl,O=C(Nc1ccc(-c2noc(=O)[nH]2)cc1N1CCCCC1)c1ccc[nH]1,487.77500000000026,3.574820000000002,6,4,True,9.6
CHEMBL4784687,CNc1cc(F)cc2cc(C(=O)Nc3ccc(C(=O)O)cc3CNC3CCCCC3)c(=O)[nH]c12.O=C(O)C(F)(F)F,9.59,IC50,0.26,CHEMBL2094139,E. coli complex,Gyr,CNc1cc(F)cc2cc(C(=O)Nc3ccc(C(=O)O)cc3CNC3CCCCC3)c(=O)[nH]c12.O=C(O)C(F)(F)F,O=C(Nc1ccccc1CNC1CCCCC1)c1cc2ccccc2[nH]c1=O,580.5350000000005,4.7150000000000025,6,6,True,9.59
CHEMBL3357980,Cc1noc2c(F)c3c(cc12)CC1(C(=O)NC(=O)NC1=O)[C@H]1[C@H](C)O[C@H](C)CN31,9.54,IC50,0.29,CHEMBL2094139,E. coli complex,Gyr,Cc1noc2c(F)c3c(cc12)CC1(C(=O)NC(=O)NC1=O)[C@H]1[C@H](C)O[C@H](C)CN31,O=C1NC(=O)C2(Cc3cc4cnoc4cc3N3CCOCC32)C(=O)N1,402.3820000000001,1.1660199999999994,7,2,True,9.54
CHEMBL4758336,CNc1cc(F)cc2cc(C(=O)Nc3ccc(C(=O)O)cc3CN(CCO)C3CCCCC3)c(=O)[nH]c12.Cl,9.54,IC50,0.29,CHEMBL2094139,E. coli complex,Gyr,CNc1cc(F)cc2cc(C(=O)Nc3ccc(C(=O)O)cc3CN(CCO)C3CCCCC3)c(=O)[nH]c12.Cl,O=C(Nc1ccccc1CNC1CCCCC1)c1cc2ccccc2[nH]c1=O,547.0270000000005,4.208200000000003,6,5,True,9.54
CHEMBL4743844,CNc1cc(F)cc2cc(C(=O)Nc3ccc(C(=O)O)cc3CN3CCCCC3)c(=O)[nH]c12,9.51,IC50,0.31,CHEMBL2094139,E. coli complex,Gyr,CNc1cc(F)cc2cc(C(=O)Nc3ccc(C(=O)O)cc3CN3CCCCC3)c(=O)[nH]c12,O=C(Nc1ccccc1CN1CCCCC1)c1cc2ccccc2[nH]c1=O,452.4860000000004,3.6453000000000015,5,4,True,9.51
CHEMBL4764566,CNc1cc(F)cc2cc(C(=O)Nc3ccc(C(=O)O)cc3)c(=O)[nH]c12,9.44,IC50,0.36,CHEMBL2094139,E. coli complex,Gyr,CNc1cc(F)cc2cc(C(=O)Nc3ccc(C(=O)O)cc3)c(=O)[nH]c12,O=C(Nc1ccccc1)c1cc2ccccc2[nH]c1=O,355.3250000000001,2.6593999999999998,4,4,True,9.44
CHEMBL3357561,Cc1noc2c(F)c3c(cc12)CC1(C(=O)NC(=O)NC1=O)C1C(C)OC(C)CN31,9.42,IC50,0.38,CHEMBL2094139,E. coli complex,Gyr,Cc1noc2c(F)c3c(cc12)CC1(C(=O)NC(=O)NC1=O)C1C(C)OC(C)CN31,O=C1NC(=O)C2(Cc3cc4cnoc4cc3N3CCOCC32)C(=O)N1,402.3820000000001,1.1660199999999994,7,2,True,9.42
CHEMBL4776319,CNc1cc(F)cc2cc(C(=O)Nc3ccc(C(=O)NS(=O)(=O)N(C)C)cc3)c(=O)[nH]c12,9.37,IC50,0.43,CHEMBL2094139,E. coli complex,Gyr,CNc1cc(F)cc2cc(C(=O)Nc3ccc(C(=O)NS(=O)(=O)N(C)C)cc3)c(=O)[nH]c12,O=C(Nc1ccccc1)c1cc2ccccc2[nH]c1=O,461.4750000000002,1.4973999999999994,6,4,True,9.37
CHEMBL4779288,CNc1cc(F)cc2cc(C(=O)Nc3ccc(C(=O)O)cc3CN(C)C3CCCCC3)c(=O)[nH]c12.Cl,9.28,IC50,0.53,CHEMBL2094139,E. coli complex,Gyr,CNc1cc(F)cc2cc(C(=O)Nc3ccc(C(=O)O)cc3CN(C)C3CCCCC3)c(=O)[nH]c12.Cl,O=C(Nc1ccccc1CNC1CCCCC1)c1cc2ccccc2[nH]c1=O,517.0010000000004,4.8457000000000034,5,4,True,9.28
CHEMBL4798551,CNc1cc(F)cc2c(NCCCN)c(C(=O)Nc3ccc(C(=O)O)cc3)c(=O)[nH]c12.O=CO,9.28,IC50,0.52,CHEMBL2094139,E. coli complex,Gyr,CNc1cc(F)cc2c(NCCCN)c(C(=O)Nc3ccc(C(=O)O)cc3)c(=O)[nH]c12.O=CO,O=C(Nc1ccccc1)c1cc2ccccc2[nH]c1=O,473.4610000000002,2.1209,7,7,True,9.28
CHEMBL4757030,CNc1cc(F)cc2cc(C(=O)Nc3ccc(C(=O)O)cc3CN(CC(=O)O)C3CCCCC3)c(=O)[nH]c12,9.24,IC50,0.57,CHEMBL2094139,E. coli complex,Gyr,CNc1cc(F)cc2cc(C(=O)Nc3ccc(C(=O)O)cc3CN(CC(=O)O)C3CCCCC3)c(=O)[nH]c12,O=C(Nc1ccccc1CNC1CCCCC1)c1cc2ccccc2[nH]c1=O,524.5490000000004,3.878700000000002,6,5,True,9.24
CHEMBL4762067,CNc1cc(F)cc2cc(C(=O)Nc3ccc(C(=O)O)cc3CN(C)C3CC3)c(=O)[nH]c12,9.22,IC50,0.6,CHEMBL2094139,E. coli complex,Gyr,CNc1cc(F)cc2cc(C(=O)Nc3ccc(C(=O)O)cc3CN(C)C3CC3)c(=O)[nH]c12,O=C(Nc1ccccc1CNC1CC1)c1cc2ccccc2[nH]c1=O,438.4590000000003,3.2536000000000014,5,4,True,9.22
CHEMBL4764515,CNc1cc(F)cc2c(NCC3CNC3)c(C(=O)Nc3ccc(C(=O)O)cc3)c(=O)[nH]c12.O=CO,9.18,IC50,0.66,CHEMBL2094139,E. coli complex,Gyr,CNc1cc(F)cc2c(NCC3CNC3)c(C(=O)Nc3ccc(C(=O)O)cc3)c(=O)[nH]c12.O=CO,O=C(Nc1ccccc1)c1c(NCC2CNC2)c2ccccc2[nH]c1=O,485.47200000000015,1.9914999999999996,7,7,True,9.18
CHEMBL4798088,CCCCCN(CCCCC)Cc1cc(C(=O)O)ccc1NC(=O)c1cc2cc(F)cc(NC)c2[nH]c1=O,9.1,IC50,0.8,CHEMBL2094139,E. coli complex,Gyr,CCCCCN(CCCCC)Cc1cc(C(=O)O)ccc1NC(=O)c1cc2cc(F)cc(NC)c2[nH]c1=O,O=C(Nc1ccccc1)c1cc2ccccc2[nH]c1=O,524.6370000000002,5.841800000000004,5,4,True,9.1
CHEMBL4854181,Cc1[nH]c(C(=O)Nc2nc3c(OCc4ccccc4)cc(C(=O)O)cc3s2)c(Cl)c1Cl,9.1,IC50,0.8,CHEMBL2094139,E. coli complex,Gyr,Cc1[nH]c(C(=O)Nc2nc3c(OCc4ccccc4)cc(C(=O)O)cc3s2)c(Cl)c1Cl,O=C(Nc1nc2c(OCc3ccccc3)cccc2s1)c1ccc[nH]1,476.34100000000024,5.769120000000003,5,3,True,9.1
CHEMBL4776836,CNc1cc(F)cc2c(NCCN)c(C(=O)Nc3ccc(C(=O)O)cc3)c(=O)[nH]c12.O=CO,9.03,IC50,0.94,CHEMBL2094139,E. coli complex,Gyr,CNc1cc(F)cc2c(NCCN)c(C(=O)Nc3ccc(C(=O)O)cc3)c(=O)[nH]c12.O=CO,O=C(Nc1ccccc1)c1cc2ccccc2[nH]c1=O,459.43400000000014,1.7308000000000001,7,7,True,9.03
CHEMBL4763869,CNc1cc(F)cc2cc(C(=O)Nc3cnc(C(=O)O)nc3)c(=O)[nH]c12,9.02,IC50,0.95,CHEMBL2094139,E. coli complex,Gyr,CNc1cc(F)cc2cc(C(=O)Nc3cnc(C(=O)O)nc3)c(=O)[nH]c12,O=C(Nc1cncnc1)c1cc2ccccc2[nH]c1=O,357.3010000000001,1.4493999999999996,6,4,True,9.02
CHEMBL4744156,CNc1cc(F)cc2c(O)c(C(=O)Nc3ccc(C(=O)O)cc3)c(=O)[nH]c12,8.96,IC50,1.1,CHEMBL2094139,E. coli complex,Gyr,CNc1cc(F)cc2c(O)c(C(=O)Nc3ccc(C(=O)O)cc3)c(=O)[nH]c12,O=C(Nc1ccccc1)c1cc2ccccc2[nH]c1=O,371.3240000000001,2.3649999999999993,5,5,True,8.96
CHEMBL4741723,CNc1cc(F)cc2c(NCC3CCNCC3)c(C(=O)Nc3ccc(C(=O)O)cc3)c(=O)[nH]c12.O=CO,8.88,IC50,1.31,CHEMBL2094139,E. coli complex,Gyr,CNc1cc(F)cc2c(NCC3CCNCC3)c(C(=O)Nc3ccc(C(=O)O)cc3)c(=O)[nH]c12.O=CO,O=C(Nc1ccccc1)c1c(NCC2CCNCC2)c2ccccc2[nH]c1=O,513.5260000000002,2.7717,7,7,True,8.88
CHEMBL4755340,CNc1cc(F)cc2cc(C(=O)Nc3ccc(CO)cc3CN(CCO)C3CCCCC3)c(=O)[nH]c12,8.8,IC50,1.6,CHEMBL2094139,E. coli complex,Gyr,CNc1cc(F)cc2cc(C(=O)Nc3ccc(CO)cc3CN(CCO)C3CCCCC3)c(=O)[nH]c12,O=C(Nc1ccccc1CNC1CCCCC1)c1cc2ccccc2[nH]c1=O,496.5830000000004,3.5805000000000016,6,5,True,8.8
CHEMBL4776589,CNc1cccc2cc(C(=O)Nc3ccc(C(=O)O)cc3)c(=O)[nH]c12,8.76,IC50,1.72,CHEMBL2094139,E. coli complex,Gyr,CNc1cccc2cc(C(=O)Nc3ccc(C(=O)O)cc3)c(=O)[nH]c12,O=C(Nc1ccccc1)c1cc2ccccc2[nH]c1=O,337.33500000000004,2.5202999999999998,4,4,True,8.76
CHEMBL4755858,CNc1cc(F)cc2cc(C(=O)Nc3ccc(CO)cc3CN(C)C3CCCCC3)c(=O)[nH]c12,8.72,IC50,1.92,CHEMBL2094139,E. coli complex,Gyr,CNc1cc(F)cc2cc(C(=O)Nc3ccc(CO)cc3CN(C)C3CCCCC3)c(=O)[nH]c12,O=C(Nc1ccccc1CNC1CCCCC1)c1cc2ccccc2[nH]c1=O,466.55700000000036,4.218000000000003,5,4,True,8.72
CHEMBL4740347,CNc1cc(F)cc2cc(C(=O)Nc3ccc(C(=O)O)c(O)c3)c(=O)[nH]c12,8.69,IC50,2.05,CHEMBL2094139,E. coli complex,Gyr,CNc1cc(F)cc2cc(C(=O)Nc3ccc(C(=O)O)c(O)c3)c(=O)[nH]c12,O=C(Nc1ccccc1)c1cc2ccccc2[nH]c1=O,371.3240000000001,2.3649999999999993,5,5,True,8.69
CHEMBL4779138,CNCCNc1c(C(=O)Nc2ccc(C(=O)O)cc2)c(=O)[nH]c2c(NC)cc(F)cc12.O=CO,8.68,IC50,2.09,CHEMBL2094139,E. coli complex,Gyr,CNCCNc1c(C(=O)Nc2ccc(C(=O)O)cc2)c(=O)[nH]c2c(NC)cc(F)cc12.O=CO,O=C(Nc1ccccc1)c1cc2ccccc2[nH]c1=O,473.4610000000001,1.9914999999999992,7,7,True,8.68
CHEMBL4792659,CNc1cc(F)cc2c(NCC3(N)CCC3)c(C(=O)Nc3ccc(C(=O)O)cc3)c(=O)[nH]c12.O=CO,8.67,IC50,2.15,CHEMBL2094139,E. coli complex,Gyr,CNc1cc(F)cc2c(NCC3(N)CCC3)c(C(=O)Nc3ccc(C(=O)O)cc3)c(=O)[nH]c12.O=CO,O=C(Nc1ccccc1)c1c(NCC2CCC2)c2ccccc2[nH]c1=O,499.49900000000014,2.6535,7,7,True,8.67
CHEMBL6074536,Cc1[nH]c(C(=O)Nc2ccc(-c3nnn[nH]3)cc2N2CCCC(CN)C2)c(Cl)c1Cl.Cl,8.67,IC50,2.16,CHEMBL2094139,E. coli complex,Gyr,Cc1[nH]c(C(=O)Nc2ccc(-c3nnn[nH]3)cc2N2CCCC(CN)C2)c(Cl)c1Cl.Cl,O=C(Nc1ccc(-c2nnn[nH]2)cc1N1CCCCC1)c1ccc[nH]1,485.8070000000003,3.6592200000000026,6,4,True,8.67
CHEMBL4743542,CNc1cc(F)cc2cc(C(=O)Nc3ccc(C(N)=O)cc3CN(C)C3CCCCC3)c(=O)[nH]c12,8.61,IC50,2.48,CHEMBL2094139,E. coli complex,Gyr,CNc1cc(F)cc2cc(C(=O)Nc3ccc(C(N)=O)cc3CN(C)C3CCCCC3)c(=O)[nH]c12,O=C(Nc1ccccc1CNC1CCCCC1)c1cc2ccccc2[nH]c1=O,479.55600000000044,3.824600000000002,5,4,True,8.61
CHEMBL6102513,Cc1[nH]c(C(=O)Nc2ccc(-c3noc(=O)[nH]3)cc2N2CCCC(N)C2)c(Cl)c1Cl.Cl,8.6,IC50,2.49,CHEMBL2094139,E. coli complex,Gyr,Cc1[nH]c(C(=O)Nc2ccc(-c3noc(=O)[nH]3)cc2N2CCCC(N)C2)c(Cl)c1Cl.Cl,O=C(Nc1ccc(-c2noc(=O)[nH]2)cc1N1CCCCC1)c1ccc[nH]1,487.77500000000026,3.574820000000002,6,4,True,8.6
CHEMBL4744595,CNc1cc(F)cc2c(N[C@H]3C[C@@H](N)C3)c(C(=O)Nc3ccc(C(=O)O)cc3)c(=O)[nH]c12.O=CO,8.57,IC50,2.66,CHEMBL2094139,E. coli complex,Gyr,CNc1cc(F)cc2c(N[C@H]3C[C@@H](N)C3)c(C(=O)Nc3ccc(C(=O)O)cc3)c(=O)[nH]c12.O=CO,O=C(Nc1ccccc1)c1c(NC2CCC2)c2ccccc2[nH]c1=O,485.47200000000015,2.2618,7,7,True,8.57
CHEMBL4740882,CNc1cc(F)cc2c(O)c(C(=O)Nc3ccc(C(=O)NS(=O)(=O)N(C)C)cc3)c(=O)[nH]c12,8.57,IC50,2.66,CHEMBL2094139,E. coli complex,Gyr,CNc1cc(F)cc2c(O)c(C(=O)Nc3ccc(C(=O)NS(=O)(=O)N(C)C)cc3)c(=O)[nH]c12,O=C(Nc1ccccc1)c1cc2ccccc2[nH]c1=O,477.4740000000002,1.2029999999999998,7,5,True,8.57
CHEMBL6074545,Cc1[nH]c(C(=O)Nc2ccc(-c3noc(=O)[nH]3)cc2N2CCCC(CN)C2)c(Cl)c1Cl.Cl,8.5,IC50,3.19,CHEMBL2094139,E. coli complex,Gyr,Cc1[nH]c(C(=O)Nc2ccc(-c3noc(=O)[nH]3)cc2N2CCCC(CN)C2)c(Cl)c1Cl.Cl,O=C(Nc1ccc(-c2noc(=O)[nH]2)cc1N1CCCCC1)c1ccc[nH]1,501.8020000000003,3.8224200000000024,6,4,True,8.5
CHEMBL4755574,CNc1cc(F)cc2cc(C(=O)Nc3ccc(C(=O)O)cc3CN(CCN)C3CCCCC3)c(=O)[nH]c12.O=C(O)C(F)(F)F,8.43,IC50,3.68,CHEMBL2094139,E. coli complex,Gyr,CNc1cc(F)cc2cc(C(=O)Nc3ccc(C(=O)O)cc3CN(CCN)C3CCCCC3)c(=O)[nH]c12.O=C(O)C(F)(F)F,O=C(Nc1ccccc1CNC1CCCCC1)c1cc2ccccc2[nH]c1=O,623.6040000000006,4.386100000000002,7,6,True,8.43
CHEMBL6082883,Cc1[nH]c(C(=O)Nc2ccc(-n3nn[nH]c3=O)cc2N2CCC(N)CC2)c(Cl)c1Cl.Cl,8.4,IC50,3.96,CHEMBL2094139,E. coli complex,Gyr,Cc1[nH]c(C(=O)Nc2ccc(-n3nn[nH]c3=O)cc2N2CCC(N)CC2)c(Cl)c1Cl.Cl,O=C(Nc1ccc(-n2nn[nH]c2=O)cc1N1CCCCC1)c1ccc[nH]1,487.7790000000003,2.5005200000000003,6,4,True,8.4
CHEMBL3094350,CCNC(=O)Nc1nc2cc(-c3cnc(N4CCC(C)(C(=O)O)CC4)nc3)cc(-c3ccccn3)c2s1,8.39,IC50,4.1,CHEMBL2094139,E. coli complex,Gyr,CCNC(=O)Nc1nc2cc(-c3cnc(N4CCC(C)(C(=O)O)CC4)nc3)cc(-c3ccccn3)c2s1,c1ccc(-c2cc(-c3cnc(N4CCCCC4)nc3)cc3ncsc23)nc1,517.6150000000002,4.647800000000004,8,3,True,8.39
CHEMBL4746606,CNc1cc(F)cc2c(O)c(C(=O)Nc3ccc(C(=O)NS(=O)(=O)N(C)C)cc3CN3CCCCC3)c(=O)[nH]c12,8.35,IC50,4.44,CHEMBL2094139,E. coli complex,Gyr,CNc1cc(F)cc2c(O)c(C(=O)Nc3ccc(C(=O)NS(=O)(=O)N(C)C)cc3CN3CCCCC3)c(=O)[nH]c12,O=C(Nc1ccccc1CN1CCCCC1)c1cc2ccccc2[nH]c1=O,574.6350000000003,2.1889,8,5,True,8.35
CHEMBL4752708,Cc1[nH]c(C(=O)Nc2nc3ccc(NC(=O)C(=O)O)cc3s2)c(Cl)c1Cl,8.32,IC50,4.8,CHEMBL2094139,E. coli complex,Gyr,Cc1[nH]c(C(=O)Nc2nc3ccc(NC(=O)C(=O)O)cc3s2)c(Cl)c1Cl,O=C(Nc1nc2ccccc2s1)c1ccc[nH]1,413.2420000000001,3.5150200000000007,5,4,True,8.32
CHEMBL5287867,Nc1nc(=S)[nH]c2c1C(c1ccc(Cl)cc1)C=C(c1cc3ccccc3oc1=O)O2,8.31,IC50,4.91,CHEMBL2094139,E. coli complex,Gyr,Nc1nc(=S)[nH]c2c1C(c1ccc(Cl)cc1)C=C(c1cc3ccccc3oc1=O)O2,O=c1oc2ccccc2cc1C1=CC(c2ccccc2)c2cnc(=S)[nH]c2O1,435.8920000000002,5.046590000000003,6,2,True,8.31
CHEMBL6078012,Cc1[nH]c(C(=O)Nc2ccc(-n3nn[nH]c3=O)cc2N2CC[C@H](N)C2)c(Cl)c1Cl.Cl,8.31,IC50,4.9,CHEMBL2094139,E. coli complex,Gyr,Cc1[nH]c(C(=O)Nc2ccc(-n3nn[nH]c3=O)cc2N2CC[C@H](N)C2)c(Cl)c1Cl.Cl,O=C(Nc1ccc(-n2nn[nH]c2=O)cc1N1CCCC1)c1ccc[nH]1,473.75200000000024,2.11042,6,4,True,8.31
CHEMBL3356986,CCNC(=O)Nc1nc2cc(-c3cncc(F)c3)cc(-c3ncccn3)c2[nH]1,8.3,Ki,5.0,CHEMBL2094139,E. coli complex,Gyr,CCNC(=O)Nc1nc2cc(-c3cncc(F)c3)cc(-c3ncccn3)c2[nH]1,c1cnc(-c2cc(-c3cccnc3)cc3nc[nH]c23)nc1,377.3830000000001,3.362400000000001,5,3,True,8.3
CHEMBL222333,CCNC(=O)Nc1nc2cc(-c3cccnc3)cc(-c3ncccc3F)c2[nH]1,8.22,Ki,6.0,CHEMBL2094139,E. coli complex,Gyr,CCNC(=O)Nc1nc2cc(-c3cccnc3)cc(-c3ncccc3F)c2[nH]1,c1ccc(-c2cc(-c3cccnc3)cc3nc[nH]c23)nc1,376.3950000000001,3.9674000000000014,4,3,True,8.22
CHEMBL6101837,Cc1[nH]c(C(=O)Nc2ccc(-c3noc(=O)[nH]3)cc2N2CCNCC2)c(Cl)c1Cl.Cl,8.22,IC50,6.07,CHEMBL2094139,E. coli complex,Gyr,Cc1[nH]c(C(=O)Nc2ccc(-c3noc(=O)[nH]3)cc2N2CCNCC2)c(Cl)c1Cl.Cl,O=C(Nc1ccc(-c2noc(=O)[nH]2)cc1N1CCNCC1)c1ccc[nH]1,473.7480000000002,3.056920000000001,6,4,True,8.22
CHEMBL4742654,CNc1cc(F)cc2cc(C(=O)Nc3ccc(C(=O)N(C)CCN4CCOCC4)cc3)c(=O)[nH]c12,8.2,IC50,6.36,CHEMBL2094139,E. coli complex,Gyr,CNc1cc(F)cc2cc(C(=O)Nc3ccc(C(=O)N(C)CCN4CCOCC4)cc3)c(=O)[nH]c12,O=C(NCCN1CCOCC1)c1ccc(NC(=O)c2cc3ccccc3[nH]c2=O)cc1,481.5280000000004,2.3653999999999993,6,3,True,8.2
CHEMBL6078146,Cc1[nH]c(C(=O)Nc2ccc(-c3noc(=O)[nH]3)cc2N2CCC(NC(=O)OC(C)(C)C)CC2)c(Cl)c1Cl,8.17,IC50,6.7,CHEMBL2094139,E. coli complex,Gyr,Cc1[nH]c(C(=O)Nc2ccc(-c3noc(=O)[nH]3)cc2N2CCC(NC(=O)OC(C)(C)C)CC2)c(Cl)c1Cl,O=C(Nc1ccc(-c2noc(=O)[nH]2)cc1N1CCCCC1)c1ccc[nH]1,551.4310000000003,4.719020000000004,7,4,True,8.17
CHEMBL4795890,Cc1[nH]c(C(=O)Nc2ccc(C(=O)N[C@H](C)C(=O)O)cc2OC2CCNCC2)c(Cl)c1Cl.Cl,8.16,IC50,6.9,CHEMBL2094139,E. coli complex,Gyr,Cc1[nH]c(C(=O)Nc2ccc(C(=O)N[C@H](C)C(=O)O)cc2OC2CCNCC2)c(Cl)c1Cl.Cl,O=C(Nc1ccccc1OC1CCNCC1)c1ccc[nH]1,519.8130000000003,3.637720000000002,5,5,True,8.16
CHEMBL6078423,Cc1[nH]c(C(=O)Nc2ccc(-c3noc(=O)[nH]3)cc2NC2CCN(C(=O)OC(C)(C)C)CC2)c(Cl)c1Cl,8.16,IC50,6.92,CHEMBL2094139,E. coli complex,Gyr,Cc1[nH]c(C(=O)Nc2ccc(-c3noc(=O)[nH]3)cc2NC2CCN(C(=O)OC(C)(C)C)CC2)c(Cl)c1Cl,O=C(Nc1ccc(-c2noc(=O)[nH]2)cc1NC1CCNCC1)c1ccc[nH]1,551.4310000000003,5.036920000000004,7,4,True,8.16
CHEMBL487663,CCNC(=O)Nc1nc2cc(-c3cccnc3)cc(-c3ccccn3)c2[nH]1,8.15,Ki,7.0,CHEMBL3038482,S. aureus complex,Gyr,CCNC(=O)Nc1nc2cc(-c3cccnc3)cc(-c3ccccn3)c2[nH]1,c1ccc(-c2cc(-c3cccnc3)cc3nc[nH]c23)nc1,358.4050000000001,3.8283000000000014,4,3,True,8.15
CHEMBL4798676,CNc1cc(F)cc2cc(C(=O)Nc3ccc(C(=O)NCCN4CCOCC4)cc3)c(=O)[nH]c12,8.14,IC50,7.29,CHEMBL2094139,E. coli complex,Gyr,CNc1cc(F)cc2cc(C(=O)Nc3ccc(C(=O)NCCN4CCOCC4)cc3)c(=O)[nH]c12,O=C(NCCN1CCOCC1)c1ccc(NC(=O)c2cc3ccccc3[nH]c2=O)cc1,467.5010000000004,2.023199999999999,6,4,True,8.14
CHEMBL4749549,CNc1cc(F)cc2c(O)c(C(=O)Nc3ccc(C(=O)O)cc3CN3CCCCC3)c(=O)[nH]c12.O=C(O)C(F)(F)F,8.12,IC50,7.53,CHEMBL2094139,E. coli complex,Gyr,CNc1cc(F)cc2c(O)c(C(=O)Nc3ccc(C(=O)O)cc3CN3CCCCC3)c(=O)[nH]c12.O=C(O)C(F)(F)F,O=C(Nc1ccccc1CN1CCCCC1)c1cc2ccccc2[nH]c1=O,582.5070000000006,3.984200000000002,7,6,True,8.12
CHEMBL6078265,Cc1[nH]c(C(=O)Nc2ccc(-n3nn[nH]c3=O)cc2N2CCN(c3ccccc3)CC2)c(Cl)c1Cl,8.11,IC50,7.8,CHEMBL2094139,E. coli complex,Gyr,Cc1[nH]c(C(=O)Nc2ccc(-n3nn[nH]c3=O)cc2N2CCN(c3ccccc3)CC2)c(Cl)c1Cl,O=C(Nc1ccc(-n2nn[nH]c2=O)cc1N1CCN(c2ccccc2)CC1)c1ccc[nH]1,513.3890000000004,3.477820000000002,6,3,True,8.11
CHEMBL487851,CCNC(=O)Nc1nc2cc(-c3cccnc3)cc(C(=O)OC)c2[nH]1,8.1,Ki,8.0,CHEMBL3038482,S. aureus complex,Gyr,CCNC(=O)Nc1nc2cc(-c3cccnc3)cc(C(=O)OC)c2[nH]1,c1cncc(-c2ccc3[nH]cnc3c2)c1,339.35500000000013,2.5529,5,3,True,8.1
CHEMBL5268060,C=C1CC[C@@H](O[C@H]2C[C@@](O)([C@H](C)NC(=O)c3[nH]cc(Cl)c3Cl)[C@H](O)[C@@H](C)O2)[C@@H]2CC[C@H](C)[C@H](/C(O)=C3\C(=O)[C@H](C(C)C)N([C@@H]4O[C@@H](C)[C@@H](OC(N)=O)[C@@H](OC(C)=O)[C@H]4OC)C3=O)[C@@H]12,8.05,IC50,9.0,CHEMBL2094139,E. coli complex,Gyr,C=C1CC[C@@H](O[C@H]2C[C@@](O)([C@H](C)NC(=O)c3[nH]cc(Cl)c3Cl)[C@H](O)[C@@H](C)O2)[C@@H]2CC[C@H](C)[C@H](/C(O)=C3\C(=O)[C@H](C(C)C)N([C@@H]4O[C@@H](C)[C@@H](OC(N)=O)[C@@H](OC(C)=O)[C@H]4OC)C3=O)[C@@H]12,C=C1CCC(OC2CC(CNC(=O)c3ccc[nH]3)CCO2)C2CCCC(C=C3C(=O)CN(C4CCCCO4)C3=O)C12,927.8730000000002,4.083800000000004,14,6,True,8.05
CHEMBL2205318,C=C1CC[C@@H](O[C@H]2C[C@@](O)([C@H](C)NC(=O)c3[nH]c(C)c(Cl)c3Cl)[C@H](O)[C@@H](C)O2)[C@@H]2C=C[C@H](C)C(/C(O)=C3\C(=O)[C@H](C(C)C)N([C@H]4O[C@H](C)[C@H](OC(N)=O)[C@H](OC(C)=O)[C@@H]4OC)C3=O)[C@@H]12,8.05,IC50,9.0,CHEMBL3038482,S. aureus complex,Gyr,C=C1CC[C@@H](O[C@H]2C[C@@](O)([C@H](C)NC(=O)c3[nH]c(C)c(Cl)c3Cl)[C@H](O)[C@@H](C)O2)[C@@H]2C=C[C@H](C)C(/C(O)=C3\C(=O)[C@H](C(C)C)N([C@H]4O[C@H](C)[C@H](OC(N)=O)[C@H](OC(C)=O)[C@@H]4OC)C3=O)[C@@H]12,C=C1CCC(OC2CC(CNC(=O)c3ccc[nH]3)CCO2)C2C=CCC(C=C3C(=O)CN(C4CCCCO4)C3=O)C12,939.884,4.168220000000004,14,6,True,8.05
CHEMBL4798476,CNc1cc(F)cc2cc(C(=O)Nc3ccc(C(=O)NCCN)cc3)c(=O)[nH]c12.Cl,8.03,IC50,9.4,CHEMBL2094139,E. coli complex,Gyr,CNc1cc(F)cc2cc(C(=O)Nc3ccc(C(=O)NCCN)cc3)c(=O)[nH]c12.Cl,O=C(Nc1ccccc1)c1cc2ccccc2[nH]c1=O,433.87100000000015,2.0715,5,5,True,8.03
CHEMBL4792402,CC(=O)Nc1ccc2nc(NC(=O)c3[nH]c(C)c(Cl)c3Cl)sc2c1,8.02,IC50,9.5,CHEMBL2094139,E. coli complex,Gyr,CC(=O)Nc1ccc2nc(NC(=O)c3[nH]c(C)c(Cl)c3Cl)sc2c1,O=C(Nc1nc2ccccc2s1)c1ccc[nH]1,383.26000000000005,4.450320000000001,4,3,True,8.02
CHEMBL6108958,Cc1[nH]c(C(=O)Nc2ccc(-c3noc(=O)[nH]3)cc2NC2CCNCC2)c(Cl)c1Cl.Cl,8.02,IC50,9.66,CHEMBL2094139,E. coli complex,Gyr,Cc1[nH]c(C(=O)Nc2ccc(-c3noc(=O)[nH]3)cc2NC2CCNCC2)c(Cl)c1Cl.Cl,O=C(Nc1ccc(-c2noc(=O)[nH]2)cc1NC1CCNCC1)c1ccc[nH]1,487.77500000000015,3.811220000000002,6,5,True,8.02
CHEMBL4752072,Cc1[nH]c(C(=O)Nc2ccc(C(=O)N[C@@H](C)C(=O)O)cc2OC2CCNCC2)c(Cl)c1Cl.Cl,8.0,IC50,9.9,CHEMBL2094139,E. coli complex,Gyr,Cc1[nH]c(C(=O)Nc2ccc(C(=O)N[C@@H](C)C(=O)O)cc2OC2CCNCC2)c(Cl)c1Cl.Cl,O=C(Nc1ccccc1OC1CCNCC1)c1ccc[nH]1,519.8130000000003,3.637720000000002,5,5,True,8.0
CHEMBL486832,CCNC(=O)Nc1nc2cc(-n3cnc(C(=O)NC4CC4)c3)cc(-n3cccn3)c2[nH]1,8.0,Ki,10.0,CHEMBL3038482,S. aureus complex,Gyr,CCNC(=O)Nc1nc2cc(-n3cnc(C(=O)NC4CC4)c3)cc(-n3cccn3)c2[nH]1,O=C(NC1CC1)c1cn(-c2cc(-n3cccn3)c3[nH]cnc3c2)cn1,419.4490000000002,1.9679,5,4,True,8.0
CHEMBL471319,CCNC(=O)Nc1nc2cc(-n3cnc(C(=O)NC4CC4)c3)c(F)cc2[nH]1,8.0,Ki,10.0,CHEMBL3038482,S. aureus complex,Gyr,CCNC(=O)Nc1nc2cc(-n3cnc(C(=O)NC4CC4)c3)c(F)cc2[nH]1,O=C(NC1CC1)c1cn(-c2ccc3[nH]cnc3c2)cn1,371.37600000000015,1.9213,4,4,True,8.0
CHEMBL4863169,Cc1[nH]c(C(=O)Nc2nc3ccc(C(N)=O)cc3s2)c(Cl)c1Cl,7.96,IC50,11.0,CHEMBL2094139,E. coli complex,Gyr,Cc1[nH]c(C(=O)Nc2nc3ccc(C(N)=O)cc3s2)c(Cl)c1Cl,O=C(Nc1nc2ccccc2s1)c1ccc[nH]1,369.23300000000006,3.590820000000001,4,3,True,7.96
CHEMBL4868407,Cc1[nH]c(C(=O)Nc2nc3c(OCc4ccccc4)cc(C(N)=O)cc3s2)c(Cl)c1Cl,7.96,IC50,11.0,CHEMBL2094139,E. coli complex,Gyr,Cc1[nH]c(C(=O)Nc2nc3c(OCc4ccccc4)cc(C(N)=O)cc3s2)c(Cl)c1Cl,O=C(Nc1nc2c(OCc3ccccc3)cccc2s1)c1ccc[nH]1,475.3570000000002,5.169820000000002,5,3,True,7.96
CHEMBL5267495,C=C1CC[C@@H](O[C@H]2C[C@@](O)([C@H](C)NC(=O)c3[nH]c(C)c(Cl)c3Cl)[C@H](O)[C@@H](C)O2)[C@@H]2CC[C@H](C)[C@H](/C(O)=C3\C(=O)[C@H](C(C)C)N([C@@H]4O[C@@H](C)[C@@H](OC(N)=O)[C@@H](OC(C)=O)[C@H]4OC)C3=O)[C@@H]12,7.96,IC50,11.0,CHEMBL2094139,E. coli complex,Gyr,C=C1CC[C@@H](O[C@H]2C[C@@](O)([C@H](C)NC(=O)c3[nH]c(C)c(Cl)c3Cl)[C@H](O)[C@@H](C)O2)[C@@H]2CC[C@H](C)[C@H](/C(O)=C3\C(=O)[C@H](C(C)C)N([C@@H]4O[C@@H](C)[C@@H](OC(N)=O)[C@@H](OC(C)=O)[C@H]4OC)C3=O)[C@@H]12,C=C1CCC(OC2CC(CNC(=O)c3ccc[nH]3)CCO2)C2CCCC(C=C3C(=O)CN(C4CCCCO4)C3=O)C12,941.9000000000001,4.3922200000000045,14,6,True,7.96
CHEMBL6123382,CC(C)C(=O)c1c2c(c(OCCN3CCCC3)c3c1OC1=C(C(=O)C(C)(C)C(=O)C1(C)C)[C@@H]3C(C)C)[C@H](C(C)C)C1=C(O2)C(C)(C)C(=O)C(C)(C)C1=O,7.96,IC50,11.0,CHEMBL2094139,E. coli complex,Gyr,CC(C)C(=O)c1c2c(c(OCCN3CCCC3)c3c1OC1=C(C(=O)C(C)(C)C(=O)C1(C)C)[C@@H]3C(C)C)[C@H](C(C)C)C1=C(O2)C(C)(C)C(=O)C(C)(C)C1=O,O=C1CC(=O)C2=C(C1)Oc1cc3c(c(OCCN4CCCC4)c1C2)CC1=C(CC(=O)CC1=O)O3,729.955,8.18050000000001,9,0,True,7.96
CHEMBL4857352,O=C(O)c1ccc2nc(NC(=O)c3cc(Br)c(Br)[nH]3)sc2c1,7.92,IC50,12.0,CHEMBL2094139,E. coli complex,Gyr,O=C(O)c1ccc2nc(NC(=O)c3cc(Br)c(Br)[nH]3)sc2c1,O=C(Nc1nc2ccccc2s1)c1ccc[nH]1,445.092,4.099900000000001,4,3,True,7.92
CHEMBL519397,CCNC(=O)Nc1nc2cc(-n3cnc(C(=O)NC4CC4)c3)cc(-c3ccccn3)c2[nH]1,7.92,Ki,12.0,CHEMBL3038482,S. aureus complex,Gyr,CCNC(=O)Nc1nc2cc(-n3cnc(C(=O)NC4CC4)c3)cc(-c3ccccn3)c2[nH]1,O=C(NC1CC1)c1cn(-c2cc(-c3ccccn3)c3[nH]cnc3c2)cn1,430.4720000000002,2.8442000000000007,5,4,True,7.92
CHEMBL6078424,Cc1[nH]c(C(=O)Nc2ccc(-c3noc(=O)[nH]3)cc2N2CCCC2)c(Cl)c1Cl,7.9,IC50,12.6,CHEMBL2094139,E. coli complex,Gyr,Cc1[nH]c(C(=O)Nc2ccc(-c3noc(=O)[nH]3)cc2N2CCCC2)c(Cl)c1Cl,O=C(Nc1ccc(-c2noc(=O)[nH]2)cc1N1CCCC1)c1ccc[nH]1,422.2720000000003,3.8257200000000022,5,3,True,7.9
CHEMBL3357982,Cc1noc2c(F)c3c(cc12)CC1(C(=O)NC(=O)NC1=O)[C@@H]1[C@@H](C)O[C@H](C)CN31,7.89,IC50,13.0,CHEMBL2094139,E. coli complex,Gyr,Cc1noc2c(F)c3c(cc12)CC1(C(=O)NC(=O)NC1=O)[C@@H]1[C@@H](C)O[C@H](C)CN31,O=C1NC(=O)C2(Cc3cc4cnoc4cc3N3CCOCC32)C(=O)N1,402.3820000000001,1.1660199999999994,7,2,True,7.89
CHEMBL4873935,Cc1[nH]c(C(=O)Nc2nc3ccc(C(=O)O)cc3s2)c(Cl)c1Cl,7.89,IC50,13.0,CHEMBL2094139,E. coli complex,Gyr,Cc1[nH]c(C(=O)Nc2nc3ccc(C(=O)O)cc3s2)c(Cl)c1Cl,O=C(Nc1nc2ccccc2s1)c1ccc[nH]1,370.2170000000001,4.190120000000001,4,3,True,7.89
CHEMBL5276709,Cc1[nH]c(C(=O)Nc2nc3c(N4[C@@H]5CC[C@H]4COC5)cc(C(=O)O)cc3s2)c(Cl)c1Cl,7.89,IC50,13.0,CHEMBL2094139,E. coli complex,Gyr,Cc1[nH]c(C(=O)Nc2nc3c(N4[C@@H]5CC[C@H]4COC5)cc(C(=O)O)cc3s2)c(Cl)c1Cl,O=C(Nc1nc2c(N3C4CCC3COC4)cccc2s1)c1ccc[nH]1,481.3610000000002,4.557720000000002,6,3,True,7.89
CHEMBL5595243,Cc1[nH]c(C(=O)/N=c2\sc3cc(NC(=O)C(=O)O)ccc3n2Cc2cccc(C(=O)O)c2)c(Cl)c1Cl,7.89,IC50,13.0,CHEMBL2094139,E. coli complex,Gyr,Cc1[nH]c(C(=O)/N=c2\sc3cc(NC(=O)C(=O)O)ccc3n2Cc2cccc(C(=O)O)c2)c(Cl)c1Cl,O=C(N=c1sc2ccccc2n1Cc1ccccc1)c1ccc[nH]1,547.3760000000003,4.1568200000000015,5,4,True,7.89
CHEMBL6082917,Cc1[nH]c(C(=O)Nc2ccc(-c3noc(=O)[nH]3)cc2N2CCOCC2)c(Cl)c1Cl,7.89,IC50,13.0,CHEMBL2094139,E. coli complex,Gyr,Cc1[nH]c(C(=O)Nc2ccc(-c3noc(=O)[nH]3)cc2N2CCOCC2)c(Cl)c1Cl,O=C(Nc1ccc(-c2noc(=O)[nH]2)cc1N1CCOCC1)c1ccc[nH]1,438.2710000000003,3.062120000000001,6,3,True,7.89
CHEMBL6077983,Cc1[nH]c(C(=O)Nc2ccc(-c3noc(=O)[nH]3)cc2N2CCN(C(=O)OC(C)(C)C)CC2)c(Cl)c1Cl,7.86,IC50,13.7,CHEMBL2094139,E. coli complex,Gyr,Cc1[nH]c(C(=O)Nc2ccc(-c3noc(=O)[nH]3)cc2N2CCN(C(=O)OC(C)(C)C)CC2)c(Cl)c1Cl,O=C(Nc1ccc(-c2noc(=O)[nH]2)cc1N1CCNCC1)c1ccc[nH]1,537.4040000000005,4.282620000000004,7,3,True,7.86
CHEMBL5425183,O=C(CN1CCC1)Nc1cc(F)c2c(c1)CC(CNCCC1CN(c3cnc4c(n3)NC(=O)CO4)C(=O)O1)C2,7.85,IC50,14.0,CHEMBL2094139,E. coli complex,Gyr,O=C(CN1CCC1)Nc1cc(F)c2c(c1)CC(CNCCC1CN(c3cnc4c(n3)NC(=O)CO4)C(=O)O1)C2,O=C(CN1CCC1)Nc1ccc2c(c1)CC(CNCCC1CN(c3cnc4c(n3)NC(=O)CO4)C(=O)O1)C2,539.5680000000002,1.3107000000000002,9,3,True,7.85
CHEMBL4743075,CNc1cc(F)cc2c(NCCN3CCOCC3)c(C(=O)Nc3ccc(C(=O)O)cc3)c(=O)[nH]c12.O=CO,7.84,IC50,14.56,CHEMBL2094139,E. coli complex,Gyr,CNc1cc(F)cc2c(NCCN3CCOCC3)c(C(=O)Nc3ccc(C(=O)O)cc3)c(=O)[nH]c12.O=CO,O=C(Nc1ccccc1)c1c(NCCN2CCOCC2)c2ccccc2[nH]c1=O,529.5250000000003,2.1043,8,6,True,7.84
CHEMBL487852,CCNC(=O)Nc1nc2cc(-c3cccnc3)cc(-n3cccn3)c2[nH]1,7.82,Ki,15.0,CHEMBL3038482,S. aureus complex,Gyr,CCNC(=O)Nc1nc2cc(-c3cccnc3)cc(-n3cccn3)c2[nH]1,c1cncc(-c2cc(-n3cccn3)c3[nH]cnc3c2)c1,347.38200000000006,2.952000000000001,4,3,True,7.82
CHEMBL4866587,Cc1[nH]c(C(=O)Nc2nc3ccc(C(=O)NCC#N)cc3s2)c(Cl)c1Cl,7.8,IC50,16.0,CHEMBL2094139,E. coli complex,Gyr,Cc1[nH]c(C(=O)Nc2nc3ccc(C(=O)NCC#N)cc3s2)c(Cl)c1Cl,O=C(Nc1nc2ccccc2s1)c1ccc[nH]1,408.2700000000001,3.745300000000001,5,3,True,7.8
CHEMBL5403121,CC(C)(N)COc1cc(C#N)c2c(c1)CC(CNCCC1CN(c3ccc4c(n3)NC(=O)CO4)C(=O)O1)C2,7.8,IC50,16.0,CHEMBL2094139,E. coli complex,Gyr,CC(C)(N)COc1cc(C#N)c2c(c1)CC(CNCCC1CN(c3ccc4c(n3)NC(=O)CO4)C(=O)O1)C2,O=C1COc2ccc(N3CC(CCNCC4Cc5ccccc5C4)OC3=O)nc2N1,520.5900000000004,2.1201799999999995,9,3,True,7.8
CHEMBL486831,CCNC(=O)Nc1nc2cc(-c3cncnc3)cc(-n3cccn3)c2[nH]1,7.8,Ki,16.0,CHEMBL3038482,S. aureus complex,Gyr,CCNC(=O)Nc1nc2cc(-c3cncnc3)cc(-n3cccn3)c2[nH]1,c1cnn(-c2cc(-c3cncnc3)cc3nc[nH]c23)c1,348.37000000000006,2.3469999999999995,5,3,True,7.8
CHEMBL4746419,Cc1[nH]c(C(=O)Nc2ccc(C(=O)NCC(=O)O)cc2OC2CCNCC2)c(Cl)c1Cl.Cl,7.77,IC50,17.0,CHEMBL2094139,E. coli complex,Gyr,Cc1[nH]c(C(=O)Nc2ccc(C(=O)NCC(=O)O)cc2OC2CCNCC2)c(Cl)c1Cl.Cl,O=C(Nc1ccccc1OC1CCNCC1)c1ccc[nH]1,505.78600000000023,3.2492200000000007,5,5,True,7.77
CHEMBL5282927,Cc1[nH]c(C(=O)Nc2nc3c(N4CCOC[C@H]4C)cc(C(=O)O)cc3s2)c(Cl)c1Cl,7.77,IC50,17.0,CHEMBL2094139,E. coli complex,Gyr,Cc1[nH]c(C(=O)Nc2nc3c(N4CCOC[C@H]4C)cc(C(=O)O)cc3s2)c(Cl)c1Cl,O=C(Nc1nc2c(N3CCOCC3)cccc2s1)c1ccc[nH]1,469.35000000000014,4.415220000000002,6,3,True,7.77
CHEMBL5285251,Cc1[nH]c(C(=O)Nc2nc3c(N4CCOC[C@@H]4C)cc(C(=O)O)cc3s2)c(Cl)c1Cl,7.77,IC50,17.0,CHEMBL2094139,E. coli complex,Gyr,Cc1[nH]c(C(=O)Nc2nc3c(N4CCOC[C@@H]4C)cc(C(=O)O)cc3s2)c(Cl)c1Cl,O=C(Nc1nc2c(N3CCOCC3)cccc2s1)c1ccc[nH]1,469.35000000000014,4.415220000000002,6,3,True,7.77
CHEMBL5409635,N#Cc1cc(OCCN)cc2c1CC(CNCCC1CN(c3ccc4c(n3)NC(=O)CO4)C(=O)O1)C2,7.77,IC50,17.0,CHEMBL2094139,E. coli complex,Gyr,N#Cc1cc(OCCN)cc2c1CC(CNCCC1CN(c3ccc4c(n3)NC(=O)CO4)C(=O)O1)C2,O=C1COc2ccc(N3CC(CCNCC4Cc5ccccc5C4)OC3=O)nc2N1,492.53600000000034,1.3415800000000002,9,3,True,7.77
CHEMBL487664,CCNC(=O)Nc1nc2cc(-c3cccnc3)cc(-c3cccnc3)c2[nH]1,7.77,Ki,17.0,CHEMBL3038482,S. aureus complex,Gyr,CCNC(=O)Nc1nc2cc(-c3cccnc3)cc(-c3cccnc3)c2[nH]1,c1cncc(-c2cc(-c3cccnc3)c3[nH]cnc3c2)c1,358.4050000000001,3.8283000000000014,4,3,True,7.77
CHEMBL5575659,Cc1[nH]c(C(=O)/N=c2\sc3cc(NC(=O)C(=O)O)ccc3n2Cc2ccccc2)c(Cl)c1Cl,7.75,IC50,18.0,CHEMBL2094139,E. coli complex,Gyr,Cc1[nH]c(C(=O)/N=c2\sc3cc(NC(=O)C(=O)O)ccc3n2Cc2ccccc2)c(Cl)c1Cl,O=C(N=c1sc2ccccc2n1Cc1ccccc1)c1ccc[nH]1,503.3670000000002,4.4586200000000025,4,3,True,7.75
CHEMBL4581035,CCNC(=O)Nc1cc(Nc2ccc(OC)cc2)c(C(=O)Nc2cccnc2)cn1,7.72,IC50,19.0,CHEMBL2094139,E. coli complex,Gyr,CCNC(=O)Nc1cc(Nc2ccc(OC)cc2)c(C(=O)Nc2cccnc2)cn1,O=C(Nc1cccnc1)c1cnccc1Nc1ccccc1,406.4460000000001,3.6225000000000023,6,4,True,7.72
CHEMBL4850124,O=C(O)c1ccc2nc(NC(=O)c3cc(Cl)c(Cl)[nH]3)sc2c1,7.72,IC50,19.0,CHEMBL2094139,E. coli complex,Gyr,O=C(O)c1ccc2nc(NC(=O)c3cc(Cl)c(Cl)[nH]3)sc2c1,O=C(Nc1nc2ccccc2s1)c1ccc[nH]1,356.19,3.8817000000000004,4,3,True,7.72
CHEMBL4855369,O=C(O)C(=O)Nc1ccc2nc(N(Cc3ccccc3)C(=O)c3cc(Br)c(Br)[nH]3)sc2c1,7.72,IC50,19.0,CHEMBL2094139,E. coli complex,Gyr,O=C(O)C(=O)Nc1ccc2nc(N(Cc3ccccc3)C(=O)c3cc(Br)c(Br)[nH]3)sc2c1,O=C(c1ccc[nH]1)N(Cc1ccccc1)c1nc2ccccc2s1,578.2420000000001,5.019500000000002,5,3,True,7.72
CHEMBL4451560,Cc1nc(-c2cc(NC(=O)CC(=O)O)ccc2NC(=O)c2cc(Br)c(Br)[nH]2)no1,7.7,IC50,20.0,CHEMBL2094139,E. coli complex,Gyr,Cc1nc(-c2cc(NC(=O)CC(=O)O)ccc2NC(=O)c2cc(Br)c(Br)[nH]2)no1,O=C(Nc1ccccc1-c1ncon1)c1ccc[nH]1,527.129,3.5636200000000002,6,4,True,7.7
CHEMBL4575906,N[C@@H](Cn1c(=O)cnc2ccc(F)cc21)C1CCC(NCc2ncc3c(n2)OCC(=O)N3)CC1,7.7,IC50,20.0,CHEMBL2094139,E. coli complex,Gyr,N[C@@H](Cn1c(=O)cnc2ccc(F)cc21)C1CCC(NCc2ncc3c(n2)OCC(=O)N3)CC1,O=C1COc2nc(CNC3CCC(CCn4c(=O)cnc5ccccc54)CC3)ncc2N1,467.5050000000003,1.3323999999999985,8,3,True,7.7
CHEMBL4779341,Cl.O=C(O)CNC(=O)c1ccc(NC(=O)c2cc(Br)c(Br)[nH]2)c(OC2CCNCC2)c1,7.7,IC50,20.0,CHEMBL2094139,E. coli complex,Gyr,Cl.O=C(O)CNC(=O)c1ccc(NC(=O)c2cc(Br)c(Br)[nH]2)c(OC2CCNCC2)c1,O=C(Nc1ccccc1OC1CCNCC1)c1ccc[nH]1,580.661,3.1590000000000007,5,5,True,7.7
CHEMBL6096590,CCOC(CCCOc1c2c(c(C(=O)C(C)C)c3c1[C@@H](C(C)C)C1=C(O3)C(C)(C)C(=O)C(C)(C)C1=O)OC1=C(C(=O)C(C)(C)C(=O)C1(C)C)[C@H]2C(C)C)OCC,7.7,IC50,20.0,CHEMBL2094139,E. coli complex,Gyr,CCOC(CCCOc1c2c(c(C(=O)C(C)C)c3c1[C@@H](C(C)C)C1=C(O3)C(C)(C)C(=O)C(C)(C)C1=O)OC1=C(C(=O)C(C)(C)C(=O)C1(C)C)[C@H]2C(C)C)OCC,O=C1CC(=O)C2=C(C1)Oc1cc3c(cc1C2)CC1=C(CC(=O)CC1=O)O3,777.008,9.264000000000003,10,0,True,7.7
CHEMBL5400665,N#Cc1cccc2c1CC(CNCCC1CN(c3ccc4c(n3)NC(=O)CO4)C(=O)O1)C2,7.68,IC50,21.0,CHEMBL2094139,E. coli complex,Gyr,N#Cc1cccc2c1CC(CNCCC1CN(c3ccc4c(n3)NC(=O)CO4)C(=O)O1)C2,O=C1COc2ccc(N3CC(CCNCC4Cc5ccccc5C4)OC3=O)nc2N1,433.4680000000002,2.00408,7,2,True,7.68
CHEMBL6151172,CC(C)C(=O)c1c2c(c(OCCN3CCCCC3)c3c1OC1=C(C(=O)C(C)(C)C(=O)C1(C)C)[C@@H]3C(C)C)[C@H](C(C)C)C1=C(O2)C(C)(C)C(=O)C(C)(C)C1=O,7.68,IC50,21.0,CHEMBL2094139,E. coli complex,Gyr,CC(C)C(=O)c1c2c(c(OCCN3CCCCC3)c3c1OC1=C(C(=O)C(C)(C)C(=O)C1(C)C)[C@@H]3C(C)C)[C@H](C(C)C)C1=C(O2)C(C)(C)C(=O)C(C)(C)C1=O,O=C1CC(=O)C2=C(C1)Oc1cc3c(c(OCCN4CCCCC4)c1C2)CC1=C(CC(=O)CC1=O)O3,743.982,8.570600000000008,9,0,True,7.68
CHEMBL488699,CCNC(=O)Nc1nc2cc(-c3ccn(C)c(=O)c3)cc(-c3ncccc3F)c2[nH]1,7.64,Ki,23.0,CHEMBL3038482,S. aureus complex,Gyr,CCNC(=O)Nc1nc2cc(-c3ccn(C)c(=O)c3)cc(-c3ncccc3F)c2[nH]1,O=c1cc(-c2cc(-c3ccccn3)c3[nH]cnc3c2)cc[nH]1,406.4210000000001,3.2711000000000015,4,3,True,7.64
CHEMBL4857324,Cc1[nH]c(C(=O)N(c2nc3ccc(C(=O)O)cc3s2)C2CC2)c(Cl)c1Cl,7.62,IC50,24.0,CHEMBL2094139,E. coli complex,Gyr,Cc1[nH]c(C(=O)N(c2nc3ccc(C(=O)O)cc3s2)C2CC2)c(Cl)c1Cl,O=C(c1ccc[nH]1)N(c1nc2ccccc2s1)C1CC1,410.28200000000015,4.747020000000003,4,2,True,7.62
CHEMBL5395159,C[C@@H](N)COc1cc(F)c2c(c1)CC(CN1CCC3(CC1)CN(c1cnc4c(n1)NC(=O)CO4)C(=O)O3)C2,7.62,IC50,24.0,CHEMBL2094139,E. coli complex,Gyr,C[C@@H](N)COc1cc(F)c2c(c1)CC(CN1CCC3(CC1)CN(c1cnc4c(n1)NC(=O)CO4)C(=O)O3)C2,O=C1COc2ncc(N3CC4(CCN(CC5Cc6ccccc6C5)CC4)OC3=O)nc2N1,526.5690000000002,1.8787999999999994,9,2,True,7.62
CHEMBL6102529,CC(C)C(=O)c1c2c(c(OCCCN3CCN(C)CC3)c3c1OC1=C(C(=O)C(C)(C)C(=O)C1(C)C)[C@@H]3C(C)C)[C@H](C(C)C)C1=C(O2)C(C)(C)C(=O)C(C)(C)C1=O,7.62,IC50,24.0,CHEMBL2094139,E. coli complex,Gyr,CC(C)C(=O)c1c2c(c(OCCCN3CCN(C)CC3)c3c1OC1=C(C(=O)C(C)(C)C(=O)C1(C)C)[C@@H]3C(C)C)[C@H](C(C)C)C1=C(O2)C(C)(C)C(=O)C(C)(C)C1=O,O=C1CC(=O)C2=C(C1)Oc1cc3c(c(OCCCN4CCNCC4)c1C2)CC1=C(CC(=O)CC1=O)O3,773.024,7.72220000000001,10,0,True,7.62
CHEMBL3357983,Cc1noc2c(F)c3c(cc12)CC1(C(=O)NC(=O)NC1=O)[C@H]1[C@H](C)O[C@@H](C)CN31,7.58,IC50,26.0,CHEMBL2094139,E. coli complex,Gyr,Cc1noc2c(F)c3c(cc12)CC1(C(=O)NC(=O)NC1=O)[C@H]1[C@H](C)O[C@@H](C)CN31,O=C1NC(=O)C2(Cc3cc4cnoc4cc3N3CCOCC32)C(=O)N1,402.3820000000001,1.1660199999999994,7,2,True,7.58
CHEMBL4747775,Cc1[nH]c(C(=O)Nc2nc3ccc(NC(N)=O)cc3s2)c(Cl)c1Cl,7.58,IC50,26.0,CHEMBL2094139,E. coli complex,Gyr,Cc1[nH]c(C(=O)Nc2nc3ccc(NC(N)=O)cc3s2)c(Cl)c1Cl,O=C(Nc1nc2ccccc2s1)c1ccc[nH]1,384.24800000000016,3.982520000000001,4,4,True,7.58
CHEMBL5406123,CS(=O)(=O)NCCOc1cc(C#N)c2c(c1)CC(CNCCC1CN(c3ccc4c(n3)NC(=O)CO4)C(=O)O1)C2,7.58,IC50,26.0,CHEMBL2094139,E. coli complex,Gyr,CS(=O)(=O)NCCOc1cc(C#N)c2c(c1)CC(CNCCC1CN(c3ccc4c(n3)NC(=O)CO4)C(=O)O1)C2,O=C1COc2ccc(N3CC(CCNCC4Cc5ccccc5C4)OC3=O)nc2N1,570.6280000000003,0.9320800000000007,10,3,True,7.58
CHEMBL5431818,CN(C)CC(=O)Nc1cc(F)c2c(c1)CC(CNCCC1CN(c3cnc4c(n3)NC(=O)CO4)C(=O)O1)C2,7.58,IC50,26.0,CHEMBL2094139,E. coli complex,Gyr,CN(C)CC(=O)Nc1cc(F)c2c(c1)CC(CNCCC1CN(c3cnc4c(n3)NC(=O)CO4)C(=O)O1)C2,O=C1COc2ncc(N3CC(CCNCC4Cc5ccccc5C4)OC3=O)nc2N1,527.5570000000002,1.1666000000000005,9,3,True,7.58
CHEMBL519583,CCNC(=O)Nc1nc2cc(-c3cccnc3)cc(C(=O)NC)c2[nH]1,7.58,Ki,26.0,CHEMBL3038482,S. aureus complex,Gyr,CCNC(=O)Nc1nc2cc(-c3cccnc3)cc(C(=O)NC)c2[nH]1,c1cncc(-c2ccc3[nH]cnc3c2)c1,338.3710000000001,2.1259,4,4,True,7.58
CHEMBL3329317,CCNC(=O)Nc1cc(Nc2ccc(O)cc2)c(C(=O)Nc2cccnc2)cn1,7.55,IC50,28.0,CHEMBL2094139,E. coli complex,Gyr,CCNC(=O)Nc1cc(Nc2ccc(O)cc2)c(C(=O)Nc2cccnc2)cn1,O=C(Nc1cccnc1)c1cnccc1Nc1ccccc1,392.4190000000001,3.3195000000000006,6,5,True,7.55
CHEMBL4792173,Cc1[nH]c(C(=O)Nc2ccc3nc(NC(=O)C(=O)O)sc3c2)c(Cl)c1Cl,7.54,IC50,29.0,CHEMBL2094139,E. coli complex,Gyr,Cc1[nH]c(C(=O)Nc2ccc3nc(NC(=O)C(=O)O)sc3c2)c(Cl)c1Cl,O=C(Nc1ccc2ncsc2c1)c1ccc[nH]1,413.2420000000001,3.5150200000000007,5,4,True,7.54
CHEMBL4786782,Cc1[nH]c(C(=O)Nc2nc3ccc(NC(=O)CNC(=O)OC(C)(C)C)cc3s2)c(Cl)c1Cl,7.54,IC50,29.0,CHEMBL2094139,E. coli complex,Gyr,Cc1[nH]c(C(=O)Nc2nc3ccc(NC(=O)CNC(=O)OC(C)(C)C)cc3s2)c(Cl)c1Cl,O=C(Nc1nc2ccccc2s1)c1ccc[nH]1,498.3920000000003,4.9551200000000035,6,4,True,7.54
CHEMBL5195268,N#Cc1ccc2ccc(=O)n(CCN[C@H]3CC[C@H]4[C@H](C3)OC(=O)N4c3ccc4c(n3)NC(=O)CO4)c2c1,7.52,IC50,30.0,CHEMBL2094139,E. coli complex,Gyr,N#Cc1ccc2ccc(=O)n(CCN[C@H]3CC[C@H]4[C@H](C3)OC(=O)N4c3ccc4c(n3)NC(=O)CO4)c2c1,O=C1COc2ccc(N3C(=O)OC4CC(NCCn5c(=O)ccc6ccccc65)CCC43)nc2N1,500.51500000000027,2.135179999999999,8,2,True,7.52
CHEMBL4555272,CO[C@@H]1[C@@H](OC(=O)c2ccc(C)[nH]2)[C@@H](O)[C@H](Oc2ccc3c(O)c(NC(=O)c4c[nH]c(C(=O)Nc5c(O)c6ccc(O[C@@H]7OC(C)(C)[C@H](OC)[C@@H](OC(=O)c8ccc(C)[nH]8)[C@H]7O)c(C)c6oc5=O)c4C)c(=O)oc3c2C)OC1(C)C,7.52,IC50,30.0,CHEMBL2094139,E. coli complex,Gyr,CO[C@@H]1[C@@H](OC(=O)c2ccc(C)[nH]2)[C@@H](O)[C@H](Oc2ccc3c(O)c(NC(=O)c4c[nH]c(C(=O)Nc5c(O)c6ccc(O[C@@H]7OC(C)(C)[C@H](OC)[C@@H](OC(=O)c8ccc(C)[nH]8)[C@H]7O)c(C)c6oc5=O)c4C)c(=O)oc3c2C)OC1(C)C,O=C(Nc1cc2ccc(OC3CC(OC(=O)c4ccc[nH]4)CCO3)cc2oc1=O)c1c[nH]c(C(=O)Nc2cc3ccc(OC4CC(OC(=O)c5ccc[nH]5)CCO4)cc3oc2=O)c1,1110.0919999999996,5.572000000000005,20,9,True,7.52
CHEMBL303984,CO[C@@H]1[C@@H](OC(=O)c2ccc(C)[nH]2)[C@@H](O)[C@H](Oc2ccc3c(O)c(NC(=O)c4ccc(O)c(CC=C(C)C)c4)c(=O)oc3c2Cl)OC1(C)C,7.52,IC50,30.0,CHEMBL2094139,E. coli complex,Gyr,CO[C@@H]1[C@@H](OC(=O)c2ccc(C)[nH]2)[C@@H](O)[C@H](Oc2ccc3c(O)c(NC(=O)c4ccc(O)c(CC=C(C)C)c4)c(=O)oc3c2Cl)OC1(C)C,O=C(Nc1cc2ccc(OC3CC(OC(=O)c4ccc[nH]4)CCO3)cc2oc1=O)c1ccccc1,697.1370000000002,5.370320000000004,11,5,True,7.52
CHEMBL4763664,Cc1[nH]c(C(=O)Nc2ccc(C(=O)NCC(=O)O)cc2O[C@H]2CCNC2)c(Cl)c1Cl.Cl,7.51,IC50,31.0,CHEMBL2094139,E. coli complex,Gyr,Cc1[nH]c(C(=O)Nc2ccc(C(=O)NCC(=O)O)cc2O[C@H]2CCNC2)c(Cl)c1Cl.Cl,O=C(Nc1ccccc1OC1CCNC1)c1ccc[nH]1,491.7590000000002,2.8591200000000003,5,5,True,7.51
CHEMBL6078484,CCN(CC)CCCOc1c2c(c(C(=O)C(C)C)c3c1[C@@H](C(C)C)C1=C(O3)C(C)(C)C(=O)C(C)(C)C1=O)OC1=C(C(=O)C(C)(C)C(=O)C1(C)C)[C@H]2C(C)C,7.5,IC50,32.0,CHEMBL2094139,E. coli complex,Gyr,CCN(CC)CCCOc1c2c(c(C(=O)C(C)C)c3c1[C@@H](C(C)C)C1=C(O3)C(C)(C)C(=O)C(C)(C)C1=O)OC1=C(C(=O)C(C)(C)C(=O)C1(C)C)[C@H]2C(C)C,O=C1CC(=O)C2=C(C1)Oc1cc3c(cc1C2)CC1=C(CC(=O)CC1=O)O3,745.998,8.816600000000006,9,0,True,7.5
CHEMBL6078595,Cc1[nH]c(C(=O)Nc2ccc(-n3nn[nH]c3=O)cc2N2CCC(NC(=O)OC(C)(C)C)CC2)c(Cl)c1Cl,7.48,IC50,33.0,CHEMBL2094139,E. coli complex,Gyr,Cc1[nH]c(C(=O)Nc2ccc(-n3nn[nH]c3=O)cc2N2CCC(NC(=O)OC(C)(C)C)CC2)c(Cl)c1Cl,O=C(Nc1ccc(-n2nn[nH]c2=O)cc1N1CCCCC1)c1ccc[nH]1,551.4350000000003,3.644720000000002,7,4,True,7.48
CHEMBL6102177,CC(C)C(=O)c1c2c(c(OCCN3CCCCCC3)c3c1OC1=C(C(=O)C(C)(C)C(=O)C1(C)C)[C@@H]3C(C)C)[C@H](C(C)C)C1=C(O2)C(C)(C)C(=O)C(C)(C)C1=O,7.47,IC50,34.0,CHEMBL2094139,E. coli complex,Gyr,CC(C)C(=O)c1c2c(c(OCCN3CCCCCC3)c3c1OC1=C(C(=O)C(C)(C)C(=O)C1(C)C)[C@@H]3C(C)C)[C@H](C(C)C)C1=C(O2)C(C)(C)C(=O)C(C)(C)C1=O,O=C1CC(=O)C2=C(C1)Oc1cc3c(c(OCCN4CCCCCC4)c1C2)CC1=C(CC(=O)CC1=O)O3,758.009,8.960700000000005,9,0,True,7.47
CHEMBL5408691,N#Cc1cc(OCC2(N)CC2)cc2c1CC(CNCCC1CN(c3ccc4c(n3)NC(=O)CO4)C(=O)O1)C2,7.46,IC50,35.0,CHEMBL2094139,E. coli complex,Gyr,N#Cc1cc(OCC2(N)CC2)cc2c1CC(CNCCC1CN(c3ccc4c(n3)NC(=O)CO4)C(=O)O1)C2,O=C1COc2ccc(N3CC(CCNCC4Cc5ccc(OCC6CC6)cc5C4)OC3=O)nc2N1,518.5740000000003,1.8741799999999997,9,3,True,7.46
CHEMBL487832,CCNC(=O)Nc1nc2cc(-c3cccnc3)cc(OCc3ccccc3)c2[nH]1,7.46,Ki,35.0,CHEMBL3038482,S. aureus complex,Gyr,CCNC(=O)Nc1nc2cc(-c3cccnc3)cc(OCc3ccccc3)c2[nH]1,c1ccc(COc2cc(-c3cccnc3)cc3nc[nH]c23)cc1,387.44300000000015,4.345300000000003,4,3,True,7.46
CHEMBL3329318,CCNC(=O)Nc1cc(Nc2cccc(O)c2)c(C(=O)Nc2cccnc2)cn1,7.44,IC50,36.0,CHEMBL2094139,E. coli complex,Gyr,CCNC(=O)Nc1cc(Nc2cccc(O)c2)c(C(=O)Nc2cccnc2)cn1,O=C(Nc1cccnc1)c1cnccc1Nc1ccccc1,392.4190000000001,3.3195000000000006,6,5,True,7.44
CHEMBL4449908,CCNC(=O)Nc1cc(-n2cc(Br)cn2)c(C(=O)Nc2cccnc2)cn1,7.43,IC50,37.0,CHEMBL2094139,E. coli complex,Gyr,CCNC(=O)Nc1cc(-n2cc(Br)cn2)c(C(=O)Nc2cccnc2)cn1,O=C(Nc1cccnc1)c1cnccc1-n1cccn1,430.2660000000001,2.818500000000001,5,3,True,7.43
CHEMBL5400933,N#Cc1cc(OCC2CNC2)cc2c1CC(CNCCC1CN(c3ccc4c(n3)NC(=O)CO4)C(=O)O1)C2,7.42,IC50,38.0,CHEMBL2094139,E. coli complex,Gyr,N#Cc1cc(OCC2CNC2)cc2c1CC(CNCCC1CN(c3ccc4c(n3)NC(=O)CO4)C(=O)O1)C2,O=C1COc2ccc(N3CC(CCNCC4Cc5ccc(OCC6CNC6)cc5C4)OC3=O)nc2N1,518.5740000000003,1.6022799999999993,9,3,True,7.42
CHEMBL5412864,C[C@H](C(=O)Nc1cc(F)c2c(c1)CC(CNCCC1CN(c3cnc4c(n3)NC(=O)CO4)C(=O)O1)C2)N(C)C,7.42,IC50,38.0,CHEMBL2094139,E. coli complex,Gyr,C[C@H](C(=O)Nc1cc(F)c2c(c1)CC(CNCCC1CN(c3cnc4c(n3)NC(=O)CO4)C(=O)O1)C2)N(C)C,O=C1COc2ncc(N3CC(CCNCC4Cc5ccccc5C4)OC3=O)nc2N1,541.5840000000003,1.555100000000001,9,3,True,7.42
CHEMBL472009,CCNC(=O)Nc1nc2cc(-c3cccnc3)c(F)cc2[nH]1,7.42,Ki,38.0,CHEMBL3038482,S. aureus complex,Gyr,CCNC(=O)Nc1nc2cc(-c3cccnc3)c(F)cc2[nH]1,c1cncc(-c2ccc3[nH]cnc3c2)c1,299.309,2.905400000000001,3,3,True,7.42
CHEMBL3329312,CCNC(=O)Nc1cc(Nc2ccccc2)c(C(=O)Nc2ccc(NC(C)=O)nc2)cn1,7.41,IC50,39.0,CHEMBL2094139,E. coli complex,Gyr,CCNC(=O)Nc1cc(Nc2ccccc2)c(C(=O)Nc2ccc(NC(C)=O)nc2)cn1,O=C(Nc1cccnc1)c1cnccc1Nc1ccccc1,433.47200000000015,3.572300000000001,6,5,True,7.41
CHEMBL3329307,CCNC(=O)Nc1cc(Nc2ccccc2)c(C(=O)Nc2ccccc2)cn1,7.4,IC50,40.0,CHEMBL2094139,E. coli complex,Gyr,CCNC(=O)Nc1cc(Nc2ccccc2)c(C(=O)Nc2ccccc2)cn1,O=C(Nc1ccccc1)c1cnccc1Nc1ccccc1,375.4320000000001,4.218900000000002,4,4,True,7.4
CHEMBL4443422,Cc1sc(-c2ccccc2Cl)cc1C(=O)N[C@@H](CN)c1ccccc1,7.4,IC50,40.0,CHEMBL2094139,E. coli complex,Gyr,Cc1sc(-c2ccccc2Cl)cc1C(=O)N[C@@H](CN)c1ccccc1,O=C(NCc1ccccc1)c1csc(-c2ccccc2)c1,370.9050000000001,4.806720000000003,3,2,True,7.4
CHEMBL4789899,COC(=O)[C@H](C)NC(=O)c1ccc(NC(=O)c2[nH]c(C)c(Cl)c2Cl)c(OC2CCNCC2)c1.Cl,7.4,IC50,40.0,CHEMBL2094139,E. coli complex,Gyr,COC(=O)[C@H](C)NC(=O)c1ccc(NC(=O)c2[nH]c(C)c(Cl)c2Cl)c(OC2CCNCC2)c1.Cl,O=C(Nc1ccccc1OC1CCNCC1)c1ccc[nH]1,533.8400000000004,3.726120000000002,6,4,True,7.4
CHEMBL6103430,CC(C)C(=O)Oc1c2c(c(C(=O)C(C)C)c3c1[C@@H](C(C)C)C1=C(O3)C(C)(C)C(=O)C(C)(C)C1=O)OC1=C(C(=O)C(C)(C)C(=O)C1(C)C)[C@H]2C(C)C,7.38,IC50,42.0,CHEMBL2094139,E. coli complex,Gyr,CC(C)C(=O)Oc1c2c(c(C(=O)C(C)C)c3c1[C@@H](C(C)C)C1=C(O3)C(C)(C)C(=O)C(C)(C)C1=O)OC1=C(C(=O)C(C)(C)C(=O)C1(C)C)[C@H]2C(C)C,O=C1CC(=O)C2=C(C1)Oc1cc3c(cc1C2)CC1=C(CC(=O)CC1=O)O3,702.8850000000001,8.267300000000008,9,0,True,7.38
CHEMBL6078734,CC(C)C(=O)c1c2c(c(OCCN(C)C)c3c1OC1=C(C(=O)C(C)(C)C(=O)C1(C)C)[C@@H]3C(C)C)[C@H](C(C)C)C1=C(O2)C(C)(C)C(=O)C(C)(C)C1=O,7.38,IC50,42.0,CHEMBL2094139,E. coli complex,Gyr,CC(C)C(=O)c1c2c(c(OCCN(C)C)c3c1OC1=C(C(=O)C(C)(C)C(=O)C1(C)C)[C@@H]3C(C)C)[C@H](C(C)C)C1=C(O2)C(C)(C)C(=O)C(C)(C)C1=O,O=C1CC(=O)C2=C(C1)Oc1cc3c(cc1C2)CC1=C(CC(=O)CC1=O)O3,703.917,7.64630000000001,9,0,True,7.38
CHEMBL5419702,CN(C)C(C)(C)C(=O)Nc1cc(F)c2c(c1)CC(CNCCC1CN(c3cnc4c(n3)NC(=O)CO4)C(=O)O1)C2,7.37,IC50,43.0,CHEMBL2094139,E. coli complex,Gyr,CN(C)C(C)(C)C(=O)Nc1cc(F)c2c(c1)CC(CNCCC1CN(c3cnc4c(n3)NC(=O)CO4)C(=O)O1)C2,O=C1COc2ncc(N3CC(CCNCC4Cc5ccccc5C4)OC3=O)nc2N1,555.6110000000003,1.9452,9,3,True,7.37
CHEMBL4872256,Cc1[nH]c(C(=O)N(Cc2ccccc2)c2nc3ccc(NC(=O)C(=O)O)cc3s2)c(Cl)c1Cl,7.37,IC50,43.0,CHEMBL2094139,E. coli complex,Gyr,Cc1[nH]c(C(=O)N(Cc2ccccc2)c2nc3ccc(NC(=O)C(=O)O)cc3s2)c(Cl)c1Cl,O=C(c1ccc[nH]1)N(Cc1ccccc1)c1nc2ccccc2s1,503.3670000000003,5.109720000000003,5,3,True,7.37
CHEMBL222348,CCNC(=O)Nc1nc2cc(-c3cnc(OC)nc3)c(OC)cc2[nH]1,7.36,Ki,44.0,CHEMBL3038482,S. aureus complex,Gyr,CCNC(=O)Nc1nc2cc(-c3cnc(OC)nc3)c(OC)cc2[nH]1,c1ncc(-c2ccc3[nH]cnc3c2)cn1,342.3590000000001,2.1785,6,3,True,7.36
CHEMBL4570481,Cc1nc(-c2cc(NC(=O)Cc3n[nH]c(=O)o3)ccc2NC(=O)c2cc(Br)c(Br)[nH]2)no1,7.35,IC50,45.0,CHEMBL2094139,E. coli complex,Gyr,Cc1nc(-c2cc(NC(=O)Cc3n[nH]c(=O)o3)ccc2NC(=O)c2cc(Br)c(Br)[nH]2)no1,O=C(Cc1n[nH]c(=O)o1)Nc1ccc(NC(=O)c2ccc[nH]2)c(-c2ncon2)c1,567.154,3.0079200000000004,8,4,True,7.35
CHEMBL6078116,Cc1[nH]c(C(=O)Nc2ccc(-c3nnn[nH]3)cc2N2CCOCC2)c(Cl)c1Cl,7.35,IC50,44.5,CHEMBL2094139,E. coli complex,Gyr,Cc1[nH]c(C(=O)Nc2ccc(-c3nnn[nH]3)cc2N2CCOCC2)c(Cl)c1Cl,O=C(Nc1ccc(-c2nnn[nH]2)cc1N1CCOCC1)c1ccc[nH]1,422.2760000000003,2.8989200000000013,6,3,True,7.35
CHEMBL3329319,CCNC(=O)Nc1cc(Nc2ccc(OC)cc2OC)c(C(=O)Nc2cccnc2)cn1,7.34,IC50,46.0,CHEMBL2094139,E. coli complex,Gyr,CCNC(=O)Nc1cc(Nc2ccc(OC)cc2OC)c(C(=O)Nc2cccnc2)cn1,O=C(Nc1cccnc1)c1cnccc1Nc1ccccc1,436.47200000000015,3.6311000000000018,7,4,True,7.34
CHEMBL4847572,O=C(O)c1cc(O)c2nc(NC(=O)c3cc(Br)c(Br)[nH]3)sc2c1,7.34,IC50,46.0,CHEMBL2094139,E. coli complex,Gyr,O=C(O)c1cc(O)c2nc(NC(=O)c3cc(Br)c(Br)[nH]3)sc2c1,O=C(Nc1nc2ccccc2s1)c1ccc[nH]1,461.091,3.8054999999999994,5,4,True,7.34
CHEMBL4289833,Cc1ccc(C#N)cc1S(=O)(=O)N[C@@H]1CCN(Cc2ccc(-c3ccccc3)cc2)C1,7.33,IC50,47.0,CHEMBL2094139,E. coli complex,Gyr,Cc1ccc(C#N)cc1S(=O)(=O)N[C@@H]1CCN(Cc2ccc(-c3ccccc3)cc2)C1,O=S(=O)(NC1CCN(Cc2ccc(-c3ccccc3)cc2)C1)c1ccccc1,431.5610000000002,4.086500000000004,4,1,True,7.33
CHEMBL5425725,CC(N)COc1cc(F)c2c(c1)CC(CNCCC1CN(c3ccc4c(n3)NC(=O)CO4)C(=O)O1)C2,7.33,IC50,47.0,CHEMBL2094139,E. coli complex,Gyr,CC(N)COc1cc(F)c2c(c1)CC(CNCCC1CN(c3ccc4c(n3)NC(=O)CO4)C(=O)O1)C2,O=C1COc2ccc(N3CC(CCNCC4Cc5ccccc5C4)OC3=O)nc2N1,499.5430000000003,1.9974999999999996,8,3,True,7.33
CHEMBL4762395,COC(=O)[C@@H](C)NC(=O)c1ccc(NC(=O)c2[nH]c(C)c(Cl)c2Cl)c(OC2CCNCC2)c1.Cl,7.32,IC50,48.0,CHEMBL2094139,E. coli complex,Gyr,COC(=O)[C@@H](C)NC(=O)c1ccc(NC(=O)c2[nH]c(C)c(Cl)c2Cl)c(OC2CCNCC2)c1.Cl,O=C(Nc1ccccc1OC1CCNCC1)c1ccc[nH]1,533.8400000000004,3.726120000000002,6,4,True,7.32
CHEMBL4755085,CCOC(=O)C(=O)Nc1ccc2nc(NC(=O)c3[nH]c(C)c(Cl)c3Cl)sc2c1,7.32,IC50,48.0,CHEMBL2094139,E. coli complex,Gyr,CCOC(=O)C(=O)Nc1ccc2nc(NC(=O)c3[nH]c(C)c(Cl)c3Cl)sc2c1,O=C(Nc1nc2ccccc2s1)c1ccc[nH]1,441.2960000000001,3.993520000000002,6,3,True,7.32
CHEMBL3589536,O=C(O)CCC(=O)Nc1nc2c(s1)C[C@@H](NC(=O)c1cc(Br)c(Br)[nH]1)CC2,7.31,IC50,49.0,CHEMBL2094139,E. coli complex,Gyr,O=C(O)CCC(=O)Nc1nc2c(s1)C[C@@H](NC(=O)c1cc(Br)c(Br)[nH]1)CC2,O=C(NC1CCc2ncsc2C1)c1ccc[nH]1,520.2030000000001,3.086800000000001,5,4,True,7.31
CHEMBL512701,CCNC(=O)Nc1nc2cc(-c3cncnc3)ccc2[nH]1,7.31,Ki,49.0,CHEMBL3038482,S. aureus complex,Gyr,CCNC(=O)Nc1nc2cc(-c3cncnc3)ccc2[nH]1,c1ncc(-c2ccc3[nH]cnc3c2)cn1,282.307,2.1612999999999998,4,3,True,7.31
CHEMBL431453,Cc1c(O)cc(O)c2c1C(=O)OC[C@H](NC(=O)[C@@H]1[C@H](O)CCN1C(=O)[C@@H](N)CO)C(=O)N[C@H](C(=O)N[C@@H](C)C(=O)O)CSC2,7.3,IC50,50.0,CHEMBL2094139,E. coli complex,Gyr,Cc1c(O)cc(O)c2c1C(=O)OC[C@H](NC(=O)[C@@H]1[C@H](O)CCN1C(=O)[C@@H](N)CO)C(=O)N[C@H](C(=O)N[C@@H](C)C(=O)O)CSC2,O=C1OCC(NC(=O)C2CCCN2)C(=O)NCCSCc2ccccc21,641.6560000000002,-3.349879999999991,13,9,True,7.3
CHEMBL6078483,CC(C)C(=O)c1c2c(c(OCCCN3CCOCC3)c3c1OC1=C(C(=O)C(C)(C)C(=O)C1(C)C)[C@@H]3C(C)C)[C@H](C(C)C)C1=C(O2)C(C)(C)C(=O)C(C)(C)C1=O,7.3,IC50,50.0,CHEMBL2094139,E. coli complex,Gyr,CC(C)C(=O)c1c2c(c(OCCCN3CCOCC3)c3c1OC1=C(C(=O)C(C)(C)C(=O)C1(C)C)[C@@H]3C(C)C)[C@H](C(C)C)C1=C(O2)C(C)(C)C(=O)C(C)(C)C1=O,O=C1CC(=O)C2=C(C1)Oc1cc3c(c(OCCCN4CCOCC4)c1C2)CC1=C(CC(=O)CC1=O)O3,759.981,7.80700000000001,10,0,True,7.3
CHEMBL5410390,N#Cc1cc(OC2CNC2)cc2c1CC(CNCCC1CN(c3ccc4c(n3)NC(=O)CO4)C(=O)O1)C2,7.29,IC50,51.0,CHEMBL2094139,E. coli complex,Gyr,N#Cc1cc(OC2CNC2)cc2c1CC(CNCCC1CN(c3ccc4c(n3)NC(=O)CO4)C(=O)O1)C2,O=C1COc2ccc(N3CC(CCNCC4Cc5ccc(OC6CNC6)cc5C4)OC3=O)nc2N1,504.5470000000003,1.3546799999999994,9,3,True,7.29
CHEMBL6103064,CCN(CC)CCOc1c2c(c(C(=O)C(C)C)c3c1[C@@H](C(C)C)C1=C(O3)C(C)(C)C(=O)C(C)(C)C1=O)OC1=C(C(=O)C(C)(C)C(=O)C1(C)C)[C@H]2C(C)C,7.29,IC50,51.0,CHEMBL2094139,E. coli complex,Gyr,CCN(CC)CCOc1c2c(c(C(=O)C(C)C)c3c1[C@@H](C(C)C)C1=C(O3)C(C)(C)C(=O)C(C)(C)C1=O)OC1=C(C(=O)C(C)(C)C(=O)C1(C)C)[C@H]2C(C)C,O=C1CC(=O)C2=C(C1)Oc1cc3c(cc1C2)CC1=C(CC(=O)CC1=O)O3,731.9710000000001,8.426500000000008,9,0,True,7.29
CHEMBL4293211,N#Cc1cccc(S(=O)(=O)N[C@@H]2CCN(Cc3ccc(-c4ccccc4)cc3)C2)c1,7.28,IC50,52.0,CHEMBL2094139,E. coli complex,Gyr,N#Cc1cccc(S(=O)(=O)N[C@@H]2CCN(Cc3ccc(-c4ccccc4)cc3)C2)c1,O=S(=O)(NC1CCN(Cc2ccc(-c3ccccc3)cc2)C1)c1ccccc1,417.5340000000001,3.7780800000000028,4,1,True,7.28
CHEMBL4741104,CCOC(=O)c1cn(CC)c2cc(NC(=O)c3[nH]c(C)c(Cl)c3Cl)ccc2c1=O,7.28,IC50,53.0,CHEMBL2094139,E. coli complex,Gyr,CCOC(=O)c1cn(CC)c2cc(NC(=O)c3[nH]c(C)c(Cl)c3Cl)ccc2c1=O,O=C(Nc1ccc2c(=O)cc[nH]c2c1)c1ccc[nH]1,436.2950000000002,4.393720000000004,4,2,True,7.28
CHEMBL5428752,COc1ccc2nccc(C(O)C[C@H]3CC[C@H](NCc4cc(F)c(Br)c(F)c4)CC3)c2n1,7.27,IC50,54.0,CHEMBL2094139,E. coli complex,Gyr,COc1ccc2nccc(C(O)C[C@H]3CC[C@H](NCc4cc(F)c(Br)c(F)c4)CC3)c2n1,c1ccc(CNC2CCC(CCc3ccnc4cccnc34)CC2)cc1,506.3910000000002,5.4512000000000045,5,2,True,7.27
CHEMBL5201228,COc1ccc2ccc(=O)n(CCN[C@H]3CC[C@H]4[C@H](C3)OC(=O)N4c3ccc4c(n3)NC(=O)CO4)c2n1,7.26,IC50,55.0,CHEMBL2094139,E. coli complex,Gyr,COc1ccc2ccc(=O)n(CCN[C@H]3CC[C@H]4[C@H](C3)OC(=O)N4c3ccc4c(n3)NC(=O)CO4)c2n1,O=C1COc2ccc(N3C(=O)OC4CC(NCCn5c(=O)ccc6cccnc65)CCC43)nc2N1,506.5190000000003,1.6670999999999996,9,2,True,7.26
CHEMBL5557868,COC(=O)CC(=O)Nc1nc2c(s1)C[C@@H](NC(=O)c1[nH]c(C)c(Br)c1Cl)CC2,7.25,IC50,56.0,CHEMBL2094139,E. coli complex,Gyr,COC(=O)CC(=O)Nc1nc2c(s1)C[C@@H](NC(=O)c1[nH]c(C)c(Br)c1Cl)CC2,O=C(NC1CCc2ncsc2C1)c1ccc[nH]1,489.7790000000002,2.984420000000002,6,3,True,7.25
CHEMBL3589534,O=C(O)C(=O)Nc1nc2c(s1)C[C@@H](NC(=O)c1cc(Br)c(Br)[nH]1)CC2,7.24,IC50,58.0,CHEMBL2094139,E. coli complex,Gyr,O=C(O)C(=O)Nc1nc2c(s1)C[C@@H](NC(=O)c1cc(Br)c(Br)[nH]1)CC2,O=C(NC1CCc2ncsc2C1)c1ccc[nH]1,492.1490000000001,2.3066000000000004,5,4,True,7.24
CHEMBL3908487,O=C(O)C(=O)Nc1ccc2nc(NC(=O)c3cc(Br)c(Br)[nH]3)sc2c1,7.24,IC50,58.0,CHEMBL2094139,E. coli complex,Gyr,O=C(O)C(=O)Nc1ccc2nc(NC(=O)c3cc(Br)c(Br)[nH]3)sc2c1,O=C(Nc1nc2ccccc2s1)c1ccc[nH]1,488.117,3.4248000000000003,5,4,True,7.24
CHEMBL3898662,O=C(O)C(=O)Nc1nc2ccc(NC(=O)c3cc(Br)c(Br)[nH]3)cc2s1,7.24,IC50,58.0,CHEMBL2094139,E. coli complex,Gyr,O=C(O)C(=O)Nc1nc2ccc(NC(=O)c3cc(Br)c(Br)[nH]3)cc2s1,O=C(Nc1ccc2ncsc2c1)c1ccc[nH]1,488.1170000000001,3.4248000000000003,5,4,True,7.24
CHEMBL5279384,Cc1[nH]c(C(=O)N[C@H]2CCc3nc(NC(=O)CNC(=O)c4ccc(O)c(O)c4)sc3C2)c(Cl)c1Cl,7.24,IC50,58.0,CHEMBL2094139,E. coli complex,Gyr,Cc1[nH]c(C(=O)N[C@H]2CCc3nc(NC(=O)CNC(=O)c4ccc(O)c(O)c4)sc3C2)c(Cl)c1Cl,O=C(CNC(=O)c1ccccc1)Nc1nc2c(s1)CC(NC(=O)c1ccc[nH]1)CC2,538.4130000000002,3.1534200000000023,7,6,True,7.24
CHEMBL5409784,N#Cc1cccc2c1CC(NCCCC1CN(c3ccc4c(n3)NC(=O)CO4)C(=O)O1)C2,7.24,IC50,57.0,CHEMBL2094139,E. coli complex,Gyr,N#Cc1cccc2c1CC(NCCCC1CN(c3ccc4c(n3)NC(=O)CO4)C(=O)O1)C2,O=C1COc2ccc(N3CC(CCCNC4Cc5ccccc5C4)OC3=O)nc2N1,433.4680000000002,2.14658,7,2,True,7.24
CHEMBL6096580,CC(C)C(=O)c1c2c(c(OCCC3OCCO3)c3c1OC1=C(C(=O)C(C)(C)C(=O)C1(C)C)[C@@H]3C(C)C)[C@H](C(C)C)C1=C(O2)C(C)(C)C(=O)C(C)(C)C1=O,7.23,IC50,59.0,CHEMBL2094139,E. coli complex,Gyr,CC(C)C(=O)c1c2c(c(OCCC3OCCO3)c3c1OC1=C(C(=O)C(C)(C)C(=O)C1(C)C)[C@@H]3C(C)C)[C@H](C(C)C)C1=C(O2)C(C)(C)C(=O)C(C)(C)C1=O,O=C1CC(=O)C2=C(C1)Oc1cc3c(c(OCCC4OCCO4)c1C2)CC1=C(CC(=O)CC1=O)O3,732.9110000000001,7.8477000000000094,10,0,True,7.23
CHEMBL3317856,O=c1ccc2ncc(=O)n3c2n1C[C@H]3CN1CCC(NCc2cc3c(cn2)OCCC3)CC1,7.22,IC50,60.0,CHEMBL2094139,E. coli complex,Gyr,O=c1ccc2ncc(=O)n3c2n1C[C@H]3CN1CCC(NCc2cc3c(cn2)OCCC3)CC1,O=c1ccc2ncc(=O)n3c2n1CC3CN1CCC(NCc2cc3c(cn2)OCCC3)CC1,448.5270000000003,1.0870999999999995,7,1,True,7.22
CHEMBL5396870,NC1(COc2cc(F)c3c(c2)CC(CNCCC2CN(c4cnc5c(n4)NC(=O)CO5)C(=O)O2)C3)CC1,7.22,IC50,60.0,CHEMBL2094139,E. coli complex,Gyr,NC1(COc2cc(F)c3c(c2)CC(CNCCC2CN(c4cnc5c(n4)NC(=O)CO5)C(=O)O2)C3)CC1,O=C1COc2ncc(N3CC(CCNCC4Cc5ccc(OCC6CC6)cc5C4)OC3=O)nc2N1,512.5420000000004,1.5365999999999989,9,3,True,7.22
CHEMBL4763466,CC(=O)Nc1nc2ccc(NC(=O)c3[nH]c(C)c(Cl)c3Cl)cc2s1,7.18,IC50,66.0,CHEMBL2094139,E. coli complex,Gyr,CC(=O)Nc1nc2ccc(NC(=O)c3[nH]c(C)c(Cl)c3Cl)cc2s1,O=C(Nc1ccc2ncsc2c1)c1ccc[nH]1,383.26000000000005,4.450320000000001,4,3,True,7.18
CHEMBL3589535,O=C(O)CC(=O)Nc1nc2c(s1)C[C@@H](NC(=O)c1cc(Br)c(Br)[nH]1)CC2,7.16,IC50,69.0,CHEMBL2094139,E. coli complex,Gyr,O=C(O)CC(=O)Nc1nc2c(s1)C[C@@H](NC(=O)c1cc(Br)c(Br)[nH]1)CC2,O=C(NC1CCc2ncsc2C1)c1ccc[nH]1,506.1760000000001,2.6967000000000008,5,4,True,7.16
CHEMBL6142687,CC(C)C(=O)c1c2c(c(OCC3CO3)c3c1OC1=C(C(=O)C(C)(C)C(=O)C1(C)C)[C@@H]3C(C)C)[C@H](C(C)C)C1=C(O2)C(C)(C)C(=O)C(C)(C)C1=O,7.16,IC50,70.0,CHEMBL2094139,E. coli complex,Gyr,CC(C)C(=O)c1c2c(c(OCC3CO3)c3c1OC1=C(C(=O)C(C)(C)C(=O)C1(C)C)[C@@H]3C(C)C)[C@H](C(C)C)C1=C(O2)C(C)(C)C(=O)C(C)(C)C1=O,O=C1CC(=O)C2=C(C1)Oc1cc3c(c(OCC4CO4)c1C2)CC1=C(CC(=O)CC1=O)O3,688.8580000000001,7.483500000000009,9,0,True,7.16
CHEMBL4756218,Cc1[nH]c(C(=O)Nc2ccc(C(=O)N[C@H](C)C(=O)O)cc2OC2CCN(C(=O)OC(C)(C)C)CC2)c(Cl)c1Cl,7.15,IC50,71.0,CHEMBL2094139,E. coli complex,Gyr,Cc1[nH]c(C(=O)Nc2ccc(C(=O)N[C@H](C)C(=O)O)cc2OC2CCN(C(=O)OC(C)(C)C)CC2)c(Cl)c1Cl,O=C(Nc1ccccc1OC1CCNCC1)c1ccc[nH]1,583.4690000000004,4.863420000000003,6,4,True,7.15
CHEMBL5423121,O=C1COc2ccc(N3CC(CCCNC4Cc5cccc(Cl)c5C4)OC3=O)nc2N1,7.14,IC50,72.0,CHEMBL2094139,E. coli complex,Gyr,O=C1COc2ccc(N3CC(CCCNC4Cc5cccc(Cl)c5C4)OC3=O)nc2N1,O=C1COc2ccc(N3CC(CCCNC4Cc5ccccc5C4)OC3=O)nc2N1,442.90300000000013,2.928300000000001,6,2,True,7.14
CHEMBL4793836,COC(=O)CNC(=O)c1ccc(NC(=O)c2[nH]c(C)c(Cl)c2Cl)c(O[C@H]2CCNC2)c1.Cl,7.13,IC50,74.0,CHEMBL2094139,E. coli complex,Gyr,COC(=O)CNC(=O)c1ccc(NC(=O)c2[nH]c(C)c(Cl)c2Cl)c(O[C@H]2CCNC2)c1.Cl,O=C(Nc1ccccc1OC1CCNC1)c1ccc[nH]1,505.78600000000034,2.9475200000000013,6,4,True,7.13
CHEMBL6150913,COCCOCOc1c2c(c(C(=O)C(C)C)c3c1[C@@H](C(C)C)C1=C(O3)C(C)(C)C(=O)C(C)(C)C1=O)OC1=C(C(=O)C(C)(C)C(=O)C1(C)C)[C@H]2C(C)C,7.12,IC50,75.0,CHEMBL2094139,E. coli complex,Gyr,COCCOCOc1c2c(c(C(=O)C(C)C)c3c1[C@@H](C(C)C)C1=C(O3)C(C)(C)C(=O)C(C)(C)C1=O)OC1=C(C(=O)C(C)(C)C(=O)C1(C)C)[C@H]2C(C)C,O=C1CC(=O)C2=C(C1)Oc1cc3c(cc1C2)CC1=C(CC(=O)CC1=O)O3,720.9000000000001,7.70520000000001,10,0,True,7.12
CHEMBL4794217,Cc1[nH]c(C(=O)Nc2ccc(-n3nn[nH]c3=O)cc2)c(Cl)c1Cl,7.11,IC50,77.0,CHEMBL2094139,E. coli complex,Gyr,Cc1[nH]c(C(=O)Nc2ccc(-n3nn[nH]c3=O)cc2)c(Cl)c1Cl,O=C(Nc1ccc(-n2nn[nH]c2=O)cc1)c1ccc[nH]1,353.1690000000001,2.1512199999999995,4,3,True,7.11
CHEMBL4785583,Cc1[nH]c(C(=O)Nc2ccc(C(=O)N[C@@H](C)C(=O)O)cc2OC2CCN(C(=O)OC(C)(C)C)CC2)c(Cl)c1Cl,7.1,IC50,80.0,CHEMBL2094139,E. coli complex,Gyr,Cc1[nH]c(C(=O)Nc2ccc(C(=O)N[C@@H](C)C(=O)O)cc2OC2CCN(C(=O)OC(C)(C)C)CC2)c(Cl)c1Cl,O=C(Nc1ccccc1OC1CCNCC1)c1ccc[nH]1,583.4690000000004,4.863420000000003,6,4,True,7.1
CHEMBL4568624,CCNC(=O)Nc1cc(-n2cncn2)c(C(=O)Nc2cccnc2)cn1,7.09,IC50,82.0,CHEMBL2094139,E. coli complex,Gyr,CCNC(=O)Nc1cc(-n2cncn2)c(C(=O)Nc2cccnc2)cn1,O=C(Nc1cccnc1)c1cnccc1-n1cncn1,352.35800000000006,1.4510000000000003,6,3,True,7.09
CHEMBL5402595,N#CCOc1cc(F)c2c(c1)CC(CNCCC1CN(c3ccc4c(n3)NC(=O)CO4)C(=O)O1)C2,7.09,IC50,81.0,CHEMBL2094139,E. coli complex,Gyr,N#CCOc1cc(F)c2c(c1)CC(CNCCC1CN(c3ccc4c(n3)NC(=O)CO4)C(=O)O1)C2,O=C1COc2ccc(N3CC(CCNCC4Cc5ccccc5C4)OC3=O)nc2N1,481.4840000000003,2.1738800000000005,8,2,True,7.09
CHEMBL486646,CCNC(=O)Nc1nc2cc(-c3cccnc3)c(N3CCCCC3)cc2[nH]1,7.09,Ki,81.0,CHEMBL3038482,S. aureus complex,Gyr,CCNC(=O)Nc1nc2cc(-c3cccnc3)c(N3CCCCC3)cc2[nH]1,c1cncc(-c2cc3nc[nH]c3cc2N2CCCCC2)c1,364.45300000000026,3.7566000000000024,4,3,True,7.09
CHEMBL5408370,Clc1ccc(Cn2cc(COc3ccc(C4=NCCO4)cc3)nn2)cc1,7.08,IC50,83.0,CHEMBL2094139,E. coli complex,Gyr,Clc1ccc(Cn2cc(COc3ccc(C4=NCCO4)cc3)nn2)cc1,c1ccc(Cn2cc(COc3ccc(C4=NCCO4)cc3)nn2)cc1,368.8240000000001,3.3356000000000012,5,0,True,7.08
CHEMBL4520753,COC(=O)CC(=O)Nc1ccc(NC(=O)c2cc(Br)c(Br)[nH]2)c(-c2noc(C)n2)c1,7.07,IC50,86.0,CHEMBL2094139,E. coli complex,Gyr,COC(=O)CC(=O)Nc1ccc(NC(=O)c2cc(Br)c(Br)[nH]2)c(-c2noc(C)n2)c1,O=C(Nc1ccccc1-c1ncon1)c1ccc[nH]1,541.1560000000001,3.652020000000001,7,3,True,7.07
CHEMBL4459270,CCNC(=O)Nc1cc(-n2cccn2)c(C(=O)Nc2cccnc2)cn1,7.07,IC50,86.0,CHEMBL2094139,E. coli complex,Gyr,CCNC(=O)Nc1cc(-n2cccn2)c(C(=O)Nc2cccnc2)cn1,O=C(Nc1cccnc1)c1cnccc1-n1cccn1,351.37000000000006,2.056,5,3,True,7.07
CHEMBL4758478,Cc1[nH]c(C(=O)Nc2ccc(C(=O)NCC(=O)O)cc2OC2CCN(C(=O)OC(C)(C)C)CC2)c(Cl)c1Cl,7.07,IC50,86.0,CHEMBL2094139,E. coli complex,Gyr,Cc1[nH]c(C(=O)Nc2ccc(C(=O)NCC(=O)O)cc2OC2CCN(C(=O)OC(C)(C)C)CC2)c(Cl)c1Cl,O=C(Nc1ccccc1OC1CCNCC1)c1ccc[nH]1,569.4420000000003,4.474920000000003,6,4,True,7.07
CHEMBL472010,CCNC(=O)Nc1nc2cc(-c3cccnc3)c(C)cc2[nH]1,7.07,Ki,85.0,CHEMBL3038482,S. aureus complex,Gyr,CCNC(=O)Nc1nc2cc(-c3cccnc3)c(C)cc2[nH]1,c1cncc(-c2ccc3[nH]cnc3c2)c1,295.346,3.074720000000001,3,3,True,7.07
CHEMBL4873479,COc1ccc2nccc(CCN3CCC(NCc4cc(F)c(Br)c(F)c4)CC3)c2n1,7.06,IC50,87.0,CHEMBL2094139,E. coli complex,Gyr,COc1ccc2nccc(CCN3CCC(NCc4cc(F)c(Br)c(F)c4)CC3)c2n1,c1ccc(CNC2CCN(CCc3ccnc4cccnc34)CC2)cc1,491.3800000000001,4.475800000000004,5,1,True,7.06
CHEMBL4470688,CCNC(=O)Nc1cc(N2CCC(N)C2)c(C(=O)Nc2cccnc2)cn1,7.05,IC50,89.0,CHEMBL2094139,E. coli complex,Gyr,CCNC(=O)Nc1cc(N2CCC(N)C2)c(C(=O)Nc2cccnc2)cn1,O=C(Nc1cccnc1)c1cnccc1N1CCCC1,369.429,1.4076999999999997,6,4,True,7.05
CHEMBL4877862,O=C(NO)c1ccc2nc(NC(=O)c3cc(Br)c(Br)[nH]3)sc2c1,7.05,IC50,89.0,CHEMBL2094139,E. coli complex,Gyr,O=C(NO)c1ccc2nc(NC(=O)c3cc(Br)c(Br)[nH]3)sc2c1,O=C(Nc1nc2ccccc2s1)c1ccc[nH]1,460.107,3.5207000000000006,5,4,True,7.05
CHEMBL5172158,N#Cc1cnc2ccc(=O)n(CCN[C@H]3CC[C@H]4[C@H](C3)OC(=O)N4c3ccc4c(n3)NC(=O)CO4)c2c1,7.05,IC50,90.0,CHEMBL2094139,E. coli complex,Gyr,N#Cc1cnc2ccc(=O)n(CCN[C@H]3CC[C@H]4[C@H](C3)OC(=O)N4c3ccc4c(n3)NC(=O)CO4)c2c1,O=C1COc2ccc(N3C(=O)OC4CC(NCCn5c(=O)ccc6ncccc65)CCC43)nc2N1,501.50300000000027,1.5301799999999992,9,2,True,7.05
CHEMBL5403672,O=C1COc2ccc(N3CC(CCNCC4Cc5cccc(Cl)c5C4)OC3=O)nc2N1,7.05,IC50,90.0,CHEMBL2094139,E. coli complex,Gyr,O=C1COc2ccc(N3CC(CCNCC4Cc5cccc(Cl)c5C4)OC3=O)nc2N1,O=C1COc2ccc(N3CC(CCNCC4Cc5ccccc5C4)OC3=O)nc2N1,442.90300000000013,2.7858,6,2,True,7.05
CHEMBL5406504,O=C1COc2ccc(N3CC(CNCCC4Cc5cccc(Cl)c5C4)OC3=O)nc2N1,7.05,IC50,90.0,CHEMBL2094139,E. coli complex,Gyr,O=C1COc2ccc(N3CC(CNCCC4Cc5cccc(Cl)c5C4)OC3=O)nc2N1,O=C1COc2ccc(N3CC(CNCCC4Cc5ccccc5C4)OC3=O)nc2N1,442.90300000000013,2.7858,6,2,True,7.05
CHEMBL6168306,CC(C)Oc1c(NC(=O)c2ccc(NC(=O)[C@@H](NC(=O)c3ccc(NC(=O)c4ccc(C#N)cc4)cc3)[C@H](C)O)cc2)ccc(C(=O)Nc2ccc(C(=O)O)cc2)c1O,7.05,IC50,90.0,CHEMBL2094139,E. coli complex,Gyr,CC(C)Oc1c(NC(=O)c2ccc(NC(=O)[C@@H](NC(=O)c3ccc(NC(=O)c4ccc(C#N)cc4)cc3)[C@H](C)O)cc2)ccc(C(=O)Nc2ccc(C(=O)O)cc2)c1O,O=C(CNC(=O)c1ccc(NC(=O)c2ccccc2)cc1)Nc1ccc(C(=O)Nc2ccc(C(=O)Nc3ccccc3)cc2)cc1,798.8090000000003,5.6240800000000055,10,8,True,7.05
CHEMBL4746628,Cc1[nH]c(C(=O)Nc2ccc(C(=O)NCC(=O)O)cc2O[C@H]2CCN(C(=O)OC(C)(C)C)C2)c(Cl)c1Cl,7.04,IC50,92.0,CHEMBL2094139,E. coli complex,Gyr,Cc1[nH]c(C(=O)Nc2ccc(C(=O)NCC(=O)O)cc2O[C@H]2CCN(C(=O)OC(C)(C)C)C2)c(Cl)c1Cl,O=C(Nc1ccccc1OC1CCNC1)c1ccc[nH]1,555.4150000000003,4.084820000000002,6,4,True,7.04
CHEMBL3329316,CCNC(=O)Nc1cc(Nc2cccnc2)c(C(=O)Nc2cccnc2)cn1,7.03,IC50,93.0,CHEMBL2094139,E. coli complex,Gyr,CCNC(=O)Nc1cc(Nc2cccnc2)c(C(=O)Nc2cccnc2)cn1,O=C(Nc1cccnc1)c1cnccc1Nc1cccnc1,377.4080000000001,3.0089000000000006,6,4,True,7.03
CHEMBL3589531,COC(=O)CCC(=O)Nc1nc2c(s1)C[C@@H](NC(=O)c1cc(Br)c(Br)[nH]1)CC2,7.03,IC50,93.0,CHEMBL2094139,E. coli complex,Gyr,COC(=O)CCC(=O)Nc1nc2c(s1)C[C@@H](NC(=O)c1cc(Br)c(Br)[nH]1)CC2,O=C(NC1CCc2ncsc2C1)c1ccc[nH]1,534.23,3.175200000000001,6,3,True,7.03
CHEMBL3589530,COC(=O)CC(=O)Nc1nc2c(s1)C[C@@H](NC(=O)c1cc(Br)c(Br)[nH]1)CC2,7.02,IC50,96.0,CHEMBL2094139,E. coli complex,Gyr,COC(=O)CC(=O)Nc1nc2c(s1)C[C@@H](NC(=O)c1cc(Br)c(Br)[nH]1)CC2,O=C(NC1CCc2ncsc2C1)c1ccc[nH]1,520.2030000000001,2.785100000000001,6,3,True,7.02
CHEMBL6151082,O=C(O)C(=O)Nc1ccc2nc(N(Cc3cccc(C(=O)O)c3)C(=O)c3cc(Br)c(Br)[nH]3)sc2c1,7.02,IC50,96.0,CHEMBL2094139,E. coli complex,Gyr,O=C(O)C(=O)Nc1ccc2nc(N(Cc3cccc(C(=O)O)c3)C(=O)c3cc(Br)c(Br)[nH]3)sc2c1,O=C(c1ccc[nH]1)N(Cc1ccccc1)c1nc2ccccc2s1,622.2510000000001,4.717700000000002,6,4,True,7.02
CHEMBL3329292,CCNC(=O)Nc1cc(Nc2cccc(C)c2)c(C(=O)Nc2nccs2)cn1,7.01,IC50,98.0,CHEMBL2094139,E. coli complex,Gyr,CCNC(=O)Nc1cc(Nc2cccc(C)c2)c(C(=O)Nc2nccs2)cn1,O=C(Nc1nccs1)c1cnccc1Nc1ccccc1,396.47600000000006,3.9838200000000024,6,4,True,7.01
CHEMBL4748595,Cc1[nH]c(C(=O)Nc2ccc3[nH]c(C(=O)O)cc3c2)c(Cl)c1Cl,7.01,IC50,98.0,CHEMBL2094139,E. coli complex,Gyr,Cc1[nH]c(C(=O)Nc2ccc3[nH]c(C(=O)O)cc3c2)c(Cl)c1Cl,O=C(Nc1ccc2[nH]ccc2c1)c1ccc[nH]1,352.177,4.061720000000001,2,4,True,7.01
CHEMBL380520,NCc1cccc(-c2cc3c(cc2F)c(=O)c2c(=O)[nH]sc2n3C2CC2)c1,7.0,IC50,100.0,CHEMBL2094139,E. coli complex,Gyr,NCc1cccc(-c2cc3c(cc2F)c(=O)c2c(=O)[nH]sc2n3C2CC2)c1,O=c1[nH]sc2c1c(=O)c1ccc(-c3ccccc3)cc1n2C1CC1,381.432,3.5042000000000018,4,2,True,7.0
CHEMBL383497,NCc1ccc(-c2cc3c(cc2F)c(=O)c2c(=O)[nH]sc2n3C2CC2)cc1,7.0,IC50,100.0,CHEMBL2094139,E. coli complex,Gyr,NCc1ccc(-c2cc3c(cc2F)c(=O)c2c(=O)[nH]sc2n3C2CC2)cc1,O=c1[nH]sc2c1c(=O)c1ccc(-c3ccccc3)cc1n2C1CC1,381.4320000000001,3.5042000000000018,4,2,True,7.0
CHEMBL202864,O=c1[nH]sc2c1c(=O)c1cc(F)c(N3CCNCC3)cc1n2C1CC1,7.0,IC50,100.0,CHEMBL2094139,E. coli complex,Gyr,O=c1[nH]sc2c1c(=O)c1cc(F)c(N3CCNCC3)cc1n2C1CC1,O=c1[nH]sc2c1c(=O)c1ccc(N3CCNCC3)cc1n2C1CC1,360.41400000000016,1.7881,5,2,True,7.0
CHEMBL36506,CO[C@@H]1[C@@H](OC(N)=O)[C@@H](O)[C@H](Oc2ccc3c(O)c(NC(=O)c4ccc(O)c(CC=C(C)C)c4)c(=O)oc3c2C)OC1(C)C,7.0,IC50,100.0,CHEMBL2094139,E. coli complex,Gyr,CO[C@@H]1[C@@H](OC(N)=O)[C@@H](O)[C@H](Oc2ccc3c(O)c(NC(=O)c4ccc(O)c(CC=C(C)C)c4)c(=O)oc3c2C)OC1(C)C,O=C(Nc1cc2ccc(OC3CCCCO3)cc2oc1=O)c1ccccc1,612.6320000000002,3.6271200000000023,11,5,True,7.0
CHEMBL3329291,CCNC(=O)Nc1cc(Nc2cccc(C)c2)c(C(=O)Nc2cccc(C)c2)cn1,7.0,IC50,99.0,CHEMBL2094139,E. coli complex,Gyr,CCNC(=O)Nc1cc(Nc2cccc(C)c2)c(C(=O)Nc2cccc(C)c2)cn1,O=C(Nc1ccccc1)c1cnccc1Nc1ccccc1,403.4860000000001,4.835740000000003,4,4,True,7.0
CHEMBL3589529,CCOC(=O)C(=O)Nc1nc2c(s1)C[C@@H](NC(=O)c1cc(Br)c(Br)[nH]1)CC2,7.0,IC50,100.0,CHEMBL2094139,E. coli complex,Gyr,CCOC(=O)C(=O)Nc1nc2c(s1)C[C@@H](NC(=O)c1cc(Br)c(Br)[nH]1)CC2,O=C(NC1CCc2ncsc2C1)c1ccc[nH]1,520.2030000000001,2.785100000000001,6,3,True,7.0
CHEMBL3663210,[C-]#[N+]c1nccc(-c2noc3c(F)c4c(cc23)CC2(C(=O)NC(=O)NC2=O)[C@H]2[C@H](C)O[C@H](C)CN42)n1,7.0,IC50,100.0,CHEMBL2094139,E. coli complex,Gyr,[C-]#[N+]c1nccc(-c2noc3c(F)c4c(cc23)CC2(C(=O)NC(=O)NC2=O)[C@H]2[C@H](C)O[C@H](C)CN42)n1,O=C1NC(=O)C2(Cc3cc4c(-c5ccncn5)noc4cc3N3CCOCC32)C(=O)N1,491.4390000000002,1.8653899999999999,9,2,True,7.0
CHEMBL1235773,COc1ccc2ncc(C#N)c(CCN3CCC(NCc4cc5c(cn4)OCS5)CC3)c2c1,7.0,IC50,100.0,CHEMBL2094139,E. coli complex,Gyr,COc1ccc2ncc(C#N)c(CCN3CCC(NCc4cc5c(cn4)OCS5)CC3)c2c1,c1ccc2c(CCN3CCC(NCc4cc5c(cn4)OCS5)CC3)ccnc2c1,461.5910000000003,3.7487800000000027,8,1,True,7.0
CHEMBL5420904,O=C1COc2ccc(N3CC(CCNCC4Cc5cccc(F)c5C4)OC3=O)nc2N1,7.0,IC50,100.0,CHEMBL2094139,E. coli complex,Gyr,O=C1COc2ccc(N3CC(CCNCC4Cc5cccc(F)c5C4)OC3=O)nc2N1,O=C1COc2ccc(N3CC(CCNCC4Cc5ccccc5C4)OC3=O)nc2N1,426.4480000000001,2.2714999999999996,6,2,True,7.0
CHEMBL5428505,NC1(COc2cc(F)c3c(c2)CC(CNCCC2CN(c4ccc5c(n4)NC(=O)CO5)C(=O)O2)C3)CC1,7.0,IC50,100.0,CHEMBL2094139,E. coli complex,Gyr,NC1(COc2cc(F)c3c(c2)CC(CNCCC2CN(c4ccc5c(n4)NC(=O)CO5)C(=O)O2)C3)CC1,O=C1COc2ccc(N3CC(CCNCC4Cc5ccc(OCC6CC6)cc5C4)OC3=O)nc2N1,511.55400000000037,2.1415999999999995,8,3,True,7.0
CHEMBL5591338,Cc1[nH]c(C(=O)/N=c2\sc3cc(NC(=O)C(=O)O)ccc3n2CCc2ccccc2)c(Cl)c1Cl,7.0,IC50,100.0,CHEMBL2094139,E. coli complex,Gyr,Cc1[nH]c(C(=O)/N=c2\sc3cc(NC(=O)C(=O)O)ccc3n2CCc2ccccc2)c(Cl)c1Cl,O=C(N=c1sc2ccccc2n1CCc1ccccc1)c1ccc[nH]1,517.3940000000002,4.653020000000003,4,3,True,7.0
CHEMBL5566708,CC(=O)Nc1ccc2c(c1)s/c(=N\C(=O)c1[nH]c(C)c(Cl)c1Cl)n2Cc1cccc(C(=O)O)c1,7.0,IC50,100.0,CHEMBL2094139,E. coli complex,Gyr,CC(=O)Nc1ccc2c(c1)s/c(=N\C(=O)c1[nH]c(C)c(Cl)c1Cl)n2Cc1cccc(C(=O)O)c1,O=C(N=c1sc2ccccc2n1Cc1ccccc1)c1ccc[nH]1,517.3940000000003,5.092120000000003,4,3,True,7.0
CHEMBL5182200,COc1ccc2ccc(=O)n(CCN[C@H]3CC[C@H]4[C@H](C3)OC(=O)N4c3ccc4c(n3)NC(=O)CS4)c2n1,6.98,IC50,105.0,CHEMBL2094139,E. coli complex,Gyr,COc1ccc2ccc(=O)n(CCN[C@H]3CC[C@H]4[C@H](C3)OC(=O)N4c3ccc4c(n3)NC(=O)CS4)c2n1,O=C1CSc2ccc(N3C(=O)OC4CC(NCCn5c(=O)ccc6cccnc65)CCC43)nc2N1,522.5870000000002,2.3804,9,2,True,6.98
CHEMBL3329311,CCNC(=O)Nc1cc(Nc2ccccc2)c(C(=O)Nc2ccc(N3CCOCC3)nc2)cn1,6.96,IC50,110.0,CHEMBL2094139,E. coli complex,Gyr,CCNC(=O)Nc1cc(Nc2ccccc2)c(C(=O)Nc2ccc(N3CCOCC3)nc2)cn1,O=C(Nc1ccc(N2CCOCC2)nc1)c1cnccc1Nc1ccccc1,461.5260000000003,3.4505000000000026,7,4,True,6.96
CHEMBL4741205,Cc1[nH]c(C(=O)Nc2nc3ccc(NC(=O)CCNC(=O)OC(C)(C)C)cc3s2)c(Cl)c1Cl,6.96,IC50,110.0,CHEMBL2094139,E. coli complex,Gyr,Cc1[nH]c(C(=O)Nc2nc3ccc(NC(=O)CCNC(=O)OC(C)(C)C)cc3s2)c(Cl)c1Cl,O=C(Nc1nc2ccccc2s1)c1ccc[nH]1,512.4190000000002,5.345220000000004,6,4,True,6.96
CHEMBL4793192,Cc1[nH]c(C(=O)Nc2nc3ccc(NC(=O)CCN)cc3s2)c(Cl)c1Cl.Cl,6.96,IC50,110.0,CHEMBL2094139,E. coli complex,Gyr,Cc1[nH]c(C(=O)Nc2nc3ccc(NC(=O)CCN)cc3s2)c(Cl)c1Cl.Cl,O=C(Nc1nc2ccccc2s1)c1ccc[nH]1,448.7630000000001,4.201020000000002,5,4,True,6.96
CHEMBL4741604,CNCCc1c(C(=O)Nc2ccc(C(=O)O)cc2)c(=O)[nH]c2c(NC)cc(F)cc12.O=C(O)C(F)(F)F,6.96,IC50,109.23,CHEMBL2094139,E. coli complex,Gyr,CNCCc1c(C(=O)Nc2ccc(C(=O)O)cc2)c(=O)[nH]c2c(NC)cc(F)cc12.O=C(O)C(F)(F)F,O=C(Nc1ccccc1)c1cc2ccccc2[nH]c1=O,526.4430000000002,3.0546000000000006,6,6,True,6.96
CHEMBL6078305,Cc1[nH]c(C(=O)Nc2ccc(-c3noc(=O)[nH]3)cc2N2CCN(c3ccccc3)CC2)c(Cl)c1Cl,6.96,IC50,109.0,CHEMBL2094139,E. coli complex,Gyr,Cc1[nH]c(C(=O)Nc2ccc(-c3noc(=O)[nH]3)cc2N2CCN(c3ccccc3)CC2)c(Cl)c1Cl,O=C(Nc1ccc(-c2noc(=O)[nH]2)cc1N1CCN(c2ccccc2)CC1)c1ccc[nH]1,513.3850000000003,4.552120000000003,6,3,True,6.96
CHEMBL6074476,Cc1[nH]c(C(=O)Nc2ccc(-n3nn[nH]c3=O)cc2N2Cc3ccccc3C2)c(Cl)c1Cl,6.96,IC50,111.0,CHEMBL2094139,E. coli complex,Gyr,Cc1[nH]c(C(=O)Nc2ccc(-n3nn[nH]c3=O)cc2N2Cc3ccccc3C2)c(Cl)c1Cl,O=C(Nc1ccc(-n2nn[nH]c2=O)cc1N1Cc2ccccc2C1)c1ccc[nH]1,470.3200000000003,3.671420000000002,5,3,True,6.96
CHEMBL5441103,COc1ccc2nccc(CCN3CCC(NC(=O)c4cc(F)c(Br)c(F)c4)CC3)c2n1,6.94,IC50,114.0,CHEMBL2094139,E. coli complex,Gyr,COc1ccc2nccc(CCN3CCC(NC(=O)c4cc(F)c(Br)c(F)c4)CC3)c2n1,O=C(NC1CCN(CCc2ccnc3cccnc23)CC1)c1ccccc1,505.36300000000017,4.116000000000003,5,1,True,6.94
CHEMBL4130153,COc1c(N2CC[C@@H](CN)C2)c(F)cc2c1N(Cc1ccc(-c3ccccc3)cc1)CC(C(=O)O)C2=O,6.92,IC50,120.0,CHEMBL2094139,E. coli complex,Gyr,COc1c(N2CC[C@@H](CN)C2)c(F)cc2c1N(Cc1ccc(-c3ccccc3)cc1)CC(C(=O)O)C2=O,O=C1CCN(Cc2ccc(-c3ccccc3)cc2)c2cc(N3CCCC3)ccc21,503.5740000000002,4.190000000000003,6,2,True,6.92
CHEMBL4127152,COc1c(N2CC[C@@H](CN)C2)c(F)cc2c1N(C1CC1)CC(C(=O)O)C2=O,6.92,IC50,120.0,CHEMBL2094139,E. coli complex,Gyr,COc1c(N2CC[C@@H](CN)C2)c(F)cc2c1N(C1CC1)CC(C(=O)O)C2=O,O=C1CCN(C2CC2)c2cc(N3CCCC3)ccc21,377.41600000000017,1.4851999999999996,6,2,True,6.92
CHEMBL4436644,CCNC(=O)Nc1cc(N2CCCC2)c(C(=O)Nc2cccnc2)cn1,6.92,IC50,120.0,CHEMBL2094139,E. coli complex,Gyr,CCNC(=O)Nc1cc(N2CCCC2)c(C(=O)Nc2cccnc2)cn1,O=C(Nc1cccnc1)c1cnccc1N1CCCC1,354.414,2.4705000000000004,5,3,True,6.92
CHEMBL231315,COc1c(N2CC[C@@H](CN)C2)c(F)cc2c(=O)c(C(=O)O)cn(C3CC3)c12,6.92,IC50,120.0,CHEMBL2094139,E. coli complex,Gyr,COc1c(N2CC[C@@H](CN)C2)c(F)cc2c(=O)c(C(=O)O)cn(C3CC3)c12,O=c1ccn(C2CC2)c2cc(N3CCCC3)ccc12,375.4000000000001,1.9673,5,2,True,6.92
CHEMBL5280982,COc1cc(C(=O)NCC(=O)O)ccc1NC(=O)c1cc(Cl)c(Cl)[nH]1,6.92,IC50,120.0,CHEMBL2094139,E. coli complex,Gyr,COc1cc(C(=O)NCC(=O)O)ccc1NC(=O)c1cc(Cl)c(Cl)[nH]1,O=C(Nc1ccccc1)c1ccc[nH]1,386.19100000000014,2.3968,4,4,True,6.92
CHEMBL5424692,O=C1COc2ccc(N3CC(CCNCCC4Cc5cccc(Cl)c5C4)OC3=O)nc2N1,6.92,IC50,120.0,CHEMBL2094139,E. coli complex,Gyr,O=C1COc2ccc(N3CC(CCNCCC4Cc5cccc(Cl)c5C4)OC3=O)nc2N1,O=C1COc2ccc(N3CC(CCNCCC4Cc5ccccc5C4)OC3=O)nc2N1,456.9300000000002,3.1759000000000013,6,2,True,6.92
CHEMBL5422268,O=C1COc2ccc(N3CC(CCCNC4Cc5cccc(F)c5C4)OC3=O)nc2N1,6.92,IC50,120.0,CHEMBL2094139,E. coli complex,Gyr,O=C1COc2ccc(N3CC(CCCNC4Cc5cccc(F)c5C4)OC3=O)nc2N1,O=C1COc2ccc(N3CC(CCCNC4Cc5ccccc5C4)OC3=O)nc2N1,426.4480000000001,2.4139999999999997,6,2,True,6.92
CHEMBL4448131,O=C1COc2ccc(N3C[C@H](CCCN[C@@H]4Cn5c(=O)ccc6ccc(F)c4c65)OC3=O)nc2N1,6.9,IC50,125.0,CHEMBL2094139,E. coli complex,Gyr,O=C1COc2ccc(N3C[C@H](CCCN[C@@H]4Cn5c(=O)ccc6ccc(F)c4c65)OC3=O)nc2N1,O=C1COc2ccc(N3CC(CCCNC4Cn5c(=O)ccc6cccc4c65)OC3=O)nc2N1,479.4680000000002,2.3163999999999993,7,2,True,6.9
CHEMBL2424879,COc1ccc2ncc(F)c([C@@H](O)[C@H](O)[C@@H]3CC[C@@H](NCc4cc5c(nn4)OCCO5)CO3)c2n1,6.9,IC50,125.0,CHEMBL3038482,S. aureus complex,Gyr,COc1ccc2ncc(F)c([C@@H](O)[C@H](O)[C@@H]3CC[C@@H](NCc4cc5c(nn4)OCCO5)CO3)c2n1,c1cnc2c(CCC3CCC(NCc4cc5c(nn4)OCCO5)CO3)ccnc2c1,487.48800000000034,1.0703999999999996,11,3,True,6.9
CHEMBL2424878,COc1ccc2ncc(F)c([C@@H](O)[C@H](O)[C@@H]3CC[C@@H](NCc4cc5c(nn4)OCCS5)CO3)c2n1,6.9,IC50,125.0,CHEMBL3038482,S. aureus complex,Gyr,COc1ccc2ncc(F)c([C@@H](O)[C@H](O)[C@@H]3CC[C@@H](NCc4cc5c(nn4)OCCS5)CO3)c2n1,c1cnc2c(CCC3CCC(NCc4cc5c(nn4)OCCS5)CO3)ccnc2c1,503.5560000000003,1.7837,11,3,True,6.9
CHEMBL2424875,COc1cnc2ccc(F)c([C@@H](O)[C@H](O)[C@@H]3CC[C@@H](NCc4cc5c(nn4)OCCS5)CO3)c2n1,6.9,IC50,125.0,CHEMBL3038482,S. aureus complex,Gyr,COc1cnc2ccc(F)c([C@@H](O)[C@H](O)[C@@H]3CC[C@@H](NCc4cc5c(nn4)OCCS5)CO3)c2n1,c1cc(CCC2CCC(NCc3cc4c(nn3)OCCS4)CO2)c2nccnc2c1,503.55600000000027,1.7837,11,3,True,6.9
CHEMBL2424873,COc1cnc2ccc(F)c([C@@H](O)[C@H](O)[C@@H]3CC[C@@H](NCc4cc5c(cn4)OCCO5)CO3)c2n1,6.9,IC50,125.0,CHEMBL3038482,S. aureus complex,Gyr,COc1cnc2ccc(F)c([C@@H](O)[C@H](O)[C@@H]3CC[C@@H](NCc4cc5c(cn4)OCCO5)CO3)c2n1,c1cc(CCC2CCC(NCc3cc4c(cn3)OCCO4)CO2)c2nccnc2c1,486.5000000000003,1.6754,10,3,True,6.9
CHEMBL2424834,COc1cc(F)c2nccc([C@@H](O)[C@H](O)[C@@H]3CC[C@@H](NCc4ccc5c(n4)NC(=O)CS5)CO3)c2c1,6.9,IC50,125.0,CHEMBL3038482,S. aureus complex,Gyr,COc1cc(F)c2nccc([C@@H](O)[C@H](O)[C@@H]3CC[C@@H](NCc4ccc5c(n4)NC(=O)CS5)CO3)c2c1,O=C1CSc2ccc(CNC3CCC(CCc4ccnc5ccccc45)OC3)nc2N1,514.5790000000003,2.553400000000001,9,4,True,6.9
CHEMBL2424660,COc1ccc2ncc(F)c([C@@H](O)[C@H](O)[C@@H]3CC[C@@H](NCc4ccc5c(n4)NC(=O)CS5)CO3)c2c1,6.9,IC50,125.0,CHEMBL3038482,S. aureus complex,Gyr,COc1ccc2ncc(F)c([C@@H](O)[C@H](O)[C@@H]3CC[C@@H](NCc4ccc5c(n4)NC(=O)CS5)CO3)c2c1,O=C1CSc2ccc(CNC3CCC(CCc4ccnc5ccccc45)OC3)nc2N1,514.5790000000003,2.553400000000001,9,4,True,6.9
CHEMBL2424891,COc1cnc2cccc([C@@H](O)[C@H](O)[C@@H]3CC[C@@H](NCc4ccc5c(n4)NC(=O)CS5)CO3)c2c1,6.9,IC50,125.0,CHEMBL3038482,S. aureus complex,Gyr,COc1cnc2cccc([C@@H](O)[C@H](O)[C@@H]3CC[C@@H](NCc4ccc5c(n4)NC(=O)CS5)CO3)c2c1,O=C1CSc2ccc(CNC3CCC(CCc4cccc5ncccc45)OC3)nc2N1,496.5890000000003,2.4143,9,4,True,6.9
CHEMBL2424887,COc1ccc2nccc([C@@H](O)[C@H](O)[C@H]3CC[C@H](NCc4ccc5c(n4)NC(=O)CS5)CO3)c2n1,6.9,IC50,125.0,CHEMBL3038482,S. aureus complex,Gyr,COc1ccc2nccc([C@@H](O)[C@H](O)[C@H]3CC[C@H](NCc4ccc5c(n4)NC(=O)CS5)CO3)c2n1,O=C1CSc2ccc(CNC3CCC(CCc4ccnc5cccnc45)OC3)nc2N1,497.5770000000003,1.8092999999999997,10,4,True,6.9
CHEMBL2424882,COc1ccc2nccc(/C=C/[C@@H]3CC[C@@H](NCc4cc5c(cn4)OCCO5)CO3)c2n1,6.9,IC50,125.0,CHEMBL3038482,S. aureus complex,Gyr,COc1ccc2nccc(/C=C/[C@@H]3CC[C@@H](NCc4cc5c(cn4)OCCO5)CO3)c2n1,C(=CC1CCC(NCc2cc3c(cn2)OCCO3)CO1)c1ccnc2cccnc12,434.49600000000027,3.1552000000000016,8,1,True,6.9
CHEMBL3589079,O=C(O)CC(=O)Nc1nc2c(s1)C[C@@H](NC(=O)c1cc(Cl)c(Cl)[nH]1)CC2,6.89,IC50,130.0,CHEMBL2094139,E. coli complex,Gyr,O=C(O)CC(=O)Nc1nc2c(s1)C[C@@H](NC(=O)c1cc(Cl)c(Cl)[nH]1)CC2,O=C(NC1CCc2ncsc2C1)c1ccc[nH]1,417.2740000000001,2.4785000000000004,5,4,True,6.89
CHEMBL4748866,CNc1cc(F)cc2cc(C(=O)Nc3ccc(C(=O)O)cc3CNCCO)c(=O)[nH]c12.Cl,6.89,IC50,129.25,CHEMBL2094139,E. coli complex,Gyr,CNc1cc(F)cc2cc(C(=O)Nc3ccc(C(=O)O)cc3CNCCO)c(=O)[nH]c12.Cl,O=C(Nc1ccccc1)c1cc2ccccc2[nH]c1=O,464.88100000000026,2.1631,6,6,True,6.89
CHEMBL6134397,CC(C)Oc1c(NC(=O)c2ccc(NC(=O)[C@H](CC(N)=O)NC(=O)c3ccc(NC(=O)c4ccc(C#N)cc4)cc3)cc2)ccc(C(=O)Nc2ccc(C(=O)O)cc2)c1O,6.89,IC50,130.0,CHEMBL2094139,E. coli complex,Gyr,CC(C)Oc1c(NC(=O)c2ccc(NC(=O)[C@H](CC(N)=O)NC(=O)c3ccc(NC(=O)c4ccc(C#N)cc4)cc3)cc2)ccc(C(=O)Nc2ccc(C(=O)O)cc2)c1O,O=C(CNC(=O)c1ccc(NC(=O)c2ccccc2)cc1)Nc1ccc(C(=O)Nc2ccc(C(=O)Nc3ccccc3)cc2)cc1,811.8080000000003,5.118680000000003,10,8,True,6.89
CHEMBL472524,CCNC(=O)Nc1nc2cc(-c3cccnc3)ccc2[nH]1,6.89,Ki,130.0,CHEMBL3038482,S. aureus complex,Gyr,CCNC(=O)Nc1nc2cc(-c3cccnc3)ccc2[nH]1,c1cncc(-c2ccc3[nH]cnc3c2)c1,281.319,2.7663,3,3,True,6.89
CHEMBL4783481,CNCCCc1c(C(=O)Nc2ccc(C(=O)O)cc2)c(=O)[nH]c2c(NC)cc(F)cc12.O=C(O)C(F)(F)F,6.88,IC50,131.11,CHEMBL2094139,E. coli complex,Gyr,CNCCCc1c(C(=O)Nc2ccc(C(=O)O)cc2)c(=O)[nH]c2c(NC)cc(F)cc12.O=C(O)C(F)(F)F,O=C(Nc1ccccc1)c1cc2ccccc2[nH]c1=O,540.4700000000003,3.444700000000001,6,6,True,6.88
CHEMBL6168275,O=C(O)C(=O)Nc1ccc2c(c1)s/c(=N\C(=O)c1cc(Br)c(Br)[nH]1)n2Cc1ccccc1,6.87,IC50,134.0,CHEMBL2094139,E. coli complex,Gyr,O=C(O)C(=O)Nc1ccc2c(c1)s/c(=N\C(=O)c1cc(Br)c(Br)[nH]1)n2Cc1ccccc1,O=C(N=c1sc2ccccc2n1Cc1ccccc1)c1ccc[nH]1,578.2420000000001,4.368400000000001,4,3,True,6.87
CHEMBL3329308,CCNC(=O)Nc1cc(Nc2ccccc2)c(C(=O)Nc2cccc(C)c2)cn1,6.85,IC50,140.0,CHEMBL2094139,E. coli complex,Gyr,CCNC(=O)Nc1cc(Nc2ccccc2)c(C(=O)Nc2cccc(C)c2)cn1,O=C(Nc1ccccc1)c1cnccc1Nc1ccccc1,389.4590000000001,4.527320000000002,4,4,True,6.85
CHEMBL4551876,Cc1nc(-c2cc(NC(=O)CC(=O)NN)ccc2NC(=O)c2cc(Br)c(Br)[nH]2)no1,6.85,IC50,140.0,CHEMBL2094139,E. coli complex,Gyr,Cc1nc(-c2cc(NC(=O)CC(=O)NN)ccc2NC(=O)c2cc(Br)c(Br)[nH]2)no1,O=C(Nc1ccccc1-c1ncon1)c1ccc[nH]1,541.1600000000001,2.468919999999999,7,5,True,6.85
CHEMBL4531538,O=C1CNc2nc(CNC34CCC(CCc5c(Cl)cnc6ccc(=O)n(CCO)c56)(CC3)OC4)ccc2O1,6.85,IC50,140.0,CHEMBL2094139,E. coli complex,Gyr,O=C1CNc2nc(CNC34CCC(CCc5c(Cl)cnc6ccc(=O)n(CCO)c56)(CC3)OC4)ccc2O1,O=C1CNc2nc(CNC34CCC(CCc5ccnc6ccc(=O)[nH]c56)(CC3)OC4)ccc2O1,540.0200000000003,2.5723000000000003,9,3,True,6.85
CHEMBL6168485,CC(C)Oc1c(NC(=O)c2ccc(NC(=O)[C@@H](NC(=O)c3ccc(NC(=O)c4ccc(C#N)cc4)cc3)[C@@H](C)O)cc2)ccc(C(=O)Nc2ccc(C(=O)O)cc2)c1O,6.85,IC50,140.0,CHEMBL2094139,E. coli complex,Gyr,CC(C)Oc1c(NC(=O)c2ccc(NC(=O)[C@@H](NC(=O)c3ccc(NC(=O)c4ccc(C#N)cc4)cc3)[C@@H](C)O)cc2)ccc(C(=O)Nc2ccc(C(=O)O)cc2)c1O,O=C(CNC(=O)c1ccc(NC(=O)c2ccccc2)cc1)Nc1ccc(C(=O)Nc2ccc(C(=O)Nc3ccccc3)cc2)cc1,798.8090000000003,5.6240800000000055,10,8,True,6.85
CHEMBL3329313,CCNC(=O)Nc1cc(Nc2ccccc2)c(C(=O)Nc2ccc(-n3cncn3)nc2)cn1,6.82,IC50,150.0,CHEMBL2094139,E. coli complex,Gyr,CCNC(=O)Nc1cc(Nc2ccccc2)c(C(=O)Nc2ccc(-n3cncn3)nc2)cn1,O=C(Nc1ccc(-n2cncn2)nc1)c1cnccc1Nc1ccccc1,443.4710000000001,3.194600000000001,7,4,True,6.82
CHEMBL3329309,CCNC(=O)Nc1cc(Nc2ccccc2)c(C(=O)Nc2cccc(Cl)c2)cn1,6.82,IC50,150.0,CHEMBL2094139,E. coli complex,Gyr,CCNC(=O)Nc1cc(Nc2ccccc2)c(C(=O)Nc2cccc(Cl)c2)cn1,O=C(Nc1ccccc1)c1cnccc1Nc1ccccc1,409.8770000000001,4.872300000000004,4,4,True,6.82
CHEMBL3589539,CC(=O)Nc1nc2c(s1)C[C@@H](NC(=O)c1cc(Br)c(Br)[nH]1)CC2,6.82,IC50,150.0,CHEMBL2094139,E. coli complex,Gyr,CC(=O)Nc1nc2c(s1)C[C@@H](NC(=O)c1cc(Br)c(Br)[nH]1)CC2,O=C(NC1CCc2ncsc2C1)c1ccc[nH]1,462.1670000000001,3.241900000000001,4,3,True,6.82
CHEMBL4521306,CCNC(=O)Nc1cc(-n2nccn2)c(C(=O)Nc2cccnc2)cn1,6.82,IC50,150.0,CHEMBL2094139,E. coli complex,Gyr,CCNC(=O)Nc1cc(-n2nccn2)c(C(=O)Nc2cccnc2)cn1,O=C(Nc1cccnc1)c1cnccc1-n1nccn1,352.35800000000006,1.451,6,3,True,6.82
CHEMBL4445556,NC[C@H](Oc1noc2ccc(-c3ccccc3Cl)cc12)c1ccccc1,6.8,IC50,160.0,CHEMBL2094139,E. coli complex,Gyr,NC[C@H](Oc1noc2ccc(-c3ccccc3Cl)cc12)c1ccccc1,c1ccc(COc2noc3ccc(-c4ccccc4)cc23)cc1,364.8320000000001,5.227000000000004,4,1,True,6.8
CHEMBL4592805,N=C(N)NC[C@H](Oc1noc2ccc(-c3ccccc3Cl)cc12)c1ccccc1,6.8,IC50,160.0,CHEMBL2094139,E. coli complex,Gyr,N=C(N)NC[C@H](Oc1noc2ccc(-c3ccccc3Cl)cc12)c1ccccc1,c1ccc(COc2noc3ccc(-c4ccccc4)cc23)cc1,406.87300000000016,4.751370000000002,4,3,True,6.8
CHEMBL4748903,Cc1[nH]c(C(=O)Nc2ccc(C(=O)NS(C)(=O)=O)cc2)c(Cl)c1Cl,6.8,IC50,160.0,CHEMBL2094139,E. coli complex,Gyr,Cc1[nH]c(C(=O)Nc2ccc(C(=O)NS(C)(=O)=O)cc2)c(Cl)c1Cl,O=C(Nc1ccccc1)c1ccc[nH]1,390.24800000000005,2.5716200000000002,4,3,True,6.8
CHEMBL5404831,O=c1cc(NCC2CN(CC3Cc4ccnc(Cl)c4C3)C2)c2cc(F)ccc2o1,6.8,IC50,160.0,CHEMBL2094139,E. coli complex,Gyr,O=c1cc(NCC2CN(CC3Cc4ccnc(Cl)c4C3)C2)c2cc(F)ccc2o1,O=c1cc(NCC2CN(CC3Cc4ccncc4C3)C2)c2ccccc2o1,413.8800000000002,3.739200000000003,5,1,True,6.8
CHEMBL5435353,O=C1COc2ccc(N3CC(CCCNC4Cc5ccc(F)cc5C4)OC3=O)nc2N1,6.8,IC50,160.0,CHEMBL2094139,E. coli complex,Gyr,O=C1COc2ccc(N3CC(CCCNC4Cc5ccc(F)cc5C4)OC3=O)nc2N1,O=C1COc2ccc(N3CC(CCCNC4Cc5ccccc5C4)OC3=O)nc2N1,426.4480000000001,2.4139999999999997,6,2,True,6.8
CHEMBL3329310,CCNC(=O)Nc1cc(Nc2ccccc2)c(C(=O)Nc2cccnc2)cn1,6.77,IC50,170.0,CHEMBL2094139,E. coli complex,Gyr,CCNC(=O)Nc1cc(Nc2ccccc2)c(C(=O)Nc2cccnc2)cn1,O=C(Nc1cccnc1)c1cnccc1Nc1ccccc1,376.4200000000001,3.613900000000002,5,4,True,6.77
CHEMBL4291620,Cc1ccc(C(F)(F)F)cc1S(=O)(=O)N[C@@H]1CCN(Cc2ccc(OC3CC3)cc2)C1,6.77,IC50,170.0,CHEMBL2094139,E. coli complex,Gyr,Cc1ccc(C(F)(F)F)cc1S(=O)(=O)N[C@@H]1CCN(Cc2ccc(OC3CC3)cc2)C1,O=S(=O)(NC1CCN(Cc2ccc(OC3CC3)cc2)C1)c1ccccc1,454.5140000000004,4.107820000000004,4,1,True,6.77
CHEMBL5439519,CC(N)COc1cc(F)c2c(c1)CC(CCOCC1CN(c3cnc4c(n3)NC(=O)CO4)C(=O)O1)C2,6.77,IC50,170.0,CHEMBL2094139,E. coli complex,Gyr,CC(N)COc1cc(F)c2c(c1)CC(CCOCC1CN(c3cnc4c(n3)NC(=O)CO4)C(=O)O1)C2,O=C1COc2ncc(N3CC(COCCC4Cc5ccccc5C4)OC3=O)nc2N1,501.51500000000027,1.8194999999999997,9,2,True,6.77
CHEMBL3809184,O=C(O)C(=O)Nc1ccc(NC(=O)c2cc(Br)c(Br)[nH]2)cc1,6.75,IC50,180.0,CHEMBL2094139,E. coli complex,Gyr,O=C(O)C(=O)Nc1ccc(NC(=O)c2cc(Br)c(Br)[nH]2)cc1,O=C(Nc1ccccc1)c1ccc[nH]1,431.04,2.8151,3,4,True,6.75
CHEMBL5276758,O=C(N[C@H]1CCc2nc(NCc3cc(=O)c(O)co3)sc2C1)c1cc(Br)c(Br)[nH]1,6.75,IC50,180.0,CHEMBL2094139,E. coli complex,Gyr,O=C(N[C@H]1CCc2nc(NCc3cc(=O)c(O)co3)sc2C1)c1cc(Br)c(Br)[nH]1,O=C(NC1CCc2nc(NCc3cc(=O)cco3)sc2C1)c1ccc[nH]1,544.2250000000001,3.554400000000002,7,4,True,6.75
CHEMBL5410417,O=C1COc2ccc(N3CC(CCNCC4Cc5ccccc5C4)OC3=O)nc2N1,6.75,IC50,180.0,CHEMBL2094139,E. coli complex,Gyr,O=C1COc2ccc(N3CC(CCNCC4Cc5ccccc5C4)OC3=O)nc2N1,O=C1COc2ccc(N3CC(CCNCC4Cc5ccccc5C4)OC3=O)nc2N1,408.4580000000001,2.1323999999999996,6,2,True,6.75
CHEMBL6145847,CCCCN(CCCC)CCCOc1c2c(c(C(=O)C(C)C)c3c1[C@@H](C(C)C)C1=C(O3)C(C)(C)C(=O)C(C)(C)C1=O)OC1=C(C(=O)C(C)(C)C(=O)C1(C)C)[C@H]2C(C)C,6.75,IC50,180.0,CHEMBL2094139,E. coli complex,Gyr,CCCCN(CCCC)CCCOc1c2c(c(C(=O)C(C)C)c3c1[C@@H](C(C)C)C1=C(O3)C(C)(C)C(=O)C(C)(C)C1=O)OC1=C(C(=O)C(C)(C)C(=O)C1(C)C)[C@H]2C(C)C,O=C1CC(=O)C2=C(C1)Oc1cc3c(cc1C2)CC1=C(CC(=O)CC1=O)O3,802.106,10.376999999999997,9,0,True,6.75
CHEMBL6173756,CC(C)Oc1c(NC(=O)c2ccc(NC(=O)[C@@H]3CCCCN3C(=O)c3ccc(NC(=O)c4ccc(C#N)cc4)cc3)cc2)ccc(C(=O)Nc2ccc(C(=O)O)cc2)c1O,6.75,IC50,180.0,CHEMBL2094139,E. coli complex,Gyr,CC(C)Oc1c(NC(=O)c2ccc(NC(=O)[C@@H]3CCCCN3C(=O)c3ccc(NC(=O)c4ccc(C#N)cc4)cc3)cc2)ccc(C(=O)Nc2ccc(C(=O)O)cc2)c1O,O=C(Nc1ccc(C(=O)N2CCCCC2C(=O)Nc2ccc(C(=O)Nc3ccc(C(=O)Nc4ccccc4)cc3)cc2)cc1)c1ccccc1,808.8480000000004,7.139580000000007,9,6,True,6.75
CHEMBL6153000,C=C[C@H]1C[C@@]1(NC(=O)c1ccc(NC(=O)c2ccc(C#N)cc2)cc1)C(=O)Nc1ccc(C(=O)Nc2ccc(C(=O)Nc3ccc(C(=O)O)cc3)c(O)c2OC(C)C)cc1,6.75,IC50,180.0,CHEMBL2094139,E. coli complex,Gyr,C=C[C@H]1C[C@@]1(NC(=O)c1ccc(NC(=O)c2ccc(C#N)cc2)cc1)C(=O)Nc1ccc(C(=O)Nc2ccc(C(=O)Nc3ccc(C(=O)O)cc3)c(O)c2OC(C)C)cc1,O=C(Nc1ccc(C(=O)NC2(C(=O)Nc3ccc(C(=O)Nc4ccc(C(=O)Nc5ccccc5)cc4)cc3)CC2)cc1)c1ccccc1,806.8320000000001,6.819380000000006,9,7,True,6.75
CHEMBL4776363,Cc1[nH]c(C(=O)Nc2ccc(C(=O)N[C@H](C)c3n[nH]c(=S)o3)cc2OC(C)C)c(Cl)c1Cl,6.72,IC50,190.0,CHEMBL2094139,E. coli complex,Gyr,Cc1[nH]c(C(=O)Nc2ccc(C(=O)N[C@H](C)c3n[nH]c(=S)o3)cc2OC(C)C)c(Cl)c1Cl,O=C(NCc1n[nH]c(=S)o1)c1ccc(NC(=O)c2ccc[nH]2)cc1,498.39200000000017,5.206010000000004,6,4,True,6.72
CHEMBL5424981,O=C1COc2ccc(N3CC(CCCNC4CCc5c(Cl)cccc54)OC3=O)nc2N1,6.72,IC50,190.0,CHEMBL2094139,E. coli complex,Gyr,O=C1COc2ccc(N3CC(CCCNC4CCc5c(Cl)cccc54)OC3=O)nc2N1,O=C1COc2ccc(N3CC(CCCNC4CCc5ccccc54)OC3=O)nc2N1,442.90300000000013,3.4484000000000012,6,2,True,6.72
CHEMBL486645,CCNC(=O)Nc1nc2cc(-c3cccnc3)c(OC)cc2[nH]1,6.72,Ki,190.0,CHEMBL3038482,S. aureus complex,Gyr,CCNC(=O)Nc1nc2cc(-c3cccnc3)c(OC)cc2[nH]1,c1cncc(-c2ccc3[nH]cnc3c2)c1,311.3450000000001,2.7749000000000006,4,3,True,6.72
CHEMBL200962,CCc1c2s[nH]c(=O)c2c(=O)n2ccc(-c3cc(C)nc(C)c3)cc12,6.7,IC50,200.0,CHEMBL2094139,E. coli complex,Gyr,CCc1c2s[nH]c(=O)c2c(=O)n2ccc(-c3cc(C)nc(C)c3)cc12,O=c1[nH]sc2cc3cc(-c4ccncc4)ccn3c(=O)c12,351.4310000000001,3.443740000000002,4,1,True,6.7
CHEMBL204271,O=c1[nH]sc2c1c(=O)c1cc(F)c(-c3cccc(O)c3)cc1n2C1CC1,6.7,IC50,200.0,CHEMBL2094139,E. coli complex,Gyr,O=c1[nH]sc2c1c(=O)c1cc(F)c(-c3cccc(O)c3)cc1n2C1CC1,O=c1[nH]sc2c1c(=O)c1ccc(-c3ccccc3)cc1n2C1CC1,368.3890000000001,3.751100000000001,4,2,True,6.7
CHEMBL383917,Cc1c(N2CC[C@@H]([C@H](C)N)C2)c(F)cc2c(=O)n(N)c(=O)n(C3CC3)c12,6.7,IC50,200.0,CHEMBL2094139,E. coli complex,Gyr,Cc1c(N2CC[C@@H]([C@H](C)N)C2)c(F)cc2c(=O)n(N)c(=O)n(C3CC3)c12,O=c1[nH]c(=O)n(C2CC2)c2cc(N3CCCC3)ccc12,361.4210000000001,0.8329200000000004,5,2,True,6.7
CHEMBL3658920,C[C@@H]1CN2c3c(cc4c(-c5ccccn5)noc4c3F)CC3(C(=O)NC(=O)NC3=O)[C@H]2[C@H](C)O1,6.7,IC50,200.0,CHEMBL2094139,E. coli complex,Gyr,C[C@@H]1CN2c3c(cc4c(-c5ccccn5)noc4c3F)CC3(C(=O)NC(=O)NC3=O)[C@H]2[C@H](C)O1,O=C1NC(=O)C2(Cc3cc4c(-c5ccccn5)noc4cc3N3CCOCC32)C(=O)N1,465.44100000000026,1.9195999999999995,8,2,True,6.7
CHEMBL3658990,Cc1nsc2c(F)c3c(cc12)CC1(C(=O)NC(=O)NC1=O)[C@H]1[C@H](C)O[C@H](C)CN31,6.7,IC50,200.0,CHEMBL2094139,E. coli complex,Gyr,Cc1nsc2c(F)c3c(cc12)CC1(C(=O)NC(=O)NC1=O)[C@H]1[C@H](C)O[C@H](C)CN31,O=C1NC(=O)C2(Cc3cc4cnsc4cc3N3CCOCC32)C(=O)N1,418.45000000000016,1.6345199999999995,7,2,True,6.7
CHEMBL3658995,C[C@@H]1CN2c3c(cc4c(-c5ccncc5)noc4c3F)CC3(C(=O)NC(=O)NC3=O)[C@H]2[C@H](C)O1,6.7,IC50,200.0,CHEMBL2094139,E. coli complex,Gyr,C[C@@H]1CN2c3c(cc4c(-c5ccncc5)noc4c3F)CC3(C(=O)NC(=O)NC3=O)[C@H]2[C@H](C)O1,O=C1NC(=O)C2(Cc3cc4c(-c5ccncc5)noc4cc3N3CCOCC32)C(=O)N1,465.44100000000026,1.9195999999999995,8,2,True,6.7
CHEMBL3663226,CC[C@@H]1O[C@H](C)CN2c3c(cc4c(C)noc4c3F)CC3(C(=O)NC(=O)NC3=O)[C@@H]12,6.7,IC50,200.0,CHEMBL2094139,E. coli complex,Gyr,CC[C@@H]1O[C@H](C)CN2c3c(cc4c(C)noc4c3F)CC3(C(=O)NC(=O)NC3=O)[C@@H]12,O=C1NC(=O)C2(Cc3cc4cnoc4cc3N3CCOCC32)C(=O)N1,416.40900000000016,1.5561199999999995,7,2,True,6.7
CHEMBL3663227,CC[C@@H]1CN2c3c(cc4c(C)noc4c3F)CC3(C(=O)NC(=O)NC3=O)[C@H]2[C@H](CC)O1,6.7,IC50,200.0,CHEMBL2094139,E. coli complex,Gyr,CC[C@@H]1CN2c3c(cc4c(C)noc4c3F)CC3(C(=O)NC(=O)NC3=O)[C@H]2[C@H](CC)O1,O=C1NC(=O)C2(Cc3cc4cnoc4cc3N3CCOCC32)C(=O)N1,430.43600000000015,1.9462199999999998,7,2,True,6.7
CHEMBL3659027,C[C@@H]1CN2c3c(cc4c(-c5cnccn5)noc4c3Cl)CC3(C(=O)NC(=O)NC3=O)[C@H]2[C@H](C)O1,6.7,IC50,200.0,CHEMBL2094139,E. coli complex,Gyr,C[C@@H]1CN2c3c(cc4c(-c5cnccn5)noc4c3Cl)CC3(C(=O)NC(=O)NC3=O)[C@H]2[C@H](C)O1,O=C1NC(=O)C2(Cc3cc4c(-c5cnccn5)noc4cc3N3CCOCC32)C(=O)N1,482.88400000000024,1.8288999999999997,9,2,True,6.7
CHEMBL4465300,CCNC(=O)Nc1cc(-n2ccnn2)c(C(=O)Nc2cccnc2)cn1,6.7,IC50,200.0,CHEMBL2094139,E. coli complex,Gyr,CCNC(=O)Nc1cc(-n2ccnn2)c(C(=O)Nc2cccnc2)cn1,O=C(Nc1cccnc1)c1cnccc1-n1ccnn1,352.35800000000006,1.451,6,3,True,6.7
CHEMBL4789518,COC(=O)CC(=O)Nc1nc2ccc(NC(=O)c3[nH]c(C)c(Cl)c3Cl)cc2s1,6.7,IC50,200.0,CHEMBL2094139,E. coli complex,Gyr,COC(=O)CC(=O)Nc1nc2ccc(NC(=O)c3[nH]c(C)c(Cl)c3Cl)cc2s1,O=C(Nc1ccc2ncsc2c1)c1ccc[nH]1,441.2960000000001,3.993520000000002,6,3,True,6.7
CHEMBL3357991,C[C@@H]1CN2c3c(cc4c(Cl)noc4c3F)CC3(C(=O)NC(=O)NC3=O)[C@H]2[C@H](C)O1,6.68,IC50,210.0,CHEMBL2094139,E. coli complex,Gyr,C[C@@H]1CN2c3c(cc4c(Cl)noc4c3F)CC3(C(=O)NC(=O)NC3=O)[C@H]2[C@H](C)O1,O=C1NC(=O)C2(Cc3cc4cnoc4cc3N3CCOCC32)C(=O)N1,422.8000000000001,1.5109999999999997,7,2,True,6.68
CHEMBL6175731,C#CCC[C@H](NC(=O)c1ccc(NC(=O)c2ccc(C#N)cc2)cc1)C(=O)Nc1ccc(C(=O)Nc2ccc(C(=O)Nc3ccc(C(=O)O)cc3)c(O)c2OC(C)C)cc1,6.68,IC50,210.0,CHEMBL2094139,E. coli complex,Gyr,C#CCC[C@H](NC(=O)c1ccc(NC(=O)c2ccc(C#N)cc2)cc1)C(=O)Nc1ccc(C(=O)Nc2ccc(C(=O)Nc3ccc(C(=O)O)cc3)c(O)c2OC(C)C)cc1,O=C(CNC(=O)c1ccc(NC(=O)c2ccccc2)cc1)Nc1ccc(C(=O)Nc2ccc(C(=O)Nc3ccccc3)cc2)cc1,806.8320000000001,6.656680000000006,9,7,True,6.68
CHEMBL6078472,Cc1[nH]c(C(=O)Nc2ccc(-n3nn[nH]c3=O)cc2N2CC[C@H](NC(=O)OC(C)(C)C)C2)c(Cl)c1Cl,6.67,IC50,212.0,CHEMBL2094139,E. coli complex,Gyr,Cc1[nH]c(C(=O)Nc2ccc(-n3nn[nH]c3=O)cc2N2CC[C@H](NC(=O)OC(C)(C)C)C2)c(Cl)c1Cl,O=C(Nc1ccc(-n2nn[nH]c2=O)cc1N1CCCC1)c1ccc[nH]1,537.4080000000004,3.254620000000002,7,4,True,6.67
CHEMBL5184104,COc1cnc2ccc(=O)n(CCN[C@H]3CC[C@H]4[C@H](C3)OC(=O)N4c3ccc4c(n3)NC(=O)CO4)c2c1,6.66,IC50,220.0,CHEMBL2094139,E. coli complex,Gyr,COc1cnc2ccc(=O)n(CCN[C@H]3CC[C@H]4[C@H](C3)OC(=O)N4c3ccc4c(n3)NC(=O)CO4)c2c1,O=C1COc2ccc(N3C(=O)OC4CC(NCCn5c(=O)ccc6ncccc65)CCC43)nc2N1,506.5190000000003,1.667099999999999,9,2,True,6.66
CHEMBL5405573,O=C1COc2ccc(N3CC(CNCC4Cc5cccc(Cl)c5C4)OC3=O)nc2N1,6.64,IC50,230.0,CHEMBL2094139,E. coli complex,Gyr,O=C1COc2ccc(N3CC(CNCC4Cc5cccc(Cl)c5C4)OC3=O)nc2N1,O=C1COc2ccc(N3CC(CNCC4Cc5ccccc5C4)OC3=O)nc2N1,428.8760000000001,2.3956999999999997,6,2,True,6.64
CHEMBL6103138,CC(C)C(=O)c1c2c(c(OCC3CC3)c3c1OC1=C(C(=O)C(C)(C)C(=O)C1(C)C)[C@@H]3C(C)C)[C@H](C(C)C)C1=C(O2)C(C)(C)C(=O)C(C)(C)C1=O,6.64,IC50,230.0,CHEMBL2094139,E. coli complex,Gyr,CC(C)C(=O)c1c2c(c(OCC3CC3)c3c1OC1=C(C(=O)C(C)(C)C(=O)C1(C)C)[C@@H]3C(C)C)[C@H](C(C)C)C1=C(O2)C(C)(C)C(=O)C(C)(C)C1=O,O=C1CC(=O)C2=C(C1)Oc1cc3c(c(OCC4CC4)c1C2)CC1=C(CC(=O)CC1=O)O3,686.8860000000001,8.494700000000005,8,0,True,6.64
CHEMBL6143448,C#CC[C@H](NC(=O)c1ccc(NC(=O)c2ccc(C#N)cc2)cc1)C(=O)Nc1ccc(C(=O)Nc2ccc(C(=O)Nc3ccc(C(=O)O)cc3)c(O)c2OC(C)C)cc1,6.64,IC50,230.0,CHEMBL2094139,E. coli complex,Gyr,C#CC[C@H](NC(=O)c1ccc(NC(=O)c2ccc(C#N)cc2)cc1)C(=O)Nc1ccc(C(=O)Nc2ccc(C(=O)Nc3ccc(C(=O)O)cc3)c(O)c2OC(C)C)cc1,O=C(CNC(=O)c1ccc(NC(=O)c2ccccc2)cc1)Nc1ccc(C(=O)Nc2ccc(C(=O)Nc3ccccc3)cc2)cc1,792.8050000000002,6.266580000000005,9,7,True,6.64
CHEMBL6172468,C#CCCC[C@H](NC(=O)c1ccc(NC(=O)c2ccc(C#N)cc2)cc1)C(=O)Nc1ccc(C(=O)Nc2ccc(C(=O)Nc3ccc(C(=O)O)cc3)c(O)c2OC(C)C)cc1,6.64,IC50,230.0,CHEMBL2094139,E. coli complex,Gyr,C#CCCC[C@H](NC(=O)c1ccc(NC(=O)c2ccc(C#N)cc2)cc1)C(=O)Nc1ccc(C(=O)Nc2ccc(C(=O)Nc3ccc(C(=O)O)cc3)c(O)c2OC(C)C)cc1,O=C(CNC(=O)c1ccc(NC(=O)c2ccccc2)cc1)Nc1ccc(C(=O)Nc2ccc(C(=O)Nc3ccccc3)cc2)cc1,820.8590000000002,7.046780000000006,9,7,True,6.64
CHEMBL5402120,COc1ccc2nccc(OC[C@H]3CC[C@H](NCc4cc(F)c(Br)c(F)c4)CC3)c2n1,6.63,IC50,234.0,CHEMBL2094139,E. coli complex,Gyr,COc1ccc2nccc(OC[C@H]3CC[C@H](NCc4cc(F)c(Br)c(F)c4)CC3)c2n1,c1ccc(CNC2CCC(COc3ccnc4cccnc34)CC2)cc1,492.36400000000015,5.406500000000005,5,1,True,6.63
CHEMBL5395597,COc1ccc2nccc(CCN3CCC(NC(=O)c4cc(F)c(Cl)c(F)c4)CC3)c2n1,6.63,IC50,236.0,CHEMBL2094139,E. coli complex,Gyr,COc1ccc2nccc(CCN3CCC(NC(=O)c4cc(F)c(Cl)c(F)c4)CC3)c2n1,O=C(NC1CCN(CCc2ccnc3cccnc23)CC1)c1ccccc1,460.91200000000015,4.006900000000003,5,1,True,6.63
CHEMBL6078201,CC(C)C(=O)c1c2c(c(O)c3c1OC1=C(C(=O)C(C)(C)C(=O)C1(C)C)[C@@H]3C(C)C)[C@H](C(C)C)C1=C(O2)C(C)(C)C(=O)C(C)(C)C1=O,6.62,IC50,240.0,CHEMBL2094139,E. coli complex,Gyr,CC(C)C(=O)c1c2c(c(O)c3c1OC1=C(C(=O)C(C)(C)C(=O)C1(C)C)[C@@H]3C(C)C)[C@H](C(C)C)C1=C(O2)C(C)(C)C(=O)C(C)(C)C1=O,O=C1CC(=O)C2=C(C1)Oc1cc3c(cc1C2)CC1=C(CC(=O)CC1=O)O3,632.7940000000001,7.411500000000008,8,1,True,6.62
CHEMBL6078583,Cc1[nH]c(C(=O)Nc2ccc(C(=O)NS(C)(=O)=O)cc2N2CCOCC2)c(Cl)c1Cl,6.61,IC50,243.0,CHEMBL2094139,E. coli complex,Gyr,Cc1[nH]c(C(=O)Nc2ccc(C(=O)NS(C)(=O)=O)cc2N2CCOCC2)c(Cl)c1Cl,O=C(Nc1ccccc1N1CCOCC1)c1ccc[nH]1,475.35400000000027,2.40822,6,3,True,6.61
CHEMBL5430363,O=C1COc2ccc(N3CC(CCCNC4Cc5ccc(Cl)cc5C4)OC3=O)nc2N1,6.6,IC50,250.0,CHEMBL2094139,E. coli complex,Gyr,O=C1COc2ccc(N3CC(CCCNC4Cc5ccc(Cl)cc5C4)OC3=O)nc2N1,O=C1COc2ccc(N3CC(CCCNC4Cc5ccccc5C4)OC3=O)nc2N1,442.90300000000013,2.9283,6,2,True,6.6
CHEMBL2424835,COc1ccc2nccc([C@@H](O)[C@H](O)[C@@H]3CC[C@@H](NCc4ccc5c(n4)NC(=O)CS5)CO3)c2c1,6.6,IC50,250.0,CHEMBL3038482,S. aureus complex,Gyr,COc1ccc2nccc([C@@H](O)[C@H](O)[C@@H]3CC[C@@H](NCc4ccc5c(n4)NC(=O)CS5)CO3)c2c1,O=C1CSc2ccc(CNC3CCC(CCc4ccnc5ccccc45)OC3)nc2N1,496.5890000000003,2.4143,9,4,True,6.6
CHEMBL3357993,C[C@@H]1CN2c3c(cc4c(N)noc4c3F)CC3(C(=O)NC(=O)NC3=O)[C@H]2[C@H](C)O1,6.58,IC50,260.0,CHEMBL2094139,E. coli complex,Gyr,C[C@@H]1CN2c3c(cc4c(N)noc4c3F)CC3(C(=O)NC(=O)NC3=O)[C@H]2[C@H](C)O1,O=C1NC(=O)C2(Cc3cc4cnoc4cc3N3CCOCC32)C(=O)N1,403.37000000000006,0.43979999999999986,8,3,True,6.58
CHEMBL5290661,Cc1[nH]c(C(=O)N[C@H]2CCc3nc(NC(=O)[C@H](C)NC(=O)c4cc(=O)c(O)c[nH]4)sc3C2)c(Cl)c1Cl,6.58,IC50,260.0,CHEMBL2094139,E. coli complex,Gyr,Cc1[nH]c(C(=O)N[C@H]2CCc3nc(NC(=O)[C@H](C)NC(=O)c4cc(=O)c(O)c[nH]4)sc3C2)c(Cl)c1Cl,O=C(CNC(=O)c1cc(=O)cc[nH]1)Nc1nc2c(s1)CC(NC(=O)c1ccc[nH]1)CC2,553.4280000000001,2.5246199999999996,7,6,True,6.58
CHEMBL5409273,O=C1COc2ccc(N3CC(CCCNC4Cc5ccccc5C4)OC3=O)nc2N1,6.57,IC50,270.0,CHEMBL2094139,E. coli complex,Gyr,O=C1COc2ccc(N3CC(CCCNC4Cc5ccccc5C4)OC3=O)nc2N1,O=C1COc2ccc(N3CC(CCCNC4Cc5ccccc5C4)OC3=O)nc2N1,408.4580000000001,2.2748999999999997,6,2,True,6.57
CHEMBL5420593,COc1ccc2nccc(CCN3CCC(NC(=O)c4ccc(I)c(F)c4)CC3)c2n1,6.56,IC50,277.0,CHEMBL2094139,E. coli complex,Gyr,COc1ccc2nccc(CCN3CCC(NC(=O)c4ccc(I)c(F)c4)CC3)c2n1,O=C(NC1CCN(CCc2ccnc3cccnc23)CC1)c1ccccc1,534.373,3.8190000000000026,5,1,True,6.56
CHEMBL4781272,Cc1[nH]c(C(=O)Nc2nc3ccc(NC(=O)CN)cc3s2)c(Cl)c1Cl.Cl,6.55,IC50,280.0,CHEMBL2094139,E. coli complex,Gyr,Cc1[nH]c(C(=O)Nc2nc3ccc(NC(=O)CN)cc3s2)c(Cl)c1Cl.Cl,O=C(Nc1nc2ccccc2s1)c1ccc[nH]1,434.73600000000005,3.8109200000000016,5,4,True,6.55
CHEMBL4847369,Cc1[nH]c(C(=O)Nc2nc3ccc(C(=O)NO)cc3s2)c(Cl)c1Cl,6.55,IC50,280.0,CHEMBL2094139,E. coli complex,Gyr,Cc1[nH]c(C(=O)Nc2nc3ccc(C(=O)NO)cc3s2)c(Cl)c1Cl,O=C(Nc1nc2ccccc2s1)c1ccc[nH]1,385.2320000000001,3.610920000000001,5,4,True,6.55
CHEMBL6078282,Cc1[nH]c(C(=O)Nc2ccc(-c3nnn[nH]3)cc2N2CCCC(CNC(=O)OC(C)(C)C)C2)c(Cl)c1Cl,6.55,IC50,280.0,CHEMBL2094139,E. coli complex,Gyr,Cc1[nH]c(C(=O)Nc2ccc(-c3nnn[nH]3)cc2N2CCCC(CNC(=O)OC(C)(C)C)C2)c(Cl)c1Cl,O=C(Nc1ccc(-c2nnn[nH]2)cc1N1CCCCC1)c1ccc[nH]1,549.4630000000003,4.8034200000000045,7,4,True,6.55
CHEMBL6091845,CC(C)C(=O)c1c2c(c(OCCCc3ccccc3)c3c1OC1=C(C(=O)C(C)(C)C(=O)C1(C)C)[C@@H]3C(C)C)[C@H](C(C)C)C1=C(O2)C(C)(C)C(=O)C(C)(C)C1=O,6.55,IC50,280.0,CHEMBL2094139,E. coli complex,Gyr,CC(C)C(=O)c1c2c(c(OCCCc3ccccc3)c3c1OC1=C(C(=O)C(C)(C)C(=O)C1(C)C)[C@@H]3C(C)C)[C@H](C(C)C)C1=C(O2)C(C)(C)C(=O)C(C)(C)C1=O,O=C1CC(=O)C2=C(C1)Oc1cc3c(c(OCCCc4ccccc4)c1C2)CC1=C(CC(=O)CC1=O)O3,750.9730000000001,9.717499999999998,8,0,True,6.55
CHEMBL6166853,CCC[C@H](NC(=O)c1ccc(NC(=O)c2ccc(C#N)cc2)cc1)C(=O)Nc1ccc(C(=O)Nc2ccc(C(=O)Nc3ccc(C(=O)O)cc3)c(O)c2OC(C)C)cc1,6.55,IC50,280.0,CHEMBL2094139,E. coli complex,Gyr,CCC[C@H](NC(=O)c1ccc(NC(=O)c2ccc(C#N)cc2)cc1)C(=O)Nc1ccc(C(=O)Nc2ccc(C(=O)Nc3ccc(C(=O)O)cc3)c(O)c2OC(C)C)cc1,O=C(CNC(=O)c1ccc(NC(=O)c2ccccc2)cc1)Nc1ccc(C(=O)Nc2ccc(C(=O)Nc3ccccc3)cc2)cc1,796.8370000000002,7.043380000000006,9,7,True,6.55
CHEMBL4746092,CCOC(=O)C(=O)Nc1nc2ccc(NC(=O)c3[nH]c(C)c(Cl)c3Cl)cc2s1,6.54,IC50,290.0,CHEMBL2094139,E. coli complex,Gyr,CCOC(=O)C(=O)Nc1nc2ccc(NC(=O)c3[nH]c(C)c(Cl)c3Cl)cc2s1,O=C(Nc1ccc2ncsc2c1)c1ccc[nH]1,441.2960000000001,3.993520000000002,6,3,True,6.54
CHEMBL5395093,O=C1COc2ccc(N3CC(CCNC4Cc5cccc(Cl)c5C4)OC3=O)nc2N1,6.54,IC50,290.0,CHEMBL2094139,E. coli complex,Gyr,O=C1COc2ccc(N3CC(CCNC4Cc5cccc(Cl)c5C4)OC3=O)nc2N1,O=C1COc2ccc(N3CC(CCNC4Cc5ccccc5C4)OC3=O)nc2N1,428.8760000000001,2.5382,6,2,True,6.54
CHEMBL205729,Nc1cc(-c2cc3c(cc2F)c(=O)c2c(=O)[nH]sc2n3C2CC2)ccc1F,6.52,IC50,300.0,CHEMBL2094139,E. coli complex,Gyr,Nc1cc(-c2cc3c(cc2F)c(=O)c2c(=O)[nH]sc2n3C2CC2)ccc1F,O=c1[nH]sc2c1c(=O)c1ccc(-c3ccccc3)cc1n2C1CC1,385.3950000000001,3.766800000000001,4,2,True,6.52
CHEMBL380505,Nc1ccc(-c2cc3c(cc2F)c(=O)c2c(=O)[nH]sc2n3C2CC2)cc1,6.52,IC50,300.0,CHEMBL2094139,E. coli complex,Gyr,Nc1ccc(-c2cc3c(cc2F)c(=O)c2c(=O)[nH]sc2n3C2CC2)cc1,O=c1[nH]sc2c1c(=O)c1ccc(-c3ccccc3)cc1n2C1CC1,367.4050000000001,3.6277000000000017,4,2,True,6.52
CHEMBL32,COc1c(N2C[C@@H]3CCCN[C@@H]3C2)c(F)cc2c(=O)c(C(=O)O)cn(C3CC3)c12,6.52,IC50,300.0,CHEMBL2094139,E. coli complex,Gyr,COc1c(N2C[C@@H]3CCCN[C@@H]3C2)c(F)cc2c(=O)c(C(=O)O)cn(C3CC3)c12,O=c1ccn(C2CC2)c2cc(N3CC4CCCNC4C3)ccc12,401.4380000000002,2.3705000000000007,5,2,True,6.52
CHEMBL3589080,O=C(O)CCC(=O)Nc1nc2c(s1)C[C@@H](NC(=O)c1cc(Cl)c(Cl)[nH]1)CC2,6.52,IC50,300.0,CHEMBL2094139,E. coli complex,Gyr,O=C(O)CCC(=O)Nc1nc2c(s1)C[C@@H](NC(=O)c1cc(Cl)c(Cl)[nH]1)CC2,O=C(NC1CCc2ncsc2C1)c1ccc[nH]1,431.30100000000016,2.8686000000000007,5,4,True,6.52
CHEMBL3658919,C[C@@H]1CN2c3c(cc4c(C5CC5)noc4c3F)CC3(C(=O)NC(=O)NC3=O)[C@H]2[C@H](C)O1,6.52,IC50,300.0,CHEMBL2094139,E. coli complex,Gyr,C[C@@H]1CN2c3c(cc4c(C5CC5)noc4c3F)CC3(C(=O)NC(=O)NC3=O)[C@H]2[C@H](C)O1,O=C1NC(=O)C2(Cc3cc4c(C5CC5)noc4cc3N3CCOCC32)C(=O)N1,428.42000000000013,1.7349999999999994,7,2,True,6.52
CHEMBL3658939,C[C@@H]1CN2c3c(cc4c(N(C)C)noc4c3F)CC3(C(=O)NC(=O)NC3=O)[C@H]2[C@H](C)O1,6.52,IC50,300.0,CHEMBL2094139,E. coli complex,Gyr,C[C@@H]1CN2c3c(cc4c(N(C)C)noc4c3F)CC3(C(=O)NC(=O)NC3=O)[C@H]2[C@H](C)O1,O=C1NC(=O)C2(Cc3cc4cnoc4cc3N3CCOCC32)C(=O)N1,431.4240000000001,0.9236000000000001,8,2,True,6.52
CHEMBL3658961,C[C@@H]1CN2c3c(cc4c(-c5cccnc5)noc4c3Cl)CC3(C(=O)NC(=O)NC3=O)[C@H]2[C@H](C)O1,6.52,IC50,300.0,CHEMBL2094139,E. coli complex,Gyr,C[C@@H]1CN2c3c(cc4c(-c5cccnc5)noc4c3Cl)CC3(C(=O)NC(=O)NC3=O)[C@H]2[C@H](C)O1,O=C1NC(=O)C2(Cc3cc4c(-c5cccnc5)noc4cc3N3CCOCC32)C(=O)N1,481.89600000000024,2.4338999999999995,8,2,True,6.52
CHEMBL3658989,C[C@@H]1CN2c3c(cc4c(-c5ccncn5)noc4c3F)CC3(C(=O)NC(=O)NC3=O)[C@H]2[C@H](C)O1,6.52,IC50,300.0,CHEMBL2094139,E. coli complex,Gyr,C[C@@H]1CN2c3c(cc4c(-c5ccncn5)noc4c3F)CC3(C(=O)NC(=O)NC3=O)[C@H]2[C@H](C)O1,O=C1NC(=O)C2(Cc3cc4c(-c5ccncn5)noc4cc3N3CCOCC32)C(=O)N1,466.42900000000026,1.3145999999999995,9,2,True,6.52
CHEMBL3659006,C[C@@H]1CN2c3c(cc4c(C(=O)N5CC(F)(F)C5)noc4c3F)CC3(C(=O)NC(=O)NC3=O)[C@H]2[C@H](C)O1,6.52,IC50,300.0,CHEMBL2094139,E. coli complex,Gyr,C[C@@H]1CN2c3c(cc4c(C(=O)N5CC(F)(F)C5)noc4c3F)CC3(C(=O)NC(=O)NC3=O)[C@H]2[C@H](C)O1,O=C1NC(=O)C2(Cc3cc4c(C(=O)N5CCC5)noc4cc3N3CCOCC32)C(=O)N1,507.42500000000024,0.9487000000000002,8,2,True,6.52
CHEMBL3663177,C[C@@H]1CN2c3c(cc4c(C(N)=O)noc4c3F)CC3(C(=O)NC(=O)NC3=O)[C@H]2[C@H](C)O1,6.52,IC50,300.0,CHEMBL2094139,E. coli complex,Gyr,C[C@@H]1CN2c3c(cc4c(C(N)=O)noc4c3F)CC3(C(=O)NC(=O)NC3=O)[C@H]2[C@H](C)O1,O=C1NC(=O)C2(Cc3cc4cnoc4cc3N3CCOCC32)C(=O)N1,431.3800000000001,-0.043499999999999206,8,3,True,6.52
CHEMBL3663208,C[C@@H]1CN2c3c(cc4c(-c5ccnc(NCCO)n5)noc4c3F)CC3(C(=O)NC(=O)NC3=O)[C@H]2[C@H](C)O1,6.52,IC50,300.0,CHEMBL2094139,E. coli complex,Gyr,C[C@@H]1CN2c3c(cc4c(-c5ccnc(NCCO)n5)noc4c3F)CC3(C(=O)NC(=O)NC3=O)[C@H]2[C@H](C)O1,O=C1NC(=O)C2(Cc3cc4c(-c5ccncn5)noc4cc3N3CCOCC32)C(=O)N1,525.4970000000003,0.7187999999999996,11,4,True,6.52
CHEMBL5188460,Cl.NCC(NC(=O)c1cccc(-c2cccs2)c1)c1ccc(O)cc1,6.52,IC50,300.0,CHEMBL2094139,E. coli complex,Gyr,Cl.NCC(NC(=O)c1cccc(-c2cccs2)c1)c1ccc(O)cc1,O=C(NCc1ccccc1)c1cccc(-c2cccs2)c1,374.8930000000001,3.9723000000000015,4,3,True,6.52
CHEMBL6078286,CC(C)C(=O)c1c2c(c(OCc3c(F)c(F)c(F)c(F)c3F)c3c1OC1=C(C(=O)C(C)(C)C(=O)C1(C)C)[C@@H]3C(C)C)[C@H](C(C)C)C1=C(O2)C(C)(C)C(=O)C(C)(C)C1=O,6.52,IC50,300.0,CHEMBL2094139,E. coli complex,Gyr,CC(C)C(=O)c1c2c(c(OCc3c(F)c(F)c(F)c(F)c3F)c3c1OC1=C(C(=O)C(C)(C)C(=O)C1(C)C)[C@@H]3C(C)C)[C@H](C(C)C)C1=C(O2)C(C)(C)C(=O)C(C)(C)C1=O,O=C1CC(=O)C2=C(C1)Oc1cc3c(c(OCc4ccccc4)c1C2)CC1=C(CC(=O)CC1=O)O3,812.8689999999999,9.980399999999994,8,0,True,6.52
CHEMBL4866508,Cc1[nH]c(C(=O)N(c2nc3ccc(C(=O)O)cc3s2)C(C)C)c(Cl)c1Cl,6.5,IC50,320.0,CHEMBL2094139,E. coli complex,Gyr,Cc1[nH]c(C(=O)N(c2nc3ccc(C(=O)O)cc3s2)C(C)C)c(Cl)c1Cl,O=C(Nc1nc2ccccc2s1)c1ccc[nH]1,412.2980000000001,4.993020000000003,4,2,True,6.5
CHEMBL5570806,Cc1[nH]c(C(=O)/N=c2\sc3cc(NC(=O)C(=O)O)ccc3n2Cc2ccc(C(=O)O)cc2)c(Cl)c1Cl,6.5,IC50,320.0,CHEMBL2094139,E. coli complex,Gyr,Cc1[nH]c(C(=O)/N=c2\sc3cc(NC(=O)C(=O)O)ccc3n2Cc2ccc(C(=O)O)cc2)c(Cl)c1Cl,O=C(N=c1sc2ccccc2n1Cc1ccccc1)c1ccc[nH]1,547.3760000000003,4.1568200000000015,5,4,True,6.5
CHEMBL5417501,COc1ccc2nccc(OC[C@@H]3CC[C@@H](NCc4cc(F)c(Br)c(F)c4)CO3)c2n1,6.48,IC50,334.0,CHEMBL2094139,E. coli complex,Gyr,COc1ccc2nccc(OC[C@@H]3CC[C@@H](NCc4cc(F)c(Br)c(F)c4)CO3)c2n1,c1ccc(CNC2CCC(COc3ccnc4cccnc34)OC2)cc1,494.3360000000001,4.395300000000003,6,1,True,6.48
CHEMBL6171276,CC(C)Oc1c(NC(=O)c2ccc(NC(=O)[C@H](Cc3cnn[nH]3)NC(=O)c3ccc(NC(=O)c4ccc(C#N)cc4)cc3)cc2)ccc(C(=O)Nc2ccc(C(=O)O)cc2)c1O,6.48,IC50,330.0,CHEMBL2094139,E. coli complex,Gyr,CC(C)Oc1c(NC(=O)c2ccc(NC(=O)[C@H](Cc3cnn[nH]3)NC(=O)c3ccc(NC(=O)c4ccc(C#N)cc4)cc3)cc2)ccc(C(=O)Nc2ccc(C(=O)O)cc2)c1O,O=C(Nc1ccc(C(=O)NC(Cc2cnn[nH]2)C(=O)Nc2ccc(C(=O)Nc3ccc(C(=O)Nc4ccccc4)cc3)cc2)cc1)c1ccccc1,835.8340000000002,5.604080000000004,11,8,True,6.48
CHEMBL3357988,CC1CN2c3c(cc4c(C5CC5)noc4c3F)CC3(C(=O)NC(=O)NC3=O)C2C(C)O1,6.47,IC50,340.0,CHEMBL2094139,E. coli complex,Gyr,CC1CN2c3c(cc4c(C5CC5)noc4c3F)CC3(C(=O)NC(=O)NC3=O)C2C(C)O1,O=C1NC(=O)C2(Cc3cc4c(C5CC5)noc4cc3N3CCOCC32)C(=O)N1,428.42000000000013,1.7349999999999994,7,2,True,6.47
CHEMBL3357990,Cc1noc2c(F)c3c(cc12)CC1(C(=O)NC(=O)NC1=O)C1C(C)CC(C)CN31,6.47,IC50,340.0,CHEMBL2094139,E. coli complex,Gyr,Cc1noc2c(F)c3c(cc12)CC1(C(=O)NC(=O)NC1=O)C1C(C)CC(C)CN31,O=C1NC(=O)C2(Cc3cc4cnoc4cc3N3CCCCC32)C(=O)N1,400.41000000000014,2.0347199999999996,6,2,True,6.47
CHEMBL5177076,N#Cc1cnc2ccc(=O)n(CCCN[C@H]3CC[C@H]4[C@H](C3)OC(=O)N4c3ccc4c(n3)NC(=O)CO4)c2c1,6.47,IC50,340.0,CHEMBL2094139,E. coli complex,Gyr,N#Cc1cnc2ccc(=O)n(CCCN[C@H]3CC[C@H]4[C@H](C3)OC(=O)N4c3ccc4c(n3)NC(=O)CO4)c2c1,O=C1COc2ccc(N3C(=O)OC4CC(NCCCn5c(=O)ccc6ncccc65)CCC43)nc2N1,515.5300000000003,1.920279999999999,9,2,True,6.47
CHEMBL6163821,CC(C)Oc1c(NC(=O)c2ccc(NC(=O)[C@H](Cc3cscn3)NC(=O)c3ccc(NC(=O)c4ccc(C#N)cc4)cc3)cc2)ccc(C(=O)Nc2ccc(C(=O)O)cc2)c1O,6.47,IC50,340.0,CHEMBL2094139,E. coli complex,Gyr,CC(C)Oc1c(NC(=O)c2ccc(NC(=O)[C@H](Cc3cscn3)NC(=O)c3ccc(NC(=O)c4ccc(C#N)cc4)cc3)cc2)ccc(C(=O)Nc2ccc(C(=O)O)cc2)c1O,O=C(Nc1ccc(C(=O)NC(Cc2cscn2)C(=O)Nc2ccc(C(=O)Nc3ccc(C(=O)Nc4ccccc4)cc3)cc2)cc1)c1ccccc1,851.8980000000001,6.942480000000006,11,7,True,6.47
CHEMBL5284613,Cc1[nH]c(C(=O)N[C@H]2CCc3nc(NC(=O)CCNC(=O)c4cc(=O)c(O)c[nH]4)sc3C2)c(Cl)c1Cl,6.46,IC50,350.0,CHEMBL2094139,E. coli complex,Gyr,Cc1[nH]c(C(=O)N[C@H]2CCc3nc(NC(=O)CCNC(=O)c4cc(=O)c(O)c[nH]4)sc3C2)c(Cl)c1Cl,O=C(CCNC(=O)c1cc(=O)cc[nH]1)Nc1nc2c(s1)CC(NC(=O)c1ccc[nH]1)CC2,553.4280000000001,2.5262200000000004,7,6,True,6.46
CHEMBL5421348,COc1ccc2nccc(OC[C@@H]3CC[C@@H](NC(=O)c4ccc(I)c(F)c4)CO3)c2n1,6.45,IC50,358.0,CHEMBL2094139,E. coli complex,Gyr,COc1ccc2nccc(OC[C@@H]3CC[C@@H](NC(=O)c4ccc(I)c(F)c4)CO3)c2n1,O=C(NC1CCC(COc2ccnc3cccnc23)OC1)c1ccccc1,537.3290000000001,3.738500000000002,6,1,True,6.45
CHEMBL5406927,COc1ccc2nccc(OC[C@@H]3CC[C@@H](NC(=O)c4cc(F)c(Br)c(F)c4)CO3)c2n1,6.44,IC50,365.0,CHEMBL2094139,E. coli complex,Gyr,COc1ccc2nccc(OC[C@@H]3CC[C@@H](NC(=O)c4cc(F)c(Br)c(F)c4)CO3)c2n1,O=C(NC1CCC(COc2ccnc3cccnc23)OC1)c1ccccc1,508.31900000000013,4.0355000000000025,6,1,True,6.44
CHEMBL3357984,Cc1noc2c(Cl)c3c(cc12)CC1(C(=O)NC(=O)NC1=O)C1C(C)OC(C)CN31,6.43,IC50,370.0,CHEMBL2094139,E. coli complex,Gyr,Cc1noc2c(Cl)c3c(cc12)CC1(C(=O)NC(=O)NC1=O)C1C(C)OC(C)CN31,O=C1NC(=O)C2(Cc3cc4cnoc4cc3N3CCOCC32)C(=O)N1,418.83700000000016,1.6803200000000003,7,2,True,6.43
CHEMBL6144635,CC(C)Oc1c2c(c(C(=O)C(C)C)c3c1[C@@H](C(C)C)C1=C(O3)C(C)(C)C(=O)C(C)(C)C1=O)OC1=C(C(=O)C(C)(C)C(=O)C1(C)C)[C@H]2C(C)C,6.42,IC50,380.0,CHEMBL2094139,E. coli complex,Gyr,CC(C)Oc1c2c(c(C(=O)C(C)C)c3c1[C@@H](C(C)C)C1=C(O3)C(C)(C)C(=O)C(C)(C)C1=O)OC1=C(C(=O)C(C)(C)C(=O)C1(C)C)[C@H]2C(C)C,O=C1CC(=O)C2=C(C1)Oc1cc3c(cc1C2)CC1=C(CC(=O)CC1=O)O3,674.8750000000002,8.493100000000005,8,0,True,6.42
CHEMBL6133271,COc1c2c(c(C(=O)C(C)C)c3c1[C@@H](C(C)C)C1=C(O3)C(C)(C)C(=O)C(C)(C)C1=O)OC1=C(C(=O)C(C)(C)C(=O)C1(C)C)[C@H]2C(C)C,6.41,IC50,390.0,CHEMBL2094139,E. coli complex,Gyr,COc1c2c(c(C(=O)C(C)C)c3c1[C@@H](C(C)C)C1=C(O3)C(C)(C)C(=O)C(C)(C)C1=O)OC1=C(C(=O)C(C)(C)C(=O)C1(C)C)[C@H]2C(C)C,O=C1CC(=O)C2=C(C1)Oc1cc3c(cc1C2)CC1=C(CC(=O)CC1=O)O3,646.8210000000003,7.714500000000009,8,0,True,6.41
CHEMBL6096617,CC(C)C(=O)c1c2c(c(OCCCCl)c3c1OC1=C(C(=O)C(C)(C)C(=O)C1(C)C)[C@@H]3C(C)C)[C@H](C(C)C)C1=C(O2)C(C)(C)C(=O)C(C)(C)C1=O,6.41,IC50,390.0,CHEMBL2094139,E. coli complex,Gyr,CC(C)C(=O)c1c2c(c(OCCCCl)c3c1OC1=C(C(=O)C(C)(C)C(=O)C1(C)C)[C@@H]3C(C)C)[C@H](C(C)C)C1=C(O2)C(C)(C)C(=O)C(C)(C)C1=O,O=C1CC(=O)C2=C(C1)Oc1cc3c(cc1C2)CC1=C(CC(=O)CC1=O)O3,709.3199999999999,8.713600000000005,8,0,True,6.41
CHEMBL201369,CCc1c2s[nH]c(=O)c2c(=O)n2ccc(-c3ccncc3)cc12,6.4,IC50,400.0,CHEMBL2094139,E. coli complex,Gyr,CCc1c2s[nH]c(=O)c2c(=O)n2ccc(-c3ccncc3)cc12,O=c1[nH]sc2cc3cc(-c4ccncc4)ccn3c(=O)c12,323.377,2.826900000000001,4,1,True,6.4
CHEMBL3589075,CCOC(=O)C(=O)Nc1nc2c(s1)C[C@@H](NC(=O)c1cc(Cl)c(Cl)[nH]1)CC2,6.4,IC50,400.0,CHEMBL2094139,E. coli complex,Gyr,CCOC(=O)C(=O)Nc1nc2c(s1)C[C@@H](NC(=O)c1cc(Cl)c(Cl)[nH]1)CC2,O=C(NC1CCc2ncsc2C1)c1ccc[nH]1,431.30100000000016,2.5669000000000004,6,3,True,6.4
CHEMBL3589076,COC(=O)CC(=O)Nc1nc2c(s1)C[C@@H](NC(=O)c1cc(Cl)c(Cl)[nH]1)CC2,6.4,IC50,400.0,CHEMBL2094139,E. coli complex,Gyr,COC(=O)CC(=O)Nc1nc2c(s1)C[C@@H](NC(=O)c1cc(Cl)c(Cl)[nH]1)CC2,O=C(NC1CCc2ncsc2C1)c1ccc[nH]1,431.30100000000016,2.5669000000000004,6,3,True,6.4
CHEMBL3658918,C[C@@H]1CN2c3c(cc4c(-c5ccccc5)noc4c3F)CC3(C(=O)NC(=O)NC3=O)[C@H]2[C@H](C)O1,6.4,IC50,400.0,CHEMBL2094139,E. coli complex,Gyr,C[C@@H]1CN2c3c(cc4c(-c5ccccc5)noc4c3F)CC3(C(=O)NC(=O)NC3=O)[C@H]2[C@H](C)O1,O=C1NC(=O)C2(Cc3cc4c(-c5ccccc5)noc4cc3N3CCOCC32)C(=O)N1,464.45300000000026,2.5245999999999995,7,2,True,6.4
CHEMBL3658922,Cc1noc2c(Cl)c3c(cc12)CC1(C(=O)NC(=O)NC1=O)[C@H]1[C@H](C)O[C@H](C)CN31,6.4,IC50,400.0,CHEMBL2094139,E. coli complex,Gyr,Cc1noc2c(Cl)c3c(cc12)CC1(C(=O)NC(=O)NC1=O)[C@H]1[C@H](C)O[C@H](C)CN31,O=C1NC(=O)C2(Cc3cc4cnoc4cc3N3CCOCC32)C(=O)N1,418.83700000000016,1.6803200000000003,7,2,True,6.4
CHEMBL3658980,Cc1cc(-c2noc3c(F)c4c(cc23)CC2(C(=O)NC(=O)NC2=O)[C@H]2[C@H](C)O[C@H](C)CN42)no1,6.4,IC50,400.0,CHEMBL2094139,E. coli complex,Gyr,Cc1cc(-c2noc3c(F)c4c(cc23)CC2(C(=O)NC(=O)NC2=O)[C@H]2[C@H](C)O[C@H](C)CN42)no1,O=C1NC(=O)C2(Cc3cc4c(-c5ccon5)noc4cc3N3CCOCC32)C(=O)N1,469.4290000000002,1.8210199999999999,9,2,True,6.4
CHEMBL3659009,C[C@@H]1CN2c3c(cc4c(-c5cncs5)noc4c3F)CC3(C(=O)NC(=O)NC3=O)[C@H]2[C@H](C)O1,6.4,IC50,400.0,CHEMBL2094139,E. coli complex,Gyr,C[C@@H]1CN2c3c(cc4c(-c5cncs5)noc4c3F)CC3(C(=O)NC(=O)NC3=O)[C@H]2[C@H](C)O1,O=C1NC(=O)C2(Cc3cc4c(-c5cncs5)noc4cc3N3CCOCC32)C(=O)N1,471.47000000000025,1.9810999999999994,9,2,True,6.4
CHEMBL3659010,C[C@@H]1CN2c3c(cc4c(-c5ccccc5F)noc4c3F)CC3(C(=O)NC(=O)NC3=O)[C@H]2[C@H](C)O1,6.4,IC50,400.0,CHEMBL2094139,E. coli complex,Gyr,C[C@@H]1CN2c3c(cc4c(-c5ccccc5F)noc4c3F)CC3(C(=O)NC(=O)NC3=O)[C@H]2[C@H](C)O1,O=C1NC(=O)C2(Cc3cc4c(-c5ccccc5)noc4cc3N3CCOCC32)C(=O)N1,482.4430000000002,2.6637000000000004,7,2,True,6.4
CHEMBL3663201,C[C@@H]1CN2c3c(cc4c(-c5cnccn5)noc4c3F)CC3(C(=O)NC(=O)NC3=O)[C@H]2[C@H](C)O1,6.4,IC50,400.0,CHEMBL2094139,E. coli complex,Gyr,C[C@@H]1CN2c3c(cc4c(-c5cnccn5)noc4c3F)CC3(C(=O)NC(=O)NC3=O)[C@H]2[C@H](C)O1,O=C1NC(=O)C2(Cc3cc4c(-c5cnccn5)noc4cc3N3CCOCC32)C(=O)N1,466.42900000000026,1.3145999999999995,9,2,True,6.4
CHEMBL2158041,COc1ccc2nccc([C@@H](O)CC[C@@H]3CCN(CCSc4ccc[se]4)C[C@@H]3C(=O)O)c2c1,6.4,IC50,400.0,CHEMBL3038482,S. aureus complex,Gyr,COc1ccc2nccc([C@@H](O)CC[C@@H]3CCN(CCSc4ccc[se]4)C[C@@H]3C(=O)O)c2c1,c1c[se]c(SCCN2CCC(CCCc3ccnc4ccccc34)CC2)c1,533.5520000000001,3.929000000000002,6,2,True,6.4
CHEMBL2205317,C=C1CC[C@@H](O[C@H]2C[C@@](O)([C@H](C)NC(=O)c3[nH]cc(Cl)c3Cl)[C@H](O)[C@@H](C)O2)[C@@H]2C=C[C@H](C)C(/C(O)=C3\C(=O)[C@H](C(C)C)N([C@H]4O[C@H](C)[C@H](OC(N)=O)[C@H](OC(C)=O)[C@@H]4OC)C3=O)[C@@H]12,6.4,IC50,400.0,CHEMBL3038482,S. aureus complex,Gyr,C=C1CC[C@@H](O[C@H]2C[C@@](O)([C@H](C)NC(=O)c3[nH]cc(Cl)c3Cl)[C@H](O)[C@@H](C)O2)[C@@H]2C=C[C@H](C)C(/C(O)=C3\C(=O)[C@H](C(C)C)N([C@H]4O[C@H](C)[C@H](OC(N)=O)[C@H](OC(C)=O)[C@@H]4OC)C3=O)[C@@H]12,C=C1CCC(OC2CC(CNC(=O)c3ccc[nH]3)CCO2)C2C=CCC(C=C3C(=O)CN(C4CCCCO4)C3=O)C12,925.8570000000001,3.8598000000000035,14,6,True,6.4
CHEMBL4577939,CCNC(=O)Nc1cc(Nc2ccccc2O)c(C(=O)Nc2cccnc2)cn1,6.39,IC50,410.0,CHEMBL2094139,E. coli complex,Gyr,CCNC(=O)Nc1cc(Nc2ccccc2O)c(C(=O)Nc2cccnc2)cn1,O=C(Nc1cccnc1)c1cnccc1Nc1ccccc1,392.4190000000001,3.3195000000000006,6,5,True,6.39
CHEMBL4799538,Cc1[nH]c(C(=O)Nc2ccc(C(=O)NCC#N)cc2)c(Cl)c1Cl,6.39,IC50,410.0,CHEMBL2094139,E. coli complex,Gyr,Cc1[nH]c(C(=O)Nc2ccc(C(=O)NCC#N)cc2)c(Cl)c1Cl,O=C(Nc1ccccc1)c1ccc[nH]1,351.1930000000001,3.135600000000001,3,3,True,6.39
CHEMBL3329287,CCNC(=O)Nc1ccc(C(=O)Nc2nccs2)cn1,6.38,IC50,420.0,CHEMBL2094139,E. coli complex,Gyr,CCNC(=O)Nc1ccc(C(=O)Nc2nccs2)cn1,O=C(Nc1nccs1)c1cccnc1,291.336,1.9318,5,3,True,6.38
CHEMBL3329221,CCNC(=O)Nc1cc(Nc2cccnc2)c(C(=O)Nc2ccccc2)cn1,6.37,IC50,430.0,CHEMBL2094139,E. coli complex,Gyr,CCNC(=O)Nc1cc(Nc2cccnc2)c(C(=O)Nc2ccccc2)cn1,O=C(Nc1ccccc1)c1cnccc1Nc1cccnc1,376.4200000000001,3.613900000000002,5,4,True,6.37
CHEMBL4640061,Cc1c(N2CC[C@@H]([C@H](C)N)C2)c(F)cc2ccc(=O)n(C3CC3)c12,6.37,IC50,430.0,CHEMBL2094139,E. coli complex,Gyr,Cc1c(N2CC[C@@H]([C@H](C)N)C2)c(F)cc2ccc(=O)n(C3CC3)c12,O=c1ccc2ccc(N3CCCC3)cc2n1C1CC1,329.4190000000001,2.9574200000000017,3,1,True,6.37
CHEMBL5090088,O=C(CCN1CCN(c2cc3c(cc2F)c(=O)c(C(=O)O)cn3C2CC2)CC1)Nc1ccc(S(=O)(=O)Nc2cnc3ccccc3n2)cc1,6.37,IC50,430.0,CHEMBL2094139,E. coli complex,Gyr,O=C(CCN1CCN(c2cc3c(cc2F)c(=O)c(C(=O)O)cn3C2CC2)CC1)Nc1ccc(S(=O)(=O)Nc2cnc3ccccc3n2)cc1,O=C(CCN1CCN(c2ccc3c(=O)ccn(C4CC4)c3c2)CC1)Nc1ccc(S(=O)(=O)Nc2cnc3ccccc3n2)cc1,685.738,4.068500000000002,9,3,True,6.37
CHEMBL6091789,CC(C)C(=O)c1c2c(c(OCCCN3CCCCC3)c3c1OC1=C(C(=O)C(C)(C)C(=O)C1(C)C)[C@@H]3C(C)C)[C@H](C(C)C)C1=C(O2)C(C)(C)C(=O)C(C)(C)C1=O,6.36,IC50,440.0,CHEMBL2094139,E. coli complex,Gyr,CC(C)C(=O)c1c2c(c(OCCCN3CCCCC3)c3c1OC1=C(C(=O)C(C)(C)C(=O)C1(C)C)[C@@H]3C(C)C)[C@H](C(C)C)C1=C(O2)C(C)(C)C(=O)C(C)(C)C1=O,O=C1CC(=O)C2=C(C1)Oc1cc3c(c(OCCCN4CCCCC4)c1C2)CC1=C(CC(=O)CC1=O)O3,758.009,8.960700000000005,9,0,True,6.36
CHEMBL6175590,CCCC[C@H](NC(=O)c1ccc(NC(=O)c2ccc(C#N)cc2)cc1)C(=O)Nc1ccc(C(=O)Nc2ccc(C(=O)Nc3ccc(C(=O)O)cc3)c(O)c2OC(C)C)cc1,6.35,IC50,450.0,CHEMBL2094139,E. coli complex,Gyr,CCCC[C@H](NC(=O)c1ccc(NC(=O)c2ccc(C#N)cc2)cc1)C(=O)Nc1ccc(C(=O)Nc2ccc(C(=O)Nc3ccc(C(=O)O)cc3)c(O)c2OC(C)C)cc1,O=C(CNC(=O)c1ccc(NC(=O)c2ccccc2)cc1)Nc1ccc(C(=O)Nc2ccc(C(=O)Nc3ccccc3)cc2)cc1,810.8640000000001,7.4334800000000065,9,7,True,6.35
CHEMBL5198597,COc1cnc2ccc(=O)n(CCCN[C@H]3CC[C@H]4[C@H](C3)OC(=O)N4c3ccc4c(n3)NC(=O)CO4)c2c1,6.34,IC50,460.0,CHEMBL2094139,E. coli complex,Gyr,COc1cnc2ccc(=O)n(CCCN[C@H]3CC[C@H]4[C@H](C3)OC(=O)N4c3ccc4c(n3)NC(=O)CO4)c2c1,O=C1COc2ccc(N3C(=O)OC4CC(NCCCn5c(=O)ccc6ncccc65)CCC43)nc2N1,520.5460000000003,2.057199999999999,9,2,True,6.34
CHEMBL472525,CCNC(=O)Nc1nc2cc(-c3ccccc3)ccc2[nH]1,6.33,Ki,470.0,CHEMBL3038482,S. aureus complex,Gyr,CCNC(=O)Nc1nc2cc(-c3ccccc3)ccc2[nH]1,c1ccc(-c2ccc3[nH]cnc3c2)cc1,280.331,3.3713000000000015,2,3,True,6.33
CHEMBL3357986,C[C@@H]1CN2c3c(cc4c(C(F)F)noc4c3F)CC3(C(=O)NC(=O)NC3=O)[C@H]2[C@H](C)O1,6.32,IC50,480.0,CHEMBL2094139,E. coli complex,Gyr,C[C@@H]1CN2c3c(cc4c(C(F)F)noc4c3F)CC3(C(=O)NC(=O)NC3=O)[C@H]2[C@H](C)O1,O=C1NC(=O)C2(Cc3cc4cnoc4cc3N3CCOCC32)C(=O)N1,438.36200000000014,1.7951999999999997,7,2,True,6.32
CHEMBL6148317,CC(C)C(=O)c1c2c(c(OCc3ccc([N+](=O)[O-])cc3)c3c1OC1=C(C(=O)C(C)(C)C(=O)C1(C)C)[C@@H]3C(C)C)[C@H](C(C)C)C1=C(O2)C(C)(C)C(=O)C(C)(C)C1=O,6.31,IC50,490.0,CHEMBL2094139,E. coli complex,Gyr,CC(C)C(=O)c1c2c(c(OCc3ccc([N+](=O)[O-])cc3)c3c1OC1=C(C(=O)C(C)(C)C(=O)C1(C)C)[C@@H]3C(C)C)[C@H](C(C)C)C1=C(O2)C(C)(C)C(=O)C(C)(C)C1=O,O=C1CC(=O)C2=C(C1)Oc1cc3c(c(OCc4ccccc4)c1C2)CC1=C(CC(=O)CC1=O)O3,767.9159999999999,9.193100000000001,10,0,True,6.31
CHEMBL6145018,C=CC[C@H](NC(=O)c1ccc(NC(=O)c2ccc(C#N)cc2)cc1)C(=O)Nc1ccc(C(=O)Nc2ccc(C(=O)Nc3ccc(C(=O)O)cc3)c(O)c2OC(C)C)cc1,6.31,IC50,490.0,CHEMBL2094139,E. coli complex,Gyr,C=CC[C@H](NC(=O)c1ccc(NC(=O)c2ccc(C#N)cc2)cc1)C(=O)Nc1ccc(C(=O)Nc2ccc(C(=O)Nc3ccc(C(=O)O)cc3)c(O)c2OC(C)C)cc1,O=C(CNC(=O)c1ccc(NC(=O)c2ccccc2)cc1)Nc1ccc(C(=O)Nc2ccc(C(=O)Nc3ccccc3)cc2)cc1,794.8210000000001,6.819380000000006,9,7,True,6.31
CHEMBL8,O=C(O)c1cn(C2CC2)c2cc(N3CCNCC3)c(F)cc2c1=O,6.3,IC50,500.0,CHEMBL2094139,E. coli complex,Gyr,O=C(O)c1cn(C2CC2)c2cc(N3CCNCC3)c(F)cc2c1=O,O=c1ccn(C2CC2)c2cc(N3CCNCC3)ccc12,331.34700000000004,1.5833,4,2,True,6.3
CHEMBL205011,O=c1[nH]sc2c1c(=O)c1cc(F)c(-c3cccc(CO)c3)cc1n2C1CC1,6.3,IC50,500.0,CHEMBL2094139,E. coli complex,Gyr,O=c1[nH]sc2c1c(=O)c1cc(F)c(-c3cccc(CO)c3)cc1n2C1CC1,O=c1[nH]sc2c1c(=O)c1ccc(-c3ccccc3)cc1n2C1CC1,382.41600000000017,3.5378000000000016,4,2,True,6.3
CHEMBL430,CO/N=C1\CN(c2nc3c(cc2F)c(=O)c(C(=O)O)cn3C2CC2)CC1CN,6.3,IC50,500.0,CHEMBL2094139,E. coli complex,Gyr,CO/N=C1\CN(c2nc3c(cc2F)c(=O)c(C(=O)O)cn3C2CC2)CC1CN,N=C1CCN(c2ccc3c(=O)ccn(C4CC4)c3n2)C1,389.38700000000017,0.966,7,2,True,6.3
CHEMBL31,COc1c(N2CCNC(C)C2)c(F)cc2c(=O)c(C(=O)O)cn(C3CC3)c12,6.3,IC50,500.0,CHEMBL2094139,E. coli complex,Gyr,COc1c(N2CCNC(C)C2)c(F)cc2c(=O)c(C(=O)O)cn(C3CC3)c12,O=c1ccn(C2CC2)c2cc(N3CCNCC3)ccc12,375.40000000000015,1.9804,5,2,True,6.3
CHEMBL3589537,O=C(O)CC(=O)Nc1nc2c(s1)C[C@H](NC(=O)c1cc(Br)c(Br)[nH]1)CC2,6.3,IC50,500.0,CHEMBL2094139,E. coli complex,Gyr,O=C(O)CC(=O)Nc1nc2c(s1)C[C@H](NC(=O)c1cc(Br)c(Br)[nH]1)CC2,O=C(NC1CCc2ncsc2C1)c1ccc[nH]1,506.1760000000001,2.6967000000000008,5,4,True,6.3
CHEMBL3658957,C[C@@H]1CN2c3c(cc4c(-c5ccncn5)noc4c3Cl)CC3(C(=O)NC(=O)NC3=O)[C@H]2[C@H](C)O1,6.3,IC50,500.0,CHEMBL2094139,E. coli complex,Gyr,C[C@@H]1CN2c3c(cc4c(-c5ccncn5)noc4c3Cl)CC3(C(=O)NC(=O)NC3=O)[C@H]2[C@H](C)O1,O=C1NC(=O)C2(Cc3cc4c(-c5ccncn5)noc4cc3N3CCOCC32)C(=O)N1,482.88400000000024,1.8288999999999995,9,2,True,6.3
CHEMBL3658964,CCCN(C)c1noc2c(F)c3c(cc12)CC1(C(=O)NC(=O)NC1=O)[C@H]1[C@H](C)O[C@H](C)CN31,6.3,IC50,500.0,CHEMBL2094139,E. coli complex,Gyr,CCCN(C)c1noc2c(F)c3c(cc12)CC1(C(=O)NC(=O)NC1=O)[C@H]1[C@H](C)O[C@H](C)CN31,O=C1NC(=O)C2(Cc3cc4cnoc4cc3N3CCOCC32)C(=O)N1,459.4780000000002,1.703799999999999,8,2,True,6.3
CHEMBL3658972,C[C@@H]1CN2c3c(cc4c(-n5ccnc5)noc4c3F)CC3(C(=O)NC(=O)NC3=O)[C@H]2[C@H](C)O1,6.3,IC50,500.0,CHEMBL2094139,E. coli complex,Gyr,C[C@@H]1CN2c3c(cc4c(-n5ccnc5)noc4c3F)CC3(C(=O)NC(=O)NC3=O)[C@H]2[C@H](C)O1,O=C1NC(=O)C2(Cc3cc4c(-n5ccnc5)noc4cc3N3CCOCC32)C(=O)N1,454.41800000000023,1.0433,8,2,True,6.3
CHEMBL3658984,C[C@@H]1CN2c3c(cc4c(-c5cncn5C)noc4c3F)CC3(C(=O)NC(=O)NC3=O)[C@H]2[C@H](C)O1,6.3,IC50,500.0,CHEMBL2094139,E. coli complex,Gyr,C[C@@H]1CN2c3c(cc4c(-c5cncn5C)noc4c3F)CC3(C(=O)NC(=O)NC3=O)[C@H]2[C@H](C)O1,O=C1NC(=O)C2(Cc3cc4c(-c5cnc[nH]5)noc4cc3N3CCOCC32)C(=O)N1,468.4450000000002,1.2580999999999998,8,2,True,6.3
CHEMBL3658987,C[C@H]1CN2c3c(cc4c(-c5cccnn5)noc4c3F)CC3(C(=O)NC(=O)NC3=O)[C@@H]2[C@@H](C)O1,6.3,IC50,500.0,CHEMBL2094139,E. coli complex,Gyr,C[C@H]1CN2c3c(cc4c(-c5cccnn5)noc4c3F)CC3(C(=O)NC(=O)NC3=O)[C@@H]2[C@@H](C)O1,O=C1NC(=O)C2(Cc3cc4c(-c5cccnn5)noc4cc3N3CCOCC32)C(=O)N1,466.42900000000026,1.3145999999999995,9,2,True,6.3
CHEMBL3659017,C[C@@H]1CN2c3c(nc4c(-c5cccnc5)noc4c3Cl)CC3(C(=O)NC(=O)NC3=O)[C@H]2[C@H](C)O1,6.3,IC50,500.0,CHEMBL2094139,E. coli complex,Gyr,C[C@@H]1CN2c3c(nc4c(-c5cccnc5)noc4c3Cl)CC3(C(=O)NC(=O)NC3=O)[C@H]2[C@H](C)O1,O=C1NC(=O)C2(Cc3nc4c(-c5cccnc5)noc4cc3N3CCOCC32)C(=O)N1,482.88400000000024,1.8289,9,2,True,6.3
CHEMBL3659029,Cc1cnc(-c2noc3c(Cl)c4c(nc23)CC2(C(=O)NC(=O)NC2=O)[C@H]2[C@H](C)O[C@H](C)CN42)s1,6.3,IC50,500.0,CHEMBL2094139,E. coli complex,Gyr,Cc1cnc(-c2noc3c(Cl)c4c(nc23)CC2(C(=O)NC(=O)NC2=O)[C@H]2[C@H](C)O[C@H](C)CN42)s1,O=C1NC(=O)C2(Cc3nc4c(-c5nccs5)noc4cc3N3CCOCC32)C(=O)N1,502.94000000000017,2.1988200000000004,10,2,True,6.3
CHEMBL3659033,CCNC(=O)c1noc2c(Cl)c3c(nc12)CC1(C(=O)NC(=O)NC1=O)[C@H]1[C@H](C)O[C@H](C)CN31,6.3,IC50,500.0,CHEMBL2094139,E. coli complex,Gyr,CCNC(=O)c1noc2c(Cl)c3c(nc12)CC1(C(=O)NC(=O)NC1=O)[C@H]1[C@H](C)O[C@H](C)CN31,O=C1NC(=O)C2(Cc3nc4cnoc4cc3N3CCOCC32)C(=O)N1,476.8770000000002,0.5166000000000004,9,3,True,6.3
CHEMBL3663211,C[C@@H]1CN2c3c(cc4c(-c5ccnc(N)n5)noc4c3F)CC3(C(=O)NC(=O)NC3=O)[C@H]2[C@H](C)O1,6.3,IC50,500.0,CHEMBL2094139,E. coli complex,Gyr,C[C@@H]1CN2c3c(cc4c(-c5ccnc(N)n5)noc4c3F)CC3(C(=O)NC(=O)NC3=O)[C@H]2[C@H](C)O1,O=C1NC(=O)C2(Cc3cc4c(-c5ccncn5)noc4cc3N3CCOCC32)C(=O)N1,481.44400000000024,0.8967999999999996,10,3,True,6.3
CHEMBL4471339,NC[C@H](Oc1noc2ncc(-c3ccccc3Cl)cc12)c1ccccc1,6.3,IC50,500.0,CHEMBL2094139,E. coli complex,Gyr,NC[C@H](Oc1noc2ncc(-c3ccccc3Cl)cc12)c1ccccc1,c1ccc(COc2noc3ncc(-c4ccccc4)cc23)cc1,365.8200000000001,4.6220000000000026,5,1,True,6.3
CHEMBL4467227,NCC(Oc1noc2ccc(-c3ccccc3Cl)cc12)c1ccccn1,6.3,IC50,500.0,CHEMBL2094139,E. coli complex,Gyr,NCC(Oc1noc2ccc(-c3ccccc3Cl)cc12)c1ccccn1,c1ccc(-c2ccc3onc(OCc4ccccn4)c3c2)cc1,365.8200000000001,4.622000000000003,5,1,True,6.3
CHEMBL2424888,COc1ccc2nccc([C@H](O)[C@@H](O)[C@@H]3CC[C@@H](NCc4ccc5c(n4)NC(=O)CS5)CO3)c2n1,6.3,IC50,500.0,CHEMBL3038482,S. aureus complex,Gyr,COc1ccc2nccc([C@H](O)[C@@H](O)[C@@H]3CC[C@@H](NCc4ccc5c(n4)NC(=O)CS5)CO3)c2n1,O=C1CSc2ccc(CNC3CCC(CCc4ccnc5cccnc45)OC3)nc2N1,497.5770000000003,1.8092999999999997,10,4,True,6.3
CHEMBL2424896,COc1ccc2nccc(OC[C@@H]3CC[C@@H](NCc4cc5c(cn4)OCCO5)CO3)c2n1,6.3,IC50,500.0,CHEMBL3038482,S. aureus complex,Gyr,COc1ccc2nccc(OC[C@@H]3CC[C@@H](NCc4cc5c(cn4)OCCO5)CO3)c2n1,c1cnc2c(OCC3CCC(NCc4cc5c(cn4)OCCO5)CO3)ccnc2c1,438.48400000000026,2.5208000000000004,9,1,True,6.3
CHEMBL3329297,CCNC(=O)Nc1cc(-n2ccnc2)c(C(=O)Nc2cccc(Cl)c2)cn1,6.26,IC50,550.0,CHEMBL2094139,E. coli complex,Gyr,CCNC(=O)Nc1cc(-n2ccnc2)c(C(=O)Nc2cccc(Cl)c2)cn1,O=C(Nc1ccccc1)c1cnccc1-n1ccnc1,384.82700000000006,3.314400000000001,4,3,True,6.26
CHEMBL5086095,O=C(CN1CCN(c2cc3c(cc2F)c(=O)c(C(=O)O)cn3C2CC2)CC1)Nc1ccc(S(=O)(=O)Nc2cnc3ccccc3n2)cc1,6.26,IC50,550.0,CHEMBL2094139,E. coli complex,Gyr,O=C(CN1CCN(c2cc3c(cc2F)c(=O)c(C(=O)O)cn3C2CC2)CC1)Nc1ccc(S(=O)(=O)Nc2cnc3ccccc3n2)cc1,O=C(CN1CCN(c2ccc3c(=O)ccn(C4CC4)c3c2)CC1)Nc1ccc(S(=O)(=O)Nc2cnc3ccccc3n2)cc1,671.7110000000001,3.6784000000000017,9,3,True,6.26
CHEMBL6134347,CC(C)C(=O)c1c2c(c(OCCO)c3c1OC1=C(C(=O)C(C)(C)C(=O)C1(C)C)[C@@H]3C(C)C)[C@H](C(C)C)C1=C(O2)C(C)(C)C(=O)C(C)(C)C1=O,6.26,IC50,550.0,CHEMBL2094139,E. coli complex,Gyr,CC(C)C(=O)c1c2c(c(OCCO)c3c1OC1=C(C(=O)C(C)(C)C(=O)C1(C)C)[C@@H]3C(C)C)[C@H](C(C)C)C1=C(O2)C(C)(C)C(=O)C(C)(C)C1=O,O=C1CC(=O)C2=C(C1)Oc1cc3c(cc1C2)CC1=C(CC(=O)CC1=O)O3,676.8470000000001,7.077000000000009,9,1,True,6.26
CHEMBL3329298,CCNC(=O)Nc1cc(-c2cccnc2)c(C(=O)Nc2nccs2)cn1,6.25,IC50,560.0,CHEMBL2094139,E. coli complex,Gyr,CCNC(=O)Nc1cc(-c2cccnc2)c(C(=O)Nc2nccs2)cn1,O=C(Nc1nccs1)c1cnccc1-c1cccnc1,368.422,2.993800000000001,6,3,True,6.25
CHEMBL5422850,O=C1COc2ccc(N3CC(CNC4Cc5cccc(Cl)c5C4)OC3=O)nc2N1,6.24,IC50,580.0,CHEMBL2094139,E. coli complex,Gyr,O=C1COc2ccc(N3CC(CNC4Cc5cccc(Cl)c5C4)OC3=O)nc2N1,O=C1COc2ccc(N3CC(CNC4Cc5ccccc5C4)OC3=O)nc2N1,414.84900000000016,2.1480999999999995,6,2,True,6.24
CHEMBL3589078,O=C(O)C(=O)Nc1nc2c(s1)C[C@@H](NC(=O)c1cc(Cl)c(Cl)[nH]1)CC2,6.23,IC50,590.0,CHEMBL2094139,E. coli complex,Gyr,O=C(O)C(=O)Nc1nc2c(s1)C[C@@H](NC(=O)c1cc(Cl)c(Cl)[nH]1)CC2,O=C(NC1CCc2ncsc2C1)c1ccc[nH]1,403.2470000000002,2.0884,5,4,True,6.23
CHEMBL9,CCn1cc(C(=O)O)c(=O)c2cc(F)c(N3CCNCC3)cc21,6.22,IC50,600.0,CHEMBL2094139,E. coli complex,Gyr,CCn1cc(C(=O)O)c(=O)c2cc(F)c(N3CCNCC3)cc21,O=c1cc[nH]c2cc(N3CCNCC3)ccc12,319.336,1.2683,4,2,True,6.22
CHEMBL217592,COc1c(N2CC[C@@H]([C@H](C)N)C2)c(F)cc2c(=O)n(N)c(=O)n(C3CC3)c12,6.22,IC50,600.0,CHEMBL2094139,E. coli complex,Gyr,COc1c(N2CC[C@@H]([C@H](C)N)C2)c(F)cc2c(=O)n(N)c(=O)n(C3CC3)c12,O=c1[nH]c(=O)n(C2CC2)c2cc(N3CCCC3)ccc12,377.42000000000013,0.5331000000000007,6,2,True,6.22
CHEMBL3658946,C[C@@H]1CN2c3c(cc4c(N(C)Cc5ccccc5)noc4c3F)CC3(C(=O)NC(=O)NC3=O)[C@H]2[C@H](C)O1,6.22,IC50,600.0,CHEMBL2094139,E. coli complex,Gyr,C[C@@H]1CN2c3c(cc4c(N(C)Cc5ccccc5)noc4c3F)CC3(C(=O)NC(=O)NC3=O)[C@H]2[C@H](C)O1,O=C1NC(=O)C2(Cc3cc4c(NCc5ccccc5)noc4cc3N3CCOCC32)C(=O)N1,507.5220000000003,2.4939999999999998,8,2,True,6.22
CHEMBL3658953,C[C@@H]1CN2c3c(cc4c(C5CC5)noc4c3Cl)CC3(C(=O)NC(=O)NC3=O)[C@H]2[C@H](C)O1,6.22,IC50,600.0,CHEMBL2094139,E. coli complex,Gyr,C[C@@H]1CN2c3c(cc4c(C5CC5)noc4c3Cl)CC3(C(=O)NC(=O)NC3=O)[C@H]2[C@H](C)O1,O=C1NC(=O)C2(Cc3cc4c(C5CC5)noc4cc3N3CCOCC32)C(=O)N1,444.87500000000017,2.2493,7,2,True,6.22
CHEMBL3659028,[C-]#[N+]c1ccc(-c2noc3c(Cl)c4c(nc23)CC2(C(=O)NC(=O)NC2=O)[C@H]2[C@H](C)O[C@H](C)CN42)cc1F,6.22,IC50,600.0,CHEMBL2094139,E. coli complex,Gyr,[C-]#[N+]c1ccc(-c2noc3c(Cl)c4c(nc23)CC2(C(=O)NC(=O)NC2=O)[C@H]2[C@H](C)O[C@H](C)CN42)cc1F,O=C1NC(=O)C2(Cc3nc4c(-c5ccccc5)noc4cc3N3CCOCC32)C(=O)N1,524.8960000000003,3.1237900000000023,8,2,True,6.22
CHEMBL3663206,CSc1nccc(-c2noc3c(F)c4c(cc23)CC2(C(=O)NC(=O)NC2=O)[C@H]2[C@H](C)O[C@H](C)CN42)n1,6.22,IC50,600.0,CHEMBL2094139,E. coli complex,Gyr,CSc1nccc(-c2noc3c(F)c4c(cc23)CC2(C(=O)NC(=O)NC2=O)[C@H]2[C@H](C)O[C@H](C)CN42)n1,O=C1NC(=O)C2(Cc3cc4c(-c5ccncn5)noc4cc3N3CCOCC32)C(=O)N1,512.5230000000003,2.0364999999999998,10,2,True,6.22
CHEMBL4763407,O=C(O)C(=O)Nc1ccc2nc(NC(=O)c3cc(Br)c(Br)[nH]3)[nH]c2c1,6.22,IC50,600.0,CHEMBL2094139,E. coli complex,Gyr,O=C(O)C(=O)Nc1ccc2nc(NC(=O)c3cc(Br)c(Br)[nH]3)[nH]c2c1,O=C(Nc1nc2ccccc2[nH]1)c1ccc[nH]1,471.065,2.6914,4,5,True,6.22
CHEMBL5405470,O=C(O)COc1cc(F)c2c(c1)CC(CNCCC1CN(c3ccc4c(n3)NC(=O)CO4)C(=O)O1)C2,6.22,IC50,600.0,CHEMBL2094139,E. coli complex,Gyr,O=C(O)COc1cc(F)c2c(c1)CC(CNCCC1CN(c3ccc4c(n3)NC(=O)CO4)C(=O)O1)C2,O=C1COc2ccc(N3CC(CCNCC4Cc5ccccc5C4)OC3=O)nc2N1,500.4830000000003,1.7348999999999994,8,3,True,6.22
CHEMBL5563160,CC(=O)Nc1ccc2c(c1)s/c(=N\C(=O)c1[nH]c(C)c(Cl)c1Cl)n2Cc1ccc(C(=O)O)cc1,6.22,IC50,600.0,CHEMBL2094139,E. coli complex,Gyr,CC(=O)Nc1ccc2c(c1)s/c(=N\C(=O)c1[nH]c(C)c(Cl)c1Cl)n2Cc1ccc(C(=O)O)cc1,O=C(N=c1sc2ccccc2n1Cc1ccccc1)c1ccc[nH]1,517.3940000000003,5.092120000000003,4,3,True,6.22
CHEMBL3357985,C[C@@H]1CN2c3c(cc4c(C(F)(F)F)noc4c3F)CC3(C(=O)NC(=O)NC3=O)[C@H]2[C@H](C)O1,6.21,IC50,610.0,CHEMBL2094139,E. coli complex,Gyr,C[C@@H]1CN2c3c(cc4c(C(F)(F)F)noc4c3F)CC3(C(=O)NC(=O)NC3=O)[C@H]2[C@H](C)O1,O=C1NC(=O)C2(Cc3cc4cnoc4cc3N3CCOCC32)C(=O)N1,456.3520000000002,1.8763999999999996,7,2,True,6.21
CHEMBL5281268,O=C(O)c1ccc(CNC(=O)[C@H](Cc2ccc(O)cc2)NC(=O)c2cc(Br)c(Br)[nH]2)cc1,6.21,IC50,619.0,CHEMBL2094139,E. coli complex,Gyr,O=C(O)c1ccc(CNC(=O)[C@H](Cc2ccc(O)cc2)NC(=O)c2cc(Br)c(Br)[nH]2)cc1,O=C(NC(Cc1ccccc1)C(=O)NCc1ccccc1)c1ccc[nH]1,565.2180000000001,3.6010000000000018,4,5,True,6.21
CHEMBL5562873,CC(=O)Nc1ccc2c(c1)s/c(=N\C(=O)c1[nH]c(C)c(Cl)c1Cl)n2CCc1ccccc1,6.21,IC50,620.0,CHEMBL2094139,E. coli complex,Gyr,CC(=O)Nc1ccc2c(c1)s/c(=N\C(=O)c1[nH]c(C)c(Cl)c1Cl)n2CCc1ccccc1,O=C(N=c1sc2ccccc2n1CCc1ccccc1)c1ccc[nH]1,487.41200000000026,5.588320000000004,3,2,True,6.21
CHEMBL4778649,CC(C)(C)OC(=O)N1CCC(Oc2cc(C(=O)NCC(=O)O)ccc2NC(=O)c2cc(Br)c(Br)[nH]2)CC1,6.2,IC50,630.0,CHEMBL2094139,E. coli complex,Gyr,CC(C)(C)OC(=O)N1CCC(Oc2cc(C(=O)NCC(=O)O)ccc2NC(=O)c2cc(Br)c(Br)[nH]2)CC1,O=C(Nc1ccccc1OC1CCNCC1)c1ccc[nH]1,644.317,4.384700000000001,6,4,True,6.2
CHEMBL6173407,CC(C)Oc1c(NC(=O)c2ccc(NC(=O)[C@H](CCCN)NC(=O)c3ccc(NC(=O)c4ccc(C#N)cc4)cc3)cc2)ccc(C(=O)Nc2ccc(C(=O)O)cc2)c1O,6.2,IC50,630.0,CHEMBL2094139,E. coli complex,Gyr,CC(C)Oc1c(NC(=O)c2ccc(NC(=O)[C@H](CCCN)NC(=O)c3ccc(NC(=O)c4ccc(C#N)cc4)cc3)cc2)ccc(C(=O)Nc2ccc(C(=O)O)cc2)c1O,O=C(CNC(=O)c1ccc(NC(=O)c2ccccc2)cc1)Nc1ccc(C(=O)Nc2ccc(C(=O)Nc3ccccc3)cc2)cc1,811.8520000000003,5.982180000000004,10,8,True,6.2
CHEMBL5266830,Cc1[nH]c(C(=O)N[C@H]2CCc3nc(NC(=O)[C@@H](NC(=O)c4cc(=O)c(O)c[nH]4)C(C)C)sc3C2)c(Cl)c1Cl,6.19,IC50,640.0,CHEMBL2094139,E. coli complex,Gyr,Cc1[nH]c(C(=O)N[C@H]2CCc3nc(NC(=O)[C@@H](NC(=O)c4cc(=O)c(O)c[nH]4)C(C)C)sc3C2)c(Cl)c1Cl,O=C(CNC(=O)c1cc(=O)cc[nH]1)Nc1nc2c(s1)CC(NC(=O)c1ccc[nH]1)CC2,581.4820000000002,3.1607200000000013,7,6,True,6.19
CHEMBL3329305,CCNC(=O)Nc1cc(NCc2cccnc2)c(C(=O)Nc2cccnc2)cn1,6.18,IC50,660.0,CHEMBL2094139,E. coli complex,Gyr,CCNC(=O)Nc1cc(NCc2cccnc2)c(C(=O)Nc2cccnc2)cn1,O=C(Nc1cccnc1)c1cnccc1NCc1cccnc1,391.43500000000006,2.8774000000000006,6,4,True,6.18
CHEMBL5394250,COc1ccc2nccc(OC[C@@H]3CC[C@@H](NC(=O)c4cc(F)c(Cl)c(F)c4)CO3)c2n1,6.17,IC50,677.0,CHEMBL2094139,E. coli complex,Gyr,COc1ccc2nccc(OC[C@@H]3CC[C@@H](NC(=O)c4cc(F)c(Cl)c(F)c4)CO3)c2n1,O=C(NC1CCC(COc2ccnc3cccnc23)OC1)c1ccccc1,463.86800000000017,3.926400000000002,6,1,True,6.17
CHEMBL1774147,COc1c(N2CC[C@@H]([C@H](C)N)C2)c(F)cc2c(=O)c3c(=O)[nH]sc3n(C3CC3)c12,6.17,IC50,680.0,CHEMBL3038482,S. aureus complex,Gyr,COc1c(N2CC[C@@H]([C@H](C)N)C2)c(F)cc2c(=O)c3c(=O)[nH]sc3n(C3CC3)c12,O=c1[nH]sc2c1c(=O)c1ccc(N3CCCC3)cc1n2C1CC1,418.49400000000014,2.560600000000001,6,2,True,6.17
CHEMBL1256993,COc1c(N2CC[C@@H](C(C)(C)N)C2)c(F)cc2c(=O)c3c(=O)[nH]sc3n(C3CC3)c12,6.17,IC50,680.0,CHEMBL3038482,S. aureus complex,Gyr,COc1c(N2CC[C@@H](C(C)(C)N)C2)c(F)cc2c(=O)c3c(=O)[nH]sc3n(C3CC3)c12,O=c1[nH]sc2c1c(=O)c1ccc(N3CCCC3)cc1n2C1CC1,432.5210000000002,2.950700000000001,6,2,True,6.17
CHEMBL438444,O=c1[nH]sc2c1c(=O)c1cc(F)c(-c3cccc(C4CCCCN4)c3)cc1n2C1CC1,6.16,IC50,700.0,CHEMBL2094139,E. coli complex,Gyr,O=c1[nH]sc2c1c(=O)c1cc(F)c(-c3cccc(C4CCCCN4)c3)cc1n2C1CC1,O=c1[nH]sc2c1c(=O)c1ccc(-c3cccc(C4CCCCN4)c3)cc1n2C1CC1,435.5240000000003,4.860100000000003,4,2,True,6.16
CHEMBL3658970,C[C@@H]1CN2c3c(cc4c(-n5nccn5)noc4c3F)CC3(C(=O)NC(=O)NC3=O)[C@H]2[C@H](C)O1,6.16,IC50,700.0,CHEMBL2094139,E. coli complex,Gyr,C[C@@H]1CN2c3c(cc4c(-n5nccn5)noc4c3F)CC3(C(=O)NC(=O)NC3=O)[C@H]2[C@H](C)O1,O=C1NC(=O)C2(Cc3cc4c(-n5nccn5)noc4cc3N3CCOCC32)C(=O)N1,455.40600000000023,0.4383,9,2,True,6.16
CHEMBL3658982,C[C@@H]1CN2c3c(cc4c(-c5nccn5C)noc4c3F)CC3(C(=O)NC(=O)NC3=O)[C@@H]2[C@H](C)O1,6.16,IC50,700.0,CHEMBL2094139,E. coli complex,Gyr,C[C@@H]1CN2c3c(cc4c(-c5nccn5C)noc4c3F)CC3(C(=O)NC(=O)NC3=O)[C@@H]2[C@H](C)O1,O=C1NC(=O)C2(Cc3cc4c(-c5ncc[nH]5)noc4cc3N3CCOCC32)C(=O)N1,468.4450000000002,1.2580999999999998,8,2,True,6.16
CHEMBL3659007,C[C@@H]1CN2c3c(cc4c(-c5nccs5)noc4c3F)CC3(C(=O)NC(=O)NC3=O)[C@H]2[C@H](C)O1,6.16,IC50,700.0,CHEMBL2094139,E. coli complex,Gyr,C[C@@H]1CN2c3c(cc4c(-c5nccs5)noc4c3F)CC3(C(=O)NC(=O)NC3=O)[C@H]2[C@H](C)O1,O=C1NC(=O)C2(Cc3cc4c(-c5nccs5)noc4cc3N3CCOCC32)C(=O)N1,471.47000000000025,1.9810999999999994,9,2,True,6.16
CHEMBL3659008,C[C@@H]1CN2c3c(cc4c(-c5ccco5)noc4c3F)CC3(C(=O)NC(=O)NC3=O)[C@H]2[C@H](C)O1,6.16,IC50,700.0,CHEMBL2094139,E. coli complex,Gyr,C[C@@H]1CN2c3c(cc4c(-c5ccco5)noc4c3F)CC3(C(=O)NC(=O)NC3=O)[C@H]2[C@H](C)O1,O=C1NC(=O)C2(Cc3cc4c(-c5ccco5)noc4cc3N3CCOCC32)C(=O)N1,454.4140000000002,2.1175999999999995,8,2,True,6.16
CHEMBL3659014,COC[C@@H]1O[C@H](C)CN2c3c(cc4c(C)noc4c3F)CC3(C(=O)NC(=O)NC3=O)[C@@H]12,6.16,IC50,700.0,CHEMBL2094139,E. coli complex,Gyr,COC[C@@H]1O[C@H](C)CN2c3c(cc4c(C)noc4c3F)CC3(C(=O)NC(=O)NC3=O)[C@@H]12,O=C1NC(=O)C2(Cc3cc4cnoc4cc3N3CCOCC32)C(=O)N1,432.4080000000002,0.79252,8,2,True,6.16
CHEMBL3659019,C[C@@H]1CN2c3c(nc4c(-c5nccs5)noc4c3Cl)CC3(C(=O)NC(=O)NC3=O)[C@H]2[C@H](C)O1,6.16,IC50,700.0,CHEMBL2094139,E. coli complex,Gyr,C[C@@H]1CN2c3c(nc4c(-c5nccs5)noc4c3Cl)CC3(C(=O)NC(=O)NC3=O)[C@H]2[C@H](C)O1,O=C1NC(=O)C2(Cc3nc4c(-c5nccs5)noc4cc3N3CCOCC32)C(=O)N1,488.9130000000003,1.8904,10,2,True,6.16
CHEMBL3659032,CNC(=O)c1noc2c(Cl)c3c(nc12)CC1(C(=O)NC(=O)NC1=O)[C@H]1[C@H](C)O[C@H](C)CN31,6.16,IC50,700.0,CHEMBL2094139,E. coli complex,Gyr,CNC(=O)c1noc2c(Cl)c3c(nc12)CC1(C(=O)NC(=O)NC1=O)[C@H]1[C@H](C)O[C@H](C)CN31,O=C1NC(=O)C2(Cc3nc4cnoc4cc3N3CCOCC32)C(=O)N1,462.8500000000002,0.12650000000000072,9,3,True,6.16
CHEMBL3663207,COCCNc1nccc(-c2noc3c(F)c4c(cc23)CC2(C(=O)NC(=O)NC2=O)[C@H]2[C@H](C)O[C@H](C)CN42)n1,6.16,IC50,700.0,CHEMBL2094139,E. coli complex,Gyr,COCCNc1nccc(-c2noc3c(F)c4c(cc23)CC2(C(=O)NC(=O)NC2=O)[C@H]2[C@H](C)O[C@H](C)CN42)n1,O=C1NC(=O)C2(Cc3cc4c(-c5ccncn5)noc4cc3N3CCOCC32)C(=O)N1,539.5240000000002,1.3728999999999993,11,3,True,6.16
CHEMBL4177464,C#CCN1CCN(c2cc3c(cc2F)c(=O)c(C(=O)O)cn3C2CC2)CC1,6.16,IC50,700.0,CHEMBL2094139,E. coli complex,Gyr,C#CCN1CCN(c2cc3c(cc2F)c(=O)c(C(=O)O)cn3C2CC2)CC1,O=c1ccn(C2CC2)c2cc(N3CCNCC3)ccc12,369.3960000000002,1.9289,4,1,True,6.16
CHEMBL2158040,COc1ccc2nccc([C@H](O)CC[C@@H]3CCN(CCSc4ccc[se]4)C[C@@H]3C(=O)O)c2c1,6.16,IC50,700.0,CHEMBL3038482,S. aureus complex,Gyr,COc1ccc2nccc([C@H](O)CC[C@@H]3CCN(CCSc4ccc[se]4)C[C@@H]3C(=O)O)c2c1,c1c[se]c(SCCN2CCC(CCCc3ccnc4ccccc34)CC2)c1,533.5520000000001,3.929000000000002,6,2,True,6.16
CHEMBL6092059,CCOc1c2c(c(C(=O)C(C)C)c3c1[C@@H](C(C)C)C1=C(O3)C(C)(C)C(=O)C(C)(C)C1=O)OC1=C(C(=O)C(C)(C)C(=O)C1(C)C)[C@H]2C(C)C,6.15,IC50,710.0,CHEMBL2094139,E. coli complex,Gyr,CCOc1c2c(c(C(=O)C(C)C)c3c1[C@@H](C(C)C)C1=C(O3)C(C)(C)C(=O)C(C)(C)C1=O)OC1=C(C(=O)C(C)(C)C(=O)C1(C)C)[C@H]2C(C)C,O=C1CC(=O)C2=C(C1)Oc1cc3c(cc1C2)CC1=C(CC(=O)CC1=O)O3,660.8480000000002,8.10460000000001,8,0,True,6.15
CHEMBL5290948,O=C(O)c1cn(C2CC2)c2cc(N3CCN(Cn4nc(CN5CCN(c6ccccc6)CC5)n(Cc5ccccc5)c4=O)CC3)c(F)cc2c1=O,6.12,IC50,750.0,CHEMBL2094139,E. coli complex,Gyr,O=C(O)c1cn(C2CC2)c2cc(N3CCN(Cn4nc(CN5CCN(c6ccccc6)CC5)n(Cc5ccccc5)c4=O)CC3)c(F)cc2c1=O,O=c1ccn(C2CC2)c2cc(N3CCN(Cn4nc(CN5CCN(c6ccccc6)CC5)n(Cc5ccccc5)c4=O)CC3)ccc12,692.7960000000003,3.682100000000002,8,1,True,6.12
CHEMBL5084320,NC(N)=NS(=O)(=O)c1ccc(/N=N/N2CCN(c3cc4c(cc3F)c(=O)c(C(=O)O)cn4C3CC3)CC2)cc1,6.11,IC50,770.0,CHEMBL2094139,E. coli complex,Gyr,NC(N)=NS(=O)(=O)c1ccc(/N=N/N2CCN(c3cc4c(cc3F)c(=O)c(C(=O)O)cn4C3CC3)CC2)cc1,O=c1ccn(C2CC2)c2cc(N3CCN(N=Nc4ccccc4)CC3)ccc12,556.5800000000002,1.9567000000000005,7,3,True,6.11
CHEMBL381395,O=c1[nH]sc2c1c(=O)c1cc(F)c(-c3ccc(O)cc3)cc1n2C1CC1,6.1,IC50,800.0,CHEMBL2094139,E. coli complex,Gyr,O=c1[nH]sc2c1c(=O)c1cc(F)c(-c3ccc(O)cc3)cc1n2C1CC1,O=c1[nH]sc2c1c(=O)c1ccc(-c3ccccc3)cc1n2C1CC1,368.3890000000001,3.751100000000001,4,2,True,6.1
CHEMBL3658921,CC(=O)Nc1noc2c(F)c3c(cc12)CC1(C(=O)NC(=O)NC1=O)[C@H]1[C@H](C)O[C@H](C)CN31,6.1,IC50,800.0,CHEMBL2094139,E. coli complex,Gyr,CC(=O)Nc1noc2c(F)c3c(cc12)CC1(C(=O)NC(=O)NC1=O)[C@H]1[C@H](C)O[C@H](C)CN31,O=C1NC(=O)C2(Cc3cc4cnoc4cc3N3CCOCC32)C(=O)N1,445.40700000000015,0.8159999999999994,8,3,True,6.1
CHEMBL3658926,C[C@@H]1CN2c3c(cc4c(NCc5c[nH]cn5)noc4c3F)CC3(C(=O)NC(=O)NC3=O)[C@H]2[C@H](C)O1,6.1,IC50,800.0,CHEMBL2094139,E. coli complex,Gyr,C[C@@H]1CN2c3c(cc4c(NCc5c[nH]cn5)noc4c3F)CC3(C(=O)NC(=O)NC3=O)[C@H]2[C@H](C)O1,O=C1NC(=O)C2(Cc3cc4c(NCc5c[nH]cn5)noc4cc3N3CCOCC32)C(=O)N1,483.4600000000002,1.1927999999999999,9,4,True,6.1
CHEMBL3658952,C[C@@H]1CN2c3c(cc4c(-c5ccccn5)noc4c3Cl)CC3(C(=O)NC(=O)NC3=O)[C@H]2[C@H](C)O1,6.1,IC50,800.0,CHEMBL2094139,E. coli complex,Gyr,C[C@@H]1CN2c3c(cc4c(-c5ccccn5)noc4c3Cl)CC3(C(=O)NC(=O)NC3=O)[C@H]2[C@H](C)O1,O=C1NC(=O)C2(Cc3cc4c(-c5ccccn5)noc4cc3N3CCOCC32)C(=O)N1,481.89600000000024,2.4338999999999995,8,2,True,6.1
CHEMBL3658955,C[C@@H]1CN2c3c(cc4c(-c5cncs5)noc4c3Cl)CC3(C(=O)NC(=O)NC3=O)[C@H]2[C@H](C)O1,6.1,IC50,800.0,CHEMBL2094139,E. coli complex,Gyr,C[C@@H]1CN2c3c(cc4c(-c5cncs5)noc4c3Cl)CC3(C(=O)NC(=O)NC3=O)[C@H]2[C@H](C)O1,O=C1NC(=O)C2(Cc3cc4c(-c5cncs5)noc4cc3N3CCOCC32)C(=O)N1,487.92500000000024,2.4954,9,2,True,6.1
CHEMBL3658978,C[C@@H]1CN2c3c(cc4c(-c5cn[nH]c5)noc4c3F)CC3(C(=O)NC(=O)NC3=O)[C@H]2[C@H](C)O1,6.1,IC50,800.0,CHEMBL2094139,E. coli complex,Gyr,C[C@@H]1CN2c3c(cc4c(-c5cn[nH]c5)noc4c3F)CC3(C(=O)NC(=O)NC3=O)[C@H]2[C@H](C)O1,O=C1NC(=O)C2(Cc3cc4c(-c5cn[nH]c5)noc4cc3N3CCOCC32)C(=O)N1,454.41800000000023,1.2476999999999994,8,3,True,6.1
CHEMBL3658991,C[C@@H]1CN2c3c(cc4c(-c5nccnc5Cl)noc4c3F)CC3(C(=O)NC(=O)NC3=O)[C@H]2[C@H](C)O1,6.1,IC50,800.0,CHEMBL2094139,E. coli complex,Gyr,C[C@@H]1CN2c3c(cc4c(-c5nccnc5Cl)noc4c3F)CC3(C(=O)NC(=O)NC3=O)[C@H]2[C@H](C)O1,O=C1NC(=O)C2(Cc3cc4c(-c5cnccn5)noc4cc3N3CCOCC32)C(=O)N1,500.8740000000003,1.9679999999999995,9,2,True,6.1
CHEMBL3658992,C[C@@H]1CN2c3c(cc4c(-c5cncc(Cl)n5)noc4c3F)CC3(C(=O)NC(=O)NC3=O)[C@H]2[C@H](C)O1,6.1,IC50,800.0,CHEMBL2094139,E. coli complex,Gyr,C[C@@H]1CN2c3c(cc4c(-c5cncc(Cl)n5)noc4c3F)CC3(C(=O)NC(=O)NC3=O)[C@H]2[C@H](C)O1,O=C1NC(=O)C2(Cc3cc4c(-c5cnccn5)noc4cc3N3CCOCC32)C(=O)N1,500.8740000000003,1.9679999999999995,9,2,True,6.1
CHEMBL3659016,C[C@@H]1CN2c3c(nc4c(-c5ccncc5)noc4c3Cl)CC3(C(=O)NC(=O)NC3=O)[C@H]2[C@H](C)O1,6.1,IC50,800.0,CHEMBL2094139,E. coli complex,Gyr,C[C@@H]1CN2c3c(nc4c(-c5ccncc5)noc4c3Cl)CC3(C(=O)NC(=O)NC3=O)[C@H]2[C@H](C)O1,O=C1NC(=O)C2(Cc3nc4c(-c5ccncc5)noc4cc3N3CCOCC32)C(=O)N1,482.88400000000024,1.8288999999999997,9,2,True,6.1
CHEMBL3329302,CCNC(=O)Nc1cc(-c2ccccc2)c(C(=O)Nc2cccc(Cl)c2)cn1,6.09,IC50,810.0,CHEMBL2094139,E. coli complex,Gyr,CCNC(=O)Nc1cc(-c2ccccc2)c(C(=O)Nc2cccc(Cl)c2)cn1,O=C(Nc1ccccc1)c1cnccc1-c1ccccc1,394.862,4.795700000000004,3,3,True,6.09
CHEMBL4856321,Cc1[nH]c(C(=O)Nc2nc3cc(C(=O)O)ccc3s2)c(Cl)c1Cl,6.08,IC50,830.0,CHEMBL2094139,E. coli complex,Gyr,Cc1[nH]c(C(=O)Nc2nc3cc(C(=O)O)ccc3s2)c(Cl)c1Cl,O=C(Nc1nc2ccccc2s1)c1ccc[nH]1,370.2170000000001,4.190120000000001,4,3,True,6.08
CHEMBL4539183,O=C(O)COc1ccc(NC(=O)c2cc(Br)c(Br)[nH]2)c(OCc2ccccc2)c1,6.07,IC50,860.0,CHEMBL2094139,E. coli complex,Gyr,O=C(O)COc1ccc(NC(=O)c2cc(Br)c(Br)[nH]2)c(OCc2ccccc2)c1,O=C(Nc1ccccc1OCc1ccccc1)c1ccc[nH]1,524.1650000000002,4.834400000000002,4,3,True,6.07
CHEMBL6167057,CC(C)Oc1c(NC(=O)c2ccc(NC(=O)[C@@H]3CC(=O)CCN3C(=O)c3ccc(NC(=O)c4ccc(C#N)cc4)cc3)cc2)ccc(C(=O)Nc2ccc(C(=O)O)cc2)c1O,6.07,IC50,860.0,CHEMBL2094139,E. coli complex,Gyr,CC(C)Oc1c(NC(=O)c2ccc(NC(=O)[C@@H]3CC(=O)CCN3C(=O)c3ccc(NC(=O)c4ccc(C#N)cc4)cc3)cc2)ccc(C(=O)Nc2ccc(C(=O)O)cc2)c1O,O=C1CCN(C(=O)c2ccc(NC(=O)c3ccccc3)cc2)C(C(=O)Nc2ccc(C(=O)Nc3ccc(C(=O)Nc4ccccc4)cc3)cc2)C1,822.8310000000004,6.318580000000006,10,6,True,6.07
CHEMBL6177620,CC(C)Oc1c(NC(=O)c2ccc(NC(=O)[C@H](CN)NC(=O)c3ccc(NC(=O)c4ccc(C#N)cc4)cc3)cc2)ccc(C(=O)Nc2ccc(C(=O)O)cc2)c1O,6.07,IC50,860.0,CHEMBL2094139,E. coli complex,Gyr,CC(C)Oc1c(NC(=O)c2ccc(NC(=O)[C@H](CN)NC(=O)c3ccc(NC(=O)c4ccc(C#N)cc4)cc3)cc2)ccc(C(=O)Nc2ccc(C(=O)O)cc2)c1O,O=C(CNC(=O)c1ccc(NC(=O)c2ccccc2)cc1)Nc1ccc(C(=O)Nc2ccc(C(=O)Nc3ccccc3)cc2)cc1,783.7980000000002,5.201980000000003,10,8,True,6.07
CHEMBL203002,O=c1[nH]sc2c1c(=O)c1cc(F)c(-c3ccc(CO)cc3)cc1n2C1CC1,6.05,IC50,900.0,CHEMBL2094139,E. coli complex,Gyr,O=c1[nH]sc2c1c(=O)c1cc(F)c(-c3ccc(CO)cc3)cc1n2C1CC1,O=c1[nH]sc2c1c(=O)c1ccc(-c3ccccc3)cc1n2C1CC1,382.41600000000017,3.5378000000000016,4,2,True,6.05
CHEMBL3589077,COC(=O)CCC(=O)Nc1nc2c(s1)C[C@@H](NC(=O)c1cc(Cl)c(Cl)[nH]1)CC2,6.05,IC50,890.0,CHEMBL2094139,E. coli complex,Gyr,COC(=O)CCC(=O)Nc1nc2c(s1)C[C@@H](NC(=O)c1cc(Cl)c(Cl)[nH]1)CC2,O=C(NC1CCc2ncsc2C1)c1ccc[nH]1,445.3280000000002,2.9570000000000007,6,3,True,6.05
CHEMBL3658976,CSc1noc2c(F)c3c(cc12)CC1(C(=O)NC(=O)NC1=O)[C@H]1[C@H](C)O[C@H](C)CN31,6.05,IC50,900.0,CHEMBL2094139,E. coli complex,Gyr,CSc1noc2c(F)c3c(cc12)CC1(C(=O)NC(=O)NC1=O)[C@H]1[C@H](C)O[C@H](C)CN31,O=C1NC(=O)C2(Cc3cc4cnoc4cc3N3CCOCC32)C(=O)N1,434.4490000000002,1.5795,8,2,True,6.05
CHEMBL3658985,Cc1ncsc1-c1noc2c(F)c3c(cc12)CC1(C(=O)NC(=O)NC1=O)[C@@H]1[C@@H](C)O[C@@H](C)CN31,6.05,IC50,900.0,CHEMBL2094139,E. coli complex,Gyr,Cc1ncsc1-c1noc2c(F)c3c(cc12)CC1(C(=O)NC(=O)NC1=O)[C@@H]1[C@@H](C)O[C@@H](C)CN31,O=C1NC(=O)C2(Cc3cc4c(-c5cncs5)noc4cc3N3CCOCC32)C(=O)N1,485.49700000000024,2.2895200000000004,9,2,True,6.05
CHEMBL4109523,C[C@H]1CN2c3c(cc4c(-c5snn[n+]5C)noc4c3F)CC3(C(=O)NC(=O)NC3=O)[C@@H]2[C@@H](C)O1,6.05,IC50,900.0,CHEMBL2094139,E. coli complex,Gyr,C[C@H]1CN2c3c(cc4c(-c5snn[n+]5C)noc4c3F)CC3(C(=O)NC(=O)NC3=O)[C@@H]2[C@@H](C)O1,O=C1NC(=O)C2(Cc3cc4c(-c5[nH+]nns5)noc4cc3N3CCOCC32)C(=O)N1,488.4810000000003,0.20059999999999995,10,2,True,6.05
CHEMBL3663182,CC(C)NC(=O)c1noc2c(F)c3c(cc12)CC1(C(=O)NC(=O)NC1=O)[C@H]1[C@H](C)O[C@H](C)CN31,6.05,IC50,900.0,CHEMBL2094139,E. coli complex,Gyr,CC(C)NC(=O)c1noc2c(F)c3c(cc12)CC1(C(=O)NC(=O)NC1=O)[C@H]1[C@H](C)O[C@H](C)CN31,O=C1NC(=O)C2(Cc3cc4cnoc4cc3N3CCOCC32)C(=O)N1,473.4610000000002,0.9958,8,3,True,6.05
CHEMBL3663183,C[C@@H]1CN2c3c(cc4c(-c5ncccn5)noc4c3F)CC3(C(=O)NC(=O)NC3=O)[C@H]2[C@H](C)O1,6.05,IC50,900.0,CHEMBL2094139,E. coli complex,Gyr,C[C@@H]1CN2c3c(cc4c(-c5ncccn5)noc4c3F)CC3(C(=O)NC(=O)NC3=O)[C@H]2[C@H](C)O1,O=C1NC(=O)C2(Cc3cc4c(-c5ncccn5)noc4cc3N3CCOCC32)C(=O)N1,466.42900000000026,1.3145999999999995,9,2,True,6.05
CHEMBL3663209,COc1nccc(-c2noc3c(F)c4c(cc23)CC2(C(=O)NC(=O)NC2=O)[C@H]2[C@H](C)O[C@H](C)CN42)n1,6.05,IC50,900.0,CHEMBL2094139,E. coli complex,Gyr,COc1nccc(-c2noc3c(F)c4c(cc23)CC2(C(=O)NC(=O)NC2=O)[C@H]2[C@H](C)O[C@H](C)CN42)n1,O=C1NC(=O)C2(Cc3cc4c(-c5ccncn5)noc4cc3N3CCOCC32)C(=O)N1,496.4550000000002,1.3231999999999995,10,2,True,6.05
CHEMBL3663212,C[C@@H]1CN2c3c(cc4c(-c5ccnc(O)n5)noc4c3F)CC3(C(=O)NC(=O)NC3=O)[C@H]2[C@H](C)O1,6.05,IC50,900.0,CHEMBL2094139,E. coli complex,Gyr,C[C@@H]1CN2c3c(cc4c(-c5ccnc(O)n5)noc4c3F)CC3(C(=O)NC(=O)NC3=O)[C@H]2[C@H](C)O1,O=C1NC(=O)C2(Cc3cc4c(-c5ccncn5)noc4cc3N3CCOCC32)C(=O)N1,482.4280000000002,1.0201999999999998,10,3,True,6.05
CHEMBL5086519,O=C(CN1CCN(c2cc3c(cc2F)c(=O)c(C(=O)O)cn3C2CC2)CC1)Nc1ccc(S(=O)(=O)Nc2cncc(Cl)n2)cc1,6.05,IC50,900.0,CHEMBL2094139,E. coli complex,Gyr,O=C(CN1CCN(c2cc3c(cc2F)c(=O)c(C(=O)O)cn3C2CC2)CC1)Nc1ccc(S(=O)(=O)Nc2cncc(Cl)n2)cc1,O=C(CN1CCN(c2ccc3c(=O)ccn(C4CC4)c3c2)CC1)Nc1ccc(S(=O)(=O)Nc2cnccn2)cc1,656.0960000000001,3.1786000000000003,9,3,True,6.05
CHEMBL3329288,CCNC(=O)Nc1ccc(C(=O)Nc2ncc(C(=O)O)s2)cn1,6.02,IC50,960.0,CHEMBL2094139,E. coli complex,Gyr,CCNC(=O)Nc1ccc(C(=O)Nc2ncc(C(=O)O)s2)cn1,O=C(Nc1nccs1)c1cccnc1,335.345,1.6300000000000001,6,4,True,6.02
CHEMBL4648309,Cc1c(N2CC[C@@H](CN)C2)c(F)cc2c(=O)n(N)c(=O)n(C3CC3)c12,6.02,IC50,950.0,CHEMBL2094139,E. coli complex,Gyr,Cc1c(N2CC[C@@H](CN)C2)c(F)cc2c(=O)n(N)c(=O)n(C3CC3)c12,O=c1[nH]c(=O)n(C2CC2)c2cc(N3CCCC3)ccc12,347.3940000000001,0.4444200000000008,5,2,True,6.02
CHEMBL4749621,N#CCNC(=O)c1ccc(NC(=O)c2cc(Br)c(Br)[nH]2)cc1,6.02,IC50,960.0,CHEMBL2094139,E. coli complex,Gyr,N#CCNC(=O)c1ccc(NC(=O)c2cc(Br)c(Br)[nH]2)cc1,O=C(Nc1ccccc1)c1ccc[nH]1,426.068,3.0453800000000006,3,3,True,6.02
CHEMBL3357992,COc1noc2c(F)c3c(cc12)CC1(C(=O)NC(=O)NC1=O)[C@H]1[C@H](C)O[C@H](C)CN31,6.01,IC50,970.0,CHEMBL2094139,E. coli complex,Gyr,COc1noc2c(F)c3c(cc12)CC1(C(=O)NC(=O)NC1=O)[C@H]1[C@H](C)O[C@H](C)CN31,O=C1NC(=O)C2(Cc3cc4cnoc4cc3N3CCOCC32)C(=O)N1,418.38100000000014,0.8661999999999992,8,2,True,6.01
CHEMBL5267215,COC(=O)c1ccc(CNC(=O)[C@H](Cc2ccc(O)cc2)NC(=O)c2cc(Br)c(Br)[nH]2)cc1,6.01,IC50,970.0,CHEMBL2094139,E. coli complex,Gyr,COC(=O)c1ccc(CNC(=O)[C@H](Cc2ccc(O)cc2)NC(=O)c2cc(Br)c(Br)[nH]2)cc1,O=C(NC(Cc1ccccc1)C(=O)NCc1ccccc1)c1ccc[nH]1,579.245,3.689400000000001,5,4,True,6.01
CHEMBL382817,O=c1[nH]sc2c1c(=O)c1cc(F)c(-c3ccc(C4CCCCN4)cc3)cc1n2C1CC1,6.0,IC50,1000.0,CHEMBL2094139,E. coli complex,Gyr,O=c1[nH]sc2c1c(=O)c1cc(F)c(-c3ccc(C4CCCCN4)cc3)cc1n2C1CC1,O=c1[nH]sc2c1c(=O)c1ccc(-c3ccc(C4CCCCN4)cc3)cc1n2C1CC1,435.5240000000003,4.860100000000003,4,2,True,6.0
CHEMBL380696,O=c1[nH]sc2c1c(=O)c1cc(F)c(-c3cccc(F)c3)cc1n2C1CC1,6.0,IC50,1000.0,CHEMBL2094139,E. coli complex,Gyr,O=c1[nH]sc2c1c(=O)c1cc(F)c(-c3cccc(F)c3)cc1n2C1CC1,O=c1[nH]sc2c1c(=O)c1ccc(-c3ccccc3)cc1n2C1CC1,370.3800000000001,4.184600000000002,3,1,True,6.0
CHEMBL3658930,C[C@@H]1CN2c3c(cc4c(NCc5cccnc5)noc4c3F)CC3(C(=O)NC(=O)NC3=O)[C@H]2[C@H](C)O1,6.0,IC50,1000.0,CHEMBL2094139,E. coli complex,Gyr,C[C@@H]1CN2c3c(cc4c(NCc5cccnc5)noc4c3F)CC3(C(=O)NC(=O)NC3=O)[C@H]2[C@H](C)O1,O=C1NC(=O)C2(Cc3cc4c(NCc5cccnc5)noc4cc3N3CCOCC32)C(=O)N1,494.48300000000023,1.8646999999999996,9,3,True,6.0
CHEMBL3658947,[C-]#[N+]c1cn(-c2noc3c(F)c4c(cc23)CC2(C(=O)NC(=O)NC2=O)[C@H]2[C@H](C)O[C@H](C)CN42)nc1N,6.0,IC50,1000.0,CHEMBL2094139,E. coli complex,Gyr,[C-]#[N+]c1cn(-c2noc3c(F)c4c(cc23)CC2(C(=O)NC(=O)NC2=O)[C@H]2[C@H](C)O[C@H](C)CN42)nc1N,O=C1NC(=O)C2(Cc3cc4c(-n5cccn5)noc4cc3N3CCOCC32)C(=O)N1,494.4430000000002,1.1762899999999996,9,3,True,6.0
CHEMBL3658958,C[C@@H]1CN2c3c(cc4c(-c5cncnc5)noc4c3Cl)CC3(C(=O)NC(=O)NC3=O)[C@H]2[C@H](C)O1,6.0,IC50,1000.0,CHEMBL2094139,E. coli complex,Gyr,C[C@@H]1CN2c3c(cc4c(-c5cncnc5)noc4c3Cl)CC3(C(=O)NC(=O)NC3=O)[C@H]2[C@H](C)O1,O=C1NC(=O)C2(Cc3cc4c(-c5cncnc5)noc4cc3N3CCOCC32)C(=O)N1,482.88400000000024,1.8289,9,2,True,6.0
CHEMBL3658960,C[C@@H]1CN2c3c(cc4c(-c5ccncc5)noc4c3Cl)CC3(C(=O)NC(=O)NC3=O)[C@H]2[C@H](C)O1,6.0,IC50,1000.0,CHEMBL2094139,E. coli complex,Gyr,C[C@@H]1CN2c3c(cc4c(-c5ccncc5)noc4c3Cl)CC3(C(=O)NC(=O)NC3=O)[C@H]2[C@H](C)O1,O=C1NC(=O)C2(Cc3cc4c(-c5ccncc5)noc4cc3N3CCOCC32)C(=O)N1,481.89600000000024,2.4338999999999995,8,2,True,6.0
CHEMBL3658962,C[C@@H]1CN2c3c(cc4c(-c5nccs5)noc4c3Cl)CC3(C(=O)NC(=O)NC3=O)[C@H]2[C@H](C)O1,6.0,IC50,1000.0,CHEMBL2094139,E. coli complex,Gyr,C[C@@H]1CN2c3c(cc4c(-c5nccs5)noc4c3Cl)CC3(C(=O)NC(=O)NC3=O)[C@H]2[C@H](C)O1,O=C1NC(=O)C2(Cc3cc4c(-c5nccs5)noc4cc3N3CCOCC32)C(=O)N1,487.92500000000024,2.4954,9,2,True,6.0
CHEMBL3663170,CCOC(=O)c1noc2c(F)c3c(cc12)CC1(C(=O)NC(=O)NC1=O)[C@H]1[C@H](C)O[C@H](C)CN31,6.0,IC50,1000.0,CHEMBL2094139,E. coli complex,Gyr,CCOC(=O)c1noc2c(F)c3c(cc12)CC1(C(=O)NC(=O)NC1=O)[C@H]1[C@H](C)O[C@H](C)CN31,O=C1NC(=O)C2(Cc3cc4cnoc4cc3N3CCOCC32)C(=O)N1,460.4180000000002,1.0342999999999996,9,2,True,6.0
CHEMBL3663178,COCCNC(=O)c1noc2c(F)c3c(cc12)CC1(C(=O)NC(=O)NC1=O)[C@H]1[C@H](C)O[C@H](C)CN31,6.0,IC50,1000.0,CHEMBL2094139,E. coli complex,Gyr,COCCNC(=O)c1noc2c(F)c3c(cc12)CC1(C(=O)NC(=O)NC1=O)[C@H]1[C@H](C)O[C@H](C)CN31,O=C1NC(=O)C2(Cc3cc4cnoc4cc3N3CCOCC32)C(=O)N1,489.4600000000002,0.2338000000000009,9,3,True,6.0
CHEMBL3663196,CC(=O)NC1CN(C(=O)c2noc3c(F)c4c(cc23)CC2(C(=O)NC(=O)NC2=O)[C@H]2[C@H](C)O[C@H](C)CN42)C1,6.0,IC50,1000.0,CHEMBL2094139,E. coli complex,Gyr,CC(=O)NC1CN(C(=O)c2noc3c(F)c4c(cc23)CC2(C(=O)NC(=O)NC2=O)[C@H]2[C@H](C)O[C@H](C)CN42)C1,O=C1NC(=O)C2(Cc3cc4c(C(=O)N5CCC5)noc4cc3N3CCOCC32)C(=O)N1,528.4970000000002,-0.18189999999999817,9,3,True,6.0
CHEMBL4791182,CCn1cc(C(=O)O)c(=O)c2ccc(NC(=O)c3[nH]c(C)c(Cl)c3Cl)cc21,6.0,IC50,1000.0,CHEMBL2094139,E. coli complex,Gyr,CCn1cc(C(=O)O)c(=O)c2ccc(NC(=O)c3[nH]c(C)c(Cl)c3Cl)cc21,O=C(Nc1ccc2c(=O)cc[nH]c2c1)c1ccc[nH]1,408.24100000000016,3.9152200000000024,3,3,True,6.0
CHEMBL5572254,Cc1[nH]c(C(=O)N(Cc2ccc(C(=O)O)cc2)c2nc3ccc(NC(=O)C(=O)O)cc3s2)c(Cl)c1Cl,6.0,IC50,1000.0,CHEMBL2094139,E. coli complex,Gyr,Cc1[nH]c(C(=O)N(Cc2ccc(C(=O)O)cc2)c2nc3ccc(NC(=O)C(=O)O)cc3s2)c(Cl)c1Cl,O=C(c1ccc[nH]1)N(Cc1ccccc1)c1nc2ccccc2s1,547.3760000000003,4.807920000000003,6,4,True,6.0
CHEMBL6165719,CC(C)Oc1c(NC(=O)c2ccc(NC(=O)[C@H]3CCCCN3C(=O)c3ccc(NC(=O)c4ccc(C#N)cc4)cc3)cc2)ccc(C(=O)Nc2ccc(C(=O)O)cc2)c1O,5.97,IC50,1070.0,CHEMBL2094139,E. coli complex,Gyr,CC(C)Oc1c(NC(=O)c2ccc(NC(=O)[C@H]3CCCCN3C(=O)c3ccc(NC(=O)c4ccc(C#N)cc4)cc3)cc2)ccc(C(=O)Nc2ccc(C(=O)O)cc2)c1O,O=C(Nc1ccc(C(=O)N2CCCCC2C(=O)Nc2ccc(C(=O)Nc3ccc(C(=O)Nc4ccccc4)cc3)cc2)cc1)c1ccccc1,808.8480000000004,7.139580000000007,9,6,True,5.97
CHEMBL3658979,Cc1nc(-c2noc3c(F)c4c(cc23)CC2(C(=O)NC(=O)NC2=O)[C@H]2[C@H](C)O[C@H](C)CN42)co1,5.96,IC50,1100.0,CHEMBL2094139,E. coli complex,Gyr,Cc1nc(-c2noc3c(F)c4c(cc23)CC2(C(=O)NC(=O)NC2=O)[C@H]2[C@H](C)O[C@H](C)CN42)co1,O=C1NC(=O)C2(Cc3cc4c(-c5cocn5)noc4cc3N3CCOCC32)C(=O)N1,469.4290000000002,1.8210199999999996,9,2,True,5.96
CHEMBL3639578,COC[C@@H]1CN2c3c(cc4c(C)noc4c3F)CC3(C(=O)NC(=O)NC3=O)[C@H]2[C@H](C)O1,5.96,IC50,1100.0,CHEMBL2094139,E. coli complex,Gyr,COC[C@@H]1CN2c3c(cc4c(C)noc4c3F)CC3(C(=O)NC(=O)NC3=O)[C@H]2[C@H](C)O1,O=C1NC(=O)C2(Cc3cc4cnoc4cc3N3CCOCC32)C(=O)N1,432.40800000000013,0.79252,8,2,True,5.96
CHEMBL3659023,C[C@@H]1CN2c3c(nc4c(-c5cncs5)noc4c3Cl)CC3(C(=O)NC(=O)NC3=O)[C@H]2[C@H](C)O1,5.96,IC50,1100.0,CHEMBL2094139,E. coli complex,Gyr,C[C@@H]1CN2c3c(nc4c(-c5cncs5)noc4c3Cl)CC3(C(=O)NC(=O)NC3=O)[C@H]2[C@H](C)O1,O=C1NC(=O)C2(Cc3nc4c(-c5cncs5)noc4cc3N3CCOCC32)C(=O)N1,488.9130000000003,1.8903999999999992,10,2,True,5.96
CHEMBL3663175,CNC(=O)c1noc2c(F)c3c(cc12)CC1(C(=O)NC(=O)NC1=O)[C@H]1[C@H](C)O[C@H](C)CN31,5.96,IC50,1100.0,CHEMBL2094139,E. coli complex,Gyr,CNC(=O)c1noc2c(F)c3c(cc12)CC1(C(=O)NC(=O)NC1=O)[C@H]1[C@H](C)O[C@H](C)CN31,O=C1NC(=O)C2(Cc3cc4cnoc4cc3N3CCOCC32)C(=O)N1,445.40700000000015,0.2172000000000005,8,3,True,5.96
CHEMBL3663205,COc1cncc(-c2noc3c(F)c4c(cc23)CC2(C(=O)NC(=O)NC2=O)[C@H]2[C@H](C)O[C@H](C)CN42)n1,5.96,IC50,1100.0,CHEMBL2094139,E. coli complex,Gyr,COc1cncc(-c2noc3c(F)c4c(cc23)CC2(C(=O)NC(=O)NC2=O)[C@H]2[C@H](C)O[C@H](C)CN42)n1,O=C1NC(=O)C2(Cc3cc4c(-c5cnccn5)noc4cc3N3CCOCC32)C(=O)N1,496.4550000000002,1.3231999999999995,10,2,True,5.96
CHEMBL5092701,NS(=O)(=O)c1ccc(NC(=O)CCN2CCN(c3cc4c(cc3F)c(=O)c(C(=O)O)cn4C3CC3)CC2)cc1,5.96,IC50,1100.0,CHEMBL2094139,E. coli complex,Gyr,NS(=O)(=O)c1ccc(NC(=O)CCN2CCN(c3cc4c(cc3F)c(=O)c(C(=O)O)cn4C3CC3)CC2)cc1,O=C(CCN1CCN(c2ccc3c(=O)ccn(C4CC4)c3c2)CC1)Nc1ccccc1,557.6040000000002,1.9719,7,3,True,5.96
CHEMBL5429590,CN(C(=O)CN1CCC1)c1cc(F)c2c(c1)CC(CNCCC1CN(c3cnc4c(n3)NC(=O)CO4)C(=O)O1)C2,5.96,IC50,1100.0,CHEMBL2094139,E. coli complex,Gyr,CN(C(=O)CN1CCC1)c1cc(F)c2c(c1)CC(CNCCC1CN(c3cnc4c(n3)NC(=O)CO4)C(=O)O1)C2,O=C(CN1CCC1)Nc1ccc2c(c1)CC(CNCCC1CN(c3cnc4c(n3)NC(=O)CO4)C(=O)O1)C2,553.5950000000004,1.3350000000000009,9,2,True,5.96
CHEMBL6143167,CC(C)C(=O)c1c2c(c(O)c3c1OC1=C(C(=O)C(C)(C)C(=O)C1(C)C)[C@H]3C(C)C)[C@H](C(C)C)C1=C(O2)C(C)(C)C(=O)C(C)(C)C1=O,5.96,IC50,1100.0,CHEMBL2094139,E. coli complex,Gyr,CC(C)C(=O)c1c2c(c(O)c3c1OC1=C(C(=O)C(C)(C)C(=O)C1(C)C)[C@H]3C(C)C)[C@H](C(C)C)C1=C(O2)C(C)(C)C(=O)C(C)(C)C1=O,O=C1CC(=O)C2=C(C1)Oc1cc3c(cc1C2)CC1=C(CC(=O)CC1=O)O3,632.7940000000001,7.411500000000008,8,1,True,5.96
CHEMBL6143113,CC(C)[C@@H]1C2=C(Oc3cc4c(c(O)c31)[C@@H](C(C)C)C1=C(O4)C(C)(C)C(=O)C(C)(C)C1=O)C(C)(C)C(=O)C(C)(C)C2=O,5.96,IC50,1100.0,CHEMBL2094139,E. coli complex,Gyr,CC(C)[C@@H]1C2=C(Oc3cc4c(c(O)c31)[C@@H](C(C)C)C1=C(O4)C(C)(C)C(=O)C(C)(C)C1=O)C(C)(C)C(=O)C(C)(C)C2=O,O=C1CC(=O)C2=C(C1)Oc1cc3c(cc1C2)CC1=C(CC(=O)CC1=O)O3,562.7030000000003,6.572800000000006,7,1,True,5.96
CHEMBL1276635,CC[C@@H]1CCN(c2c(F)cc3c(=O)c(C(=O)O)cn(C4CC4)c3c2OC)C1,5.96,IC50,1100.0,CHEMBL3038482,S. aureus complex,Gyr,CC[C@@H]1CCN(c2c(F)cc3c(=O)c(C(=O)O)cn(C4CC4)c3c2OC)C1,O=c1ccn(C2CC2)c2cc(N3CCCC3)ccc12,374.4120000000002,3.4186000000000023,4,1,True,5.96
CHEMBL1774153,CN[C@@H](C)[C@@H]1CCN(c2c(F)cc3c(=O)c4c(=O)[nH]sc4n(C4CC4)c3c2OC)C1,5.96,IC50,1100.0,CHEMBL3038482,S. aureus complex,Gyr,CN[C@@H](C)[C@@H]1CCN(c2c(F)cc3c(=O)c4c(=O)[nH]sc4n(C4CC4)c3c2OC)C1,O=c1[nH]sc2c1c(=O)c1ccc(N3CCCC3)cc1n2C1CC1,432.5210000000002,2.821300000000001,6,2,True,5.96
CHEMBL3329299,CCNC(=O)Nc1cc(-c2cccnc2)c(C(=O)Nc2cccnc2)cn1,5.95,IC50,1130.0,CHEMBL2094139,E. coli complex,Gyr,CCNC(=O)Nc1cc(-c2cccnc2)c(C(=O)Nc2cccnc2)cn1,O=C(Nc1cccnc1)c1cnccc1-c1cccnc1,362.39300000000003,2.9323000000000006,5,3,True,5.95
CHEMBL3298511,O=C1OCC(OCCN2CCN(c3cc4c(cc3F)c(=O)c(C(=O)O)cn4C3CC3)CC2)=C1c1ccccc1F,5.94,IC50,1150.0,CHEMBL2094139,E. coli complex,Gyr,O=C1OCC(OCCN2CCN(c3cc4c(cc3F)c(=O)c(C(=O)O)cn4C3CC3)CC2)=C1c1ccccc1F,O=C1OCC(OCCN2CCN(c3ccc4c(=O)ccn(C5CC5)c4c3)CC2)=C1c1ccccc1,551.5460000000004,3.419500000000002,7,1,True,5.94
CHEMBL3658927,C[C@@H]1CN2c3c(cc4c(NCc5cnn(C)c5)noc4c3F)CC3(C(=O)NC(=O)NC3=O)[C@H]2[C@H](C)O1,5.92,IC50,1200.0,CHEMBL2094139,E. coli complex,Gyr,C[C@@H]1CN2c3c(cc4c(NCc5cnn(C)c5)noc4c3F)CC3(C(=O)NC(=O)NC3=O)[C@H]2[C@H](C)O1,O=C1NC(=O)C2(Cc3cc4c(NCc5cn[nH]c5)noc4cc3N3CCOCC32)C(=O)N1,497.48700000000025,1.2031999999999996,9,3,True,5.92
CHEMBL3658956,C[C@@H]1CN2c3c(cc4c(-c5ncccn5)noc4c3Cl)CC3(C(=O)NC(=O)NC3=O)[C@H]2[C@H](C)O1,5.92,IC50,1200.0,CHEMBL2094139,E. coli complex,Gyr,C[C@@H]1CN2c3c(cc4c(-c5ncccn5)noc4c3Cl)CC3(C(=O)NC(=O)NC3=O)[C@H]2[C@H](C)O1,O=C1NC(=O)C2(Cc3cc4c(-c5ncccn5)noc4cc3N3CCOCC32)C(=O)N1,482.88400000000024,1.8288999999999997,9,2,True,5.92
CHEMBL3658974,Cc1cnn(-c2noc3c(F)c4c(cc23)CC2(C(=O)NC(=O)NC2=O)[C@H]2[C@H](C)O[C@H](C)CN42)c1,5.92,IC50,1200.0,CHEMBL2094139,E. coli complex,Gyr,Cc1cnn(-c2noc3c(F)c4c(cc23)CC2(C(=O)NC(=O)NC2=O)[C@H]2[C@H](C)O[C@H](C)CN42)c1,O=C1NC(=O)C2(Cc3cc4c(-n5cccn5)noc4cc3N3CCOCC32)C(=O)N1,468.44500000000016,1.3517199999999994,8,2,True,5.92
CHEMBL3658999,C[C@@H]1CN2c3c(cc4c(-c5scnc5C#N)noc4c3F)CC3(C(=O)NC(=O)NC3=O)[C@H]2[C@H](C)O1,5.92,IC50,1200.0,CHEMBL2094139,E. coli complex,Gyr,C[C@@H]1CN2c3c(cc4c(-c5scnc5C#N)noc4c3F)CC3(C(=O)NC(=O)NC3=O)[C@H]2[C@H](C)O1,O=C1NC(=O)C2(Cc3cc4c(-c5cncs5)noc4cc3N3CCOCC32)C(=O)N1,496.4800000000003,1.8527799999999996,10,2,True,5.92
CHEMBL3663191,C[C@@H]1CN2c3c(cc4c(C(=O)NCc5ccncc5)noc4c3F)CC3(C(=O)NC(=O)NC3=O)[C@H]2[C@H](C)O1,5.92,IC50,1200.0,CHEMBL2094139,E. coli complex,Gyr,C[C@@H]1CN2c3c(cc4c(C(=O)NCc5ccncc5)noc4c3F)CC3(C(=O)NC(=O)NC3=O)[C@H]2[C@H](C)O1,O=C1NC(=O)C2(Cc3cc4c(C(=O)NCc5ccncc5)noc4cc3N3CCOCC32)C(=O)N1,522.4930000000003,1.1826,9,3,True,5.92
CHEMBL3663200,C[C@@H]1OCCN2c3c(cc4c(C(=O)N5CC(C#N)C5)noc4c3F)CC3(C(=O)NC(=O)NC3=O)[C@@H]12,5.92,IC50,1200.0,CHEMBL2094139,E. coli complex,Gyr,C[C@@H]1OCCN2c3c(cc4c(C(=O)N5CC(C#N)C5)noc4c3F)CC3(C(=O)NC(=O)NC3=O)[C@@H]12,O=C1NC(=O)C2(Cc3cc4c(C(=O)N5CCC5)noc4cc3N3CCOCC32)C(=O)N1,482.4280000000002,0.06468000000000063,9,2,True,5.92
CHEMBL4210894,N[C@H]1CCN(c2cc3c(cc2F)n2ccnc2c(=O)n3C2CC2)C1,5.92,IC50,1190.0,CHEMBL2094139,E. coli complex,Gyr,N[C@H]1CCN(c2cc3c(cc2F)n2ccnc2c(=O)n3C2CC2)C1,O=c1c2nccn2c2ccc(N3CCCC3)cc2n1C1CC1,327.3630000000001,1.6605999999999996,4,1,True,5.92
CHEMBL2382287,COc1ccc2nccc([C@@H](O)CC[C@@H]3CCN(C4CC(c5ccccc5)C4)C[C@@H]3C(=O)O)c2c1,5.92,IC50,1190.0,CHEMBL3038482,S. aureus complex,Gyr,COc1ccc2nccc([C@@H](O)CC[C@@H]3CCN(C4CC(c5ccccc5)C4)C[C@@H]3C(=O)O)c2c1,c1ccc(C2CC(N3CCC(CCCc4ccnc5ccccc45)CC3)C2)cc1,474.6010000000002,5.0259000000000045,5,2,True,5.92
CHEMBL5075535,O=C(CCN1CCN(c2cc3c(cc2F)c(=O)c(C(=O)O)cn3C2CC2)CC1)Nc1ccc(S(=O)(=O)Nc2cncc(Cl)n2)cc1,5.91,IC50,1240.0,CHEMBL2094139,E. coli complex,Gyr,O=C(CCN1CCN(c2cc3c(cc2F)c(=O)c(C(=O)O)cn3C2CC2)CC1)Nc1ccc(S(=O)(=O)Nc2cncc(Cl)n2)cc1,O=C(CCN1CCN(c2ccc3c(=O)ccn(C4CC4)c3c2)CC1)Nc1ccc(S(=O)(=O)Nc2cnccn2)cc1,670.123,3.5687000000000015,9,3,True,5.91
CHEMBL4634552,Cc1c(N2CC3CC3(N)C2)c(F)cc2c(CN)c(F)c(=O)n(C3CC3)c12,5.9,IC50,1250.0,CHEMBL2094139,E. coli complex,Gyr,Cc1c(N2CC3CC3(N)C2)c(F)cc2c(CN)c(F)c(=O)n(C3CC3)c12,O=c1ccc2ccc(N3CC4CC4C3)cc2n1C1CC1,360.40800000000013,1.9191200000000002,4,2,True,5.9
CHEMBL5087299,Cc1cc(NS(=O)(=O)c2ccc(NC(=O)C(C)N3CCN(c4cc5c(cc4F)c(=O)c(C(=O)O)cn5C4CC4)CC3)cc2)no1,5.9,IC50,1270.0,CHEMBL2094139,E. coli complex,Gyr,Cc1cc(NS(=O)(=O)c2ccc(NC(=O)C(C)N3CCN(c4cc5c(cc4F)c(=O)c(C(=O)O)cn5C4CC4)CC3)cc2)no1,O=C(CN1CCN(c2ccc3c(=O)ccn(C4CC4)c3c2)CC1)Nc1ccc(S(=O)(=O)Nc2ccon2)cc1,638.678,3.4201200000000025,9,3,True,5.9
CHEMBL3659000,C[C@@H]1CN2c3c(cc4c(-c5nccn5C)noc4c3Cl)CC3(C(=O)NC(=O)NC3=O)[C@H]2[C@H](C)O1,5.89,IC50,1300.0,CHEMBL2094139,E. coli complex,Gyr,C[C@@H]1CN2c3c(cc4c(-c5nccn5C)noc4c3Cl)CC3(C(=O)NC(=O)NC3=O)[C@H]2[C@H](C)O1,O=C1NC(=O)C2(Cc3cc4c(-c5ncc[nH]5)noc4cc3N3CCOCC32)C(=O)N1,484.90000000000026,1.7723999999999998,8,2,True,5.89
CHEMBL3663186,C[C@@H]1CN2c3c(cc4c(C(=O)NC5CC5)noc4c3F)CC3(C(=O)NC(=O)NC3=O)[C@H]2[C@H](C)O1,5.89,IC50,1300.0,CHEMBL2094139,E. coli complex,Gyr,C[C@@H]1CN2c3c(cc4c(C(=O)NC5CC5)noc4c3F)CC3(C(=O)NC(=O)NC3=O)[C@H]2[C@H](C)O1,O=C1NC(=O)C2(Cc3cc4c(C(=O)NC5CC5)noc4cc3N3CCOCC32)C(=O)N1,471.4450000000002,0.7498000000000001,8,3,True,5.89
CHEMBL3663197,C[C@@H]1CN2c3c(cc4c(C(=O)NCc5ccn(C)n5)noc4c3F)CC3(C(=O)NC(=O)NC3=O)[C@H]2[C@H](C)O1,5.89,IC50,1300.0,CHEMBL2094139,E. coli complex,Gyr,C[C@@H]1CN2c3c(cc4c(C(=O)NCc5ccn(C)n5)noc4c3F)CC3(C(=O)NC(=O)NC3=O)[C@H]2[C@H](C)O1,O=C1NC(=O)C2(Cc3cc4c(C(=O)NCc5cc[nH]n5)noc4cc3N3CCOCC32)C(=O)N1,525.4970000000003,0.5211000000000016,9,3,True,5.89
CHEMBL3663215,C[C@@H]1CN2c3c(cc4c(-c5ncnn5C)noc4c3F)CC3(C(=O)NC(=O)NC3=O)[C@H]2[C@H](C)O1,5.89,IC50,1300.0,CHEMBL2094139,E. coli complex,Gyr,C[C@@H]1CN2c3c(cc4c(-c5ncnn5C)noc4c3F)CC3(C(=O)NC(=O)NC3=O)[C@H]2[C@H](C)O1,O=C1NC(=O)C2(Cc3cc4c(-c5ncn[nH]5)noc4cc3N3CCOCC32)C(=O)N1,469.4330000000002,0.6530999999999999,9,2,True,5.89
CHEMBL5089465,NS(=O)(=O)c1ccc(NC(=O)CN2CCN(c3cc4c(cc3F)c(=O)c(C(=O)O)cn4C3CC3)CC2)cc1,5.88,IC50,1320.0,CHEMBL2094139,E. coli complex,Gyr,NS(=O)(=O)c1ccc(NC(=O)CN2CCN(c3cc4c(cc3F)c(=O)c(C(=O)O)cn4C3CC3)CC2)cc1,O=C(CN1CCN(c2ccc3c(=O)ccn(C4CC4)c3c2)CC1)Nc1ccccc1,543.5770000000002,1.5817999999999999,7,3,True,5.88
CHEMBL5085647,Cc1cc(NS(=O)(=O)c2ccc(NC(=O)CN3CCN(c4cc5c(cc4F)c(=O)c(C(=O)O)cn5C4CC4)CC3)cc2)no1,5.88,IC50,1330.0,CHEMBL2094139,E. coli complex,Gyr,Cc1cc(NS(=O)(=O)c2ccc(NC(=O)CN3CCN(c4cc5c(cc4F)c(=O)c(C(=O)O)cn5C4CC4)CC3)cc2)no1,O=C(CN1CCN(c2ccc3c(=O)ccn(C4CC4)c3c2)CC1)Nc1ccc(S(=O)(=O)Nc2ccon2)cc1,624.6510000000001,3.031620000000001,9,3,True,5.88
CHEMBL1774264,COc1c(N2CC[C@@H]([C@H](C)NCCF)C2)c(F)cc2c(=O)c3c(=O)[nH]sc3n(C3CC3)c12,5.88,IC50,1320.0,CHEMBL3038482,S. aureus complex,Gyr,COc1c(N2CC[C@@H]([C@H](C)NCCF)C2)c(F)cc2c(=O)c3c(=O)[nH]sc3n(C3CC3)c12,O=c1[nH]sc2c1c(=O)c1ccc(N3CCCC3)cc1n2C1CC1,464.53800000000024,3.1610000000000014,6,2,True,5.88
CHEMBL3658932,C[C@@H]1CN2c3c(cc4c(NCC5CC5)noc4c3F)CC3(C(=O)NC(=O)NC3=O)[C@H]2[C@H](C)O1,5.85,IC50,1400.0,CHEMBL2094139,E. coli complex,Gyr,C[C@@H]1CN2c3c(cc4c(NCC5CC5)noc4c3F)CC3(C(=O)NC(=O)NC3=O)[C@H]2[C@H](C)O1,O=C1NC(=O)C2(Cc3cc4c(NCC5CC5)noc4cc3N3CCOCC32)C(=O)N1,457.46200000000016,1.6794999999999998,8,3,True,5.85
CHEMBL3659012,Cc1c2c(cc3c(-c4cnccn4)noc13)CC1(C(=O)NC(=O)NC1=O)[C@H]1[C@H](C)O[C@H](C)CN21,5.85,IC50,1400.0,CHEMBL2094139,E. coli complex,Gyr,Cc1c2c(cc3c(-c4cnccn4)noc13)CC1(C(=O)NC(=O)NC1=O)[C@H]1[C@H](C)O[C@H](C)CN21,O=C1NC(=O)C2(Cc3cc4c(-c5cnccn5)noc4cc3N3CCOCC32)C(=O)N1,462.4660000000002,1.4839199999999997,9,2,True,5.85
CHEMBL3659015,C[C@@H]1CN2c3c(nc4c(-c5ccccn5)noc4c3Cl)CC3(C(=O)NC(=O)NC3=O)[C@H]2[C@H](C)O1,5.85,IC50,1400.0,CHEMBL2094139,E. coli complex,Gyr,C[C@@H]1CN2c3c(nc4c(-c5ccccn5)noc4c3Cl)CC3(C(=O)NC(=O)NC3=O)[C@H]2[C@H](C)O1,O=C1NC(=O)C2(Cc3nc4c(-c5ccccn5)noc4cc3N3CCOCC32)C(=O)N1,482.88400000000024,1.8288999999999997,9,2,True,5.85
CHEMBL3663194,C[C@@H]1CN2c3c(cc4c(C(=O)N5CCC(F)(F)C5)noc4c3F)CC3(C(=O)NC(=O)NC3=O)[C@H]2[C@H](C)O1,5.85,IC50,1400.0,CHEMBL2094139,E. coli complex,Gyr,C[C@@H]1CN2c3c(cc4c(C(=O)N5CCC(F)(F)C5)noc4c3F)CC3(C(=O)NC(=O)NC3=O)[C@H]2[C@H](C)O1,O=C1NC(=O)C2(Cc3cc4c(C(=O)N5CCCC5)noc4cc3N3CCOCC32)C(=O)N1,521.4520000000002,1.3388,8,2,True,5.85
CHEMBL3663195,C[C@@H]1CN2c3c(cc4c(C(=O)NC5CN(C)C5)noc4c3F)CC3(C(=O)NC(=O)NC3=O)[C@H]2[C@H](C)O1,5.85,IC50,1400.0,CHEMBL2094139,E. coli complex,Gyr,C[C@@H]1CN2c3c(cc4c(C(=O)NC5CN(C)C5)noc4c3F)CC3(C(=O)NC(=O)NC3=O)[C@H]2[C@H](C)O1,O=C1NC(=O)C2(Cc3cc4c(C(=O)NC5CNC5)noc4cc3N3CCOCC32)C(=O)N1,500.48700000000025,-0.09859999999999758,9,3,True,5.85
CHEMBL3663220,C[C@@H]1CN2c3c(cc(C(=N)CO)c(O)c3F)CC3(C(=O)NC(=O)NC3=O)[C@H]2[C@H](C)O1,5.85,IC50,1400.0,CHEMBL2094139,E. coli complex,Gyr,C[C@@H]1CN2c3c(cc(C(=N)CO)c(O)c3F)CC3(C(=O)NC(=O)NC3=O)[C@H]2[C@H](C)O1,O=C1NC(=O)C2(Cc3ccccc3N3CCOCC32)C(=O)N1,420.3970000000001,-0.21782999999999975,8,5,True,5.85
CHEMBL6145459,CC(C)[C@H]1C2=C(Oc3cc4c(c(O)c31)[C@@H](C(C)C)C1=C(O4)C(C)(C)C(=O)C(C)(C)C1=O)C(C)(C)C(=O)C(C)(C)C2=O,5.85,IC50,1400.0,CHEMBL2094139,E. coli complex,Gyr,CC(C)[C@H]1C2=C(Oc3cc4c(c(O)c31)[C@@H](C(C)C)C1=C(O4)C(C)(C)C(=O)C(C)(C)C1=O)C(C)(C)C(=O)C(C)(C)C2=O,O=C1CC(=O)C2=C(C1)Oc1cc3c(cc1C2)CC1=C(CC(=O)CC1=O)O3,562.7030000000003,6.572800000000006,7,1,True,5.85
CHEMBL2159976,COc1ccc2nccc([C@@H](O)CC[C@@H]3CCN(CCSc4cccs4)C[C@@H]3C(=O)O)c2c1,5.85,IC50,1400.0,CHEMBL3038482,S. aureus complex,Gyr,COc1ccc2nccc([C@@H](O)CC[C@@H]3CCN(CCSc4cccs4)C[C@@H]3C(=O)O)c2c1,c1csc(SCCN2CCC(CCCc3ccnc4ccccc34)CC2)c1,486.6590000000002,4.933500000000004,7,2,True,5.85
CHEMBL5087899,CC(C(=O)Nc1ccc(S(=O)(=O)Nc2cnc3ccccc3n2)cc1)N1CCN(c2cc3c(cc2F)c(=O)c(C(=O)O)cn3C2CC2)CC1,5.84,IC50,1440.0,CHEMBL2094139,E. coli complex,Gyr,CC(C(=O)Nc1ccc(S(=O)(=O)Nc2cnc3ccccc3n2)cc1)N1CCN(c2cc3c(cc2F)c(=O)c(C(=O)O)cn3C2CC2)CC1,O=C(CN1CCN(c2ccc3c(=O)ccn(C4CC4)c3c2)CC1)Nc1ccc(S(=O)(=O)Nc2cnc3ccccc3n2)cc1,685.7379999999999,4.066900000000003,9,3,True,5.84
CHEMBL6161667,CC(C)Oc1c(NC(=O)c2ccc(NC(=O)[C@H](CC(=O)N(C)C)NC(=O)c3ccc(NC(=O)c4ccc(C#N)cc4)cc3)cc2)ccc(C(=O)Nc2ccc(C(=O)O)cc2)c1O,5.83,IC50,1470.0,CHEMBL2094139,E. coli complex,Gyr,CC(C)Oc1c(NC(=O)c2ccc(NC(=O)[C@H](CC(=O)N(C)C)NC(=O)c3ccc(NC(=O)c4ccc(C#N)cc4)cc3)cc2)ccc(C(=O)Nc2ccc(C(=O)O)cc2)c1O,O=C(CNC(=O)c1ccc(NC(=O)c2ccccc2)cc1)Nc1ccc(C(=O)Nc2ccc(C(=O)Nc3ccccc3)cc2)cc1,839.8620000000002,5.721580000000005,10,7,True,5.83
CHEMBL4,CC1COc2c(N3CCN(C)CC3)c(F)cc3c(=O)c(C(=O)O)cn1c23,5.82,IC50,1500.0,CHEMBL2094139,E. coli complex,Gyr,CC1COc2c(N3CCN(C)CC3)c(F)cc3c(=O)c(C(=O)O)cn1c23,O=c1ccn2c3c(c(N4CCNCC4)ccc13)OCC2,361.37300000000005,1.5439999999999998,5,1,True,5.82
CHEMBL3658940,C[C@@H]1CN2c3c(cc4c(N5CCCC5)noc4c3F)CC3(C(=O)NC(=O)NC3=O)[C@H]2[C@H](C)O1,5.82,IC50,1500.0,CHEMBL2094139,E. coli complex,Gyr,C[C@@H]1CN2c3c(cc4c(N5CCCC5)noc4c3F)CC3(C(=O)NC(=O)NC3=O)[C@H]2[C@H](C)O1,O=C1NC(=O)C2(Cc3cc4c(N5CCCC5)noc4cc3N3CCOCC32)C(=O)N1,457.46200000000016,1.4577999999999998,8,2,True,5.82
CHEMBL3658971,C[C@@H]1CN2c3c(cc4c(-n5ccnn5)noc4c3F)CC3(C(=O)NC(=O)NC3=O)[C@H]2[C@H](C)O1,5.82,IC50,1500.0,CHEMBL2094139,E. coli complex,Gyr,C[C@@H]1CN2c3c(cc4c(-n5ccnn5)noc4c3F)CC3(C(=O)NC(=O)NC3=O)[C@H]2[C@H](C)O1,O=C1NC(=O)C2(Cc3cc4c(-n5ccnn5)noc4cc3N3CCOCC32)C(=O)N1,455.40600000000023,0.4383,9,2,True,5.82
CHEMBL3663190,C[C@@H]1CN2c3c(cc4c(C(=O)NCc5cccs5)noc4c3F)CC3(C(=O)NC(=O)NC3=O)[C@H]2[C@H](C)O1,5.82,IC50,1500.0,CHEMBL2094139,E. coli complex,Gyr,C[C@@H]1CN2c3c(cc4c(C(=O)NCc5cccs5)noc4c3F)CC3(C(=O)NC(=O)NC3=O)[C@H]2[C@H](C)O1,O=C1NC(=O)C2(Cc3cc4c(C(=O)NCc5cccs5)noc4cc3N3CCOCC32)C(=O)N1,527.5340000000002,1.8490999999999997,9,3,True,5.82
CHEMBL3663192,C[C@@H]1CN2c3c(cc4c(C(=O)NCC5CCCCC5)noc4c3F)CC3(C(=O)NC(=O)NC3=O)[C@H]2[C@H](C)O1,5.82,IC50,1500.0,CHEMBL2094139,E. coli complex,Gyr,C[C@@H]1CN2c3c(cc4c(C(=O)NCC5CCCCC5)noc4c3F)CC3(C(=O)NC(=O)NC3=O)[C@H]2[C@H](C)O1,O=C1NC(=O)C2(Cc3cc4c(C(=O)NCC5CCCCC5)noc4cc3N3CCOCC32)C(=O)N1,527.5530000000002,2.1677,8,3,True,5.82
CHEMBL4740935,O=C(O)CC(=O)Nc1ccc2nc(NC(=O)c3cc(Br)c(Br)[nH]3)[nH]c2c1,5.82,IC50,1500.0,CHEMBL2094139,E. coli complex,Gyr,O=C(O)CC(=O)Nc1ccc2nc(NC(=O)c3cc(Br)c(Br)[nH]3)[nH]c2c1,O=C(Nc1nc2ccccc2[nH]1)c1ccc[nH]1,485.09200000000004,3.0815,4,5,True,5.82
CHEMBL2382380,COc1ccc2nccc([C@@H](O)CC[C@@H]3CCN(C4CC(c5c(OC)ccc(F)c5F)C4)C[C@@H]3C(=O)O)c2c1,5.81,IC50,1560.0,CHEMBL3038482,S. aureus complex,Gyr,COc1ccc2nccc([C@@H](O)CC[C@@H]3CCN(C4CC(c5c(OC)ccc(F)c5F)C4)C[C@@H]3C(=O)O)c2c1,c1ccc(C2CC(N3CCC(CCCc4ccnc5ccccc45)CC3)C2)cc1,540.6070000000003,5.312700000000005,6,2,True,5.81
CHEMBL2382378,COc1ccc2nccc([C@@H](O)CC[C@@H]3CCN(C4CC(c5ccccc5C(F)(F)F)C4)C[C@@H]3C(=O)O)c2c1,5.81,IC50,1560.0,CHEMBL3038482,S. aureus complex,Gyr,COc1ccc2nccc([C@@H](O)CC[C@@H]3CCN(C4CC(c5ccccc5C(F)(F)F)C4)C[C@@H]3C(=O)O)c2c1,c1ccc(C2CC(N3CCC(CCCc4ccnc5ccccc45)CC3)C2)cc1,542.5980000000002,6.044700000000006,5,2,True,5.81
CHEMBL2382373,COc1ccc2nccc([C@@H](O)CC[C@@H]3CCN(C4CC(c5cccc(F)c5F)C4)C[C@@H]3C(=O)O)c2c1,5.81,IC50,1560.0,CHEMBL3038482,S. aureus complex,Gyr,COc1ccc2nccc([C@@H](O)CC[C@@H]3CCN(C4CC(c5cccc(F)c5F)C4)C[C@@H]3C(=O)O)c2c1,c1ccc(C2CC(N3CCC(CCCc4ccnc5ccccc45)CC3)C2)cc1,510.58100000000024,5.3041000000000045,5,2,True,5.81
CHEMBL2382372,COc1ccc2nccc([C@@H](O)CC[C@@H]3CCN(C4CC(c5cc(F)cc(F)c5F)C4)C[C@@H]3C(=O)O)c2c1,5.81,IC50,1560.0,CHEMBL3038482,S. aureus complex,Gyr,COc1ccc2nccc([C@@H](O)CC[C@@H]3CCN(C4CC(c5cc(F)cc(F)c5F)C4)C[C@@H]3C(=O)O)c2c1,c1ccc(C2CC(N3CCC(CCCc4ccnc5ccccc45)CC3)C2)cc1,528.5710000000003,5.443200000000005,5,2,True,5.81
CHEMBL2382370,COc1ccc2nccc([C@@H](O)CC[C@@H]3CCN(C4CC(c5cc(Cl)ccc5F)C4)C[C@@H]3C(=O)O)c2c1,5.81,IC50,1560.0,CHEMBL3038482,S. aureus complex,Gyr,COc1ccc2nccc([C@@H](O)CC[C@@H]3CCN(C4CC(c5cc(Cl)ccc5F)C4)C[C@@H]3C(=O)O)c2c1,c1ccc(C2CC(N3CCC(CCCc4ccnc5ccccc45)CC3)C2)cc1,527.0360000000002,5.818400000000006,5,2,True,5.81
CHEMBL2382364,COc1ccc2nccc([C@@H](O)CC[C@@H]3CCN(C4CC(c5cc(F)cc(F)c5)C4)C[C@@H]3C(=O)O)c2c1,5.81,IC50,1560.0,CHEMBL3038482,S. aureus complex,Gyr,COc1ccc2nccc([C@@H](O)CC[C@@H]3CCN(C4CC(c5cc(F)cc(F)c5)C4)C[C@@H]3C(=O)O)c2c1,c1ccc(C2CC(N3CCC(CCCc4ccnc5ccccc45)CC3)C2)cc1,510.58100000000024,5.304100000000005,5,2,True,5.81
CHEMBL2382359,COc1ccc2nccc([C@@H](O)CC[C@@H]3CCN(C4CC(c5c(F)ccc(F)c5F)C4)C[C@@H]3C(=O)O)c2c1,5.81,IC50,1560.0,CHEMBL3038482,S. aureus complex,Gyr,COc1ccc2nccc([C@@H](O)CC[C@@H]3CCN(C4CC(c5c(F)ccc(F)c5F)C4)C[C@@H]3C(=O)O)c2c1,c1ccc(C2CC(N3CCC(CCCc4ccnc5ccccc45)CC3)C2)cc1,528.5710000000003,5.4432000000000045,5,2,True,5.81
CHEMBL2382356,COc1ccc2nccc([C@@H](O)CC[C@@H]3CCN(C4CC(c5cc(F)c(F)cc5F)C4)C[C@@H]3C(=O)O)c2c1,5.81,IC50,1560.0,CHEMBL3038482,S. aureus complex,Gyr,COc1ccc2nccc([C@@H](O)CC[C@@H]3CCN(C4CC(c5cc(F)c(F)cc5F)C4)C[C@@H]3C(=O)O)c2c1,c1ccc(C2CC(N3CCC(CCCc4ccnc5ccccc45)CC3)C2)cc1,528.5710000000003,5.443200000000005,5,2,True,5.81
CHEMBL2382354,COc1ccc2nccc([C@@H](O)CC[C@@H]3CCN(C4CC(c5cc(C)ccc5F)C4)C[C@@H]3C(=O)O)c2c1,5.81,IC50,1560.0,CHEMBL3038482,S. aureus complex,Gyr,COc1ccc2nccc([C@@H](O)CC[C@@H]3CCN(C4CC(c5cc(C)ccc5F)C4)C[C@@H]3C(=O)O)c2c1,c1ccc(C2CC(N3CCC(CCCc4ccnc5ccccc45)CC3)C2)cc1,506.6180000000003,5.473420000000005,5,2,True,5.81
CHEMBL2382342,COc1ccc2nccc([C@@H](O)CC[C@@H]3CCN(C4CC(c5cccc(F)c5)C4)C[C@@H]3C(=O)O)c2c1,5.81,IC50,1560.0,CHEMBL3038482,S. aureus complex,Gyr,COc1ccc2nccc([C@@H](O)CC[C@@H]3CCN(C4CC(c5cccc(F)c5)C4)C[C@@H]3C(=O)O)c2c1,c1ccc(C2CC(N3CCC(CCCc4ccnc5ccccc45)CC3)C2)cc1,492.59100000000024,5.1650000000000045,5,2,True,5.81
CHEMBL2158050,COc1ccc2ncc(F)c([C@@H](O)CC[C@@H]3CCN(CCSc4cccs4)C[C@@H]3C(=O)O)c2c1,5.81,IC50,1560.0,CHEMBL3038482,S. aureus complex,Gyr,COc1ccc2ncc(F)c([C@@H](O)CC[C@@H]3CCN(CCSc4cccs4)C[C@@H]3C(=O)O)c2c1,c1csc(SCCN2CCC(CCCc3ccnc4ccccc34)CC2)c1,504.6490000000002,5.072600000000004,7,2,True,5.81
CHEMBL3329274,CCNC(=O)Nc1ccc(C(=O)Nc2cccc(Cl)c2)cn1,5.8,IC50,1600.0,CHEMBL2094139,E. coli complex,Gyr,CCNC(=O)Nc1ccc(C(=O)Nc2cccc(Cl)c2)cn1,O=C(Nc1ccccc1)c1cccnc1,318.764,3.128700000000001,3,3,True,5.8
CHEMBL3357987,COCc1noc2c(F)c3c(cc12)CC1(C(=O)NC(=O)NC1=O)C1C(C)OC(C)CN31,5.8,IC50,1600.0,CHEMBL2094139,E. coli complex,Gyr,COCc1noc2c(F)c3c(cc12)CC1(C(=O)NC(=O)NC1=O)C1C(C)OC(C)CN31,O=C1NC(=O)C2(Cc3cc4cnoc4cc3N3CCOCC32)C(=O)N1,432.4080000000002,1.0039999999999996,8,2,True,5.8
CHEMBL3658954,Cc1ccc(-c2noc3c(Cl)c4c(cc23)CC2(C(=O)NC(=O)NC2=O)[C@H]2[C@H](C)O[C@H](C)CN42)cn1,5.8,IC50,1600.0,CHEMBL2094139,E. coli complex,Gyr,Cc1ccc(-c2noc3c(Cl)c4c(cc23)CC2(C(=O)NC(=O)NC2=O)[C@H]2[C@H](C)O[C@H](C)CN42)cn1,O=C1NC(=O)C2(Cc3cc4c(-c5cccnc5)noc4cc3N3CCOCC32)C(=O)N1,495.92300000000023,2.742320000000001,8,2,True,5.8
CHEMBL3658959,C[C@@H]1CN2c3c(cc4c(-c5ccnnc5)noc4c3Cl)CC3(C(=O)NC(=O)NC3=O)[C@H]2[C@H](C)O1,5.8,IC50,1600.0,CHEMBL2094139,E. coli complex,Gyr,C[C@@H]1CN2c3c(cc4c(-c5ccnnc5)noc4c3Cl)CC3(C(=O)NC(=O)NC3=O)[C@H]2[C@H](C)O1,O=C1NC(=O)C2(Cc3cc4c(-c5ccnnc5)noc4cc3N3CCOCC32)C(=O)N1,482.88400000000024,1.8288999999999997,9,2,True,5.8
CHEMBL3659004,C[C@@H]1CN2c3c(cc4c(C(=O)NCC(F)F)noc4c3F)CC3(C(=O)NC(=O)NC3=O)[C@H]2[C@H](C)O1,5.8,IC50,1600.0,CHEMBL2094139,E. coli complex,Gyr,C[C@@H]1CN2c3c(cc4c(C(=O)NCC(F)F)noc4c3F)CC3(C(=O)NC(=O)NC3=O)[C@H]2[C@H](C)O1,O=C1NC(=O)C2(Cc3cc4cnoc4cc3N3CCOCC32)C(=O)N1,495.4140000000002,0.8524999999999999,8,3,True,5.8
CHEMBL4588294,NC[C@H](Oc1n[nH]c2ccc(-c3ccccc3Cl)cc12)c1ccccc1,5.8,IC50,1600.0,CHEMBL2094139,E. coli complex,Gyr,NC[C@H](Oc1n[nH]c2ccc(-c3ccccc3Cl)cc12)c1ccccc1,c1ccc(COc2n[nH]c3ccc(-c4ccccc4)cc23)cc1,363.84800000000007,4.962100000000003,3,2,True,5.8
CHEMBL4528547,NC[C@H](Oc1noc2ccc(-c3ccccc3Cl)nc12)c1ccccc1,5.8,IC50,1600.0,CHEMBL2094139,E. coli complex,Gyr,NC[C@H](Oc1noc2ccc(-c3ccccc3Cl)nc12)c1ccccc1,c1ccc(COc2noc3ccc(-c4ccccc4)nc23)cc1,365.8200000000001,4.622000000000003,5,1,True,5.8
CHEMBL219534,COc1c(-c2ccnc(C)c2)c(F)cc2c(=O)c3c(=O)[nH]sc3n(C3CC3)c12,5.8,IC50,1600.0,CHEMBL3038482,S. aureus complex,Gyr,COc1c(-c2ccnc(C)c2)c(F)cc2c(=O)c3c(=O)[nH]sc3n(C3CC3)c12,O=c1[nH]sc2c1c(=O)c1ccc(-c3ccncc3)cc1n2C1CC1,397.4310000000001,3.757520000000002,5,1,True,5.8
CHEMBL1276667,CC[C@@H]1CCN(c2c(F)cc3c(=O)n(N)c(=O)n(C4CC4)c3c2C)C1,5.8,IC50,1600.0,CHEMBL3038482,S. aureus complex,Gyr,CC[C@@H]1CCN(c2c(F)cc3c(=O)n(N)c(=O)n(C4CC4)c3c2C)C1,O=c1[nH]c(=O)n(C2CC2)c2cc(N3CCCC3)ccc12,346.4060000000002,1.89572,4,1,True,5.8
CHEMBL4468881,COc1ccc2c3conc3c(=O)n(CCN3CCC(NCc4ccc5c(n4)NC(=O)CO5)CC3)c2c1,5.78,IC50,1660.0,CHEMBL2094139,E. coli complex,Gyr,COc1ccc2c3conc3c(=O)n(CCN3CCC(NCc4ccc5c(n4)NC(=O)CO5)CC3)c2c1,O=C1COc2ccc(CNC3CCN(CCn4c(=O)c5nocc5c5ccccc54)CC3)nc2N1,504.5470000000003,2.1313999999999993,9,2,True,5.78
CHEMBL3589541,NC(=O)CC(=O)Nc1nc2c(s1)C[C@@H](NC(=O)c1cc(Br)c(Br)[nH]1)CC2,5.77,IC50,1700.0,CHEMBL2094139,E. coli complex,Gyr,NC(=O)CC(=O)Nc1nc2c(s1)C[C@@H](NC(=O)c1cc(Br)c(Br)[nH]1)CC2,O=C(NC1CCc2ncsc2C1)c1ccc[nH]1,505.1920000000001,2.0973999999999995,5,4,True,5.77
CHEMBL3658924,C[C@@H]1CN2c3c(cc4c(NCc5ccccc5)noc4c3F)CC3(C(=O)NC(=O)NC3=O)[C@H]2[C@H](C)O1,5.77,IC50,1700.0,CHEMBL2094139,E. coli complex,Gyr,C[C@@H]1CN2c3c(cc4c(NCc5ccccc5)noc4c3F)CC3(C(=O)NC(=O)NC3=O)[C@H]2[C@H](C)O1,O=C1NC(=O)C2(Cc3cc4c(NCc5ccccc5)noc4cc3N3CCOCC32)C(=O)N1,493.49500000000023,2.4697000000000005,8,3,True,5.77
CHEMBL3658928,Cc1cc(CNc2noc3c(F)c4c(cc23)CC2(C(=O)NC(=O)NC2=O)[C@H]2[C@H](C)O[C@H](C)CN42)no1,5.77,IC50,1700.0,CHEMBL2094139,E. coli complex,Gyr,Cc1cc(CNc2noc3c(F)c4c(cc23)CC2(C(=O)NC(=O)NC2=O)[C@H]2[C@H](C)O[C@H](C)CN42)no1,O=C1NC(=O)C2(Cc3cc4c(NCc5ccon5)noc4cc3N3CCOCC32)C(=O)N1,498.47100000000023,1.7661199999999995,10,3,True,5.77
CHEMBL3658963,COCc1noc2c(Cl)c3c(cc12)CC1(C(=O)NC(=O)NC1=O)[C@H]1[C@H](C)O[C@H](C)CN31,5.77,IC50,1700.0,CHEMBL2094139,E. coli complex,Gyr,COCc1noc2c(Cl)c3c(cc12)CC1(C(=O)NC(=O)NC1=O)[C@H]1[C@H](C)O[C@H](C)CN31,O=C1NC(=O)C2(Cc3cc4cnoc4cc3N3CCOCC32)C(=O)N1,448.86300000000017,1.5183,8,2,True,5.77
CHEMBL3658993,CSc1cnc(-c2noc3c(F)c4c(cc23)CC2(C(=O)NC(=O)NC2=O)[C@H]2[C@H](C)O[C@H](C)CN42)cn1,5.77,IC50,1700.0,CHEMBL2094139,E. coli complex,Gyr,CSc1cnc(-c2noc3c(F)c4c(cc23)CC2(C(=O)NC(=O)NC2=O)[C@H]2[C@H](C)O[C@H](C)CN42)cn1,O=C1NC(=O)C2(Cc3cc4c(-c5cnccn5)noc4cc3N3CCOCC32)C(=O)N1,512.5230000000003,2.0364999999999998,10,2,True,5.77
CHEMBL3663173,CCNC(=O)c1noc2c(F)c3c(cc12)CC1(C(=O)NC(=O)NC1=O)[C@H]1[C@H](C)O[C@H](C)CN31,5.77,IC50,1700.0,CHEMBL2094139,E. coli complex,Gyr,CCNC(=O)c1noc2c(F)c3c(cc12)CC1(C(=O)NC(=O)NC1=O)[C@H]1[C@H](C)O[C@H](C)CN31,O=C1NC(=O)C2(Cc3cc4cnoc4cc3N3CCOCC32)C(=O)N1,459.43400000000014,0.6073000000000004,8,3,True,5.77
CHEMBL6083136,CC(C)C(=O)c1c2c(c(O)c3c1OC1=C(C(=O)C(C)(C)C(=O)C1(C)C)[C@@H]3C(C)C)[C@@H](C(C)C)C1=C(O2)C(C)(C)C(=O)C(C)(C)C1=O,5.77,IC50,1700.0,CHEMBL2094139,E. coli complex,Gyr,CC(C)C(=O)c1c2c(c(O)c3c1OC1=C(C(=O)C(C)(C)C(=O)C1(C)C)[C@@H]3C(C)C)[C@@H](C(C)C)C1=C(O2)C(C)(C)C(=O)C(C)(C)C1=O,O=C1CC(=O)C2=C(C1)Oc1cc3c(cc1C2)CC1=C(CC(=O)CC1=O)O3,632.7940000000001,7.411500000000008,8,1,True,5.77
CHEMBL6102943,CC(C)[C@@H]1C2=C(Oc3cc4c(c(O)c31)[C@H](C(C)C)C1=C(O4)C(C)(C)C(=O)C(C)(C)C1=O)C(C)(C)C(=O)C(C)(C)C2=O,5.77,IC50,1700.0,CHEMBL2094139,E. coli complex,Gyr,CC(C)[C@@H]1C2=C(Oc3cc4c(c(O)c31)[C@H](C(C)C)C1=C(O4)C(C)(C)C(=O)C(C)(C)C1=O)C(C)(C)C(=O)C(C)(C)C2=O,O=C1CC(=O)C2=C(C1)Oc1cc3c(cc1C2)CC1=C(CC(=O)CC1=O)O3,562.7030000000003,6.572800000000006,7,1,True,5.77
CHEMBL6134684,CC(C)C(=O)c1c2c(c(OCc3ccccc3)c3c1OC1=C(C(=O)C(C)(C)C(=O)C1(C)C)[C@@H]3C(C)C)[C@H](C(C)C)C1=C(O2)C(C)(C)C(=O)C(C)(C)C1=O,5.77,IC50,1700.0,CHEMBL2094139,E. coli complex,Gyr,CC(C)C(=O)c1c2c(c(OCc3ccccc3)c3c1OC1=C(C(=O)C(C)(C)C(=O)C1(C)C)[C@@H]3C(C)C)[C@H](C(C)C)C1=C(O2)C(C)(C)C(=O)C(C)(C)C1=O,O=C1CC(=O)C2=C(C1)Oc1cc3c(c(OCc4ccccc4)c1C2)CC1=C(CC(=O)CC1=O)O3,722.9190000000001,9.2849,8,0,True,5.77
CHEMBL5221057,O=C(CN1CCN(c2cc3c(cc2F)c(=O)c(C(=O)O)cn3C2CC2)CC1)Nc1cc(=O)[nH]c(=O)[nH]1,5.76,IC50,1723.0,CHEMBL2094139,E. coli complex,Gyr,O=C(CN1CCN(c2cc3c(cc2F)c(=O)c(C(=O)O)cn3C2CC2)CC1)Nc1cc(=O)[nH]c(=O)[nH]1,O=C(CN1CCN(c2ccc3c(=O)ccn(C4CC4)c3c2)CC1)Nc1cc(=O)[nH]c(=O)[nH]1,498.47100000000023,0.311000000000001,7,4,True,5.76
CHEMBL3659031,Cc1noc2c(Cl)c3c(nc12)CC1(C(=O)NC(=O)NC1=O)[C@H]1[C@H](C)O[C@H](C)CN31,5.75,IC50,1800.0,CHEMBL2094139,E. coli complex,Gyr,Cc1noc2c(Cl)c3c(nc12)CC1(C(=O)NC(=O)NC1=O)[C@H]1[C@H](C)O[C@H](C)CN31,O=C1NC(=O)C2(Cc3nc4cnoc4cc3N3CCOCC32)C(=O)N1,419.82500000000016,1.0753199999999996,8,2,True,5.75
CHEMBL3658925,C[C@@H]1CN2c3c(cc4c(NCc5nccs5)noc4c3F)CC3(C(=O)NC(=O)NC3=O)[C@H]2[C@H](C)O1,5.72,IC50,1900.0,CHEMBL2094139,E. coli complex,Gyr,C[C@@H]1CN2c3c(cc4c(NCc5nccs5)noc4c3F)CC3(C(=O)NC(=O)NC3=O)[C@H]2[C@H](C)O1,O=C1NC(=O)C2(Cc3cc4c(NCc5nccs5)noc4cc3N3CCOCC32)C(=O)N1,500.5120000000003,1.9261999999999995,10,3,True,5.72
CHEMBL3659001,Cc1ccc(-c2noc3c(F)c4c(cc23)CC2(C(=O)NC(=O)NC2=O)[C@H]2[C@H](C)O[C@H](C)CN42)cn1,5.72,IC50,1900.0,CHEMBL2094139,E. coli complex,Gyr,Cc1ccc(-c2noc3c(F)c4c(cc23)CC2(C(=O)NC(=O)NC2=O)[C@H]2[C@H](C)O[C@H](C)CN42)cn1,O=C1NC(=O)C2(Cc3cc4c(-c5cccnc5)noc4cc3N3CCOCC32)C(=O)N1,479.4680000000002,2.22802,8,2,True,5.72
CHEMBL5084570,Cc1cc(NS(=O)(=O)c2ccc(/N=N/N3CCN(c4cc5c(cc4F)c(=O)c(C(=O)O)cn5C4CC4)CC3)cc2)no1,5.71,IC50,1950.0,CHEMBL2094139,E. coli complex,Gyr,Cc1cc(NS(=O)(=O)c2ccc(/N=N/N3CCN(c4cc5c(cc4F)c(=O)c(C(=O)O)cn5C4CC4)CC3)cc2)no1,O=c1ccn(C2CC2)c2cc(N3CCN(N=Nc4ccc(S(=O)(=O)Nc5ccon5)cc4)CC3)ccc12,595.6130000000002,4.091820000000003,9,2,True,5.71
CHEMBL134293,CC(=O)NC[C@H]1CN(c2ccc(OCC3CCN(c4nc5c(cc4F)c(=O)c(C(=O)O)cn5C4CC4)C3)c(F)c2)C(=O)O1,5.7,IC50,2000.0,CHEMBL2094139,E. coli complex,Gyr,CC(=O)NC[C@H]1CN(c2ccc(OCC3CCN(c4nc5c(cc4F)c(=O)c(C(=O)O)cn5C4CC4)C3)c(F)c2)C(=O)O1,O=C1OCCN1c1ccc(OCC2CCN(c3ccc4c(=O)ccn(C5CC5)c4n3)C2)cc1,597.5750000000004,3.0744000000000007,8,2,True,5.7
CHEMBL3329314,CCNC(=O)Nc1cc(Nc2ccccc2)c(C(=O)NCc2cccnc2)cn1,5.7,IC50,2000.0,CHEMBL2094139,E. coli complex,Gyr,CCNC(=O)Nc1cc(Nc2ccccc2)c(C(=O)NCc2cccnc2)cn1,O=C(NCc1cccnc1)c1cnccc1Nc1ccccc1,390.4470000000001,3.2916000000000016,5,4,True,5.7
CHEMBL3658929,C[C@@H]1CN2c3c(cc4c(NCc5ccccn5)noc4c3F)CC3(C(=O)NC(=O)NC3=O)[C@H]2[C@H](C)O1,5.7,IC50,2000.0,CHEMBL2094139,E. coli complex,Gyr,C[C@@H]1CN2c3c(cc4c(NCc5ccccn5)noc4c3F)CC3(C(=O)NC(=O)NC3=O)[C@H]2[C@H](C)O1,O=C1NC(=O)C2(Cc3cc4c(NCc5ccccn5)noc4cc3N3CCOCC32)C(=O)N1,494.48300000000023,1.8646999999999996,9,3,True,5.7
CHEMBL3658968,Cc1ncn(-c2noc3c(F)c4c(cc23)CC2(C(=O)NC(=O)NC2=O)[C@H]2[C@H](C)O[C@H](C)CN42)n1,5.7,IC50,2000.0,CHEMBL2094139,E. coli complex,Gyr,Cc1ncn(-c2noc3c(F)c4c(cc23)CC2(C(=O)NC(=O)NC2=O)[C@H]2[C@H](C)O[C@H](C)CN42)n1,O=C1NC(=O)C2(Cc3cc4c(-n5cncn5)noc4cc3N3CCOCC32)C(=O)N1,469.43300000000016,0.7467199999999994,9,2,True,5.7
CHEMBL3659024,C[C@@H]1CN2c3c(nc4c(-c5sc(Cl)nc5Cl)noc4c3Cl)CC3(C(=O)NC(=O)NC3=O)[C@H]2[C@H](C)O1,5.7,IC50,2000.0,CHEMBL2094139,E. coli complex,Gyr,C[C@@H]1CN2c3c(nc4c(-c5sc(Cl)nc5Cl)noc4c3Cl)CC3(C(=O)NC(=O)NC3=O)[C@H]2[C@H](C)O1,O=C1NC(=O)C2(Cc3nc4c(-c5cncs5)noc4cc3N3CCOCC32)C(=O)N1,557.8030000000002,3.1972000000000005,10,2,True,5.7
CHEMBL3659025,Cc1ncc(-c2noc3c(Cl)c4c(nc23)CC2(C(=O)NC(=O)NC2=O)[C@H]2[C@H](C)O[C@H](C)CN42)s1,5.7,IC50,2000.0,CHEMBL2094139,E. coli complex,Gyr,Cc1ncc(-c2noc3c(Cl)c4c(nc23)CC2(C(=O)NC(=O)NC2=O)[C@H]2[C@H](C)O[C@H](C)CN42)s1,O=C1NC(=O)C2(Cc3nc4c(-c5cncs5)noc4cc3N3CCOCC32)C(=O)N1,502.94000000000017,2.1988200000000004,10,2,True,5.7
CHEMBL3663216,C[C@@H]1CN2c3c(cc4c(N5CCNCC5)noc4c3F)CC3(C(=O)NC(=O)NC3=O)[C@H]2[C@H](C)O1,5.7,IC50,2000.0,CHEMBL2094139,E. coli complex,Gyr,C[C@@H]1CN2c3c(cc4c(N5CCNCC5)noc4c3F)CC3(C(=O)NC(=O)NC3=O)[C@H]2[C@H](C)O1,O=C1NC(=O)C2(Cc3cc4c(N5CCNCC5)noc4cc3N3CCOCC32)C(=O)N1,472.47700000000015,0.26720000000000216,9,3,True,5.7
CHEMBL4468900,NC[C@@H](c1ccccc1)n1cnc2c(-c3ccccc3Cl)csc2c1=O,5.7,IC50,2000.0,CHEMBL2094139,E. coli complex,Gyr,NC[C@@H](c1ccccc1)n1cnc2c(-c3ccccc3Cl)csc2c1=O,O=c1c2scc(-c3ccccc3)c2ncn1Cc1ccccc1,381.88800000000003,4.326500000000003,4,1,True,5.7
CHEMBL5093987,O=C(CCN1CCN(c2cc3c(cc2F)c(=O)c(C(=O)O)cn3C2CC2)CC1)Nc1ccc(S(=O)(=O)Nc2ncccn2)cc1,5.7,IC50,1990.0,CHEMBL2094139,E. coli complex,Gyr,O=C(CCN1CCN(c2cc3c(cc2F)c(=O)c(C(=O)O)cn3C2CC2)CC1)Nc1ccc(S(=O)(=O)Nc2ncccn2)cc1,O=C(CCN1CCN(c2ccc3c(=O)ccn(C4CC4)c3c2)CC1)Nc1ccc(S(=O)(=O)Nc2ncccn2)cc1,635.6780000000001,2.9153000000000002,9,3,True,5.7
CHEMBL6103462,CC(C)CCOc1c2c(c(C(=O)C(C)C)c3c1[C@@H](C(C)C)C1=C(O3)C(C)(C)C(=O)C(C)(C)C1=O)OC1=C(C(=O)C(C)(C)C(=O)C1(C)C)[C@H]2C(C)C,5.7,IC50,2000.0,CHEMBL2094139,E. coli complex,Gyr,CC(C)CCOc1c2c(c(C(=O)C(C)C)c3c1[C@@H](C(C)C)C1=C(O3)C(C)(C)C(=O)C(C)(C)C1=O)OC1=C(C(=O)C(C)(C)C(=O)C1(C)C)[C@H]2C(C)C,O=C1CC(=O)C2=C(C1)Oc1cc3c(cc1C2)CC1=C(CC(=O)CC1=O)O3,702.9290000000002,9.130800000000002,8,0,True,5.7
CHEMBL219216,COc1c(-c2ccc3c(c2)CNC3)c(F)cc2c(=O)c3c(=O)[nH]sc3n(C3CC3)c12,5.7,IC50,2000.0,CHEMBL3038482,S. aureus complex,Gyr,COc1c(-c2ccc3c(c2)CNC3)c(F)cc2c(=O)c3c(=O)[nH]sc3n(C3CC3)c12,O=c1[nH]sc2c1c(=O)c1ccc(-c3ccc4c(c3)CNC4)cc1n2C1CC1,423.46900000000016,3.657300000000001,5,2,True,5.7
CHEMBL471145,CCOC(=O)Nc1nc2cc(/C=C/c3ccc(O)cc3)ccc2[nH]1,5.7,Ki,2000.0,CHEMBL3038482,S. aureus complex,Gyr,CCOC(=O)Nc1nc2cc(/C=C/c3ccc(O)cc3)ccc2[nH]1,C(=Cc1ccc2[nH]cnc2c1)c1ccccc1,323.35200000000003,4.007300000000002,4,3,True,5.7
CHEMBL3329275,CCNC(=O)Nc1ccc(C(=O)Nc2ccccc2Cl)cn1,5.68,IC50,2100.0,CHEMBL2094139,E. coli complex,Gyr,CCNC(=O)Nc1ccc(C(=O)Nc2ccccc2Cl)cn1,O=C(Nc1ccccc1)c1cccnc1,318.76400000000007,3.128700000000001,3,3,True,5.68
CHEMBL3658950,C[C@@H]1CN2c3c(cc4c(-n5cc(I)cn5)noc4c3F)CC3(C(=O)NC(=O)NC3=O)[C@H]2[C@H](C)O1,5.68,IC50,2100.0,CHEMBL2094139,E. coli complex,Gyr,C[C@@H]1CN2c3c(cc4c(-n5cc(I)cn5)noc4c3F)CC3(C(=O)NC(=O)NC3=O)[C@H]2[C@H](C)O1,O=C1NC(=O)C2(Cc3cc4c(-n5cccn5)noc4cc3N3CCOCC32)C(=O)N1,580.3140000000002,1.6478999999999995,8,2,True,5.68
CHEMBL3663188,C[C@@H]1CN2c3c(cc4c(C(=O)NCC5CC5)noc4c3F)CC3(C(=O)NC(=O)NC3=O)[C@H]2[C@H](C)O1,5.68,IC50,2100.0,CHEMBL2094139,E. coli complex,Gyr,C[C@@H]1CN2c3c(cc4c(C(=O)NCC5CC5)noc4c3F)CC3(C(=O)NC(=O)NC3=O)[C@H]2[C@H](C)O1,O=C1NC(=O)C2(Cc3cc4c(C(=O)NCC5CC5)noc4cc3N3CCOCC32)C(=O)N1,485.4720000000002,0.9974,8,3,True,5.68
CHEMBL3663198,C[C@@H]1CN2c3c(cc4c(C(=O)NCc5ccnn5C)noc4c3F)CC3(C(=O)NC(=O)NC3=O)[C@H]2[C@H](C)O1,5.68,IC50,2100.0,CHEMBL2094139,E. coli complex,Gyr,C[C@@H]1CN2c3c(cc4c(C(=O)NCc5ccnn5C)noc4c3F)CC3(C(=O)NC(=O)NC3=O)[C@H]2[C@H](C)O1,O=C1NC(=O)C2(Cc3cc4c(C(=O)NCc5ccn[nH]5)noc4cc3N3CCOCC32)C(=O)N1,525.4970000000003,0.5211000000000016,9,3,True,5.68
CHEMBL3663225,C[C@@H]1CN2c3c(cc4c(-n5cc(CO)cn5)noc4c3F)CC3(C(=O)NC(=O)NC3=O)[C@H]2[C@H](C)O1,5.68,IC50,2100.0,CHEMBL2094139,E. coli complex,Gyr,C[C@@H]1CN2c3c(cc4c(-n5cc(CO)cn5)noc4c3F)CC3(C(=O)NC(=O)NC3=O)[C@H]2[C@H](C)O1,O=C1NC(=O)C2(Cc3cc4c(-n5cccn5)noc4cc3N3CCOCC32)C(=O)N1,484.44400000000024,0.5355999999999997,9,3,True,5.68
CHEMBL5284544,Cc1[nH]c(C(=O)N[C@H]2CCc3nc(NCc4cc(=O)c(O)co4)sc3C2)c(Cl)c1Cl,5.68,IC50,2100.0,CHEMBL2094139,E. coli complex,Gyr,Cc1[nH]c(C(=O)N[C@H]2CCc3nc(NCc4cc(=O)c(O)co4)sc3C2)c(Cl)c1Cl,O=C(NC1CCc2nc(NCc3cc(=O)cco3)sc2C1)c1ccc[nH]1,469.35000000000025,3.6446200000000024,7,4,True,5.68
CHEMBL436512,COc1c(-c2ccc3c(c2)CN[C@@H]3C)c(F)cc2c(=O)c3c(=O)[nH]sc3n(C3CC3)c12,5.68,IC50,2100.0,CHEMBL3038482,S. aureus complex,Gyr,COc1c(-c2ccc3c(c2)CN[C@@H]3C)c(F)cc2c(=O)c3c(=O)[nH]sc3n(C3CC3)c12,O=c1[nH]sc2c1c(=O)c1ccc(-c3ccc4c(c3)CNC4)cc1n2C1CC1,437.4960000000002,4.218300000000002,5,2,True,5.68
CHEMBL3329304,CCNC(=O)Nc1cc(NC2CCCCC2)c(C(=O)Nc2cccc(C)c2)cn1,5.67,IC50,2120.0,CHEMBL2094139,E. coli complex,Gyr,CCNC(=O)Nc1cc(NC2CCCCC2)c(C(=O)Nc2cccc(C)c2)cn1,O=C(Nc1ccccc1)c1cnccc1NC1CCCCC1,395.507,4.5283200000000035,4,4,True,5.67
CHEMBL3658945,CCCNc1noc2c(F)c3c(cc12)CC1(C(=O)NC(=O)NC1=O)[C@H]1[C@H](C)O[C@H](C)CN31,5.66,IC50,2200.0,CHEMBL2094139,E. coli complex,Gyr,CCCNc1noc2c(F)c3c(cc12)CC1(C(=O)NC(=O)NC1=O)[C@H]1[C@H](C)O[C@H](C)CN31,O=C1NC(=O)C2(Cc3cc4cnoc4cc3N3CCOCC32)C(=O)N1,445.45100000000014,1.6794999999999995,8,3,True,5.66
CHEMBL3663224,C[C@@H]1CN2c3c(cc4c(-n5cc(C(N)=O)cn5)noc4c3F)CC3(C(=O)NC(=O)NC3=O)[C@H]2[C@H](C)O1,5.66,IC50,2200.0,CHEMBL2094139,E. coli complex,Gyr,C[C@@H]1CN2c3c(cc4c(-n5cc(C(N)=O)cn5)noc4c3F)CC3(C(=O)NC(=O)NC3=O)[C@H]2[C@H](C)O1,O=C1NC(=O)C2(Cc3cc4c(-n5cccn5)noc4cc3N3CCOCC32)C(=O)N1,497.44300000000027,0.14220000000000105,9,3,True,5.66
CHEMBL5595890,Cc1[nH]c(C(=O)N(CCc2ccccc2)c2nc3ccc(NC(=O)C(=O)O)cc3s2)c(Cl)c1Cl,5.66,IC50,2200.0,CHEMBL2094139,E. coli complex,Gyr,Cc1[nH]c(C(=O)N(CCc2ccccc2)c2nc3ccc(NC(=O)C(=O)O)cc3s2)c(Cl)c1Cl,O=C(c1ccc[nH]1)N(CCc1ccccc1)c1nc2ccccc2s1,517.3940000000002,5.152220000000003,5,3,True,5.66
CHEMBL3639620,CON(C)C(=O)c1noc2c(F)c3c(cc12)CC1(C(=O)NC(=O)NC1=O)[C@H]1[C@H](C)O[C@H](C)CN31,5.64,IC50,2300.0,CHEMBL2094139,E. coli complex,Gyr,CON(C)C(=O)c1noc2c(F)c3c(cc12)CC1(C(=O)NC(=O)NC1=O)[C@H]1[C@H](C)O[C@H](C)CN31,O=C1NC(=O)C2(Cc3cc4cnoc4cc3N3CCOCC32)C(=O)N1,475.43300000000016,0.4910000000000003,9,2,True,5.64
CHEMBL5271712,COC(=O)CNC(=O)c1ccc(NC(=O)c2cc(Cl)c(Cl)[nH]2)c(OCC(C)C)c1,5.64,IC50,2300.0,CHEMBL2094139,E. coli complex,Gyr,COC(=O)CNC(=O)c1ccc(NC(=O)c2cc(Cl)c(Cl)[nH]2)c(OCC(C)C)c1,O=C(Nc1ccccc1)c1ccc[nH]1,442.29900000000015,3.511400000000001,5,3,True,5.64
CHEMBL6145638,CC(C)C(=O)c1c2c(c(OCCCCCCO)c3c1OC1=C(C(=O)C(C)(C)C(=O)C1(C)C)[C@@H]3C(C)C)[C@H](C(C)C)C1=C(O2)C(C)(C)C(=O)C(C)(C)C1=O,5.64,IC50,2300.0,CHEMBL2094139,E. coli complex,Gyr,CC(C)C(=O)c1c2c(c(OCCCCCCO)c3c1OC1=C(C(=O)C(C)(C)C(=O)C1(C)C)[C@@H]3C(C)C)[C@H](C(C)C)C1=C(O2)C(C)(C)C(=O)C(C)(C)C1=O,O=C1CC(=O)C2=C(C1)Oc1cc3c(cc1C2)CC1=C(CC(=O)CC1=O)O3,732.955,8.637400000000005,9,1,True,5.64
CHEMBL1276666,CC[C@@H]1CCN(c2c(F)cc3c(=O)n(N)c(=O)n(C4CC4)c3c2OC)C1,5.64,IC50,2300.0,CHEMBL3038482,S. aureus complex,Gyr,CC[C@@H]1CCN(c2c(F)cc3c(=O)n(N)c(=O)n(C4CC4)c3c2OC)C1,O=c1[nH]c(=O)n(C2CC2)c2cc(N3CCCC3)ccc12,362.4050000000002,1.5959000000000003,5,1,True,5.64
CHEMBL2382379,COc1ccc2nccc([C@@H](O)CC[C@@H]3CCN(C4CC(c5cc(F)ccc5C)C4)C[C@@H]3C(=O)O)c2c1,5.64,IC50,2300.0,CHEMBL3038482,S. aureus complex,Gyr,COc1ccc2nccc([C@@H](O)CC[C@@H]3CCN(C4CC(c5cc(F)ccc5C)C4)C[C@@H]3C(=O)O)c2c1,c1ccc(C2CC(N3CCC(CCCc4ccnc5ccccc45)CC3)C2)cc1,506.6180000000003,5.473420000000005,5,2,True,5.64
CHEMBL3658931,C[C@@H]1CN2c3c(cc4c(NCc5ccncc5)noc4c3F)CC3(C(=O)NC(=O)NC3=O)[C@H]2[C@H](C)O1,5.62,IC50,2400.0,CHEMBL2094139,E. coli complex,Gyr,C[C@@H]1CN2c3c(cc4c(NCc5ccncc5)noc4c3F)CC3(C(=O)NC(=O)NC3=O)[C@H]2[C@H](C)O1,O=C1NC(=O)C2(Cc3cc4c(NCc5ccncc5)noc4cc3N3CCOCC32)C(=O)N1,494.48300000000023,1.8646999999999996,9,3,True,5.62
CHEMBL3658936,C[C@@H]1CN2c3c(cc4c(N5CCCCC5)noc4c3F)CC3(C(=O)NC(=O)NC3=O)[C@H]2[C@H](C)O1,5.62,IC50,2400.0,CHEMBL2094139,E. coli complex,Gyr,C[C@@H]1CN2c3c(cc4c(N5CCCCC5)noc4c3F)CC3(C(=O)NC(=O)NC3=O)[C@H]2[C@H](C)O1,O=C1NC(=O)C2(Cc3cc4c(N5CCCCC5)noc4cc3N3CCOCC32)C(=O)N1,471.48900000000015,1.8478999999999997,8,2,True,5.62
CHEMBL3658965,C[C@@H]1CN2c3c(cc4c(OCc5ccccc5)noc4c3F)CC3(C(=O)NC(=O)NC3=O)[C@H]2[C@H](C)O1,5.62,IC50,2400.0,CHEMBL2094139,E. coli complex,Gyr,C[C@@H]1CN2c3c(cc4c(OCc5ccccc5)noc4c3F)CC3(C(=O)NC(=O)NC3=O)[C@H]2[C@H](C)O1,O=C1NC(=O)C2(Cc3cc4c(OCc5ccccc5)noc4cc3N3CCOCC32)C(=O)N1,494.47900000000027,2.4366000000000003,8,2,True,5.62
CHEMBL3663218,C[C@@H]1CN2c3c(cc4c(S(C)(=O)=O)noc4c3F)CC3(C(=O)NC(=O)NC3=O)[C@H]2[C@H](C)O1,5.62,IC50,2400.0,CHEMBL2094139,E. coli complex,Gyr,C[C@@H]1CN2c3c(cc4c(S(C)(=O)=O)noc4c3F)CC3(C(=O)NC(=O)NC3=O)[C@H]2[C@H](C)O1,O=C1NC(=O)C2(Cc3cc4cnoc4cc3N3CCOCC32)C(=O)N1,466.4470000000002,0.26110000000000017,9,2,True,5.62
CHEMBL2382355,COc1ccc2nccc([C@@H](O)CC[C@@H]3CCN(C4CC(c5cccc(Cl)c5F)C4)C[C@@H]3C(=O)O)c2c1,5.62,IC50,2400.0,CHEMBL3038482,S. aureus complex,Gyr,COc1ccc2nccc([C@@H](O)CC[C@@H]3CCN(C4CC(c5cccc(Cl)c5F)C4)C[C@@H]3C(=O)O)c2c1,c1ccc(C2CC(N3CCC(CCCc4ccnc5ccccc45)CC3)C2)cc1,527.0360000000002,5.818400000000006,5,2,True,5.62
CHEMBL4469062,CCn1cc(C(=O)O)c(=O)c2cc(F)c(N3CC[N+]4(CN5C(=N4)C(C(=O)O)=Cc4ccccc45)C(C)C3)c(F)c21.[Cl-],5.61,IC50,2440.0,CHEMBL2094139,E. coli complex,Gyr,CCn1cc(C(=O)O)c(=O)c2cc(F)c(N3CC[N+]4(CN5C(=N4)C(C(=O)O)=Cc4ccccc45)C(C)C3)c(F)c21.[Cl-],O=c1cc[nH]c2cc(N3CC[N+]4(CC3)CN3C(=N4)C=Cc4ccccc43)ccc12,585.9950000000002,0.2999000000000007,6,2,True,5.61
CHEMBL3659021,Cc1csc(-c2noc3c(Cl)c4c(nc23)CC2(C(=O)NC(=O)NC2=O)[C@H]2[C@H](C)O[C@H](C)CN42)n1,5.6,IC50,2500.0,CHEMBL2094139,E. coli complex,Gyr,Cc1csc(-c2noc3c(Cl)c4c(nc23)CC2(C(=O)NC(=O)NC2=O)[C@H]2[C@H](C)O[C@H](C)CN42)n1,O=C1NC(=O)C2(Cc3nc4c(-c5nccs5)noc4cc3N3CCOCC32)C(=O)N1,502.9400000000002,2.1988200000000004,10,2,True,5.6
CHEMBL4203118,O=c1c2nccn2c2cc(F)c(-c3ccncc3)cc2n1C1CC1,5.6,IC50,2500.0,CHEMBL2094139,E. coli complex,Gyr,O=c1c2nccn2c2cc(F)c(-c3ccncc3)cc2n1C1CC1,O=c1c2nccn2c2ccc(-c3ccncc3)cc2n1C1CC1,320.3270000000001,3.185200000000001,3,0,True,5.6
CHEMBL4747366,Cc1[nH]c(C(=O)Nc2nc3ccc(NC(=O)c4ccncc4)cc3s2)c(Cl)c1Cl,5.6,IC50,2500.0,CHEMBL2094139,E. coli complex,Gyr,Cc1[nH]c(C(=O)Nc2nc3ccc(NC(=O)c4ccncc4)cc3s2)c(Cl)c1Cl,O=C(Nc1ccc2nc(NC(=O)c3ccc[nH]3)sc2c1)c1ccncc1,446.3190000000002,5.139220000000002,5,3,True,5.6
CHEMBL3589525,COC(=O)CC(=O)Nc1ncc2c(n1)CCC(NC(=O)c1cc(Br)c(Br)[nH]1)C2,5.58,IC50,2600.0,CHEMBL2094139,E. coli complex,Gyr,COC(=O)CC(=O)Nc1ncc2c(n1)CCC(NC(=O)c1cc(Br)c(Br)[nH]1)C2,O=C(NC1CCc2ncncc2C1)c1ccc[nH]1,515.162,2.1186,6,3,True,5.58
CHEMBL3658937,C[C@@H]1CN2c3c(cc4c(N5CCOCC5)noc4c3F)CC3(C(=O)NC(=O)NC3=O)[C@H]2[C@H](C)O1,5.58,IC50,2600.0,CHEMBL2094139,E. coli complex,Gyr,C[C@@H]1CN2c3c(cc4c(N5CCOCC5)noc4c3F)CC3(C(=O)NC(=O)NC3=O)[C@H]2[C@H](C)O1,O=C1NC(=O)C2(Cc3cc4c(N5CCOCC5)noc4cc3N3CCOCC32)C(=O)N1,473.4610000000001,0.6942000000000007,9,2,True,5.58
CHEMBL3658969,C[C@@H]1CN2c3c(cc4c(-n5cnc(C#N)n5)noc4c3F)CC3(C(=O)NC(=O)NC3=O)[C@H]2[C@H](C)O1,5.58,IC50,2600.0,CHEMBL2094139,E. coli complex,Gyr,C[C@@H]1CN2c3c(cc4c(-n5cnc(C#N)n5)noc4c3F)CC3(C(=O)NC(=O)NC3=O)[C@H]2[C@H](C)O1,O=C1NC(=O)C2(Cc3cc4c(-n5cncn5)noc4cc3N3CCOCC32)C(=O)N1,480.4160000000002,0.30997999999999976,10,2,True,5.58
CHEMBL3658977,Cc1cc(C)n(-c2noc3c(F)c4c(cc23)CC2(C(=O)NC(=O)NC2=O)[C@H]2[C@H](C)O[C@H](C)CN42)n1,5.57,IC50,2700.0,CHEMBL2094139,E. coli complex,Gyr,Cc1cc(C)n(-c2noc3c(F)c4c(cc23)CC2(C(=O)NC(=O)NC2=O)[C@H]2[C@H](C)O[C@H](C)CN42)n1,O=C1NC(=O)C2(Cc3cc4c(-n5cccn5)noc4cc3N3CCOCC32)C(=O)N1,482.4720000000002,1.6601399999999995,8,2,True,5.57
CHEMBL3659013,C[C@@H]1CN2c3c(cc4c(OC(=O)OC(C)(C)C)noc4c3F)CC3(C(=O)NC(=O)NC3=O)[C@H]2[C@H](C)O1,5.57,IC50,2700.0,CHEMBL2094139,E. coli complex,Gyr,C[C@@H]1CN2c3c(cc4c(OC(=O)OC(C)(C)C)noc4c3F)CC3(C(=O)NC(=O)NC3=O)[C@H]2[C@H](C)O1,O=C1NC(=O)C2(Cc3cc4cnoc4cc3N3CCOCC32)C(=O)N1,504.47100000000023,2.1715,10,2,True,5.57
CHEMBL3663223,CNC(=O)c1cnn(-c2noc3c(F)c4c(cc23)CC2(C(=O)NC(=O)NC2=O)[C@H]2[C@H](C)O[C@H](C)CN42)c1,5.57,IC50,2700.0,CHEMBL2094139,E. coli complex,Gyr,CNC(=O)c1cnn(-c2noc3c(F)c4c(cc23)CC2(C(=O)NC(=O)NC2=O)[C@H]2[C@H](C)O[C@H](C)CN42)c1,O=C1NC(=O)C2(Cc3cc4c(-n5cccn5)noc4cc3N3CCOCC32)C(=O)N1,511.47000000000025,0.4028999999999998,9,3,True,5.57
CHEMBL3298605,O=C1OCC(OCCN2CCN(c3cc4c(cc3F)c(=O)c(C(=O)O)cn4C3CC3)CC2)=C1c1ccc(F)cc1,5.55,IC50,2840.0,CHEMBL2094139,E. coli complex,Gyr,O=C1OCC(OCCN2CCN(c3cc4c(cc3F)c(=O)c(C(=O)O)cn4C3CC3)CC2)=C1c1ccc(F)cc1,O=C1OCC(OCCN2CCN(c3ccc4c(=O)ccn(C5CC5)c4c3)CC2)=C1c1ccccc1,551.5460000000004,3.419500000000002,7,1,True,5.55
CHEMBL3658966,C[C@@H]1CN2c3c(cc4c(-n5cncn5)noc4c3F)CC3(C(=O)NC(=O)NC3=O)[C@H]2[C@H](C)O1,5.55,IC50,2800.0,CHEMBL2094139,E. coli complex,Gyr,C[C@@H]1CN2c3c(cc4c(-n5cncn5)noc4c3F)CC3(C(=O)NC(=O)NC3=O)[C@H]2[C@H](C)O1,O=C1NC(=O)C2(Cc3cc4c(-n5cncn5)noc4cc3N3CCOCC32)C(=O)N1,455.40600000000023,0.4382999999999996,9,2,True,5.55
CHEMBL3663172,C[C@@H]1CN2c3c(cc4c(C(=O)N(C)C)noc4c3F)CC3(C(=O)NC(=O)NC3=O)[C@H]2[C@H](C)O1,5.55,IC50,2800.0,CHEMBL2094139,E. coli complex,Gyr,C[C@@H]1CN2c3c(cc4c(C(=O)N(C)C)noc4c3F)CC3(C(=O)NC(=O)NC3=O)[C@H]2[C@H](C)O1,O=C1NC(=O)C2(Cc3cc4cnoc4cc3N3CCOCC32)C(=O)N1,459.4340000000002,0.5594000000000007,8,2,True,5.55
CHEMBL5575090,Cc1[nH]c(C(=O)N(Cc2cccc(C(=O)O)c2)c2nc3ccc(NC(=O)C(=O)O)cc3s2)c(Cl)c1Cl,5.55,IC50,2800.0,CHEMBL2094139,E. coli complex,Gyr,Cc1[nH]c(C(=O)N(Cc2cccc(C(=O)O)c2)c2nc3ccc(NC(=O)C(=O)O)cc3s2)c(Cl)c1Cl,O=C(c1ccc[nH]1)N(Cc1ccccc1)c1nc2ccccc2s1,547.3760000000003,4.807920000000003,6,4,True,5.55
CHEMBL3589523,Nc1ncc2c(n1)CCC(NC(=O)c1cc(Br)c(Br)[nH]1)C2,5.54,IC50,2900.0,CHEMBL2094139,E. coli complex,Gyr,Nc1ncc2c(n1)CCC(NC(=O)c1cc(Br)c(Br)[nH]1)C2,O=C(NC1CCc2ncncc2C1)c1ccc[nH]1,415.08900000000006,2.1992000000000003,4,3,True,5.54
CHEMBL3658933,C[C@@H]1CN2c3c(cc4c(NCC5CCCCC5)noc4c3F)CC3(C(=O)NC(=O)NC3=O)[C@H]2[C@H](C)O1,5.54,IC50,2900.0,CHEMBL2094139,E. coli complex,Gyr,C[C@@H]1CN2c3c(cc4c(NCC5CCCCC5)noc4c3F)CC3(C(=O)NC(=O)NC3=O)[C@H]2[C@H](C)O1,O=C1NC(=O)C2(Cc3cc4c(NCC5CCCCC5)noc4cc3N3CCOCC32)C(=O)N1,499.5430000000002,2.8498,8,3,True,5.54
CHEMBL3658934,C[C@@H]1CN2c3c(cc4c(NCC5CCOCC5)noc4c3F)CC3(C(=O)NC(=O)NC3=O)[C@H]2[C@H](C)O1,5.54,IC50,2900.0,CHEMBL2094139,E. coli complex,Gyr,C[C@@H]1CN2c3c(cc4c(NCC5CCOCC5)noc4c3F)CC3(C(=O)NC(=O)NC3=O)[C@H]2[C@H](C)O1,O=C1NC(=O)C2(Cc3cc4c(NCC5CCOCC5)noc4cc3N3CCOCC32)C(=O)N1,501.5150000000002,1.6960999999999997,9,3,True,5.54
CHEMBL3663179,C[C@@H]1CN2c3c(cc4c(C(=O)NC(C)(C)C)noc4c3F)CC3(C(=O)NC(=O)NC3=O)[C@H]2[C@H](C)O1,5.54,IC50,2900.0,CHEMBL2094139,E. coli complex,Gyr,C[C@@H]1CN2c3c(cc4c(C(=O)NC(C)(C)C)noc4c3F)CC3(C(=O)NC(=O)NC3=O)[C@H]2[C@H](C)O1,O=C1NC(=O)C2(Cc3cc4cnoc4cc3N3CCOCC32)C(=O)N1,487.4880000000002,1.3858999999999997,8,3,True,5.54
CHEMBL4643875,Cc1c(N2CC[C@@H]([C@H](C)N)C2)c(F)cc2cc(C(=O)O)c(=O)n(C3CC3)c12,5.54,IC50,2910.0,CHEMBL2094139,E. coli complex,Gyr,Cc1c(N2CC[C@@H]([C@H](C)N)C2)c(F)cc2cc(C(=O)O)c(=O)n(C3CC3)c12,O=c1ccc2ccc(N3CCCC3)cc2n1C1CC1,373.4280000000001,2.6556200000000008,4,2,True,5.54
CHEMBL5078898,O=C(CN1CCN(c2cc3c(cc2F)c(=O)c(C(=O)O)cn3C2CC2)CC1)Nc1ccc(S(=O)(=O)Nc2ncccn2)cc1,5.54,IC50,2870.0,CHEMBL2094139,E. coli complex,Gyr,O=C(CN1CCN(c2cc3c(cc2F)c(=O)c(C(=O)O)cn3C2CC2)CC1)Nc1ccc(S(=O)(=O)Nc2ncccn2)cc1,O=C(CN1CCN(c2ccc3c(=O)ccn(C4CC4)c3c2)CC1)Nc1ccc(S(=O)(=O)Nc2ncccn2)cc1,621.6510000000002,2.5252,9,3,True,5.54
CHEMBL3329303,CCNC(=O)Nc1cc(-n2cccn2)c(C(=O)Nc2cccc(Cl)c2)cn1,5.53,IC50,2960.0,CHEMBL2094139,E. coli complex,Gyr,CCNC(=O)Nc1cc(-n2cccn2)c(C(=O)Nc2cccc(Cl)c2)cn1,O=C(Nc1ccccc1)c1cnccc1-n1cccn1,384.82700000000006,3.314400000000001,4,3,True,5.53
CHEMBL2382343,COc1ccc2nccc([C@@H](O)CC[C@@H]3CCN(C4CC(c5c(F)cccc5F)C4)C[C@@H]3C(=O)O)c2c1,5.53,IC50,2930.0,CHEMBL3038482,S. aureus complex,Gyr,COc1ccc2nccc([C@@H](O)CC[C@@H]3CCN(C4CC(c5c(F)cccc5F)C4)C[C@@H]3C(=O)O)c2c1,c1ccc(C2CC(N3CCC(CCCc4ccnc5ccccc45)CC3)C2)cc1,510.58100000000024,5.3041000000000045,5,2,True,5.53
CHEMBL3329300,CCNC(=O)Nc1cc(-c2cccnc2)c(C(=O)Nc2cccc(Cl)c2)cn1,5.52,IC50,3020.0,CHEMBL2094139,E. coli complex,Gyr,CCNC(=O)Nc1cc(-c2cccnc2)c(C(=O)Nc2cccc(Cl)c2)cn1,O=C(Nc1ccccc1)c1cnccc1-c1cccnc1,395.8500000000001,4.190700000000002,4,3,True,5.52
CHEMBL3329277,CCNC(=O)Nc1ccc(C(=O)Nc2cccc(F)c2)cn1,5.52,IC50,3000.0,CHEMBL2094139,E. coli complex,Gyr,CCNC(=O)Nc1ccc(C(=O)Nc2cccc(F)c2)cn1,O=C(Nc1ccccc1)c1cccnc1,302.309,2.6144000000000007,3,3,True,5.52
CHEMBL3085880,Nc1nc2c(s1)C[C@@H](NC(=O)c1cc(Br)c(Br)[nH]1)CC2,5.52,Kd,3000.0,CHEMBL2094139,E. coli complex,Gyr,Nc1nc2c(s1)C[C@@H](NC(=O)c1cc(Br)c(Br)[nH]1)CC2,O=C(NC1CCc2ncsc2C1)c1ccc[nH]1,420.13000000000005,2.8657000000000004,4,3,True,5.52
CHEMBL3658994,C[C@@H]1CN2c3c(cc4c(Cn5cncn5)noc4c3F)CC3(C(=O)NC(=O)NC3=O)[C@H]2[C@H](C)O1,5.52,IC50,3000.0,CHEMBL2094139,E. coli complex,Gyr,C[C@@H]1CN2c3c(cc4c(Cn5cncn5)noc4c3F)CC3(C(=O)NC(=O)NC3=O)[C@H]2[C@H](C)O1,O=C1NC(=O)C2(Cc3cc4c(Cn5cncn5)noc4cc3N3CCOCC32)C(=O)N1,469.4330000000002,0.49739999999999973,9,2,True,5.52
CHEMBL3659018,C[C@@H]1CN2c3c(nc4c(-c5cnccn5)noc4c3Cl)CC3(C(=O)NC(=O)NC3=O)[C@H]2[C@H](C)O1,5.52,IC50,3000.0,CHEMBL2094139,E. coli complex,Gyr,C[C@@H]1CN2c3c(nc4c(-c5cnccn5)noc4c3Cl)CC3(C(=O)NC(=O)NC3=O)[C@H]2[C@H](C)O1,O=C1NC(=O)C2(Cc3nc4c(-c5cnccn5)noc4cc3N3CCOCC32)C(=O)N1,483.87200000000024,1.2238999999999998,10,2,True,5.52
CHEMBL4576334,O=C(CCCCCCCCC(=O)N1CCN(c2cc3c(cc2F)c(=O)c(C(=O)O)cn3C2CC2)CC1)Nc1cc2ccccc2oc1=O,5.52,IC50,3000.0,CHEMBL2094139,E. coli complex,Gyr,O=C(CCCCCCCCC(=O)N1CCN(c2cc3c(cc2F)c(=O)c(C(=O)O)cn3C2CC2)CC1)Nc1cc2ccccc2oc1=O,O=C(CCCCCCCCC(=O)N1CCN(c2ccc3c(=O)ccn(C4CC4)c3c2)CC1)Nc1cc2ccccc2oc1=O,658.7270000000003,5.6882000000000055,7,2,True,5.52
CHEMBL2382345,COc1ccc2nccc([C@@H](O)CC[C@@H]3CCN(C4CC(c5cc(F)ccc5F)C4)C[C@@H]3C(=O)O)c2c1,5.52,IC50,3000.0,CHEMBL3038482,S. aureus complex,Gyr,COc1ccc2nccc([C@@H](O)CC[C@@H]3CCN(C4CC(c5cc(F)ccc5F)C4)C[C@@H]3C(=O)O)c2c1,c1ccc(C2CC(N3CCC(CCCc4ccnc5ccccc45)CC3)C2)cc1,510.58100000000024,5.3041000000000045,5,2,True,5.52
CHEMBL382560,Nc1cccc(-c2cc3c(cc2F)c(=O)c2c(=O)[nH]sc2n3C2CC2)c1,5.51,IC50,3100.0,CHEMBL2094139,E. coli complex,Gyr,Nc1cccc(-c2cc3c(cc2F)c(=O)c2c(=O)[nH]sc2n3C2CC2)c1,O=c1[nH]sc2c1c(=O)c1ccc(-c3ccccc3)cc1n2C1CC1,367.4050000000001,3.6277000000000017,4,2,True,5.51
CHEMBL3658943,CC(=O)Nc1ccn(-c2noc3c(F)c4c(cc23)CC2(C(=O)NC(=O)NC2=O)[C@H]2[C@H](C)O[C@H](C)CN42)n1,5.51,IC50,3100.0,CHEMBL2094139,E. coli complex,Gyr,CC(=O)Nc1ccn(-c2noc3c(F)c4c(cc23)CC2(C(=O)NC(=O)NC2=O)[C@H]2[C@H](C)O[C@H](C)CN42)n1,O=C1NC(=O)C2(Cc3cc4c(-n5cccn5)noc4cc3N3CCOCC32)C(=O)N1,511.47000000000025,1.0016999999999991,9,3,True,5.51
CHEMBL3659026,C[C@@H]1CN2c3c(nc4c(-c5cnc(Br)s5)noc4c3Cl)CC3(C(=O)NC(=O)NC3=O)[C@H]2[C@H](C)O1,5.51,IC50,3100.0,CHEMBL2094139,E. coli complex,Gyr,C[C@@H]1CN2c3c(nc4c(-c5cnc(Br)s5)noc4c3Cl)CC3(C(=O)NC(=O)NC3=O)[C@H]2[C@H](C)O1,O=C1NC(=O)C2(Cc3nc4c(-c5cncs5)noc4cc3N3CCOCC32)C(=O)N1,567.8090000000002,2.6529000000000007,10,2,True,5.51
CHEMBL3658981,Cc1noc(C)c1-c1noc2c(F)c3c(cc12)CC1(C(=O)NC(=O)NC1=O)[C@H]1[C@H](C)O[C@H](C)CN31,5.5,IC50,3200.0,CHEMBL2094139,E. coli complex,Gyr,Cc1noc(C)c1-c1noc2c(F)c3c(cc12)CC1(C(=O)NC(=O)NC1=O)[C@H]1[C@H](C)O[C@H](C)CN31,O=C1NC(=O)C2(Cc3cc4c(-c5cnoc5)noc4cc3N3CCOCC32)C(=O)N1,483.45600000000024,2.1294399999999998,9,2,True,5.5
CHEMBL3663213,C[C@@H]1CN2c3c(cc4c(-c5ccnc(N6CCOCC6)n5)noc4c3F)CC3(C(=O)NC(=O)NC3=O)[C@H]2[C@H](C)O1,5.5,IC50,3200.0,CHEMBL2094139,E. coli complex,Gyr,C[C@@H]1CN2c3c(cc4c(-c5ccnc(N6CCOCC6)n5)noc4c3F)CC3(C(=O)NC(=O)NC3=O)[C@H]2[C@H](C)O1,O=C1NC(=O)C2(Cc3cc4c(-c5ccnc(N6CCOCC6)n5)noc4cc3N3CCOCC32)C(=O)N1,551.5350000000003,1.1511999999999996,11,2,True,5.5
CHEMBL4583055,NCC(Nc1n[nH]c2ccc(-c3ccccc3Cl)cc12)c1ccccc1,5.5,IC50,3200.0,CHEMBL2094139,E. coli complex,Gyr,NCC(Nc1n[nH]c2ccc(-c3ccccc3Cl)cc12)c1ccccc1,c1ccc(CNc2n[nH]c3ccc(-c4ccccc4)cc23)cc1,362.8640000000001,4.995200000000002,3,3,True,5.5
CHEMBL220656,COc1c(-c2cc(C)nc(C)c2)c(F)cc2c(=O)c3c(=O)[nH]sc3n(C3CC3)c12,5.5,IC50,3200.0,CHEMBL3038482,S. aureus complex,Gyr,COc1c(-c2cc(C)nc(C)c2)c(F)cc2c(=O)c3c(=O)[nH]sc3n(C3CC3)c12,O=c1[nH]sc2c1c(=O)c1ccc(-c3ccncc3)cc1n2C1CC1,411.45800000000014,4.065940000000002,5,1,True,5.5
CHEMBL2380334,COc1ccc2nccc([C@@H](O)CC[C@@H]3CCN(C4CC(c5ccno5)C4)C[C@@H]3C(=O)O)c2c1,5.5,IC50,3130.0,CHEMBL3038482,S. aureus complex,Gyr,COc1ccc2nccc([C@@H](O)CC[C@@H]3CCN(C4CC(c5ccno5)C4)C[C@@H]3C(=O)O)c2c1,c1ccc2c(CCCC3CCN(C4CC(c5ccno5)C4)CC3)ccnc2c1,465.55000000000024,4.013900000000002,7,2,True,5.5
CHEMBL2382386,COc1ccc2nccc([C@@H](O)CC[C@@H]3CCN(C4CC(c5cc(SC)ccc5F)C4)C[C@@H]3C(=O)O)c2c1,5.5,IC50,3130.0,CHEMBL3038482,S. aureus complex,Gyr,COc1ccc2nccc([C@@H](O)CC[C@@H]3CCN(C4CC(c5cc(SC)ccc5F)C4)C[C@@H]3C(=O)O)c2c1,c1ccc(C2CC(N3CCC(CCCc4ccnc5ccccc45)CC3)C2)cc1,538.6850000000003,5.886900000000006,6,2,True,5.5
CHEMBL2382384,COc1ccc2nccc([C@@H](O)CC[C@@H]3CCN(C4CC(c5ccccc5SC)C4)C[C@@H]3C(=O)O)c2c1,5.5,IC50,3130.0,CHEMBL3038482,S. aureus complex,Gyr,COc1ccc2nccc([C@@H](O)CC[C@@H]3CCN(C4CC(c5ccccc5SC)C4)C[C@@H]3C(=O)O)c2c1,c1ccc(C2CC(N3CCC(CCCc4ccnc5ccccc45)CC3)C2)cc1,520.6950000000003,5.747800000000006,6,2,True,5.5
CHEMBL2382381,COc1ccc2nccc([C@@H](O)CC[C@@H]3CCN(C4CC(c5c(F)ccc(F)c5OC)C4)C[C@@H]3C(=O)O)c2c1,5.5,IC50,3130.0,CHEMBL3038482,S. aureus complex,Gyr,COc1ccc2nccc([C@@H](O)CC[C@@H]3CCN(C4CC(c5c(F)ccc(F)c5OC)C4)C[C@@H]3C(=O)O)c2c1,c1ccc(C2CC(N3CCC(CCCc4ccnc5ccccc45)CC3)C2)cc1,540.6070000000003,5.312700000000005,6,2,True,5.5
CHEMBL2382377,COc1ccc2nccc([C@@H](O)CC[C@@H]3CCN(C4CC(c5cc(Br)ccc5F)C4)C[C@@H]3C(=O)O)c2c1,5.5,IC50,3130.0,CHEMBL3038482,S. aureus complex,Gyr,COc1ccc2nccc([C@@H](O)CC[C@@H]3CCN(C4CC(c5cc(Br)ccc5F)C4)C[C@@H]3C(=O)O)c2c1,c1ccc(C2CC(N3CCC(CCCc4ccnc5ccccc45)CC3)C2)cc1,571.4870000000002,5.927500000000006,5,2,True,5.5
CHEMBL2382363,COc1ccc2nccc([C@@H](O)CC[C@@H]3CCN(C4CC(c5ccc(F)c(C#N)c5)C4)C[C@@H]3C(=O)O)c2c1,5.5,IC50,3130.0,CHEMBL3038482,S. aureus complex,Gyr,COc1ccc2nccc([C@@H](O)CC[C@@H]3CCN(C4CC(c5ccc(F)c(C#N)c5)C4)C[C@@H]3C(=O)O)c2c1,c1ccc(C2CC(N3CCC(CCCc4ccnc5ccccc45)CC3)C2)cc1,517.6010000000003,5.036680000000005,6,2,True,5.5
CHEMBL2382361,COc1ccc2nccc([C@@H](O)CC[C@@H]3CCN(C4CC(c5ccc(F)c(F)c5F)C4)C[C@@H]3C(=O)O)c2c1,5.5,IC50,3130.0,CHEMBL3038482,S. aureus complex,Gyr,COc1ccc2nccc([C@@H](O)CC[C@@H]3CCN(C4CC(c5ccc(F)c(F)c5F)C4)C[C@@H]3C(=O)O)c2c1,c1ccc(C2CC(N3CCC(CCCc4ccnc5ccccc45)CC3)C2)cc1,528.5710000000003,5.443200000000005,5,2,True,5.5
CHEMBL2382351,COc1ccc2nccc([C@@H](O)CC[C@@H]3CCN(C4CC(c5c(F)ccc(Cl)c5F)C4)C[C@@H]3C(=O)O)c2c1,5.5,IC50,3130.0,CHEMBL3038482,S. aureus complex,Gyr,COc1ccc2nccc([C@@H](O)CC[C@@H]3CCN(C4CC(c5c(F)ccc(Cl)c5F)C4)C[C@@H]3C(=O)O)c2c1,c1ccc(C2CC(N3CCC(CCCc4ccnc5ccccc45)CC3)C2)cc1,545.0260000000002,5.957500000000006,5,2,True,5.5
CHEMBL3314588,CO[C@H]1CN(c2nc(-c3cncc(NCCN4CCN(C)CC4)n3)c(C(=O)O)s2)CC[C@H]1NC(=O)c1[nH]c(C)c(Cl)c1Cl,8.92,IC50,1.2,CHEMBL1921666,S. aureus,GyrB,CO[C@H]1CN(c2nc(-c3cncc(NCCN4CCN(C)CC4)n3)c(C(=O)O)s2)CC[C@H]1NC(=O)c1[nH]c(C)c(Cl)c1Cl,O=C(NC1CCN(c2nc(-c3cncc(NCCN4CCNCC4)n3)cs2)CC1)c1ccc[nH]1,652.6090000000002,2.92462,11,4,True,8.92
CHEMBL2059380,CCNC(=O)c1cc2c(-n3ccc(C(F)(F)F)n3)c(-c3cc(-c4n[nH]c(=O)o4)cnc3OC)cnc2[nH]1,8.7,IC50,2.0,CHEMBL1921666,S. aureus,GyrB,CCNC(=O)c1cc2c(-n3ccc(C(F)(F)F)n3)c(-c3cc(-c4n[nH]c(=O)o4)cnc3OC)cnc2[nH]1,O=c1[nH]nc(-c2cncc(-c3cnc4[nH]ccc4c3-n3cccn3)c2)o1,514.4240000000002,2.931000000000001,8,3,True,8.7
CHEMBL4283208,CCNC(=O)Nc1cc(-c2nc(C3CC3)cs2)c(-c2cc(-c3n[nH]c(=O)o3)cnc2N2C3CCC2CN(C)C3)cn1,8.7,IC50,2.0,CHEMBL1826,E. coli,GyrB,CCNC(=O)Nc1cc(-c2nc(C3CC3)cs2)c(-c2cc(-c3n[nH]c(=O)o3)cnc2N2C3CCC2CN(C)C3)cn1,O=c1[nH]nc(-c2cnc(N3C4CCC3CNC4)c(-c3cnccc3-c3nc(C4CC4)cs3)c2)o1,573.6830000000001,3.9120000000000035,10,3,True,8.7
CHEMBL4286573,CCNC(=O)Nc1cc(-c2nc(C(F)(F)F)cs2)c(-c2cc(-c3n[nH]c(=O)o3)cnc2N2CCC(N)CC2)cn1,8.7,IC50,2.0,CHEMBL1826,E. coli,GyrB,CCNC(=O)Nc1cc(-c2nc(C(F)(F)F)cs2)c(-c2cc(-c3n[nH]c(=O)o3)cnc2N2CCC(N)CC2)cn1,O=c1[nH]nc(-c2cnc(N3CCCCC3)c(-c3cnccc3-c3nccs3)c2)o1,575.577,3.698100000000003,10,4,True,8.7
CHEMBL4295081,CCNC(=O)Nc1cc(-c2nc(C(F)(F)F)cs2)c(-c2cc3ncccc3nc2N2[C@@H]3CC[C@H]2C[C@@H](N)C3)cn1,8.52,IC50,3.0,CHEMBL1826,E. coli,GyrB,CCNC(=O)Nc1cc(-c2nc(C(F)(F)F)cs2)c(-c2cc3ncccc3nc2N2[C@@H]3CC[C@H]2C[C@@H](N)C3)cn1,c1cnc2cc(-c3cnccc3-c3nccs3)c(N3C4CCCC3CC4)nc2c1,568.629,5.4340000000000055,8,3,True,8.52
CHEMBL4294536,CCNC(=O)Nc1cc(-c2nc(C(F)(F)F)cs2)c(-c2cc3ncccc3nc2N2CCN(C)CC2)cn1,8.52,IC50,3.0,CHEMBL1826,E. coli,GyrB,CCNC(=O)Nc1cc(-c2nc(C(F)(F)F)cs2)c(-c2cc3ncccc3nc2N2CCN(C)CC2)cn1,c1cnc2cc(-c3cnccc3-c3nccs3)c(N3CCNCC3)nc2c1,542.5910000000001,4.727300000000004,8,2,True,8.52
CHEMBL1923440,Cc1[nH]c(C(=O)N[C@@H]2CCN(c3ncc(C(=O)O)s3)C[C@@H]2F)c(Cl)c1Cl,8.4,IC50,4.0,CHEMBL1921666,S. aureus,GyrB,Cc1[nH]c(C(=O)N[C@@H]2CCN(c3ncc(C(=O)O)s3)C[C@@H]2F)c(Cl)c1Cl,O=C(NC1CCN(c2nccs2)CC1)c1ccc[nH]1,421.28100000000006,3.131420000000001,5,3,True,8.4
CHEMBL2059379,CCNC(=O)c1cc2c(-n3ccc(C(F)(F)F)n3)c(-c3cnc(OC)c(-c4n[nH]c(=O)o4)c3)cnc2[nH]1,8.4,IC50,4.0,CHEMBL1921666,S. aureus,GyrB,CCNC(=O)c1cc2c(-n3ccc(C(F)(F)F)n3)c(-c3cnc(OC)c(-c4n[nH]c(=O)o4)c3)cnc2[nH]1,O=c1[nH]nc(-c2cncc(-c3cnc4[nH]ccc4c3-n3cccn3)c2)o1,514.4240000000002,2.931000000000001,8,3,True,8.4
CHEMBL3809400,C=CCn1c(=O)ccc2c(-c3cnc(-c4cccnc4)s3)n[nH]c21,8.4,IC50,4.0,CHEMBL1921666,S. aureus,GyrB,C=CCn1c(=O)ccc2c(-c3cnc(-c4cccnc4)s3)n[nH]c21,O=c1ccc2c(-c3cnc(-c4cccnc4)s3)n[nH]c2[nH]1,335.392,3.0961000000000007,5,1,True,8.4
CHEMBL4291061,CCNC(=O)Nc1cc(-c2nc(C(F)(F)F)cs2)c(-c2cc(-c3n[nH]c(=O)o3)cnc2N2[C@@H]3CC[C@H]2C[C@@H](N)C3)cn1,8.4,IC50,4.0,CHEMBL1826,E. coli,GyrB,CCNC(=O)Nc1cc(-c2nc(C(F)(F)F)cs2)c(-c2cc(-c3n[nH]c(=O)o3)cnc2N2[C@@H]3CC[C@H]2C[C@@H](N)C3)cn1,O=c1[nH]nc(-c2cnc(N3C4CCCC3CC4)c(-c3cnccc3-c3nccs3)c2)o1,601.615,4.2291000000000025,10,4,True,8.4
CHEMBL4286625,CCNC(=O)Nc1cc(-c2nc(C(F)(F)F)cs2)c(-c2cnc3cccnc3c2)cn1,8.4,IC50,4.0,CHEMBL1826,E. coli,GyrB,CCNC(=O)Nc1cc(-c2nc(C(F)(F)F)cs2)c(-c2cnc3cccnc3c2)cn1,c1cnc2cc(-c3cnccc3-c3nccs3)cnc2c1,444.44200000000006,4.975500000000004,6,2,True,8.4
CHEMBL2059196,CCNC(=O)c1cc2c(-n3ccc(C(F)(F)F)n3)c(-c3cncc(C(=O)O)c3)cnc2[nH]1,8.3,IC50,5.0,CHEMBL1921666,S. aureus,GyrB,CCNC(=O)c1cc2c(-n3ccc(C(F)(F)F)n3)c(-c3cncc(C(=O)O)c3)cnc2[nH]1,c1cncc(-c2cnc3[nH]ccc3c2-n2cccn2)c1,444.3730000000001,3.277300000000001,5,3,True,8.3
CHEMBL4290062,CCNC(=O)Nc1cc(-c2nc(C(F)(F)F)cs2)c(-c2cc3ncccc3nc2N2C3CC2CN(C)C3)cn1,8.3,IC50,5.0,CHEMBL1826,E. coli,GyrB,CCNC(=O)Nc1cc(-c2nc(C(F)(F)F)cs2)c(-c2cc3ncccc3nc2N2C3CC2CN(C)C3)cn1,c1cnc2cc(-c3cnccc3-c3nccs3)c(N3C4CNCC3C4)nc2c1,554.6020000000001,4.868200000000005,8,2,True,8.3
CHEMBL3808756,CCCn1c(=O)ccc2c(-c3nc(C(=O)OC)c(-c4cccnc4)s3)n[nH]c21,8.22,IC50,6.0,CHEMBL1921666,S. aureus,GyrB,CCCn1c(=O)ccc2c(-c3nc(C(=O)OC)c(-c4cccnc4)s3)n[nH]c21,O=c1ccc2c(-c3ncc(-c4cccnc4)s3)n[nH]c2[nH]1,395.444,3.106700000000001,7,1,True,8.22
CHEMBL3810359,CCCn1c(=O)ccc2c(-c3cnc(-c4cccnc4)s3)n[nH]c21,8.22,IC50,6.0,CHEMBL1921666,S. aureus,GyrB,CCCn1c(=O)ccc2c(-c3cnc(-c4cccnc4)s3)n[nH]c21,O=c1ccc2c(-c3cnc(-c4cccnc4)s3)n[nH]c2[nH]1,337.408,3.320100000000001,5,1,True,8.22
CHEMBL4294467,CCNC(=O)Nc1cc(-c2nc(C(F)(F)F)cs2)c(-c2cc(-c3n[nH]c(=O)o3)cnc2N2C3CCC2CN(C)C3)cn1,8.22,IC50,6.0,CHEMBL1826,E. coli,GyrB,CCNC(=O)Nc1cc(-c2nc(C(F)(F)F)cs2)c(-c2cc(-c3n[nH]c(=O)o3)cnc2N2C3CCC2CN(C)C3)cn1,O=c1[nH]nc(-c2cnc(N3C4CCC3CNC4)c(-c3cnccc3-c3nccs3)c2)o1,601.615,4.0534000000000034,10,3,True,8.22
CHEMBL4281775,CCNC(=O)Nc1cc(-c2nc(C(F)(F)F)cs2)c(-c2cc(C(=O)O)cnc2N2C3CCC2CN(C)C3)cn1,8.22,IC50,6.0,CHEMBL1826,E. coli,GyrB,CCNC(=O)Nc1cc(-c2nc(C(F)(F)F)cs2)c(-c2cc(C(=O)O)cnc2N2C3CCC2CN(C)C3)cn1,c1cnc(N2C3CCC2CNC3)c(-c2cnccc2-c2nccs2)c1,561.5900000000001,4.408300000000004,8,3,True,8.22
CHEMBL4293447,CCNC(=O)Nc1cc(-c2nc(C(F)(F)F)cs2)c(-c2cc3ncccc3nc2N2CCC(N)CC2)cn1,8.22,IC50,6.0,CHEMBL1826,E. coli,GyrB,CCNC(=O)Nc1cc(-c2nc(C(F)(F)F)cs2)c(-c2cc3ncccc3nc2N2CCC(N)CC2)cn1,c1cnc2cc(-c3cnccc3-c3nccs3)c(N3CCCCC3)nc2c1,542.5910000000001,4.903000000000004,8,3,True,8.22
CHEMBL3235085,CCNC(=O)Nc1cc(-c2nc(C(F)(F)F)cs2)c(-c2cncc(C(=O)O)c2)cn1,8.22,IC50,6.0,CHEMBL1826,E. coli,GyrB,CCNC(=O)Nc1cc(-c2nc(C(F)(F)F)cs2)c(-c2cncc(C(=O)O)c2)cn1,c1cncc(-c2cnccc2-c2nccs2)c1,437.4030000000001,4.125500000000003,6,3,True,8.22
CHEMBL4279382,CCNC(=O)Nc1cc(-c2nc(C(F)(F)F)cs2)c(-c2cc3ncccc3nc2N2C3CCC2CN(C)C3)cn1,8.15,IC50,7.0,CHEMBL1826,E. coli,GyrB,CCNC(=O)Nc1cc(-c2nc(C(F)(F)F)cs2)c(-c2cc3ncccc3nc2N2C3CCC2CN(C)C3)cn1,c1cnc2cc(-c3cnccc3-c3nccs3)c(N3C4CCC3CNC4)nc2c1,568.629,5.2583000000000055,8,2,True,8.15
CHEMBL3736321,CCNC(=O)Nc1cn(-c2ncc(Br)cn2)c2cc(-c3ccn(CCO)c(=O)c3)cnc12,8.1,IC50,8.0,CHEMBL1921666,S. aureus,GyrB,CCNC(=O)Nc1cn(-c2ncc(Br)cn2)c2cc(-c3ccn(CCO)c(=O)c3)cnc12,O=c1cc(-c2cnc3ccn(-c4ncccn4)c3c2)cc[nH]1,498.3410000000003,2.5404,6,3,True,8.1
CHEMBL3741798,CCCc1c(O)ccc2c(-c3cnc(-c4cnc(C(=O)O)cc4C)s3)n[nH]c12,8.1,IC50,8.0,CHEMBL1921666,S. aureus,GyrB,CCCc1c(O)ccc2c(-c3cnc(-c4cnc(C(=O)O)cc4C)s3)n[nH]c12,c1cncc(-c2ncc(-c3n[nH]c4ccccc34)s2)c1,394.4560000000001,4.413120000000003,6,3,True,8.1
CHEMBL3810223,CCCn1c(=O)ccc2c(-c3cnc(-c4ccc(N5CCN(C)CC5)nc4)s3)n[nH]c21,8.1,IC50,8.0,CHEMBL1921666,S. aureus,GyrB,CCCn1c(=O)ccc2c(-c3cnc(-c4ccc(N5CCN(C)CC5)nc4)s3)n[nH]c21,O=c1ccc2c(-c3cnc(-c4ccc(N5CCNCC5)nc4)s3)n[nH]c2[nH]1,435.5570000000002,3.071900000000001,7,1,True,8.1
CHEMBL3809278,CCCn1c(=O)ccc2c(-c3cnc(-c4ccc(C(=O)N(C)C)nc4)s3)n[nH]c21,8.1,IC50,8.0,CHEMBL1921666,S. aureus,GyrB,CCCn1c(=O)ccc2c(-c3cnc(-c4ccc(C(=O)N(C)C)nc4)s3)n[nH]c21,O=c1ccc2c(-c3cnc(-c4cccnc4)s3)n[nH]c2[nH]1,408.4870000000001,3.0219000000000005,6,1,True,8.1
CHEMBL4279313,CCNC(=O)Nc1cc(-c2nc(C(F)(F)F)cs2)c(-c2cc(C(=O)NS(C)(=O)=O)cnc2N2C3CCC2CN(C)C3)cn1,8.1,IC50,8.0,CHEMBL1826,E. coli,GyrB,CCNC(=O)Nc1cc(-c2nc(C(F)(F)F)cs2)c(-c2cc(C(=O)NS(C)(=O)=O)cnc2N2C3CCC2CN(C)C3)cn1,c1cnc(N2C3CCC2CNC3)c(-c2cnccc2-c2nccs2)c1,638.6979999999998,3.3995000000000024,10,3,True,8.1
CHEMBL4278317,CCNC(=O)Nc1cc(-c2nc(C(F)(F)F)cs2)c(-c2cc3ncccc3nc2N2CC3CCC2CN3)cn1,8.1,IC50,8.0,CHEMBL1826,E. coli,GyrB,CCNC(=O)Nc1cc(-c2nc(C(F)(F)F)cs2)c(-c2cc3ncccc3nc2N2CC3CCC2CN3)cn1,c1cnc2cc(-c3cnccc3-c3nccs3)c(N3CC4CCC3CN4)nc2c1,554.6020000000002,4.916100000000005,8,3,True,8.1
CHEMBL2059375,CCNC(=O)c1cc2c(-n3ccc(C(F)(F)F)n3)c(-c3cncc(C(N)=O)c3)cnc2[nH]1,8.05,IC50,9.0,CHEMBL1921666,S. aureus,GyrB,CCNC(=O)c1cc2c(-n3ccc(C(F)(F)F)n3)c(-c3cncc(C(N)=O)c3)cnc2[nH]1,c1cncc(-c2cnc3[nH]ccc3c2-n2cccn2)c1,443.3890000000001,2.678,5,3,True,8.05
CHEMBL2152855,CCNC(=O)Nc1nc2cc(-c3cnc(C(C)(C)O)nc3)c(F)c([C@H]3CCCO3)c2[nH]1.CS(=O)(=O)O,8.05,Ki,9.0,CHEMBL1921666,S. aureus,GyrB,CCNC(=O)Nc1nc2cc(-c3cnc(C(C)(C)O)nc3)c(F)c([C@H]3CCCO3)c2[nH]1.CS(=O)(=O)O,c1ncc(-c2cc(C3CCCO3)c3[nH]cnc3c2)cn1,524.5750000000003,2.8833,8,5,True,8.05
CHEMBL3736385,CCNC(=O)Nc1cn(-c2nccc(CCO)n2)c2cc(-c3cccnc3)cnc12,8.05,IC50,9.0,CHEMBL1921666,S. aureus,GyrB,CCNC(=O)Nc1cn(-c2nccc(CCO)n2)c2cc(-c3cccnc3)cnc12,c1cnc(-n2ccc3ncc(-c4cccnc4)cc32)nc1,403.4460000000001,2.553700000000001,6,3,True,8.05
CHEMBL3739786,CCCc1cccc2c(-c3cnc(-c4ccc(COP(=O)(O)O)nc4)s3)n[nH]c12,8.05,IC50,9.0,CHEMBL1921666,S. aureus,GyrB,CCCc1cccc2c(-c3cnc(-c4ccc(COP(=O)(O)O)nc4)s3)n[nH]c12,c1cncc(-c2ncc(-c3n[nH]c4ccccc34)s2)c1,430.42600000000004,4.310200000000004,6,3,True,8.05
CHEMBL3741350,C=CCc1cccc2c(-c3cnc(-c4ccc(C(=O)O)nc4)s3)n[nH]c12,8.05,IC50,9.0,CHEMBL1921666,S. aureus,GyrB,C=CCc1cccc2c(-c3cnc(-c4ccc(C(=O)O)nc4)s3)n[nH]c12,c1cncc(-c2ncc(-c3n[nH]c4ccccc34)s2)c1,362.414,4.175100000000003,5,2,True,8.05
CHEMBL3809816,CCCn1c(=O)ccc2c(-c3cnc(-c4ccc(CN(CC)CC)nc4)s3)n[nH]c21,8.05,IC50,9.0,CHEMBL1921666,S. aureus,GyrB,CCCn1c(=O)ccc2c(-c3cnc(-c4ccc(CN(CC)CC)nc4)s3)n[nH]c21,O=c1ccc2c(-c3cnc(-c4cccnc4)s3)n[nH]c2[nH]1,422.5580000000001,4.161900000000003,6,1,True,8.05
CHEMBL3808699,CCCn1c(=O)ccc2c(-c3ncc(-c4cccnc4)s3)n[nH]c21,8.05,IC50,9.0,CHEMBL1921666,S. aureus,GyrB,CCCn1c(=O)ccc2c(-c3ncc(-c4cccnc4)s3)n[nH]c21,O=c1ccc2c(-c3ncc(-c4cccnc4)s3)n[nH]c2[nH]1,337.408,3.320100000000001,5,1,True,8.05
CHEMBL2205318,C=C1CC[C@@H](O[C@H]2C[C@@](O)([C@H](C)NC(=O)c3[nH]c(C)c(Cl)c3Cl)[C@H](O)[C@@H](C)O2)[C@@H]2C=C[C@H](C)C(/C(O)=C3\C(=O)[C@H](C(C)C)N([C@H]4O[C@H](C)[C@H](OC(N)=O)[C@H](OC(C)=O)[C@@H]4OC)C3=O)[C@@H]12,8.05,IC50,9.0,CHEMBL1921666,S. aureus,GyrB,C=C1CC[C@@H](O[C@H]2C[C@@](O)([C@H](C)NC(=O)c3[nH]c(C)c(Cl)c3Cl)[C@H](O)[C@@H](C)O2)[C@@H]2C=C[C@H](C)C(/C(O)=C3\C(=O)[C@H](C(C)C)N([C@H]4O[C@H](C)[C@H](OC(N)=O)[C@H](OC(C)=O)[C@@H]4OC)C3=O)[C@@H]12,C=C1CCC(OC2CC(CNC(=O)c3ccc[nH]3)CCO2)C2C=CCC(C=C3C(=O)CN(C4CCCCO4)C3=O)C12,939.884,4.168220000000004,14,6,True,8.05
CHEMBL4289998,CCNC(=O)Nc1cc(-c2nc(C(F)(F)F)cs2)c(-c2cc(-c3nnn[nH]3)cnc2N2C3CCC2CN(C)C3)cn1,8.05,IC50,9.0,CHEMBL1826,E. coli,GyrB,CCNC(=O)Nc1cc(-c2nc(C(F)(F)F)cs2)c(-c2cc(-c3nnn[nH]3)cnc2N2C3CCC2CN(C)C3)cn1,c1cc(-c2nccs2)c(-c2cc(-c3nnn[nH]3)cnc2N2C3CCC2CNC3)cn1,585.6199999999999,3.8902000000000028,10,3,True,8.05
CHEMBL4289650,CCNC(=O)Nc1cc(-c2nc(C(F)(F)F)cs2)c(-c2cc(C(=O)O)ccc2N2C3CCC2CN(C)C3)cn1,8.05,IC50,9.0,CHEMBL1826,E. coli,GyrB,CCNC(=O)Nc1cc(-c2nc(C(F)(F)F)cs2)c(-c2cc(C(=O)O)ccc2N2C3CCC2CN(C)C3)cn1,c1ccc(N2C3CCC2CNC3)c(-c2cnccc2-c2nccs2)c1,560.6020000000001,5.0133000000000045,7,3,True,8.05
CHEMBL1923432,Cc1[nH]c(C(=O)NC2CCN(c3cc(C(=O)O)cc(Cl)n3)CC2)c(Cl)c1Cl,8.0,IC50,10.0,CHEMBL1921666,S. aureus,GyrB,Cc1[nH]c(C(=O)NC2CCN(c3cc(C(=O)O)cc(Cl)n3)CC2)c(Cl)c1Cl,O=C(NC1CCN(c2ccccn2)CC1)c1ccc[nH]1,431.7070000000001,3.7753200000000025,4,3,True,8.0
CHEMBL3735341,CCNC(=O)Nc1cn(-c2ncccn2)c2cc(-n3cnc(C(=O)NC4CC4)c3)cnc12,8.0,IC50,10.0,CHEMBL1921666,S. aureus,GyrB,CCNC(=O)Nc1cn(-c2ncccn2)c2cc(-n3cnc(C(=O)NC4CC4)c3)cnc12,O=C(NC1CC1)c1cn(-c2cnc3ccn(-c4ncccn4)c3c2)cn1,431.4600000000002,2.0347999999999997,6,3,True,8.0
CHEMBL3741270,CCCc1cccc2c(-c3cnc(-c4ccc(C(=O)O)nc4)s3)n[nH]c12,8.0,IC50,10.0,CHEMBL1921666,S. aureus,GyrB,CCCc1cccc2c(-c3cnc(-c4ccc(C(=O)O)nc4)s3)n[nH]c12,c1cncc(-c2ncc(-c3n[nH]c4ccccc34)s2)c1,364.43,4.399100000000003,5,2,True,8.0
CHEMBL3809648,CCCn1c(=O)ccc2c(-c3cnc(-c4ccc(CN5CCN(C)CC5)nc4)s3)n[nH]c21,8.0,IC50,10.0,CHEMBL1921666,S. aureus,GyrB,CCCn1c(=O)ccc2c(-c3cnc(-c4ccc(CN5CCN(C)CC5)nc4)s3)n[nH]c21,O=c1ccc2c(-c3cnc(-c4ccc(CN5CCNCC5)nc4)s3)n[nH]c2[nH]1,449.5840000000002,3.067500000000001,7,1,True,8.0
CHEMBL2059376,CCNC(=O)c1cc2c(-n3ccc(C(F)(F)F)n3)c(-c3cncc(C(=O)NC)c3)cnc2[nH]1,7.96,IC50,11.0,CHEMBL1921666,S. aureus,GyrB,CCNC(=O)c1cc2c(-n3ccc(C(F)(F)F)n3)c(-c3cncc(C(=O)NC)c3)cnc2[nH]1,c1cncc(-c2cnc3[nH]ccc3c2-n2cccn2)c1,457.4160000000001,2.9387000000000008,5,3,True,7.96
CHEMBL3739453,CCCc1cccc2c(-c3cnc(-c4ccnc(C(=O)O)c4)s3)n[nH]c12,7.96,IC50,11.0,CHEMBL1921666,S. aureus,GyrB,CCCc1cccc2c(-c3cnc(-c4ccnc(C(=O)O)c4)s3)n[nH]c12,c1ccc2c(-c3cnc(-c4ccncc4)s3)n[nH]c2c1,364.43,4.399100000000003,5,2,True,7.96
CHEMBL3739840,CCCc1cccc2c(-c3cnc(-c4cnc(C(=O)O)c(O)c4)s3)n[nH]c12,7.96,IC50,11.0,CHEMBL1921666,S. aureus,GyrB,CCCc1cccc2c(-c3cnc(-c4cnc(C(=O)O)c(O)c4)s3)n[nH]c12,c1cncc(-c2ncc(-c3n[nH]c4ccccc34)s2)c1,380.42900000000003,4.104700000000002,6,3,True,7.96
CHEMBL3742199,CCCc1c(O)ccc2c(-c3cnc(-c4ccc(C(=O)O)c(F)c4)s3)n[nH]c12,7.96,IC50,11.0,CHEMBL1921666,S. aureus,GyrB,CCCc1c(O)ccc2c(-c3cnc(-c4ccc(C(=O)O)c(F)c4)s3)n[nH]c12,c1ccc(-c2ncc(-c3n[nH]c4ccccc34)s2)cc1,397.43100000000004,4.848800000000002,5,3,True,7.96
CHEMBL3735577,CCNC(=O)Nc1cn(-c2ncccn2)c2cc(-c3ccn(C)c(=O)c3)cnc12,7.92,IC50,12.0,CHEMBL1921666,S. aureus,GyrB,CCNC(=O)Nc1cn(-c2ncccn2)c2cc(-c3ccn(C)c(=O)c3)cnc12,O=c1cc(-c2cnc3ccn(-c4ncccn4)c3c2)cc[nH]1,389.4190000000001,2.3226000000000004,5,2,True,7.92
CHEMBL3741475,CCCc1cccc2c(-c3cnc(-c4cnc(C(=O)O)cc4C)s3)n[nH]c12,7.92,IC50,12.0,CHEMBL1921666,S. aureus,GyrB,CCCc1cccc2c(-c3cnc(-c4cnc(C(=O)O)cc4C)s3)n[nH]c12,c1cncc(-c2ncc(-c3n[nH]c4ccccc34)s2)c1,378.45700000000005,4.707520000000003,5,2,True,7.92
CHEMBL3736056,CCNC(=O)Nc1cn(-c2ncc(C)cn2)c2cc(-c3ccn(C)c(=O)c3)cnc12,7.89,IC50,13.0,CHEMBL1921666,S. aureus,GyrB,CCNC(=O)Nc1cn(-c2ncc(C)cn2)c2cc(-c3ccn(C)c(=O)c3)cnc12,O=c1cc(-c2cnc3ccn(-c4ncccn4)c3c2)cc[nH]1,403.44600000000014,2.6310200000000012,5,2,True,7.89
CHEMBL3739628,CCCc1c(O)ccc2c(-c3cnc(-c4cnc(C(=O)O)c(O)c4)s3)n[nH]c12,7.89,IC50,13.0,CHEMBL1921666,S. aureus,GyrB,CCCc1c(O)ccc2c(-c3cnc(-c4cnc(C(=O)O)c(O)c4)s3)n[nH]c12,c1cncc(-c2ncc(-c3n[nH]c4ccccc34)s2)c1,396.42800000000005,3.8103000000000016,7,4,True,7.89
CHEMBL3741905,O=C(O)c1ccc(-c2ncc(-c3n[nH]c4c(CC5CC5)cccc34)s2)cn1,7.89,IC50,13.0,CHEMBL1921666,S. aureus,GyrB,O=C(O)c1ccc(-c2ncc(-c3n[nH]c4c(CC5CC5)cccc34)s2)cn1,c1cncc(-c2ncc(-c3n[nH]c4c(CC5CC5)cccc34)s2)c1,376.4410000000001,4.3991000000000025,5,2,True,7.89
CHEMBL3810056,CCCn1c(=O)ccc2c(-c3cnc(-c4ccc(C(=O)NCCN5CCOCC5)nc4)s3)n[nH]c21,7.89,IC50,13.0,CHEMBL1921666,S. aureus,GyrB,CCCn1c(=O)ccc2c(-c3cnc(-c4ccc(C(=O)NCCN5CCOCC5)nc4)s3)n[nH]c21,O=C(NCCN1CCOCC1)c1ccc(-c2ncc(-c3n[nH]c4[nH]c(=O)ccc34)s2)cn1,493.5930000000003,2.3820999999999994,8,2,True,7.89
CHEMBL3808760,CCCn1c(=O)ccc2c(-c3nc(C(=O)N(C)C)c(-c4cccnc4)s3)n[nH]c21,7.89,IC50,13.0,CHEMBL1921666,S. aureus,GyrB,CCCn1c(=O)ccc2c(-c3nc(C(=O)N(C)C)c(-c4cccnc4)s3)n[nH]c21,O=c1ccc2c(-c3ncc(-c4cccnc4)s3)n[nH]c2[nH]1,408.487,3.0219000000000005,6,1,True,7.89
CHEMBL3235096,CCNC(=O)Nc1cc(-c2nc(C(F)(F)F)cs2)c(-c2cncc(-c3noc(=O)[nH]3)c2)cn1,7.85,IC50,14.0,CHEMBL1921666,S. aureus,GyrB,CCNC(=O)Nc1cc(-c2nc(C(F)(F)F)cs2)c(-c2cncc(-c3noc(=O)[nH]3)c2)cn1,O=c1[nH]c(-c2cncc(-c3cnccc3-c3nccs3)c2)no1,477.4280000000001,3.7706000000000017,8,3,True,7.85
CHEMBL3314534,Cc1[nH]c(C(=O)N[C@@H]2CCN(c3ncc(C(=O)O)s3)C[C@@H]2C)c(Cl)c1Cl,7.85,IC50,14.0,CHEMBL1921666,S. aureus,GyrB,Cc1[nH]c(C(=O)N[C@@H]2CCN(c3ncc(C(=O)O)s3)C[C@@H]2C)c(Cl)c1Cl,O=C(NC1CCN(c2nccs2)CC1)c1ccc[nH]1,417.3180000000001,3.429420000000002,5,3,True,7.85
CHEMBL3314541,COC1(OC)CN(c2ncc(C(=O)O)s2)CC[C@H]1NC(=O)c1[nH]c(C)c(Cl)c1Cl,7.85,IC50,14.0,CHEMBL1921666,S. aureus,GyrB,COC1(OC)CN(c2ncc(C(=O)O)s2)CC[C@H]1NC(=O)c1[nH]c(C)c(Cl)c1Cl,O=C(NC1CCN(c2nccs2)CC1)c1ccc[nH]1,463.3430000000002,2.78242,7,3,True,7.85
CHEMBL3741327,CCCc1cccc2c(-c3cnc(-c4cnc(C(=O)O)c(OC)c4)s3)n[nH]c12,7.85,IC50,14.0,CHEMBL1921666,S. aureus,GyrB,CCCc1cccc2c(-c3cnc(-c4cnc(C(=O)O)c(OC)c4)s3)n[nH]c12,c1cncc(-c2ncc(-c3n[nH]c4ccccc34)s2)c1,394.4560000000001,4.407700000000003,6,2,True,7.85
CHEMBL4286232,CCNC(=O)Nc1cc(-c2nc(C(F)(F)F)cs2)c(-c2cc3ncccc3nc2N2CC3CCCC(C2)N3)cn1,7.85,IC50,14.0,CHEMBL1826,E. coli,GyrB,CCNC(=O)Nc1cc(-c2nc(C(F)(F)F)cs2)c(-c2cc3ncccc3nc2N2CC3CCCC(C2)N3)cn1,c1cnc2cc(-c3cnccc3-c3nccs3)c(N3CC4CCCC(C3)N4)nc2c1,568.6290000000001,5.306200000000005,8,3,True,7.85
CHEMBL3314542,Cc1[nH]c(C(=O)N[C@@H]2CCN(c3ncc(C(=O)O)s3)CC23OCCO3)c(Cl)c1Cl,7.82,IC50,15.0,CHEMBL1921666,S. aureus,GyrB,Cc1[nH]c(C(=O)N[C@@H]2CCN(c3ncc(C(=O)O)s3)CC23OCCO3)c(Cl)c1Cl,O=C(NC1CCN(c2nccs2)CC12OCCO2)c1ccc[nH]1,461.3270000000002,2.5364200000000015,7,3,True,7.82
CHEMBL3735121,CCNC(=O)Nc1cn(-c2ncc(C)c(CCCC(=O)O)n2)c2cc(-c3cccnc3)cnc12,7.82,IC50,15.0,CHEMBL1921666,S. aureus,GyrB,CCNC(=O)Nc1cn(-c2ncc(C)c(CCCC(=O)O)n2)c2cc(-c3cccnc3)cnc12,c1cnc(-n2ccc3ncc(-c4cccnc4)cc32)nc1,459.5100000000001,3.7346200000000023,6,3,True,7.82
CHEMBL3739780,CCCc1cccc2c(-c3cnc(-c4ccc(CO)nc4)s3)n[nH]c12,7.82,IC50,15.0,CHEMBL1921666,S. aureus,GyrB,CCCc1cccc2c(-c3cnc(-c4ccc(CO)nc4)s3)n[nH]c12,c1cncc(-c2ncc(-c3n[nH]c4ccccc34)s2)c1,350.447,4.193200000000003,5,2,True,7.82
CHEMBL3739580,CCCc1c(OC)ccc2c(-c3cnc(-c4ccc(C(=O)O)c(F)c4)s3)n[nH]c12,7.82,IC50,15.0,CHEMBL1921666,S. aureus,GyrB,CCCc1c(OC)ccc2c(-c3cnc(-c4ccc(C(=O)O)c(F)c4)s3)n[nH]c12,c1ccc(-c2ncc(-c3n[nH]c4ccccc34)s2)cc1,411.458,5.151800000000003,5,2,True,7.82
CHEMBL3808603,CCCn1c(=O)ccc2c(-c3cnc(-c4ccc(N(C)C)nc4)s3)n[nH]c21,7.82,IC50,15.0,CHEMBL1921666,S. aureus,GyrB,CCCn1c(=O)ccc2c(-c3cnc(-c4ccc(N(C)C)nc4)s3)n[nH]c21,O=c1ccc2c(-c3cnc(-c4cccnc4)s3)n[nH]c2[nH]1,380.47700000000003,3.3861000000000017,6,1,True,7.82
CHEMBL3809114,CCCn1c(=O)ccc2c(-c3cnc(-c4ccc(C(=O)OC)nc4)s3)n[nH]c21,7.82,IC50,15.0,CHEMBL1921666,S. aureus,GyrB,CCCn1c(=O)ccc2c(-c3cnc(-c4ccc(C(=O)OC)nc4)s3)n[nH]c21,O=c1ccc2c(-c3cnc(-c4cccnc4)s3)n[nH]c2[nH]1,395.4440000000001,3.106700000000001,7,1,True,7.82
CHEMBL3314529,Cc1[nH]c(C(=O)N[C@@H]2CCN(c3ncc(C(=O)O)s3)C[C@@H]2O)c(Cl)c1Cl,7.8,IC50,16.0,CHEMBL1921666,S. aureus,GyrB,Cc1[nH]c(C(=O)N[C@@H]2CCN(c3ncc(C(=O)O)s3)C[C@@H]2O)c(Cl)c1Cl,O=C(NC1CCN(c2nccs2)CC1)c1ccc[nH]1,419.2900000000001,2.154220000000001,6,4,True,7.8
CHEMBL1275840,CO[C@@H]1[C@@H](OC(=O)c2ccc(C)[nH]2)[C@@H](O)[C@H](Oc2ccc3c(O)c(NC(=O)c4cc(C)c(O)c(C)c4)c(=O)oc3c2Cl)OC1(C)C,7.77,IC50,17.0,CHEMBL1826,E. coli,GyrB,CO[C@@H]1[C@@H](OC(=O)c2ccc(C)[nH]2)[C@@H](O)[C@H](Oc2ccc3c(O)c(NC(=O)c4cc(C)c(O)c(C)c4)c(=O)oc3c2Cl)OC1(C)C,O=C(Nc1cc2ccc(OC3CC(OC(=O)c4ccc[nH]4)CCO3)cc2oc1=O)c1ccccc1,657.0720000000001,4.478460000000003,11,5,True,7.77
CHEMBL3314536,Cc1[nH]c(C(=O)N[C@@H]2CCN(c3ncc(C(=O)O)s3)C[C@@H]2CO)c(Cl)c1Cl,7.75,IC50,18.0,CHEMBL1921666,S. aureus,GyrB,Cc1[nH]c(C(=O)N[C@@H]2CCN(c3ncc(C(=O)O)s3)C[C@@H]2CO)c(Cl)c1Cl,O=C(NC1CCN(c2nccs2)CC1)c1ccc[nH]1,433.3170000000001,2.401820000000001,6,4,True,7.75
CHEMBL3735336,CCNC(=O)Nc1cn(-c2ncc(C#N)cn2)c2cc(-c3cccnc3)cnc12,7.75,IC50,18.0,CHEMBL1921666,S. aureus,GyrB,CCNC(=O)Nc1cn(-c2ncc(C#N)cn2)c2cc(-c3cccnc3)cnc12,c1cnc(-n2ccc3ncc(-c4cccnc4)cc32)nc1,384.4030000000001,2.8905800000000017,6,2,True,7.75
CHEMBL1275843,CCCc1cc(C(=O)Nc2c(O)c3ccc(O[C@@H]4OC(C)(C)[C@H](OC)[C@@H](OC(=O)c5ccc(C)[nH]5)[C@H]4O)c(C)c3oc2=O)ccc1O,7.72,IC50,19.0,CHEMBL1826,E. coli,GyrB,CCCc1cc(C(=O)Nc2c(O)c3ccc(O[C@@H]4OC(C)(C)[C@H](OC)[C@@H](OC(=O)c5ccc(C)[nH]5)[C@H]4O)c(C)c3oc2=O)ccc1O,O=C(Nc1cc2ccc(OC3CC(OC(=O)c4ccc[nH]4)CCO3)cc2oc1=O)c1ccccc1,650.6810000000003,4.469140000000005,11,5,True,7.72
CHEMBL1923433,Cc1[nH]c(C(=O)NC2CCN(c3ncc(C(=O)O)s3)CC2)c(Cl)c1Cl,7.7,IC50,20.0,CHEMBL1921666,S. aureus,GyrB,Cc1[nH]c(C(=O)NC2CCN(c3ncc(C(=O)O)s3)CC2)c(Cl)c1Cl,O=C(NC1CCN(c2nccs2)CC1)c1ccc[nH]1,403.29100000000017,3.1834200000000017,5,3,True,7.7
CHEMBL1923434,Cc1[nH]c(C(=O)NC2CCN(c3nc(C(=O)O)cs3)CC2)c(Cl)c1Cl,7.7,IC50,20.0,CHEMBL1921666,S. aureus,GyrB,Cc1[nH]c(C(=O)NC2CCN(c3nc(C(=O)O)cs3)CC2)c(Cl)c1Cl,O=C(NC1CCN(c2nccs2)CC1)c1ccc[nH]1,403.29100000000017,3.1834200000000017,5,3,True,7.7
CHEMBL3739684,CCCc1cccc2c(-c3cnc(-c4ccc(C(=O)NCCN5CCCCC5)nc4)s3)n[nH]c12,7.7,IC50,20.0,CHEMBL1921666,S. aureus,GyrB,CCCc1cccc2c(-c3cnc(-c4ccc(C(=O)NCCN5CCCCC5)nc4)s3)n[nH]c12,O=C(NCCN1CCCCC1)c1ccc(-c2ncc(-c3n[nH]c4ccccc34)s2)cn1,474.6340000000003,4.916600000000004,6,2,True,7.7
CHEMBL3809316,CCn1c(=O)ccc2c(-c3cnc(-c4cccnc4)s3)n[nH]c21,7.7,IC50,20.0,CHEMBL1921666,S. aureus,GyrB,CCn1c(=O)ccc2c(-c3cnc(-c4cccnc4)s3)n[nH]c21,O=c1ccc2c(-c3cnc(-c4cccnc4)s3)n[nH]c2[nH]1,323.38100000000003,2.9300000000000006,5,1,True,7.7
CHEMBL1275844,CO[C@@H]1[C@@H](OC(=O)c2ccc(C)[nH]2)[C@@H](O)[C@H](Oc2ccc3c(O)c(NC(=O)c4ccc(SC)cc4)c(=O)oc3c2Cl)OC1(C)C,7.7,IC50,20.0,CHEMBL1826,E. coli,GyrB,CO[C@@H]1[C@@H](OC(=O)c2ccc(C)[nH]2)[C@@H](O)[C@H](Oc2ccc3c(O)c(NC(=O)c4ccc(SC)cc4)c(=O)oc3c2Cl)OC1(C)C,O=C(Nc1cc2ccc(OC3CC(OC(=O)c4ccc[nH]4)CCO3)cc2oc1=O)c1ccccc1,659.113,4.877920000000004,11,4,True,7.7
CHEMBL1275884,COc1cc(C(=O)Nc2c(O)c3ccc(O[C@@H]4OC(C)(C)[C@H](OC)[C@@H](OC(=O)c5ccc(C)[nH]5)[C@H]4O)c(Cl)c3oc2=O)ccc1O,7.66,IC50,22.0,CHEMBL1826,E. coli,GyrB,COc1cc(C(=O)Nc2c(O)c3ccc(O[C@@H]4OC(C)(C)[C@H](OC)[C@@H](OC(=O)c5ccc(C)[nH]5)[C@H]4O)c(Cl)c3oc2=O)ccc1O,O=C(Nc1cc2ccc(OC3CC(OC(=O)c4ccc[nH]4)CCO3)cc2oc1=O)c1ccccc1,659.0440000000002,3.870220000000003,12,5,True,7.66
CHEMBL2059377,CCNC(=O)c1cc2c(-n3ccc(C(F)(F)F)n3)c(-c3cncc(C#N)c3)cnc2[nH]1,7.64,IC50,23.0,CHEMBL1921666,S. aureus,GyrB,CCNC(=O)c1cc2c(-n3ccc(C(F)(F)F)n3)c(-c3cncc(C#N)c3)cnc2[nH]1,c1cncc(-c2cnc3[nH]ccc3c2-n2cccn2)c1,425.3740000000001,3.450780000000001,5,2,True,7.64
CHEMBL3808784,CCCn1c(=O)ccc2c(-c3cnc(-c4ccc(C(C)C)nc4)s3)n[nH]c21,7.64,IC50,23.0,CHEMBL1921666,S. aureus,GyrB,CCCn1c(=O)ccc2c(-c3cnc(-c4ccc(C(C)C)nc4)s3)n[nH]c21,O=c1ccc2c(-c3cnc(-c4cccnc4)s3)n[nH]c2[nH]1,379.48900000000003,4.443500000000003,5,1,True,7.64
CHEMBL3329317,CCNC(=O)Nc1cc(Nc2ccc(O)cc2)c(C(=O)Nc2cccnc2)cn1,7.62,IC50,24.0,CHEMBL1921666,S. aureus,GyrB,CCNC(=O)Nc1cc(Nc2ccc(O)cc2)c(C(=O)Nc2cccnc2)cn1,O=C(Nc1cccnc1)c1cnccc1Nc1ccccc1,392.4190000000001,3.3195000000000006,6,5,True,7.62
CHEMBL3736376,CCNC(=O)Nc1cn(-c2ncc(Cl)cn2)c2cc(-c3cnc(C#N)nc3)cnc12,7.6,IC50,25.0,CHEMBL1921666,S. aureus,GyrB,CCNC(=O)Nc1cn(-c2ncc(Cl)cn2)c2cc(-c3cnc(C#N)nc3)cnc12,c1cnc(-n2ccc3ncc(-c4cncnc4)cc32)nc1,419.8360000000001,2.9389800000000017,7,2,True,7.6
CHEMBL3741416,CCCc1cccc2c(-c3cnc(-c4ccc(CC(=O)O)nc4)s3)n[nH]c12,7.6,IC50,25.0,CHEMBL1921666,S. aureus,GyrB,CCCc1cccc2c(-c3cnc(-c4ccc(CC(=O)O)nc4)s3)n[nH]c12,c1cncc(-c2ncc(-c3n[nH]c4ccccc34)s2)c1,378.457,4.328000000000003,5,2,True,7.6
CHEMBL1275845,COc1cc(C(=O)Nc2c(O)c3ccc(O[C@@H]4OC(C)(C)[C@H](OC)[C@@H](OC(=O)c5ccc(C)[nH]5)[C@H]4O)c(C)c3oc2=O)ccc1O,7.6,IC50,25.0,CHEMBL1826,E. coli,GyrB,COc1cc(C(=O)Nc2c(O)c3ccc(O[C@@H]4OC(C)(C)[C@H](OC)[C@@H](OC(=O)c5ccc(C)[nH]5)[C@H]4O)c(C)c3oc2=O)ccc1O,O=C(Nc1cc2ccc(OC3CC(OC(=O)c4ccc[nH]4)CCO3)cc2oc1=O)c1ccccc1,638.6260000000002,3.5252400000000024,12,5,True,7.6
CHEMBL3740656,CCCc1cccc2c(-c3cnc(-c4ccc(C(=O)OC)nc4)s3)n[nH]c12,7.54,IC50,29.0,CHEMBL1921666,S. aureus,GyrB,CCCc1cccc2c(-c3cnc(-c4ccc(C(=O)OC)nc4)s3)n[nH]c12,c1cncc(-c2ncc(-c3n[nH]c4ccccc34)s2)c1,378.45700000000005,4.487500000000003,6,1,True,7.54
CHEMBL1923431,Cc1[nH]c(C(=O)NC2CCN(c3cc(C(N)=O)cc(Cl)n3)CC2)c(Cl)c1Cl,7.52,IC50,30.0,CHEMBL1921666,S. aureus,GyrB,Cc1[nH]c(C(=O)NC2CCN(c3cc(C(N)=O)cc(Cl)n3)CC2)c(Cl)c1Cl,O=C(NC1CCN(c2ccccn2)CC1)c1ccc[nH]1,430.7230000000002,3.176020000000001,4,3,True,7.52
CHEMBL3235084,CCNC(=O)Nc1cc(-c2nc(C(C)(C)C)cs2)c(-c2cncc(C(=O)O)c2)cn1,7.52,IC50,30.0,CHEMBL1921666,S. aureus,GyrB,CCNC(=O)Nc1cc(-c2nc(C(C)(C)C)cs2)c(-c2cncc(C(=O)O)c2)cn1,c1cncc(-c2cnccc2-c2nccs2)c1,425.5140000000001,4.404200000000003,6,3,True,7.52
CHEMBL1275886,CO[C@@H]1[C@@H](OC(=O)c2ccc(C)[nH]2)[C@@H](O)[C@H](Oc2ccc3c(O)c(NC(=O)/C=C/c4ccc(O)c(Cl)c4)c(=O)oc3c2Cl)OC1(C)C,7.5,IC50,32.0,CHEMBL1826,E. coli,GyrB,CO[C@@H]1[C@@H](OC(=O)c2ccc(C)[nH]2)[C@@H](O)[C@H](Oc2ccc3c(O)c(NC(=O)/C=C/c4ccc(O)c(Cl)c4)c(=O)oc3c2Cl)OC1(C)C,O=C(C=Cc1ccccc1)Nc1cc2ccc(OC3CC(OC(=O)c4ccc[nH]4)CCO3)cc2oc1=O,689.5010000000001,4.914620000000004,11,5,True,7.5
CHEMBL3903891,O=C(O)CCC(=O)Nc1ccc2nc(NC(=O)c3cc(Br)c(Br)[nH]3)sc2c1,7.48,IC50,33.0,CHEMBL1826,E. coli,GyrB,O=C(O)CCC(=O)Nc1ccc2nc(NC(=O)c3cc(Br)c(Br)[nH]3)sc2c1,O=C(Nc1nc2ccccc2s1)c1ccc[nH]1,516.171,4.205000000000002,5,4,True,7.48
CHEMBL1275883,C=CCc1cc(C(=O)Nc2c(O)c3ccc(O[C@@H]4OC(C)(C)[C@H](OC)[C@@H](OC(=O)c5ccc(C)[nH]5)[C@H]4O)c(C)c3oc2=O)ccc1O,7.47,IC50,34.0,CHEMBL1826,E. coli,GyrB,C=CCc1cc(C(=O)Nc2c(O)c3ccc(O[C@@H]4OC(C)(C)[C@H](OC)[C@@H](OC(=O)c5ccc(C)[nH]5)[C@H]4O)c(C)c3oc2=O)ccc1O,O=C(Nc1cc2ccc(OC3CC(OC(=O)c4ccc[nH]4)CCO3)cc2oc1=O)c1ccccc1,648.6650000000003,4.245140000000004,11,5,True,7.47
CHEMBL1275846,CO[C@@H]1[C@@H](OC(=O)c2ccc(C)[nH]2)[C@@H](O)[C@H](Oc2ccc3c(O)c(NC(=O)/C=C/c4ccccc4)c(=O)oc3c2Cl)OC1(C)C,7.47,IC50,34.0,CHEMBL1826,E. coli,GyrB,CO[C@@H]1[C@@H](OC(=O)c2ccc(C)[nH]2)[C@@H](O)[C@H](Oc2ccc3c(O)c(NC(=O)/C=C/c4ccccc4)c(=O)oc3c2Cl)OC1(C)C,O=C(C=Cc1ccccc1)Nc1cc2ccc(OC3CC(OC(=O)c4ccc[nH]4)CCO3)cc2oc1=O,639.057,4.555620000000003,10,4,True,7.47
CHEMBL1923438,Cc1[nH]c(C(=O)N[C@H]2CCN(c3ncc(C(=O)O)s3)C[C@H]2F)c(Cl)c1Cl,7.46,IC50,35.0,CHEMBL1921666,S. aureus,GyrB,Cc1[nH]c(C(=O)N[C@H]2CCN(c3ncc(C(=O)O)s3)C[C@H]2F)c(Cl)c1Cl,O=C(NC1CCN(c2nccs2)CC1)c1ccc[nH]1,421.28100000000006,3.131420000000001,5,3,True,7.46
CHEMBL3809242,CCn1c(=O)c(C)cc2c(-c3cnc(-c4cccnc4)s3)n[nH]c21,7.46,IC50,35.0,CHEMBL1921666,S. aureus,GyrB,CCn1c(=O)c(C)cc2c(-c3cnc(-c4cccnc4)s3)n[nH]c21,O=c1ccc2c(-c3cnc(-c4cccnc4)s3)n[nH]c2[nH]1,337.408,3.2384200000000014,5,1,True,7.46
CHEMBL578362,CCNC(=O)Nc1cn2c(-c3ncc(C)cn3)cc(-c3cncnc3)cc2n1,7.44,IC50,36.0,CHEMBL1075021,S. pneumoniae,GyrB,CCNC(=O)Nc1cn2c(-c3ncc(C)cn3)cc(-c3cncnc3)cc2n1,c1cnc(-c2cc(-c3cncnc3)cc3nccn23)nc1,374.4080000000001,2.698120000000001,6,2,True,7.44
CHEMBL3898662,O=C(O)C(=O)Nc1nc2ccc(NC(=O)c3cc(Br)c(Br)[nH]3)cc2s1,7.42,IC50,38.0,CHEMBL1826,E. coli,GyrB,O=C(O)C(=O)Nc1nc2ccc(NC(=O)c3cc(Br)c(Br)[nH]3)cc2s1,O=C(Nc1ccc2ncsc2c1)c1ccc[nH]1,488.1170000000001,3.4248000000000003,5,4,True,7.42
CHEMBL2059373,O=C(O)c1cncc(-c2cnc3[nH]c(C(=O)NC4CC4)cc3c2-n2ccc(C(F)(F)F)n2)c1,7.41,IC50,39.0,CHEMBL1921666,S. aureus,GyrB,O=C(O)c1cncc(-c2cnc3[nH]c(C(=O)NC4CC4)cc3c2-n2ccc(C(F)(F)F)n2)c1,O=C(NC1CC1)c1cc2c(-n3cccn3)c(-c3cccnc3)cnc2[nH]1,456.3840000000002,3.4198000000000013,5,3,True,7.41
CHEMBL3235078,CCNC(=O)Nc1ccc(-c2nc3cccc(C(N)=O)c3s2)cn1,7.41,IC50,39.0,CHEMBL1921666,S. aureus,GyrB,CCNC(=O)Nc1ccc(-c2nc3cccc(C(N)=O)c3s2)cn1,c1cncc(-c2nc3ccccc3s2)c1,341.396,2.5986000000000002,5,3,True,7.41
CHEMBL3329319,CCNC(=O)Nc1cc(Nc2ccc(OC)cc2OC)c(C(=O)Nc2cccnc2)cn1,7.39,IC50,41.0,CHEMBL1921666,S. aureus,GyrB,CCNC(=O)Nc1cc(Nc2ccc(OC)cc2OC)c(C(=O)Nc2cccnc2)cn1,O=C(Nc1cccnc1)c1cnccc1Nc1ccccc1,436.47200000000015,3.6311000000000018,7,4,True,7.39
CHEMBL1275842,CO[C@@H]1[C@@H](OC(=O)c2ccc(C)[nH]2)[C@@H](O)[C@H](Oc2ccc3c(O)c(NC(=O)c4ccc(O)c(NC(=O)C(C)C)c4)c(=O)oc3c2Cl)OC1(C)C,7.39,IC50,41.0,CHEMBL1826,E. coli,GyrB,CO[C@@H]1[C@@H](OC(=O)c2ccc(C)[nH]2)[C@@H](O)[C@H](Oc2ccc3c(O)c(NC(=O)c4ccc(O)c(NC(=O)C(C)C)c4)c(=O)oc3c2Cl)OC1(C)C,O=C(Nc1cc2ccc(OC3CC(OC(=O)c4ccc[nH]4)CCO3)cc2oc1=O)c1ccccc1,714.124,4.456120000000002,12,6,True,7.39
CHEMBL3736517,CCNC(=O)Nc1cn(-c2nccc(CCCO)n2)c2cc(-c3cccnc3)cnc12,7.38,IC50,42.0,CHEMBL1921666,S. aureus,GyrB,CCNC(=O)Nc1cn(-c2nccc(CCCO)n2)c2cc(-c3cccnc3)cnc12,c1cnc(-n2ccc3ncc(-c4cccnc4)cc32)nc1,417.47300000000007,2.9438000000000013,6,3,True,7.38
CHEMBL1275891,COc1cc(/C=C/C(=O)Nc2c(O)c3ccc(O[C@@H]4OC(C)(C)[C@H](OC)[C@@H](OC(=O)c5ccc(C)[nH]5)[C@H]4O)c(Cl)c3oc2=O)ccc1O,7.37,IC50,43.0,CHEMBL1826,E. coli,GyrB,COc1cc(/C=C/C(=O)Nc2c(O)c3ccc(O[C@@H]4OC(C)(C)[C@H](OC)[C@@H](OC(=O)c5ccc(C)[nH]5)[C@H]4O)c(Cl)c3oc2=O)ccc1O,O=C(C=Cc1ccccc1)Nc1cc2ccc(OC3CC(OC(=O)c4ccc[nH]4)CCO3)cc2oc1=O,685.0820000000002,4.269820000000005,12,5,True,7.37
CHEMBL1275887,CO[C@@H]1[C@@H](OC(=O)c2ccc(C)[nH]2)[C@@H](O)[C@H](Oc2ccc3c(O)c(NC(=O)c4ccc(N)c(C)c4)c(=O)oc3c2C)OC1(C)C,7.36,IC50,44.0,CHEMBL1826,E. coli,GyrB,CO[C@@H]1[C@@H](OC(=O)c2ccc(C)[nH]2)[C@@H](O)[C@H](Oc2ccc3c(O)c(NC(=O)c4ccc(N)c(C)c4)c(=O)oc3c2C)OC1(C)C,O=C(Nc1cc2ccc(OC3CC(OC(=O)c4ccc[nH]4)CCO3)cc2oc1=O)c1ccccc1,621.6430000000001,3.701660000000002,11,5,True,7.36
CHEMBL568020,CCNC(=O)Nc1cn2c(-c3ncccn3)cc(-c3ccc(C)nc3)cc2n1,7.36,IC50,44.0,CHEMBL1075021,S. pneumoniae,GyrB,CCNC(=O)Nc1cn2c(-c3ncccn3)cc(-c3ccc(C)nc3)cc2n1,c1cnc(-c2cc(-c3cccnc3)cc3nccn23)nc1,373.4200000000001,3.3031200000000025,5,2,True,7.36
CHEMBL3736023,CCNC(=O)Nc1cn(-c2ncc(CC)cn2)c2cc(-c3cccnc3)cnc12,7.34,IC50,46.0,CHEMBL1921666,S. aureus,GyrB,CCNC(=O)Nc1cn(-c2ncc(CC)cn2)c2cc(-c3cccnc3)cnc12,c1cnc(-n2ccc3ncc(-c4cccnc4)cc32)nc1,387.44700000000006,3.5813000000000033,5,2,True,7.34
CHEMBL3736253,CCNC(=O)Nc1cn(-c2ncc(C)c(CCC(=O)O)n2)c2cc(-c3cccnc3)cnc12,7.32,IC50,48.0,CHEMBL1921666,S. aureus,GyrB,CCNC(=O)Nc1cn(-c2ncc(C)c(CCC(=O)O)n2)c2cc(-c3cccnc3)cnc12,c1cnc(-n2ccc3ncc(-c4cccnc4)cc32)nc1,445.4830000000001,3.344520000000002,6,3,True,7.32
CHEMBL565765,CCNC(=O)Nc1cn2c(-c3ncccn3)cc(-c3cccnc3)cc2n1,7.32,IC50,48.0,CHEMBL1075021,S. pneumoniae,GyrB,CCNC(=O)Nc1cn2c(-c3ncccn3)cc(-c3cccnc3)cc2n1,c1cnc(-c2cc(-c3cccnc3)cc3nccn23)nc1,359.39300000000003,2.9947000000000017,5,2,True,7.32
CHEMBL3742250,CCCc1cccc2c(-c3cnc(-c4ccc(C(=O)O)cn4)s3)n[nH]c12,7.31,IC50,49.0,CHEMBL1921666,S. aureus,GyrB,CCCc1cccc2c(-c3cnc(-c4ccc(C(=O)O)cn4)s3)n[nH]c12,c1ccc(-c2ncc(-c3n[nH]c4ccccc34)s2)nc1,364.43,4.399100000000003,5,2,True,7.31
CHEMBL1923435,CONC(=O)c1cnc(N2CCC(NC(=O)c3[nH]c(C)c(Cl)c3Cl)CC2)s1,7.3,IC50,50.0,CHEMBL1921666,S. aureus,GyrB,CONC(=O)c1cnc(N2CCC(NC(=O)c3[nH]c(C)c(Cl)c3Cl)CC2)s1,O=C(NC1CCN(c2nccs2)CC1)c1ccc[nH]1,432.3330000000002,2.7764200000000017,6,3,True,7.3
CHEMBL1275889,CO[C@@H]1[C@@H](OC(=O)c2ccc(C)[nH]2)[C@@H](O)[C@H](Oc2ccc3c(O)c(NC(=O)c4ccccc4)c(=O)oc3c2)OC1(C)C,7.3,IC50,50.0,CHEMBL1826,E. coli,GyrB,CO[C@@H]1[C@@H](OC(=O)c2ccc(C)[nH]2)[C@@H](O)[C@H](Oc2ccc3c(O)c(NC(=O)c4ccccc4)c(=O)oc3c2)OC1(C)C,O=C(Nc1cc2ccc(OC3CC(OC(=O)c4ccc[nH]4)CCO3)cc2oc1=O)c1ccccc1,578.5740000000002,3.502620000000002,10,4,True,7.3
CHEMBL3809061,Cn1c(=O)ccc2c(-c3cnc(-c4cccnc4)s3)n[nH]c21,7.29,IC50,51.0,CHEMBL1921666,S. aureus,GyrB,Cn1c(=O)ccc2c(-c3cnc(-c4cccnc4)s3)n[nH]c21,O=c1ccc2c(-c3cnc(-c4cccnc4)s3)n[nH]c2[nH]1,309.35400000000004,2.4471,5,1,True,7.29
CHEMBL565750,CCNC(=O)Nc1cn2c(-c3ncc(C)cn3)cc(-c3ccn(CC)c(=O)c3)cc2n1,7.29,IC50,51.0,CHEMBL1075021,S. pneumoniae,GyrB,CCNC(=O)Nc1cn2c(-c3ncc(C)cn3)cc(-c3ccn(CC)c(=O)c3)cc2n1,O=c1cc(-c2cc(-c3ncccn3)n3ccnc3c2)cc[nH]1,417.4730000000002,3.0897200000000016,5,2,True,7.29
CHEMBL3235091,CCNC(=O)Nc1cc(-c2nc(C(F)(F)F)cs2)c(-c2cncc(-c3nc(C)no3)c2)cn1,7.28,IC50,52.0,CHEMBL1921666,S. aureus,GyrB,CCNC(=O)Nc1cc(-c2nc(C(F)(F)F)cs2)c(-c2cncc(-c3nc(C)no3)c2)cn1,c1cc(-c2nccs2)c(-c2cncc(-c3ncno3)c2)cn1,475.45600000000013,4.785720000000004,8,2,True,7.28
CHEMBL3741742,CCCOc1nccc2c(-c3cnc(-c4cnc(C(=O)O)cc4C)s3)n[nH]c12,7.28,IC50,52.0,CHEMBL1921666,S. aureus,GyrB,CCCOc1nccc2c(-c3cnc(-c4cnc(C(=O)O)cc4C)s3)n[nH]c12,c1cncc(-c2ncc(-c3n[nH]c4cnccc34)s2)c1,395.4440000000001,3.9388200000000015,7,2,True,7.28
CHEMBL577478,CCNC(=O)Nc1cn2c(-c3ncc(C)cn3)cc(-c3cccnc3)cc2n1,7.28,IC50,53.0,CHEMBL1075021,S. pneumoniae,GyrB,CCNC(=O)Nc1cn2c(-c3ncc(C)cn3)cc(-c3cccnc3)cc2n1,c1cnc(-c2cc(-c3cccnc3)cc3nccn23)nc1,373.4200000000001,3.3031200000000025,5,2,True,7.28
CHEMBL584265,CCNC(=O)Nc1cn2c(-c3nccc(C(=O)OC)n3)cc(-c3cccnc3)cc2n1,7.28,IC50,52.0,CHEMBL1075021,S. pneumoniae,GyrB,CCNC(=O)Nc1cn2c(-c3nccc(C(=O)OC)n3)cc(-c3cccnc3)cc2n1,c1cnc(-c2cc(-c3cccnc3)cc3nccn23)nc1,417.4290000000001,2.7813000000000008,7,2,True,7.28
CHEMBL2152856,CCNC(=O)Nc1nc2cc(-c3cnc(C(C)(C)OP(=O)([O-])[O-])nc3)c(F)c([C@H]3CCCO3)c2[nH]1.[Na+].[Na+],7.27,IC50,54.0,CHEMBL1921666,S. aureus,GyrB,CCNC(=O)Nc1nc2cc(-c3cnc(C(C)(C)OP(=O)([O-])[O-])nc3)c(F)c([C@H]3CCCO3)c2[nH]1.[Na+].[Na+],c1ncc(-c2cc(C3CCCO3)c3[nH]cnc3c2)cn1,552.4110000000003,-3.759699999999996,9,3,True,7.27
CHEMBL3314535,COC[C@H]1CN(c2ncc(C(=O)O)s2)CC[C@H]1NC(=O)c1[nH]c(C)c(Cl)c1Cl,7.27,IC50,54.0,CHEMBL1921666,S. aureus,GyrB,COC[C@H]1CN(c2ncc(C(=O)O)s2)CC[C@H]1NC(=O)c1[nH]c(C)c(Cl)c1Cl,O=C(NC1CCN(c2nccs2)CC1)c1ccc[nH]1,447.34400000000016,3.0559200000000013,6,3,True,7.27
CHEMBL583049,CCNC(=O)Nc1cn2c(-c3ncc(F)cn3)cc(-c3cccnc3)cc2n1,7.25,IC50,56.0,CHEMBL1075021,S. pneumoniae,GyrB,CCNC(=O)Nc1cn2c(-c3ncc(F)cn3)cc(-c3cccnc3)cc2n1,c1cnc(-c2cc(-c3cccnc3)cc3nccn23)nc1,377.3830000000001,3.1338000000000017,5,2,True,7.25
CHEMBL2059197,CCCNC(=O)c1cc2c(-n3ccc(C(F)(F)F)n3)c(-c3cncc(C(=O)O)c3)cnc2[nH]1,7.24,IC50,58.0,CHEMBL1921666,S. aureus,GyrB,CCCNC(=O)c1cc2c(-n3ccc(C(F)(F)F)n3)c(-c3cncc(C(=O)O)c3)cnc2[nH]1,c1cncc(-c2cnc3[nH]ccc3c2-n2cccn2)c1,458.40000000000015,3.6674000000000015,5,3,True,7.24
CHEMBL3908487,O=C(O)C(=O)Nc1ccc2nc(NC(=O)c3cc(Br)c(Br)[nH]3)sc2c1,7.24,IC50,58.0,CHEMBL1826,E. coli,GyrB,O=C(O)C(=O)Nc1ccc2nc(NC(=O)c3cc(Br)c(Br)[nH]3)sc2c1,O=C(Nc1nc2ccccc2s1)c1ccc[nH]1,488.117,3.4248000000000003,5,4,True,7.24
CHEMBL3973476,O=C(O)CCC(=O)Nc1nc2ccc(NC(=O)c3cc(Br)c(Br)[nH]3)cc2s1,7.24,IC50,57.0,CHEMBL1826,E. coli,GyrB,O=C(O)CCC(=O)Nc1nc2ccc(NC(=O)c3cc(Br)c(Br)[nH]3)cc2s1,O=C(Nc1ccc2ncsc2c1)c1ccc[nH]1,516.171,4.205000000000001,5,4,True,7.24
CHEMBL3235083,CCNC(=O)Nc1cc(-c2ccccc2)c(-c2cncc(C(=O)O)c2)cn1,7.22,IC50,60.0,CHEMBL1921666,S. aureus,GyrB,CCNC(=O)Nc1cc(-c2ccccc2)c(-c2cncc(C(=O)O)c2)cn1,c1ccc(-c2ccncc2-c2cccnc2)cc1,362.38900000000007,3.6502000000000017,4,3,True,7.22
CHEMBL3736147,CCNC(=O)Nc1cn(-c2ncc(C)cn2)c2cc(-c3cccnc3)cnc12,7.19,IC50,64.0,CHEMBL1921666,S. aureus,GyrB,CCNC(=O)Nc1cn(-c2ncc(C)cn2)c2cc(-c3cccnc3)cnc12,c1cnc(-n2ccc3ncc(-c4cccnc4)cc32)nc1,373.4200000000001,3.327320000000002,5,2,True,7.19
CHEMBL3735435,CCNC(=O)Nc1cn(-c2ncc(CC)cn2)c2cc(-c3ccn(C)c(=O)c3)cnc12,7.15,IC50,71.0,CHEMBL1921666,S. aureus,GyrB,CCNC(=O)Nc1cn(-c2ncc(CC)cn2)c2cc(-c3ccn(C)c(=O)c3)cnc12,O=c1cc(-c2cnc3ccn(-c4ncccn4)c3c2)cc[nH]1,417.4730000000001,2.8850000000000016,5,2,True,7.15
CHEMBL3235095,CCNC(=O)Nc1cc(-c2nc(C(F)(F)F)cs2)c(-c2cncc(/C(N)=N/O)c2)cn1,7.14,IC50,73.0,CHEMBL1921666,S. aureus,GyrB,CCNC(=O)Nc1cc(-c2nc(C(F)(F)F)cs2)c(-c2cncc(/C(N)=N/O)c2)cn1,c1cncc(-c2cnccc2-c2nccs2)c1,451.4340000000001,3.5218000000000016,7,4,True,7.14
CHEMBL303984,CO[C@@H]1[C@@H](OC(=O)c2ccc(C)[nH]2)[C@@H](O)[C@H](Oc2ccc3c(O)c(NC(=O)c4ccc(O)c(CC=C(C)C)c4)c(=O)oc3c2Cl)OC1(C)C,7.14,IC50,73.0,CHEMBL1826,E. coli,GyrB,CO[C@@H]1[C@@H](OC(=O)c2ccc(C)[nH]2)[C@@H](O)[C@H](Oc2ccc3c(O)c(NC(=O)c4ccc(O)c(CC=C(C)C)c4)c(=O)oc3c2Cl)OC1(C)C,O=C(Nc1cc2ccc(OC3CC(OC(=O)c4ccc[nH]4)CCO3)cc2oc1=O)c1ccccc1,697.1370000000002,5.370320000000004,11,5,True,7.14
CHEMBL1275841,CO[C@@H]1[C@@H](OC(=O)c2ccc(C)[nH]2)[C@@H](O)[C@H](Oc2ccc3c(O)c(NC(=O)c4ccccc4)c(=O)oc3c2Cl)OC1(C)C,7.14,IC50,72.0,CHEMBL1826,E. coli,GyrB,CO[C@@H]1[C@@H](OC(=O)c2ccc(C)[nH]2)[C@@H](O)[C@H](Oc2ccc3c(O)c(NC(=O)c4ccccc4)c(=O)oc3c2Cl)OC1(C)C,O=C(Nc1cc2ccc(OC3CC(OC(=O)c4ccc[nH]4)CCO3)cc2oc1=O)c1ccccc1,613.0190000000001,4.1560200000000025,10,4,True,7.14
CHEMBL1275888,COc1cc(C(=O)Nc2c(O)c3ccc(O[C@@H]4OC(C)(C)[C@H](OC)[C@@H](OC(=O)c5ccc(C)[nH]5)[C@H]4O)cc3oc2=O)ccc1O,7.12,IC50,75.0,CHEMBL1826,E. coli,GyrB,COc1cc(C(=O)Nc2c(O)c3ccc(O[C@@H]4OC(C)(C)[C@H](OC)[C@@H](OC(=O)c5ccc(C)[nH]5)[C@H]4O)cc3oc2=O)ccc1O,O=C(Nc1cc2ccc(OC3CC(OC(=O)c4ccc[nH]4)CCO3)cc2oc1=O)c1ccccc1,624.5990000000003,3.2168200000000016,12,5,True,7.12
CHEMBL578361,CCNC(=O)Nc1cn2c(-c3ncccn3)cc(-c3cncnc3)cc2n1,7.12,IC50,75.0,CHEMBL1075021,S. pneumoniae,GyrB,CCNC(=O)Nc1cn2c(-c3ncccn3)cc(-c3cncnc3)cc2n1,c1cnc(-c2cc(-c3cncnc3)cc3nccn23)nc1,360.38100000000003,2.3897000000000004,6,2,True,7.12
CHEMBL3936261,CCOC(=O)C(=O)Nc1nc2ccc(NC(=O)c3cc(Br)c(Br)[nH]3)cc2s1,7.09,IC50,81.0,CHEMBL1826,E. coli,GyrB,CCOC(=O)C(=O)Nc1nc2ccc(NC(=O)c3cc(Br)c(Br)[nH]3)cc2s1,O=C(Nc1ccc2ncsc2c1)c1ccc[nH]1,516.171,3.9033000000000015,6,3,True,7.09
CHEMBL4166507,O=C(O)CNC(=O)c1ccc(NC(=O)c2cc(Br)c(Br)[nH]2)cc1OCc1ccccc1,7.06,IC50,88.0,CHEMBL1826,E. coli,GyrB,O=C(O)CNC(=O)c1ccc(NC(=O)c2cc(Br)c(Br)[nH]2)cc1OCc1ccccc1,O=C(Nc1cccc(OCc2ccccc2)c1)c1ccc[nH]1,551.1910000000001,4.185400000000001,4,4,True,7.06
CHEMBL3734860,CCNC(=O)Nc1cn(-c2ncc(Cl)cn2)c2cc(-c3cccnc3)cnc12,7.04,IC50,92.0,CHEMBL1921666,S. aureus,GyrB,CCNC(=O)Nc1cn(-c2ncc(Cl)cn2)c2cc(-c3cccnc3)cnc12,c1cnc(-n2ccc3ncc(-c4cccnc4)cc32)nc1,393.8380000000001,3.6723000000000017,5,2,True,7.04
CHEMBL577053,CNC(=O)Nc1cn2c(-c3ncc(C)cn3)cc(-c3cccnc3)cc2n1,7.04,IC50,92.0,CHEMBL1075021,S. pneumoniae,GyrB,CNC(=O)Nc1cn2c(-c3ncc(C)cn3)cc(-c3cccnc3)cc2n1,c1cnc(-c2cc(-c3cccnc3)cc3nccn23)nc1,359.39300000000003,2.9130200000000013,5,2,True,7.04
CHEMBL3735238,CCNC(=O)Nc1cn(-c2ncc(Br)cn2)c2cc(-c3ccn(C)c(=O)c3)cnc12,7.03,IC50,94.0,CHEMBL1921666,S. aureus,GyrB,CCNC(=O)Nc1cn(-c2ncc(Br)cn2)c2cc(-c3ccn(C)c(=O)c3)cnc12,O=c1cc(-c2cnc3ccn(-c4ncccn4)c3c2)cc[nH]1,468.3150000000002,3.0851000000000015,5,2,True,7.03
CHEMBL4162886,Cc1[nH]c(C(=O)Nc2ccc(C(=O)N[C@@H](C)C(=O)O)cc2OC(C)C)c(Cl)c1Cl,7.03,IC50,93.0,CHEMBL1921666,S. aureus,GyrB,Cc1[nH]c(C(=O)Nc2ccc(C(=O)N[C@@H](C)C(=O)O)cc2OC(C)C)c(Cl)c1Cl,O=C(Nc1ccccc1)c1ccc[nH]1,442.2990000000002,3.872320000000002,4,4,True,7.03
CHEMBL568021,CCNC(=O)Nc1cn2c(-c3ncc(C)cn3)cc(-c3ccc(C)nc3)cc2n1,7.02,IC50,96.0,CHEMBL1075021,S. pneumoniae,GyrB,CCNC(=O)Nc1cn2c(-c3ncc(C)cn3)cc(-c3ccc(C)nc3)cc2n1,c1cnc(-c2cc(-c3cccnc3)cc3nccn23)nc1,387.4470000000001,3.6115400000000024,5,2,True,7.02
CHEMBL578149,CCCn1ccc(-c2cc(-c3ncc(C)cn3)n3cc(NC(=O)NCC)nc3c2)cc1=O,7.01,IC50,97.0,CHEMBL1075021,S. pneumoniae,GyrB,CCCn1ccc(-c2cc(-c3ncc(C)cn3)n3cc(NC(=O)NCC)nc3c2)cc1=O,O=c1cc(-c2cc(-c3ncccn3)n3ccnc3c2)cc[nH]1,431.50000000000017,3.47982,5,2,True,7.01
CHEMBL583440,CCNC(=O)Nc1cn2c(-c3ncc(C)cn3)cc(-c3ccn(CC(=O)O)c(=O)c3)cc2n1,7.01,IC50,98.0,CHEMBL1075021,S. pneumoniae,GyrB,CCNC(=O)Nc1cn2c(-c3ncc(C)cn3)cc(-c3ccn(CC(=O)O)c(=O)c3)cc2n1,O=c1cc(-c2cc(-c3ncccn3)n3ccnc3c2)cc[nH]1,447.4550000000002,2.154420000000001,6,3,True,7.01
CHEMBL1923427,Cc1[nH]c(C(=O)NC2CCN(c3cc(C(N)=O)cc(Cl)n3)CC2)cc1Br,7.0,IC50,100.0,CHEMBL1921666,S. aureus,GyrB,Cc1[nH]c(C(=O)NC2CCN(c3cc(C(N)=O)cc(Cl)n3)CC2)cc1Br,O=C(NC1CCN(c2ccccn2)CC1)c1ccc[nH]1,440.72900000000016,2.6317200000000014,4,3,True,7.0
CHEMBL3235076,CCNC(=O)Nc1ccc(-c2nc3cccc(C(=O)O)c3s2)cn1,7.0,IC50,100.0,CHEMBL1921666,S. aureus,GyrB,CCNC(=O)Nc1ccc(-c2nc3cccc(C(=O)O)c3s2)cn1,c1cncc(-c2nc3ccccc3s2)c1,342.38,3.1979000000000015,5,3,True,7.0
CHEMBL1275847,CO[C@@H]1[C@@H](OC(=O)c2ccc(C)[nH]2)[C@@H](O)[C@H](Oc2ccc3c(O)c(NC(=O)/C=C/c4ccccc4)c(=O)oc3c2C)OC1(C)C,6.97,IC50,106.0,CHEMBL1826,E. coli,GyrB,CO[C@@H]1[C@@H](OC(=O)c2ccc(C)[nH]2)[C@@H](O)[C@H](Oc2ccc3c(O)c(NC(=O)/C=C/c4ccccc4)c(=O)oc3c2C)OC1(C)C,O=C(C=Cc1ccccc1)Nc1cc2ccc(OC3CC(OC(=O)c4ccc[nH]4)CCO3)cc2oc1=O,618.639,4.210640000000003,10,4,True,6.97
CHEMBL1923428,Cc1[nH]c(C(=O)NC2CCN(c3cc(C(N)=O)cc(Cl)n3)CC2)cc1Cl,6.96,IC50,110.0,CHEMBL1921666,S. aureus,GyrB,Cc1[nH]c(C(=O)NC2CCN(c3cc(C(N)=O)cc(Cl)n3)CC2)cc1Cl,O=C(NC1CCN(c2ccccn2)CC1)c1ccc[nH]1,396.27800000000013,2.5226200000000008,4,3,True,6.96
CHEMBL1923439,Cc1[nH]c(C(=O)N[C@@H]2CCN(c3ncc(C(=O)O)s3)C[C@H]2F)c(Cl)c1Cl,6.96,IC50,110.0,CHEMBL1921666,S. aureus,GyrB,Cc1[nH]c(C(=O)N[C@@H]2CCN(c3ncc(C(=O)O)s3)C[C@H]2F)c(Cl)c1Cl,O=C(NC1CCN(c2nccs2)CC1)c1ccc[nH]1,421.28100000000006,3.131420000000001,5,3,True,6.96
CHEMBL3314527,CO[C@@H]1CN(c2ncc(C(=O)O)s2)CC[C@H]1NC(=O)c1[nH]c(C)c(Cl)c1Cl,6.96,IC50,110.0,CHEMBL1921666,S. aureus,GyrB,CO[C@@H]1CN(c2ncc(C(=O)O)s2)CC[C@H]1NC(=O)c1[nH]c(C)c(Cl)c1Cl,O=C(NC1CCN(c2nccs2)CC1)c1ccc[nH]1,433.3170000000001,2.80832,6,3,True,6.96
CHEMBL4161729,Cc1[nH]c(C(=O)Nc2ccc(C(=O)N[C@@H](C)C(=O)O)cc2OCCN)c(Cl)c1Cl.Cl,6.96,IC50,110.0,CHEMBL1921666,S. aureus,GyrB,Cc1[nH]c(C(=O)Nc2ccc(C(=O)N[C@@H](C)C(=O)O)cc2OCCN)c(Cl)c1Cl.Cl,O=C(Nc1ccccc1)c1ccc[nH]1,479.7480000000002,2.84442,5,5,True,6.96
CHEMBL1275894,CO[C@@H]1[C@@H](O)[C@@H](OC(=O)c2ccc(C)[nH]2)[C@H](Oc2ccc3c(O)c(NC(=O)c4ccccc4)c(=O)oc3c2Cl)OC1(C)C,6.96,IC50,110.0,CHEMBL1826,E. coli,GyrB,CO[C@@H]1[C@@H](O)[C@@H](OC(=O)c2ccc(C)[nH]2)[C@H](Oc2ccc3c(O)c(NC(=O)c4ccccc4)c(=O)oc3c2Cl)OC1(C)C,O=C(Nc1cc2ccc(OC3OCCCC3OC(=O)c3ccc[nH]3)cc2oc1=O)c1ccccc1,613.0190000000001,4.1560200000000025,10,4,True,6.96
CHEMBL577909,CCNC(=O)Nc1cn2c(-c3nccc(C)n3)cc(-c3cnc(N(C)C)nc3)cc2n1,6.95,IC50,113.0,CHEMBL1075021,S. pneumoniae,GyrB,CCNC(=O)Nc1cn2c(-c3nccc(C)n3)cc(-c3cnc(N(C)C)nc3)cc2n1,c1cnc(-c2cc(-c3cncnc3)cc3nccn23)nc1,417.47700000000015,2.764120000000001,7,2,True,6.95
CHEMBL565776,CCNC(=O)Nc1cn2c(-c3ncc(C)cn3)cc(-c3ccc(OC)nc3)cc2n1,6.93,IC50,117.0,CHEMBL1075021,S. pneumoniae,GyrB,CCNC(=O)Nc1cn2c(-c3ncc(C)cn3)cc(-c3ccc(OC)nc3)cc2n1,c1cnc(-c2cc(-c3cccnc3)cc3nccn23)nc1,403.44600000000014,3.311720000000002,6,2,True,6.93
CHEMBL1275890,CO[C@@H]1[C@@H](OC(=O)c2ccc(C)[nH]2)[C@@H](O)[C@H](Oc2ccc3c(O)c(NC(=O)c4cc(C)c(O)c(C)c4)c(=O)oc3c2)OC1(C)C,6.92,IC50,120.0,CHEMBL1826,E. coli,GyrB,CO[C@@H]1[C@@H](OC(=O)c2ccc(C)[nH]2)[C@@H](O)[C@H](Oc2ccc3c(O)c(NC(=O)c4cc(C)c(O)c(C)c4)c(=O)oc3c2)OC1(C)C,O=C(Nc1cc2ccc(OC3CC(OC(=O)c4ccc[nH]4)CCO3)cc2oc1=O)c1ccccc1,622.6270000000002,3.8250600000000023,11,5,True,6.92
CHEMBL3917118,O=C(O)CC(=O)Nc1ccc2nc(NC(=O)c3cc(Cl)c(Cl)[nH]3)sc2c1,6.92,IC50,120.0,CHEMBL1826,E. coli,GyrB,O=C(O)CC(=O)Nc1ccc2nc(NC(=O)c3cc(Cl)c(Cl)[nH]3)sc2c1,O=C(Nc1nc2ccccc2s1)c1ccc[nH]1,413.24200000000013,3.596700000000001,5,4,True,6.92
CHEMBL36506,CO[C@@H]1[C@@H](OC(N)=O)[C@@H](O)[C@H](Oc2ccc3c(O)c(NC(=O)c4ccc(O)c(CC=C(C)C)c4)c(=O)oc3c2C)OC1(C)C,6.9,IC50,125.0,CHEMBL1921666,S. aureus,GyrB,CO[C@@H]1[C@@H](OC(N)=O)[C@@H](O)[C@H](Oc2ccc3c(O)c(NC(=O)c4ccc(O)c(CC=C(C)C)c4)c(=O)oc3c2C)OC1(C)C,O=C(Nc1cc2ccc(OC3CCCCO3)cc2oc1=O)c1ccccc1,612.6320000000002,3.6271200000000023,11,5,True,6.9
CHEMBL3735130,CCNC(=O)Nc1cn(-c2ncc(F)cn2)c2cc(-c3cccnc3)cnc12,6.9,IC50,127.0,CHEMBL1921666,S. aureus,GyrB,CCNC(=O)Nc1cn(-c2ncc(F)cn2)c2cc(-c3cccnc3)cnc12,c1cnc(-n2ccc3ncc(-c4cccnc4)cc32)nc1,377.3830000000001,3.158000000000002,5,2,True,6.9
CHEMBL3235079,CCNC(=O)Nc1cc(Cl)c(-c2cncc(C(=O)O)c2)cn1,6.89,IC50,130.0,CHEMBL1921666,S. aureus,GyrB,CCNC(=O)Nc1cc(Cl)c(-c2cncc(C(=O)O)c2)cn1,c1cncc(-c2cccnc2)c1,320.736,2.6365999999999996,4,3,True,6.89
CHEMBL3735134,CCNC(=O)Nc1cn(-c2ncc(Br)cn2)c2cc(-c3cccnc3)cnc12,6.89,IC50,128.0,CHEMBL1921666,S. aureus,GyrB,CCNC(=O)Nc1cn(-c2ncc(Br)cn2)c2cc(-c3cccnc3)cnc12,c1cnc(-n2ccc3ncc(-c4cccnc4)cc32)nc1,438.28900000000016,3.7814000000000014,5,2,True,6.89
CHEMBL5423855,CN(C(=O)c1[nH]c(CN)c(Cl)c1Cl)c1nc2c(OCc3ccccc3)cc(C(=O)O)cc2s1,6.89,IC50,130.0,CHEMBL1826,E. coli,GyrB,CN(C(=O)c1[nH]c(CN)c(Cl)c1Cl)c1nc2c(OCc3ccccc3)cc(C(=O)O)cc2s1,O=C(Nc1nc2c(OCc3ccccc3)cccc2s1)c1ccc[nH]1,505.38300000000027,4.943700000000002,6,3,True,6.89
CHEMBL2059374,CCNC(=O)c1cc2c(-n3nc(C(F)(F)F)cc3C)c(-c3cncc(C(=O)O)c3)cnc2[nH]1,6.88,IC50,133.0,CHEMBL1921666,S. aureus,GyrB,CCNC(=O)c1cc2c(-n3nc(C(F)(F)F)cc3C)c(-c3cncc(C(=O)O)c3)cnc2[nH]1,c1cncc(-c2cnc3[nH]ccc3c2-n2cccn2)c1,458.4000000000001,3.585720000000001,5,3,True,6.88
CHEMBL1275885,CO[C@@H]1[C@@H](OC(=O)c2ccc(C)[nH]2)[C@@H](O)[C@H](Oc2ccc3c(O)c(NC(=O)c4ccccc4)c(=O)oc3c2C)OC1(C)C,6.88,IC50,131.0,CHEMBL1826,E. coli,GyrB,CO[C@@H]1[C@@H](OC(=O)c2ccc(C)[nH]2)[C@@H](O)[C@H](Oc2ccc3c(O)c(NC(=O)c4ccccc4)c(=O)oc3c2C)OC1(C)C,O=C(Nc1cc2ccc(OC3CC(OC(=O)c4ccc[nH]4)CCO3)cc2oc1=O)c1ccccc1,592.6010000000001,3.811040000000002,10,4,True,6.88
CHEMBL583870,CCNC(=O)Nc1cn2c(-c3ncc(C)cn3)cc(-c3cnc(OC)nc3)cc2n1,6.88,IC50,132.0,CHEMBL1075021,S. pneumoniae,GyrB,CCNC(=O)Nc1cn2c(-c3ncc(C)cn3)cc(-c3cnc(OC)nc3)cc2n1,c1cnc(-c2cc(-c3cncnc3)cc3nccn23)nc1,404.43400000000014,2.7067200000000007,7,2,True,6.88
CHEMBL577041,CCNC(=O)Nc1cn2c(-c3ncccn3)cc(-c3cnc(N(C)C)nc3)cc2n1,6.86,IC50,137.0,CHEMBL1075021,S. pneumoniae,GyrB,CCNC(=O)Nc1cn2c(-c3ncccn3)cc(-c3cnc(N(C)C)nc3)cc2n1,c1cnc(-c2cc(-c3cncnc3)cc3nccn23)nc1,403.4500000000001,2.455700000000001,7,2,True,6.86
CHEMBL3314528,CO[C@@H]1CN(c2ncc(C(=O)O)s2)CC[C@@H]1NC(=O)c1[nH]c(C)c(Cl)c1Cl,6.85,IC50,140.0,CHEMBL1921666,S. aureus,GyrB,CO[C@@H]1CN(c2ncc(C(=O)O)s2)CC[C@@H]1NC(=O)c1[nH]c(C)c(Cl)c1Cl,O=C(NC1CCN(c2nccs2)CC1)c1ccc[nH]1,433.3170000000001,2.80832,6,3,True,6.85
CHEMBL3736222,CCNC(=O)Nc1cn(-c2ccccn2)c2cc(-c3cccnc3)cnc12,6.85,IC50,140.0,CHEMBL1921666,S. aureus,GyrB,CCNC(=O)Nc1cn(-c2ccccn2)c2cc(-c3cccnc3)cnc12,c1ccc(-n2ccc3ncc(-c4cccnc4)cc32)nc1,358.40500000000003,3.6239000000000017,4,2,True,6.85
CHEMBL3735737,CCNC(=O)Nc1cn(-c2nccc(C)n2)c2cc(-c3cccnc3)cnc12,6.85,IC50,140.0,CHEMBL1921666,S. aureus,GyrB,CCNC(=O)Nc1cn(-c2nccc(C)n2)c2cc(-c3cccnc3)cnc12,c1cnc(-n2ccc3ncc(-c4cccnc4)cc32)nc1,373.4200000000001,3.327320000000002,5,2,True,6.85
CHEMBL4159291,Cc1[nH]c(C(=O)Nc2ccc(C(=O)NCC(=O)O)c(OC(C)C)c2)c(Cl)c1Cl,6.85,IC50,140.0,CHEMBL1921666,S. aureus,GyrB,Cc1[nH]c(C(=O)Nc2ccc(C(=O)NCC(=O)O)c(OC(C)C)c2)c(Cl)c1Cl,O=C(Nc1ccccc1)c1ccc[nH]1,428.27200000000016,3.4838200000000015,4,4,True,6.85
CHEMBL1275897,CCCc1cc(C(=O)Nc2c(O)c3ccc(O[C@@H]4OC(C)(C)[C@H](OC)[C@@H](O)[C@H]4OC(=O)c4ccc(C)[nH]4)c(C)c3oc2=O)ccc1O,6.85,IC50,140.0,CHEMBL1826,E. coli,GyrB,CCCc1cc(C(=O)Nc2c(O)c3ccc(O[C@@H]4OC(C)(C)[C@H](OC)[C@@H](O)[C@H]4OC(=O)c4ccc(C)[nH]4)c(C)c3oc2=O)ccc1O,O=C(Nc1cc2ccc(OC3OCCCC3OC(=O)c3ccc[nH]3)cc2oc1=O)c1ccccc1,650.6810000000003,4.469140000000004,11,5,True,6.85
CHEMBL3936438,O=C(O)CC(=O)Nc1ccc2nc(NC(=O)c3cc(Br)c(Br)[nH]3)sc2c1,6.85,IC50,140.0,CHEMBL1826,E. coli,GyrB,O=C(O)CC(=O)Nc1ccc2nc(NC(=O)c3cc(Br)c(Br)[nH]3)sc2c1,O=C(Nc1nc2ccccc2s1)c1ccc[nH]1,502.14400000000006,3.8149000000000015,5,4,True,6.85
CHEMBL3736246,CCNC(=O)Nc1cn(-c2ncc(OC)cn2)c2cc(-c3cccnc3)cnc12,6.84,IC50,143.0,CHEMBL1921666,S. aureus,GyrB,CCNC(=O)Nc1cn(-c2ncc(OC)cn2)c2cc(-c3cccnc3)cnc12,c1cnc(-n2ccc3ncc(-c4cccnc4)cc32)nc1,389.4190000000001,3.0275000000000016,6,2,True,6.84
CHEMBL2059198,CC(C)NC(=O)c1cc2c(-n3ccc(C(F)(F)F)n3)c(-c3cncc(C(=O)O)c3)cnc2[nH]1,6.83,IC50,147.0,CHEMBL1921666,S. aureus,GyrB,CC(C)NC(=O)c1cc2c(-n3ccc(C(F)(F)F)n3)c(-c3cncc(C(=O)O)c3)cnc2[nH]1,c1cncc(-c2cnc3[nH]ccc3c2-n2cccn2)c1,458.40000000000015,3.665800000000001,5,3,True,6.83
CHEMBL568019,CCNC(=O)Nc1cn2c(-c3ncc(Cl)cn3)cc(-c3cccnc3)cc2n1,6.83,IC50,149.0,CHEMBL1075021,S. pneumoniae,GyrB,CCNC(=O)Nc1cn2c(-c3ncc(Cl)cn3)cc(-c3cccnc3)cc2n1,c1cnc(-c2cc(-c3cccnc3)cc3nccn23)nc1,393.8380000000001,3.6481000000000012,5,2,True,6.83
CHEMBL1923429,Cc1[nH]c(C(=O)NC2CCN(c3cc(C(N)=O)cc(Cl)n3)CC2)cc1C#N,6.82,IC50,150.0,CHEMBL1921666,S. aureus,GyrB,Cc1[nH]c(C(=O)NC2CCN(c3cc(C(N)=O)cc(Cl)n3)CC2)cc1C#N,O=C(NC1CCN(c2ccccn2)CC1)c1ccc[nH]1,386.8430000000002,1.7409000000000001,5,3,True,6.82
CHEMBL565572,CCNC(=O)Nc1cn2c(-c3ncc(C(F)(F)F)cn3)cc(-c3cccnc3)cc2n1,6.79,IC50,163.0,CHEMBL1075021,S. pneumoniae,GyrB,CCNC(=O)Nc1cn2c(-c3ncc(C(F)(F)F)cn3)cc(-c3cccnc3)cc2n1,c1cnc(-c2cc(-c3cccnc3)cc3nccn23)nc1,427.3900000000001,4.013500000000001,5,2,True,6.79
CHEMBL3741635,CCCc1cccc2c(-c3cnc(-c4ccc(C(=O)O)c(=O)[nH]4)s3)n[nH]c12,6.78,IC50,168.0,CHEMBL1921666,S. aureus,GyrB,CCCc1cccc2c(-c3cnc(-c4ccc(C(=O)O)c(=O)[nH]4)s3)n[nH]c12,O=c1cccc(-c2ncc(-c3n[nH]c4ccccc34)s2)[nH]1,380.42900000000003,3.692400000000002,5,3,True,6.78
CHEMBL3810180,CCCn1c(=O)ccc2c(C3CCN(c4nc(C(=O)O)c(C)s4)CC3)n[nH]c21,6.72,IC50,192.0,CHEMBL1921666,S. aureus,GyrB,CCCn1c(=O)ccc2c(C3CCN(c4nc(C(=O)O)c(C)s4)CC3)n[nH]c21,O=c1ccc2c(C3CCN(c4nccs4)CC3)n[nH]c2[nH]1,401.49200000000013,2.981720000000001,6,2,True,6.72
CHEMBL1275898,CO[C@@H]1[C@@H](O)[C@@H](OC(=O)c2ccc(C)[nH]2)[C@H](Oc2ccc3c(O)c(NC(=O)c4ccc(N)c(C)c4)c(=O)oc3c2C)OC1(C)C,6.72,IC50,190.0,CHEMBL1826,E. coli,GyrB,CO[C@@H]1[C@@H](O)[C@@H](OC(=O)c2ccc(C)[nH]2)[C@H](Oc2ccc3c(O)c(NC(=O)c4ccc(N)c(C)c4)c(=O)oc3c2C)OC1(C)C,O=C(Nc1cc2ccc(OC3OCCCC3OC(=O)c3ccc[nH]3)cc2oc1=O)c1ccccc1,621.6430000000001,3.701660000000002,11,5,True,6.72
CHEMBL3810190,CCn1c(=O)c(CO)cc2c(-c3cnc(-c4cccnc4)s3)n[nH]c21,6.7,IC50,202.0,CHEMBL1921666,S. aureus,GyrB,CCn1c(=O)c(CO)cc2c(-c3cnc(-c4cccnc4)s3)n[nH]c21,O=c1ccc2c(-c3cnc(-c4cccnc4)s3)n[nH]c2[nH]1,353.407,2.4223,6,2,True,6.7
CHEMBL578336,CCNC(=O)Nc1cn2c(-c3nc(C)cc(C)n3)cc(-c3cccnc3)cc2n1,6.7,IC50,198.0,CHEMBL1075021,S. pneumoniae,GyrB,CCNC(=O)Nc1cn2c(-c3nc(C)cc(C)n3)cc(-c3cccnc3)cc2n1,c1cnc(-c2cc(-c3cccnc3)cc3nccn23)nc1,387.44700000000006,3.6115400000000024,5,2,True,6.7
CHEMBL578991,CCNC(=O)Nc1cn2c(-c3nc(C)cc(C(F)(F)F)n3)cc(-c3cccnc3)cc2n1,6.67,IC50,216.0,CHEMBL1075021,S. pneumoniae,GyrB,CCNC(=O)Nc1cn2c(-c3nc(C)cc(C(F)(F)F)n3)cc(-c3cccnc3)cc2n1,c1cnc(-c2cc(-c3cccnc3)cc3nccn23)nc1,441.4170000000001,4.321920000000002,5,2,True,6.67
CHEMBL3917447,COC(=O)CC(=O)Nc1ccc2nc(NC(=O)c3cc(Cl)c(Cl)[nH]3)sc2c1,6.66,IC50,220.0,CHEMBL1826,E. coli,GyrB,COC(=O)CC(=O)Nc1ccc2nc(NC(=O)c3cc(Cl)c(Cl)[nH]3)sc2c1,O=C(Nc1nc2ccccc2s1)c1ccc[nH]1,427.26900000000006,3.685100000000001,6,3,True,6.66
CHEMBL1923436,Cc1[nH]c(C(=O)NC2CCN(c3nnco3)CC2)c(Cl)c1Cl,6.64,IC50,230.0,CHEMBL1921666,S. aureus,GyrB,Cc1[nH]c(C(=O)NC2CCN(c3nnco3)CC2)c(Cl)c1Cl,O=C(NC1CCN(c2nnco2)CC1)c1ccc[nH]1,344.202,2.4117200000000008,5,2,True,6.64
CHEMBL3736504,CCNC(=O)Nc1cn(C2C=CCCC2)c2cc(-c3cccnc3)cnc12,6.62,IC50,240.0,CHEMBL1921666,S. aureus,GyrB,CCNC(=O)Nc1cn(C2C=CCCC2)c2cc(-c3cccnc3)cnc12,C1=CC(n2ccc3ncc(-c4cccnc4)cc32)CCC1,361.449,4.520900000000003,3,2,True,6.62
CHEMBL3896465,COC(=O)CC(=O)Nc1nc2ccc(NC(=O)c3cc(Br)c(Br)[nH]3)cc2s1,6.62,IC50,240.0,CHEMBL1826,E. coli,GyrB,COC(=O)CC(=O)Nc1nc2ccc(NC(=O)c3cc(Br)c(Br)[nH]3)cc2s1,O=C(Nc1ccc2ncsc2c1)c1ccc[nH]1,516.171,3.9033000000000015,6,3,True,6.62
CHEMBL578992,CCNC(=O)Nc1cn2c(-c3nc(C(F)(F)F)cc(C(F)(F)F)n3)cc(-c3cccnc3)cc2n1,6.62,IC50,242.0,CHEMBL1075021,S. pneumoniae,GyrB,CCNC(=O)Nc1cn2c(-c3nc(C(F)(F)F)cc(C(F)(F)F)n3)cc(-c3cccnc3)cc2n1,c1cnc(-c2cc(-c3cccnc3)cc3nccn23)nc1,495.38700000000006,5.032300000000004,5,2,True,6.62
CHEMBL567804,CCNC(=O)Nc1cn2c(-c3ncc(C)cn3)cc(-c3cnc(N4CCCC4)nc3)cc2n1,6.61,IC50,244.0,CHEMBL1075021,S. pneumoniae,GyrB,CCNC(=O)Nc1cn2c(-c3ncc(C)cn3)cc(-c3cnc(N4CCCC4)nc3)cc2n1,c1cnc(-c2cc(-c3cnc(N4CCCC4)nc3)cc3nccn23)nc1,443.51500000000027,3.298320000000002,7,2,True,6.61
CHEMBL565741,CCC(=O)Nc1cn2c(-c3ncc(C)cn3)cc(-c3cccnc3)cc2n1,6.59,IC50,255.0,CHEMBL1075021,S. pneumoniae,GyrB,CCC(=O)Nc1cn2c(-c3ncc(C)cn3)cc(-c3cccnc3)cc2n1,c1cnc(-c2cc(-c3cccnc3)cc3nccn23)nc1,358.40500000000003,3.510220000000002,5,1,True,6.59
CHEMBL3735875,CCNC(=O)Nc1cn(-c2ncc(Cl)cn2)c2cc(-c3ccn(C)c(=O)c3)cnc12,6.58,IC50,262.0,CHEMBL1921666,S. aureus,GyrB,CCNC(=O)Nc1cn(-c2ncc(Cl)cn2)c2cc(-c3ccn(C)c(=O)c3)cnc12,O=c1cc(-c2cnc3ccn(-c4ncccn4)c3c2)cc[nH]1,423.86400000000015,2.9760000000000018,5,2,True,6.58
CHEMBL578138,CCCCNC(=O)Nc1cn2c(-c3ncc(C)cn3)cc(-c3cccnc3)cc2n1,6.58,IC50,261.0,CHEMBL1075021,S. pneumoniae,GyrB,CCCCNC(=O)Nc1cn2c(-c3ncc(C)cn3)cc(-c3cccnc3)cc2n1,c1cnc(-c2cc(-c3cccnc3)cc3nccn23)nc1,401.4740000000001,4.083320000000002,5,2,True,6.58
CHEMBL3235075,CCNC(=O)Nc1ccc(-c2ncc(C(=O)O)s2)cn1,6.57,IC50,270.0,CHEMBL1921666,S. aureus,GyrB,CCNC(=O)Nc1ccc(-c2ncc(C(=O)O)s2)cn1,c1cncc(-c2nccs2)c1,292.32,2.0447,5,3,True,6.57
CHEMBL3235082,CCNC(=O)Nc1cc(-c2cccnc2)c(-c2cncc(C(=O)O)c2)cn1,6.57,IC50,270.0,CHEMBL1921666,S. aureus,GyrB,CCNC(=O)Nc1cc(-c2cccnc2)c(-c2cncc(C(=O)O)c2)cn1,c1cncc(-c2ccncc2-c2cccnc2)c1,363.37700000000007,3.0452000000000012,5,3,True,6.57
CHEMBL3759063,O=c1ccc2c(-c3cnc(-c4cccnc4)s3)n[nH]c2[nH]1,6.57,IC50,270.0,CHEMBL1921666,S. aureus,GyrB,O=c1ccc2c(-c3cnc(-c4cccnc4)s3)n[nH]c2[nH]1,O=c1ccc2c(-c3cnc(-c4cccnc4)s3)n[nH]c2[nH]1,295.327,2.436699999999999,5,2,True,6.57
CHEMBL3735188,C=CC(=O)n1cc(NC(=O)NCC)c2ncc(-c3cccnc3)cc21,6.55,IC50,280.0,CHEMBL1921666,S. aureus,GyrB,C=CC(=O)n1cc(NC(=O)NCC)c2ncc(-c3cccnc3)cc21,c1cncc(-c2cnc3cc[nH]c3c2)c1,335.367,3.065900000000001,4,2,True,6.55
CHEMBL3808846,CCCn1c(=O)ccc2c(-c3cncs3)n[nH]c21,6.55,IC50,279.0,CHEMBL1921666,S. aureus,GyrB,CCCn1c(=O)ccc2c(-c3cncs3)n[nH]c21,O=c1ccc2c(-c3cncs3)n[nH]c2[nH]1,260.322,2.2580999999999998,4,1,True,6.55
CHEMBL1275892,CO[C@@H]1[C@@H](OC(=O)c2ccc(C)[nH]2)[C@@H](O)[C@H](Oc2ccc3c(O)c(NC(=O)/C=C/c4ccc(O)c(Cl)c4)c(=O)oc3c2)OC1(C)C,6.55,IC50,280.0,CHEMBL1826,E. coli,GyrB,CO[C@@H]1[C@@H](OC(=O)c2ccc(C)[nH]2)[C@@H](O)[C@H](Oc2ccc3c(O)c(NC(=O)/C=C/c4ccc(O)c(Cl)c4)c(=O)oc3c2)OC1(C)C,O=C(C=Cc1ccccc1)Nc1cc2ccc(OC3CC(OC(=O)c4ccc[nH]4)CCO3)cc2oc1=O,655.0560000000002,4.2612200000000025,11,5,True,6.55
CHEMBL1275893,CO[C@@H]1[C@@H](O)[C@@H](OC(=O)c2ccc(C)[nH]2)[C@H](Oc2ccc3c(O)c(NC(=O)c4ccc(SC)cc4)c(=O)oc3c2Cl)OC1(C)C,6.55,IC50,280.0,CHEMBL1826,E. coli,GyrB,CO[C@@H]1[C@@H](O)[C@@H](OC(=O)c2ccc(C)[nH]2)[C@H](Oc2ccc3c(O)c(NC(=O)c4ccc(SC)cc4)c(=O)oc3c2Cl)OC1(C)C,O=C(Nc1cc2ccc(OC3OCCCC3OC(=O)c3ccc[nH]3)cc2oc1=O)c1ccccc1,659.113,4.877920000000004,11,4,True,6.55
CHEMBL4172365,Cc1[nH]c(C(=O)Nc2ccc(C(=O)N[C@@H](C)C(=O)NN)cc2OC(C)C)c(Cl)c1Cl,6.55,IC50,280.0,CHEMBL1826,E. coli,GyrB,Cc1[nH]c(C(=O)Nc2ccc(C(=O)N[C@@H](C)C(=O)NN)cc2OC(C)C)c(Cl)c1Cl,O=C(Nc1ccccc1)c1ccc[nH]1,456.33000000000015,2.7776200000000015,5,5,True,6.55
CHEMBL571734,Cc1cnc(-c2cc(-c3cccnc3)cc3nc(NC(=O)NC4CC4)cn23)nc1,6.53,IC50,295.0,CHEMBL1075021,S. pneumoniae,GyrB,Cc1cnc(-c2cc(-c3cccnc3)cc3nc(NC(=O)NC4CC4)cn23)nc1,O=C(Nc1cn2c(-c3ncccn3)cc(-c3cccnc3)cc2n1)NC1CC1,385.43100000000015,3.44562,5,2,True,6.53
CHEMBL3235080,CCNC(=O)Nc1cc(Br)c(-c2cncc(C(=O)O)c2)cn1,6.52,IC50,300.0,CHEMBL1921666,S. aureus,GyrB,CCNC(=O)Nc1cc(Br)c(-c2cncc(C(=O)O)c2)cn1,c1cncc(-c2cccnc2)c1,365.18700000000007,2.7457000000000003,4,3,True,6.52
CHEMBL3235092,CCNC(=O)Nc1cc(-c2nc(C(F)(F)F)cs2)c(-c2cncc(-c3c(C)noc3C)c2)cn1,6.52,IC50,300.0,CHEMBL1921666,S. aureus,GyrB,CCNC(=O)Nc1cc(-c2nc(C(F)(F)F)cs2)c(-c2cncc(-c3c(C)noc3C)c2)cn1,c1cc(-c2nccs2)c(-c2cncc(-c3cnoc3)c2)cn1,488.4950000000002,5.699140000000004,7,2,True,6.52
CHEMBL3235081,CCNC(=O)Nc1cc(-c2ccncc2)c(-c2cncc(C(=O)O)c2)cn1,6.5,IC50,320.0,CHEMBL1921666,S. aureus,GyrB,CCNC(=O)Nc1cc(-c2ccncc2)c(-c2cncc(C(=O)O)c2)cn1,c1cncc(-c2cnccc2-c2ccncc2)c1,363.37700000000007,3.0452000000000012,5,3,True,6.5
CHEMBL1275895,CO[C@@H]1[C@@H](O)[C@@H](OC(=O)c2ccc(C)[nH]2)[C@H](Oc2ccc3c(O)c(NC(=O)c4cc(C)c(O)c(C)c4)c(=O)oc3c2Cl)OC1(C)C,6.5,IC50,320.0,CHEMBL1826,E. coli,GyrB,CO[C@@H]1[C@@H](O)[C@@H](OC(=O)c2ccc(C)[nH]2)[C@H](Oc2ccc3c(O)c(NC(=O)c4cc(C)c(O)c(C)c4)c(=O)oc3c2Cl)OC1(C)C,O=C(Nc1cc2ccc(OC3OCCCC3OC(=O)c3ccc[nH]3)cc2oc1=O)c1ccccc1,657.0720000000001,4.478460000000004,11,5,True,6.5
CHEMBL565971,CCNC(=O)Nc1cn2c(-c3nccc(C4CC4)n3)cc(-c3cccnc3)cc2n1,6.48,IC50,330.0,CHEMBL1075021,S. pneumoniae,GyrB,CCNC(=O)Nc1cn2c(-c3nccc(C4CC4)n3)cc(-c3cccnc3)cc2n1,c1cncc(-c2cc(-c3nccc(C4CC4)n3)n3ccnc3c2)c1,399.4580000000001,3.872100000000003,5,2,True,6.48
CHEMBL3735216,CCNC(=O)Nc1cn(C2CCCCC2)c2cc(-c3cccnc3)cnc12,6.46,IC50,350.0,CHEMBL1921666,S. aureus,GyrB,CCNC(=O)Nc1cn(C2CCCCC2)c2cc(-c3cccnc3)cnc12,c1cncc(-c2cnc3ccn(C4CCCCC4)c3c2)c1,363.465,4.744900000000003,3,2,True,6.46
CHEMBL578120,CCNC(=O)Nc1cn2c(-c3ncc(CC)cn3)cc(-c3cccnc3)cc2n1,6.45,IC50,353.0,CHEMBL1075021,S. pneumoniae,GyrB,CCNC(=O)Nc1cn2c(-c3ncc(CC)cn3)cc(-c3cccnc3)cc2n1,c1cnc(-c2cc(-c3cccnc3)cc3nccn23)nc1,387.44700000000006,3.557100000000003,5,2,True,6.45
CHEMBL5413640,COCCN(C(=O)c1[nH]c(C)c(Cl)c1Cl)c1nc2ccc(C(=O)O)cc2s1,6.44,IC50,360.0,CHEMBL1826,E. coli,GyrB,COCCN(C(=O)c1[nH]c(C)c(Cl)c1Cl)c1nc2ccc(C(=O)O)cc2s1,O=C(Nc1nc2ccccc2s1)c1ccc[nH]1,428.29700000000014,4.231020000000003,5,2,True,6.44
CHEMBL4159526,CC(C)Oc1cc(C(=O)N[C@@H](C)C(=O)O)ccc1NC(=O)c1cc(Br)c(Br)[nH]1,6.43,IC50,370.0,CHEMBL1826,E. coli,GyrB,CC(C)Oc1cc(C(=O)N[C@@H](C)C(=O)O)ccc1NC(=O)c1cc(Br)c(Br)[nH]1,O=C(Nc1ccccc1)c1ccc[nH]1,517.1740000000001,3.7821000000000016,4,4,True,6.43
CHEMBL4175776,Cl.NCCOc1cc(C(=O)N[C@@H](Cc2ccccc2)C(=O)O)ccc1NC(=O)c1cc(Br)c(Br)[nH]1,6.43,IC50,370.0,CHEMBL1826,E. coli,GyrB,Cl.NCCOc1cc(C(=O)N[C@@H](Cc2ccccc2)C(=O)O)ccc1NC(=O)c1cc(Br)c(Br)[nH]1,O=C(NCCc1ccccc1)c1ccc(NC(=O)c2ccc[nH]2)cc1,630.7210000000001,3.977000000000001,5,5,True,6.43
CHEMBL577922,Cc1cnc(-c2cc(-c3cccnc3)cc3nc(NC(=O)N(C)C(F)(F)F)cn23)nc1,6.43,IC50,368.0,CHEMBL1075021,S. pneumoniae,GyrB,Cc1cnc(-c2cc(-c3cccnc3)cc3nc(NC(=O)N(C)C(F)(F)F)cn23)nc1,c1cnc(-c2cc(-c3cccnc3)cc3nccn23)nc1,427.3900000000001,4.145220000000002,5,1,True,6.43
CHEMBL565743,CCNC(=O)Nc1cn2c(-c3ncc(C)cn3)cc(-c3ccn(CCF)c(=O)c3)cc2n1,6.42,IC50,376.0,CHEMBL1075021,S. pneumoniae,GyrB,CCNC(=O)Nc1cn2c(-c3ncc(C)cn3)cc(-c3ccn(CCF)c(=O)c3)cc2n1,O=c1cc(-c2cc(-c3ncccn3)n3ccnc3c2)cc[nH]1,435.4630000000002,3.039320000000002,5,2,True,6.42
CHEMBL4160665,COC(=O)[C@H](C)NC(=O)c1ccc(NC(=O)c2[nH]c(C)c(Cl)c2Cl)c(OCCN)c1.Cl,6.41,IC50,390.0,CHEMBL1921666,S. aureus,GyrB,COC(=O)[C@H](C)NC(=O)c1ccc(NC(=O)c2[nH]c(C)c(Cl)c2Cl)c(OCCN)c1.Cl,O=C(Nc1ccccc1)c1ccc[nH]1,493.77500000000026,2.932820000000001,6,4,True,6.41
CHEMBL4169932,CC(C)Oc1cc(NC(=O)c2cc(Br)c(Br)[nH]2)ccc1C(=O)NCC(=O)O,6.4,IC50,400.0,CHEMBL1826,E. coli,GyrB,CC(C)Oc1cc(NC(=O)c2cc(Br)c(Br)[nH]2)ccc1C(=O)NCC(=O)O,O=C(Nc1ccccc1)c1ccc[nH]1,503.14700000000016,3.393600000000001,4,4,True,6.4
CHEMBL583438,CCNC(=O)Nc1cn2c(-c3ncc(C)cn3)cc(-c3ccn(CCOC)c(=O)c3)cc2n1,6.4,IC50,401.0,CHEMBL1075021,S. pneumoniae,GyrB,CCNC(=O)Nc1cn2c(-c3ncc(C)cn3)cc(-c3ccn(CCOC)c(=O)c3)cc2n1,O=c1cc(-c2cc(-c3ncccn3)n3ccnc3c2)cc[nH]1,447.49900000000025,2.7162200000000007,6,2,True,6.4
CHEMBL3735055,C=CCn1cc(NC(=O)NCC)c2ncc(-c3cccnc3)cc21,6.37,IC50,430.0,CHEMBL1921666,S. aureus,GyrB,C=CCn1cc(NC(=O)NCC)c2ncc(-c3cccnc3)cc21,c1cncc(-c2cnc3cc[nH]c3c2)c1,321.384,3.4257000000000026,3,2,True,6.37
CHEMBL3905948,O=C(O)CCC(=O)Nc1ccc2nc(NC(=O)c3cc(Cl)c(Cl)[nH]3)sc2c1,6.37,IC50,430.0,CHEMBL1826,E. coli,GyrB,O=C(O)CCC(=O)Nc1ccc2nc(NC(=O)c3cc(Cl)c(Cl)[nH]3)sc2c1,O=C(Nc1nc2ccccc2s1)c1ccc[nH]1,427.26900000000006,3.9868000000000015,5,4,True,6.37
CHEMBL568222,CCNC(=O)Nc1cn2c(-c3ncc(S(C)(=O)=O)cn3)cc(-c3cccnc3)cc2n1,6.36,IC50,433.0,CHEMBL1075021,S. pneumoniae,GyrB,CCNC(=O)Nc1cn2c(-c3ncc(S(C)(=O)=O)cn3)cc(-c3cccnc3)cc2n1,c1cnc(-c2cc(-c3cccnc3)cc3nccn23)nc1,437.4850000000001,2.398200000000001,7,2,True,6.36
CHEMBL1275900,C=CCc1cc(C(=O)Nc2c(O)c3ccc(O[C@@H]4OC(C)(C)[C@H](OC)[C@@H](O)[C@H]4OC(=O)c4ccc(C)[nH]4)c(C)c3oc2=O)ccc1O,6.34,IC50,460.0,CHEMBL1826,E. coli,GyrB,C=CCc1cc(C(=O)Nc2c(O)c3ccc(O[C@@H]4OC(C)(C)[C@H](OC)[C@@H](O)[C@H]4OC(=O)c4ccc(C)[nH]4)c(C)c3oc2=O)ccc1O,O=C(Nc1cc2ccc(OC3OCCCC3OC(=O)c3ccc[nH]3)cc2oc1=O)c1ccccc1,648.6650000000003,4.245140000000004,11,5,True,6.34
CHEMBL1275899,COc1cc(C(=O)Nc2c(O)c3ccc(O[C@@H]4OC(C)(C)[C@H](OC)[C@@H](O)[C@H]4OC(=O)c4ccc(C)[nH]4)c(Cl)c3oc2=O)ccc1O,6.34,IC50,460.0,CHEMBL1826,E. coli,GyrB,COc1cc(C(=O)Nc2c(O)c3ccc(O[C@@H]4OC(C)(C)[C@H](OC)[C@@H](O)[C@H]4OC(=O)c4ccc(C)[nH]4)c(Cl)c3oc2=O)ccc1O,O=C(Nc1cc2ccc(OC3OCCCC3OC(=O)c3ccc[nH]3)cc2oc1=O)c1ccccc1,659.0440000000002,3.870220000000003,12,5,True,6.34
CHEMBL4067687,Cc1[nH]c(C(=O)NC2CCN(C(=O)CCC(=O)O)CC2)c(Cl)c1Cl,6.32,IC50,480.0,CHEMBL1826,E. coli,GyrB,Cc1[nH]c(C(=O)NC2CCN(C(=O)CCC(=O)O)CC2)c(Cl)c1Cl,O=C(NC1CCNCC1)c1ccc[nH]1,376.2400000000001,2.2155199999999997,3,3,True,6.32
CHEMBL3931016,O=C(O)C(=O)Nc1ccc2nc(NC(=O)c3cc(Cl)c(Cl)[nH]3)sc2c1,6.29,IC50,510.0,CHEMBL1921666,S. aureus,GyrB,O=C(O)C(=O)Nc1ccc2nc(NC(=O)c3cc(Cl)c(Cl)[nH]3)sc2c1,O=C(Nc1nc2ccccc2s1)c1ccc[nH]1,399.2150000000001,3.2066,5,4,True,6.29
CHEMBL576228,CCNC(=O)Nc1cn2c(-c3ncc(C)cn3)cc(-c3cnc(N(C)C)nc3)cc2n1,6.28,IC50,524.0,CHEMBL1075021,S. pneumoniae,GyrB,CCNC(=O)Nc1cn2c(-c3ncc(C)cn3)cc(-c3cnc(N(C)C)nc3)cc2n1,c1cnc(-c2cc(-c3cncnc3)cc3nccn23)nc1,417.47700000000015,2.764120000000001,7,2,True,6.28
CHEMBL3235077,CCNC(=O)Nc1ccc(-c2ncc(C(N)=O)s2)cn1,6.26,IC50,550.0,CHEMBL1921666,S. aureus,GyrB,CCNC(=O)Nc1ccc(-c2ncc(C(N)=O)s2)cn1,c1cncc(-c2nccs2)c1,291.33599999999996,1.4454000000000002,5,3,True,6.26
CHEMBL3809203,O=c1ccc2c(-c3cnc(-c4cccnc4)s3)n[nH]c2n1CCO,6.25,IC50,564.0,CHEMBL1921666,S. aureus,GyrB,O=c1ccc2c(-c3cnc(-c4cccnc4)s3)n[nH]c2n1CCO,O=c1ccc2c(-c3cnc(-c4cccnc4)s3)n[nH]c2[nH]1,339.3800000000001,1.9023999999999996,6,2,True,6.25
CHEMBL4166687,Cc1[nH]c(C(=O)Nc2ccc(C(=O)N[C@@H](C)c3n[nH]c(=O)o3)cc2OC(C)C)c(Cl)c1Cl,6.12,IC50,750.0,CHEMBL1921666,S. aureus,GyrB,Cc1[nH]c(C(=O)Nc2ccc(C(=O)N[C@@H](C)c3n[nH]c(=O)o3)cc2OC(C)C)c(Cl)c1Cl,O=C(NCc1n[nH]c(=O)o1)c1ccc(NC(=O)c2ccc[nH]2)cc1,482.3240000000002,3.8367200000000024,6,4,True,6.12
CHEMBL4207698,Cc1cc(=O)oc2cc(OCc3cn([C@@H]4O[C@H](CO)[C@@H](O)[C@H]4O)nn3)ccc12,6.1,IC50,800.0,CHEMBL1826,E. coli,GyrB,Cc1cc(=O)oc2cc(OCc3cn([C@@H]4O[C@H](CO)[C@@H](O)[C@H]4O)nn3)ccc12,O=c1ccc2ccc(OCc3cn(C4CCCO4)nn3)cc2o1,389.36400000000003,-0.11658000000000018,9,3,True,6.1
CHEMBL3235074,CCNC(=O)Nc1ccc(-c2cncc(C(=O)O)c2)cn1,6.07,IC50,850.0,CHEMBL1921666,S. aureus,GyrB,CCNC(=O)Nc1ccc(-c2cncc(C(=O)O)c2)cn1,c1cncc(-c2cccnc2)c1,286.291,1.9832,4,3,True,6.07
CHEMBL3235073,CCNC(=O)Nc1ccc(-c2ccc(C(=O)O)cc2)cn1,6.06,IC50,880.0,CHEMBL1921666,S. aureus,GyrB,CCNC(=O)Nc1ccc(-c2ccc(C(=O)O)cc2)cn1,c1ccc(-c2cccnc2)cc1,285.303,2.5882000000000005,3,3,True,6.06
CHEMBL3904782,COC(=O)CCC(=O)Nc1nc2ccc(NC(=O)c3cc(Br)c(Br)[nH]3)cc2s1,6.06,IC50,870.0,CHEMBL1826,E. coli,GyrB,COC(=O)CCC(=O)Nc1nc2ccc(NC(=O)c3cc(Br)c(Br)[nH]3)cc2s1,O=C(Nc1ccc2ncsc2c1)c1ccc[nH]1,530.1980000000001,4.293400000000002,6,3,True,6.06
CHEMBL4163243,Cc1[nH]c(C(=O)Nc2ccc(C(=O)N[C@@H](C)c3n[nH]c(=O)o3)cc2OCCN)c(Cl)c1Cl,6.0,IC50,1000.0,CHEMBL1921666,S. aureus,GyrB,Cc1[nH]c(C(=O)Nc2ccc(C(=O)N[C@@H](C)c3n[nH]c(=O)o3)cc2OCCN)c(Cl)c1Cl,O=C(NCc1n[nH]c(=O)o1)c1ccc(NC(=O)c2ccc[nH]2)cc1,483.31200000000024,2.3870199999999997,7,5,True,6.0
CHEMBL3736233,CCNC(=O)Nc1cn(C(=O)c2ccccn2)c2cc(-c3cccnc3)cnc12,5.95,IC50,1130.0,CHEMBL1921666,S. aureus,GyrB,CCNC(=O)Nc1cn(C(=O)c2ccccn2)c2cc(-c3cccnc3)cnc12,O=C(c1ccccn1)n1ccc2ncc(-c3cccnc3)cc21,386.4150000000001,3.3232000000000026,5,2,True,5.95
CHEMBL8,O=C(O)c1cn(C2CC2)c2cc(N3CCNCC3)c(F)cc2c1=O,5.93,IC50,1170.0,CHEMBL1921666,S. aureus,GyrB,O=C(O)c1cn(C2CC2)c2cc(N3CCNCC3)c(F)cc2c1=O,O=c1ccn(C2CC2)c2cc(N3CCNCC3)ccc12,331.34700000000004,1.5833,4,2,True,5.93
CHEMBL3911277,CCCCCc1nc2ccccc2c(=O)n1NC(=O)c1c(O)c2ccccc2n(CC)c1=O,5.92,IC50,1210.0,CHEMBL1921666,S. aureus,GyrB,CCCCCc1nc2ccccc2c(=O)n1NC(=O)c1c(O)c2ccccc2n(CC)c1=O,O=C(Nn1cnc2ccccc2c1=O)c1cc2ccccc2[nH]c1=O,446.5070000000003,3.5535000000000014,5,2,True,5.92
CHEMBL1275896,CO[C@@H]1[C@@H](O)[C@@H](OC(=O)c2ccc(C)[nH]2)[C@H](Oc2ccc3c(O)c(NC(=O)/C=C/c4ccccc4)c(=O)oc3c2Cl)OC1(C)C,5.92,IC50,1200.0,CHEMBL1826,E. coli,GyrB,CO[C@@H]1[C@@H](O)[C@@H](OC(=O)c2ccc(C)[nH]2)[C@H](Oc2ccc3c(O)c(NC(=O)/C=C/c4ccccc4)c(=O)oc3c2Cl)OC1(C)C,O=C(C=Cc1ccccc1)Nc1cc2ccc(OC3OCCCC3OC(=O)c3ccc[nH]3)cc2oc1=O,639.057,4.555620000000003,10,4,True,5.92
CHEMBL3735073,CCNC(=O)Nc1cn(CC(O)CO)c2cc(-c3cccnc3)cnc12,5.91,IC50,1220.0,CHEMBL1921666,S. aureus,GyrB,CCNC(=O)Nc1cn(CC(O)CO)c2cc(-c3cccnc3)cnc12,c1cncc(-c2cnc3cc[nH]c3c2)c1,355.398,1.5929000000000002,5,4,True,5.91
CHEMBL5422204,CCCCCc1nnc(NC(=S)NS(=O)(=O)c2ccc(C)cc2)s1,5.91,IC50,1220.0,CHEMBL1921666,S. aureus,GyrB,CCCCCc1nnc(NC(=S)NS(=O)(=O)c2ccc(C)cc2)s1,O=S(=O)(NC(=S)Nc1nncs1)c1ccccc1,384.55200000000013,3.254520000000001,6,2,True,5.91
CHEMBL4164066,Cc1[nH]c(C(=O)Nc2ccc(C(=O)N[C@@H](C)C(=O)O)cc2OCCNC(=O)OC(C)(C)C)c(Cl)c1Cl,5.89,IC50,1300.0,CHEMBL1921666,S. aureus,GyrB,Cc1[nH]c(C(=O)Nc2ccc(C(=O)N[C@@H](C)C(=O)O)cc2OCCNC(=O)OC(C)(C)C)c(Cl)c1Cl,O=C(Nc1ccccc1)c1ccc[nH]1,543.4040000000003,3.988620000000002,6,5,True,5.89
CHEMBL3344011,O=C(O)CCCC(=O)Nc1ccc(-c2nc3cc(F)ccc3[nH]2)cc1,5.88,IC50,1320.0,CHEMBL1921666,S. aureus,GyrB,O=C(O)CCCC(=O)Nc1ccc(-c2nc3cc(F)ccc3[nH]2)cc1,c1ccc(-c2nc3ccccc3[nH]2)cc1,341.34200000000004,3.562400000000001,3,3,True,5.88
CHEMBL3759862,O=c1cc(-c2ccccc2)c2c(-c3cnc(-c4cccnc4)s3)n[nH]c2[nH]1,5.88,IC50,1315.0,CHEMBL1921666,S. aureus,GyrB,O=c1cc(-c2ccccc2)c2c(-c3cnc(-c4cccnc4)s3)n[nH]c2[nH]1,O=c1cc(-c2ccccc2)c2c(-c3cnc(-c4cccnc4)s3)n[nH]c2[nH]1,371.425,4.103700000000003,5,2,True,5.88
CHEMBL577238,CCOC(=O)Nc1cn2c(-c3nccc(C)n3)cc(-c3cnc(N(C)C)nc3)cc2n1,5.86,IC50,1380.0,CHEMBL1075021,S. pneumoniae,GyrB,CCOC(=O)Nc1cn2c(-c3nccc(C)n3)cc(-c3cnc(N(C)C)nc3)cc2n1,c1cnc(-c2cc(-c3cncnc3)cc3nccn23)nc1,418.4610000000002,3.1911200000000015,8,1,True,5.86
CHEMBL5419490,Cc1ccc(S(=O)(=O)NC(=S)Nc2nncs2)cc1,5.81,IC50,1560.0,CHEMBL1921666,S. aureus,GyrB,Cc1ccc(S(=O)(=O)NC(=S)Nc2nncs2)cc1,O=S(=O)(NC(=S)Nc1nncs1)c1ccccc1,314.41700000000003,1.52182,6,2,True,5.81
CHEMBL4083521,O=C(O)CCC(=O)N1CCC(NC(=O)c2cc(Br)c(Br)[nH]2)CC1,5.81,IC50,1550.0,CHEMBL1826,E. coli,GyrB,O=C(O)CCC(=O)N1CCC(NC(=O)c2cc(Br)c(Br)[nH]2)CC1,O=C(NC1CCNCC1)c1ccc[nH]1,451.11500000000007,2.1253,3,3,True,5.81
CHEMBL4175379,Cc1[nH]c(C(=O)Nc2ccc(C(=O)N[C@H](C)C(=O)O)cc2OC(C)C)c(Cl)c1Cl,5.8,IC50,1600.0,CHEMBL1921666,S. aureus,GyrB,Cc1[nH]c(C(=O)Nc2ccc(C(=O)N[C@H](C)C(=O)O)cc2OC(C)C)c(Cl)c1Cl,O=C(Nc1ccccc1)c1ccc[nH]1,442.2990000000002,3.872320000000002,4,4,True,5.8
CHEMBL4171156,Cc1[nH]c(C(=O)Nc2ccc(C(=O)N[C@@H](C)c3n[nH]c(=O)o3)cc2OCCNC(=O)OC(C)(C)C)c(Cl)c1Cl,5.8,IC50,1600.0,CHEMBL1826,E. coli,GyrB,Cc1[nH]c(C(=O)Nc2ccc(C(=O)N[C@@H](C)c3n[nH]c(=O)o3)cc2OCCNC(=O)OC(C)(C)C)c(Cl)c1Cl,O=C(NCc1n[nH]c(=O)o1)c1ccc(NC(=O)c2ccc[nH]2)cc1,583.4290000000003,3.953020000000003,8,5,True,5.8
CHEMBL5427814,Cc1ccc(S(=O)(=O)NC(=S)Nc2nnc(CCC(C)C)s2)cc1,5.79,IC50,1620.0,CHEMBL1921666,S. aureus,GyrB,Cc1ccc(S(=O)(=O)NC(=S)Nc2nnc(CCC(C)C)s2)cc1,O=S(=O)(NC(=S)Nc1nncs1)c1ccccc1,384.5520000000002,3.110420000000002,6,2,True,5.79
CHEMBL3735099,CCNC(=O)Nc1cn(C)c2cc(-c3cccnc3)cnc12,5.75,IC50,1800.0,CHEMBL1921666,S. aureus,GyrB,CCNC(=O)Nc1cn(C)c2cc(-c3cccnc3)cnc12,c1cncc(-c2cnc3cc[nH]c3c2)c1,295.346,2.776700000000001,3,2,True,5.75
CHEMBL3921420,CCOC(=O)C(=O)Nc1nc2ccc(NC(=O)c3cc(Cl)c(Cl)[nH]3)cc2s1,5.75,IC50,1800.0,CHEMBL1826,E. coli,GyrB,CCOC(=O)C(=O)Nc1nc2ccc(NC(=O)c3cc(Cl)c(Cl)[nH]3)cc2s1,O=C(Nc1ccc2ncsc2c1)c1ccc[nH]1,427.26900000000006,3.685100000000001,6,3,True,5.75
CHEMBL3734929,CCNC(=O)Nc1cn(-c2ncccc2C)c2cc(-c3cccnc3)cnc12,5.72,IC50,1900.0,CHEMBL1921666,S. aureus,GyrB,CCNC(=O)Nc1cn(-c2ncccc2C)c2cc(-c3cccnc3)cnc12,c1ccc(-n2ccc3ncc(-c4cccnc4)cc32)nc1,372.4320000000001,3.9323200000000025,4,2,True,5.72
CHEMBL571959,CCNC(=O)Nc1cn2c(-c3ncc(C(C)C)cn3)cc(-c3cccnc3)cc2n1,5.72,IC50,1910.0,CHEMBL1075021,S. pneumoniae,GyrB,CCNC(=O)Nc1cn2c(-c3ncc(C(C)C)cn3)cc(-c3cccnc3)cc2n1,c1cnc(-c2cc(-c3cccnc3)cc3nccn23)nc1,401.4740000000001,4.118100000000004,5,2,True,5.72
CHEMBL3962799,COC(=O)CC(=O)Nc1ccc2nc(NC(=O)c3cc(Br)c(Br)[nH]3)sc2c1,5.7,IC50,2000.0,CHEMBL1826,E. coli,GyrB,COC(=O)CC(=O)Nc1ccc2nc(NC(=O)c3cc(Br)c(Br)[nH]3)sc2c1,O=C(Nc1nc2ccccc2s1)c1ccc[nH]1,516.171,3.9033000000000015,6,3,True,5.7
CHEMBL3944293,Nc1ccc2nc(NC(=O)c3cc(Br)c(Br)[nH]3)sc2c1,5.7,IC50,2000.0,CHEMBL1826,E. coli,GyrB,Nc1ccc2nc(NC(=O)c3cc(Br)c(Br)[nH]3)sc2c1,O=C(Nc1nc2ccccc2s1)c1ccc[nH]1,416.098,3.9839,4,3,True,5.7
CHEMBL3344044,O=C(O)CSCC(=O)Nc1ccc(-c2nc3cccnc3[nH]2)cc1,5.64,IC50,2310.0,CHEMBL1921666,S. aureus,GyrB,O=C(O)CSCC(=O)Nc1ccc(-c2nc3cccnc3[nH]2)cc1,c1ccc(-c2nc3cccnc3[nH]2)cc1,342.38000000000005,2.3811999999999998,5,3,True,5.64
CHEMBL4176270,Cc1[nH]c(C(=O)Nc2ccc(C(=O)NCC(=O)O)cc2OC(C)C)c(Cl)c1Cl,5.64,IC50,2300.0,CHEMBL1921666,S. aureus,GyrB,Cc1[nH]c(C(=O)Nc2ccc(C(=O)NCC(=O)O)cc2OC(C)C)c(Cl)c1Cl,O=C(Nc1ccccc1)c1ccc[nH]1,428.27200000000016,3.4838200000000015,4,4,True,5.64
CHEMBL3735471,CCNC(=O)Nc1cn(CCOC)c2cc(-c3cccnc3)cnc12,5.62,IC50,2400.0,CHEMBL1921666,S. aureus,GyrB,CCNC(=O)Nc1cn(CCOC)c2cc(-c3cccnc3)cnc12,c1cncc(-c2cnc3cc[nH]c3c2)c1,339.399,2.8861000000000017,4,2,True,5.62
CHEMBL3735431,CCNC(=O)Nc1nc(CO)c(-c2ccc[nH]2)s1,5.6,IC50,2500.0,CHEMBL1921666,S. aureus,GyrB,CCNC(=O)Nc1nc(CO)c(-c2ccc[nH]2)s1,c1c[nH]c(-c2cncs2)c1,266.326,1.7719,4,4,True,5.6
CHEMBL3235070,CCNC(=O)Nc1ccc(-c2cccnc2)cn1,5.57,IC50,2700.0,CHEMBL1921666,S. aureus,GyrB,CCNC(=O)Nc1ccc(-c2cccnc2)cn1,c1cncc(-c2cccnc2)c1,242.282,2.285,3,2,True,5.57
CHEMBL4075047,O=C(NC1CCN(C(=O)c2ccc(O)c(O)c2)CC1)c1cc(Br)c(Br)[nH]1,5.55,IC50,2840.0,CHEMBL1826,E. coli,GyrB,O=C(NC1CCN(C(=O)c2ccc(O)c(O)c2)CC1)c1cc(Br)c(Br)[nH]1,O=C(NC1CCN(C(=O)c2ccccc2)CC1)c1ccc[nH]1,487.1480000000001,2.985500000000002,4,4,True,5.55
CHEMBL3344033,O=C(O)CCCCC(=O)Nc1ccc(-c2nc3cccnc3[nH]2)cc1,5.54,IC50,2900.0,CHEMBL1921666,S. aureus,GyrB,O=C(O)CCCCC(=O)Nc1ccc(-c2nc3cccnc3[nH]2)cc1,c1ccc(-c2nc3cccnc3[nH]2)cc1,338.3670000000001,3.208400000000001,4,3,True,5.54
CHEMBL3341781,O=C(O)CSCC(=O)Nc1ccc(-c2nc3cc([N+](=O)[O-])ccc3[nH]2)cc1,5.5,IC50,3132.0,CHEMBL1921666,S. aureus,GyrB,O=C(O)CSCC(=O)Nc1ccc(-c2nc3cc([N+](=O)[O-])ccc3[nH]2)cc1,c1ccc(-c2nc3ccccc3[nH]2)cc1,386.3890000000001,2.894400000000001,6,3,True,5.5
CHEMBL3736371,CCNC(=O)Nc1cn(Cc2ccccc2)c2cc(-c3cccnc3)cnc12,5.5,IC50,3200.0,CHEMBL1921666,S. aureus,GyrB,CCNC(=O)Nc1cn(Cc2ccccc2)c2cc(-c3cccnc3)cnc12,c1ccc(Cn2ccc3ncc(-c4cccnc4)cc32)cc1,371.4440000000001,4.288000000000003,3,2,True,5.5
CHEMBL5407144,CCc1nnc(NC(=S)NS(=O)(=O)c2ccc(C)cc2)s1,5.5,IC50,3170.0,CHEMBL1921666,S. aureus,GyrB,CCc1nnc(NC(=S)NS(=O)(=O)c2ccc(C)cc2)s1,O=S(=O)(NC(=S)Nc1nncs1)c1ccccc1,342.47100000000006,2.08422,6,2,True,5.5
CHEMBL4087299,O=C(O)CCCC(=O)N1CCC(NC(=O)c2cc(Br)c(Br)[nH]2)CC1,5.5,IC50,3180.0,CHEMBL1826,E. coli,GyrB,O=C(O)CCCC(=O)N1CCC(NC(=O)c2cc(Br)c(Br)[nH]2)CC1,O=C(NC1CCNCC1)c1ccc[nH]1,465.1420000000001,2.5154000000000014,3,3,True,5.5
CHEMBL4206750,Cc1cc(=O)oc2cc(-c3cn([C@@H]4O[C@H](CO)[C@@H](O)[C@H]4O)nn3)ccc12,5.5,IC50,3200.0,CHEMBL1826,E. coli,GyrB,Cc1cc(=O)oc2cc(-c3cn([C@@H]4O[C@H](CO)[C@@H](O)[C@H]4O)nn3)ccc12,O=c1ccc2ccc(-c3cn(C4CCCO4)nn3)cc2o1,359.338,-0.02858000000000066,8,3,True,5.5
CHEMBL1163081,CC(C)C[C@H](N)C(=O)NS(=O)(=O)OC[C@H]1O[C@@H](n2cnc3c(N)ncnc32)[C@H](O)[C@@H]1O,9.86,Ki,0.139,CHEMBL4295566,Escherichia coli (strain K12),LeuRS,CC(C)C[C@H](N)C(=O)NS(=O)(=O)OC[C@H]1O[C@@H](n2cnc3c(N)ncnc32)[C@H](O)[C@@H]1O,c1ncc2ncn(C3CCCO3)c2n1,459.4850000000001,-2.2212999999999963,12,5,True,9.86
CHEMBL4204314,CC(C)C[C@H](N)C(=O)NS(=O)(=O)OC[C@H]1O[C@@H](n2cnc3c(N)nccc32)[C@H](O)[C@@H]1O,9.18,Ki,0.654,CHEMBL4295566,Escherichia coli (strain K12),LeuRS,CC(C)C[C@H](N)C(=O)NS(=O)(=O)OC[C@H]1O[C@@H](n2cnc3c(N)nccc32)[C@H](O)[C@@H]1O,c1cc2c(cn1)ncn2C1CCCO1,458.4970000000001,-1.6162999999999963,11,5,True,9.18
CHEMBL4444740,Cc1cc(-c2cccc(S(=O)(=O)CC(=O)[C@@H](N)CC(C)C)c2)ncn1,8.85,Kd,1.4,CHEMBL4295566,Escherichia coli (strain K12),LeuRS,Cc1cc(-c2cccc(S(=O)(=O)CC(=O)[C@@H](N)CC(C)C)c2)ncn1,c1ccc(-c2ccncn2)cc1,361.46700000000004,2.16822,6,1,True,8.85
CHEMBL4864835,CC(C)C[C@H](N)C(=O)NS(=O)(=O)OC[C@H]1OC[C@@H](CCCn2cc(CNC(=O)NCc3ccccc3)nn2)[C@H](O)[C@@H]1O,8.61,Ki,2.48,CHEMBL4295566,Escherichia coli (strain K12),LeuRS,CC(C)C[C@H](N)C(=O)NS(=O)(=O)OC[C@H]1OC[C@@H](CCCn2cc(CNC(=O)NCc3ccccc3)nn2)[C@H](O)[C@@H]1O,O=C(NCc1ccccc1)NCc1cn(CCCC2CCCOC2)nn1,611.7220000000004,-0.45449999999999446,11,6,True,8.61
CHEMBL4869028,CCCCCc1ccc(-c2cn(CCC[C@@H]3CO[C@H](COS(=O)(=O)NC(=O)[C@@H](N)CC(C)C)[C@@H](O)[C@H]3O)nn2)cc1,8.26,Ki,5.51,CHEMBL4295566,Escherichia coli (strain K12),LeuRS,CCCCCc1ccc(-c2cn(CCC[C@@H]3CO[C@H](COS(=O)(=O)NC(=O)[C@@H](N)CC(C)C)[C@@H](O)[C@H]3O)nn2)cc1,c1ccc(-c2cn(CCCC3CCCOC3)nn2)cc1,595.7630000000003,1.9458000000000013,10,4,True,8.26
CHEMBL4465674,CC(C)C[C@H](N)C(=O)NS(=O)(=O)OC[C@H]1O[C@@H](n2ccc(N)nc2=O)[C@H](O)[C@@H]1O,8.01,Ki,9.8,CHEMBL4295566,Escherichia coli (strain K12),LeuRS,CC(C)C[C@H](N)C(=O)NS(=O)(=O)OC[C@H]1O[C@@H](n2ccc(N)nc2=O)[C@H](O)[C@@H]1O,O=c1ncccn1C1CCCO1,435.4590000000001,-2.8042999999999956,11,5,True,8.01
CHEMBL4163140,CC(C)C[C@H](N)C(=O)NS(=O)(=O)c1cccc(-c2ccncc2)c1,7.89,IC50,13.0,CHEMBL4295566,Escherichia coli (strain K12),LeuRS,CC(C)C[C@H](N)C(=O)NS(=O)(=O)c1cccc(-c2ccncc2)c1,c1ccc(-c2ccncc2)cc1,347.44000000000005,1.9268999999999998,5,2,True,7.89
CHEMBL4172643,CC(C)C[C@H](N)C(=O)NS(=O)(=O)c1cccc(-c2ccnc(N)c2)c1,7.85,IC50,14.0,CHEMBL4295566,Escherichia coli (strain K12),LeuRS,CC(C)C[C@H](N)C(=O)NS(=O)(=O)c1cccc(-c2ccnc(N)c2)c1,c1ccc(-c2ccncc2)cc1,362.4550000000001,1.5090999999999999,6,3,True,7.85
CHEMBL4864965,CC(C)C[C@H](N)C(=O)NS(=O)(=O)OC[C@H]1OC[C@@H](CCCn2cc(-c3ccc(OC(F)(F)F)cc3)nn2)[C@H](O)[C@@H]1O,7.75,Ki,17.83,CHEMBL4295566,Escherichia coli (strain K12),LeuRS,CC(C)C[C@H](N)C(=O)NS(=O)(=O)OC[C@H]1OC[C@@H](CCCn2cc(-c3ccc(OC(F)(F)F)cc3)nn2)[C@H](O)[C@@H]1O,c1ccc(-c2cn(CCCC3CCCOC3)nn2)cc1,609.6240000000004,1.1117000000000015,11,4,True,7.75
CHEMBL4467328,CC(C)C[C@H](N)C(=O)NS(=O)(=O)OC[C@H]1O[C@@H](n2ccc(=O)[nH]c2=O)[C@H](O)[C@@H]1O,7.68,Ki,20.8,CHEMBL4295566,Escherichia coli (strain K12),LeuRS,CC(C)C[C@H](N)C(=O)NS(=O)(=O)OC[C@H]1O[C@@H](n2ccc(=O)[nH]c2=O)[C@H](O)[C@@H]1O,O=c1ccn(C2CCCO2)c(=O)[nH]1,436.4430000000001,-3.0931999999999964,10,5,True,7.68
CHEMBL4159778,CC(C)C[C@H](N)C(=O)NS(=O)(=O)c1cccc(-c2cccc(N)n2)c1,7.64,IC50,23.0,CHEMBL4295566,Escherichia coli (strain K12),LeuRS,CC(C)C[C@H](N)C(=O)NS(=O)(=O)c1cccc(-c2cccc(N)n2)c1,c1ccc(-c2ccccn2)cc1,362.4550000000001,1.5090999999999999,6,3,True,7.64
CHEMBL4451258,CC(C)C[C@H](N)C(=O)NS(=O)(=O)OC[C@H]1O[C@@H](n2ccc(=O)n(C)c2=O)[C@H](O)[C@@H]1O,7.53,Ki,29.5,CHEMBL4295566,Escherichia coli (strain K12),LeuRS,CC(C)C[C@H](N)C(=O)NS(=O)(=O)OC[C@H]1O[C@@H](n2ccc(=O)n(C)c2=O)[C@H](O)[C@@H]1O,O=c1ccn(C2CCCO2)c(=O)[nH]1,450.47000000000014,-3.082799999999995,10,4,True,7.53
CHEMBL4855635,CC(C)C[C@H](N)C(=O)NS(=O)(=O)OC[C@H]1O[C@@H](CCn2nnc(-c3ccccc3)n2)[C@H](O)[C@@H]1O,7.51,Ki,30.94,CHEMBL4295566,Escherichia coli (strain K12),LeuRS,CC(C)C[C@H](N)C(=O)NS(=O)(=O)OC[C@H]1O[C@@H](CCn2nnc(-c3ccccc3)n2)[C@H](O)[C@@H]1O,c1ccc(-c2nnn(CCC3CCCO3)n2)cc1,498.5620000000002,-1.029599999999996,11,4,True,7.51
CHEMBL4171058,CC(C)C[C@H](N)C(=O)NS(=O)(=O)c1cccc(-c2ccccc2)c1,7.5,IC50,32.0,CHEMBL4295566,Escherichia coli (strain K12),LeuRS,CC(C)C[C@H](N)C(=O)NS(=O)(=O)c1cccc(-c2ccccc2)c1,c1ccc(-c2ccccc2)cc1,346.45200000000006,2.531900000000001,4,2,True,7.5
CHEMBL4864716,CC(C)C[C@H](N)C(=O)NS(=O)(=O)OC[C@H]1OC[C@@H](CCCn2cc(-c3cccnc3)nn2)[C@H](O)[C@@H]1O,7.5,Ki,31.62,CHEMBL4295566,Escherichia coli (strain K12),LeuRS,CC(C)C[C@H](N)C(=O)NS(=O)(=O)OC[C@H]1OC[C@@H](CCCn2cc(-c3cccnc3)nn2)[C@H](O)[C@@H]1O,c1cncc(-c2cn(CCCC3CCCOC3)nn2)c1,526.6160000000003,-0.3918999999999965,11,4,True,7.5
CHEMBL4852287,CC(C)C[C@H](N)C(=O)NS(=O)(=O)OC[C@H]1OC[C@@H](CCCn2cc(CNC(=O)c3ccccc3)nn2)[C@H](O)[C@@H]1O,7.5,Ki,31.28,CHEMBL4295566,Escherichia coli (strain K12),LeuRS,CC(C)C[C@H](N)C(=O)NS(=O)(=O)OC[C@H]1OC[C@@H](CCCn2cc(CNC(=O)c3ccccc3)nn2)[C@H](O)[C@@H]1O,O=C(NCc1cn(CCCC2CCCOC2)nn1)c1ccccc1,582.6800000000004,-0.5238999999999955,11,5,True,7.5
CHEMBL4160841,CC(C)C[C@H](N)C(=O)NS(=O)(=O)c1ccccc1,7.46,IC50,35.0,CHEMBL4295566,Escherichia coli (strain K12),LeuRS,CC(C)C[C@H](N)C(=O)NS(=O)(=O)c1ccccc1,c1ccccc1,270.354,0.8649000000000002,4,2,True,7.46
CHEMBL4163450,Cc1cc(-c2cccc(S(=O)(=O)NC(=O)[C@@H](N)CC(C)C)c2)nc(N)n1,7.39,IC50,41.0,CHEMBL4295566,Escherichia coli (strain K12),LeuRS,Cc1cc(-c2cccc(S(=O)(=O)NC(=O)[C@@H](N)CC(C)C)c2)nc(N)n1,c1ccc(-c2ccncn2)cc1,377.47000000000014,1.2125199999999996,7,3,True,7.39
CHEMBL4105269,Cl.NC[C@H]1OB(O)c2c3c(cc(Cl)c21)OCCO3,7.34,IC50,46.0,CHEMBL4105844,Mycobacterium tuberculosis (strain ATCC 25618 / H37Rv),LeuRS,Cl.NC[C@H]1OB(O)c2c3c(cc(Cl)c21)OCCO3,B1OCc2ccc3c(c21)OCCO3,291.9270000000001,0.25049999999999983,5,2,True,7.34
CHEMBL4167692,Cc1cc(-c2cccc(S(=O)(=O)NC(=O)[C@@H](N)CC(C)C)c2)ncn1,7.33,IC50,47.0,CHEMBL4295566,Escherichia coli (strain K12),LeuRS,Cc1cc(-c2cccc(S(=O)(=O)NC(=O)[C@@H](N)CC(C)C)c2)ncn1,c1ccc(-c2ccncn2)cc1,362.4550000000001,1.6303199999999995,6,2,True,7.33
CHEMBL4867227,CCCCCCCCc1cn(CCC[C@@H]2CO[C@H](COS(=O)(=O)NC(=O)[C@@H](N)CC(C)C)[C@@H](O)[C@H]2O)nn1,7.28,Ki,52.36,CHEMBL4295566,Escherichia coli (strain K12),LeuRS,CCCCCCCCc1cn(CCC[C@@H]2CO[C@H](COS(=O)(=O)NC(=O)[C@@H](N)CC(C)C)[C@@H](O)[C@H]2O)nn1,c1cn(CCCC2CCCOC2)nn1,561.7460000000002,1.4491000000000025,10,4,True,7.28
CHEMBL4161986,CC(C)C[C@H](N)C(=O)NS(=O)(=O)c1cccc(-c2ccnc(N)n2)c1,7.27,IC50,54.0,CHEMBL4295566,Escherichia coli (strain K12),LeuRS,CC(C)C[C@H](N)C(=O)NS(=O)(=O)c1cccc(-c2ccnc(N)n2)c1,c1ccc(-c2ccncn2)cc1,363.4430000000001,0.9041000000000001,7,3,True,7.27
CHEMBL4077894,CCOc1ccc(Cl)c2c1B(O)O[C@@H]2CN.Cl,7.25,IC50,56.0,CHEMBL4105844,Mycobacterium tuberculosis (strain ATCC 25618 / H37Rv),LeuRS,CCOc1ccc(Cl)c2c1B(O)O[C@@H]2CN.Cl,B1OCc2ccccc21,277.94399999999996,0.8779999999999997,4,2,True,7.25
CHEMBL4171458,CC(C)C[C@H](N)C(=O)NS(=O)(=O)c1ccc2ccccc2c1,7.19,IC50,65.0,CHEMBL4295566,Escherichia coli (strain K12),LeuRS,CC(C)C[C@H](N)C(=O)NS(=O)(=O)c1ccc2ccccc2c1,c1ccc2ccccc2c1,320.41400000000004,2.0181,4,2,True,7.19
CHEMBL4086672,COc1ccc(Br)c2c1B(O)O[C@@H]2CN.Cl,7.13,IC50,74.0,CHEMBL4105844,Mycobacterium tuberculosis (strain ATCC 25618 / H37Rv),LeuRS,COc1ccc(Br)c2c1B(O)O[C@@H]2CN.Cl,B1OCc2ccccc21,308.368,0.5970000000000002,4,2,True,7.13
CHEMBL4075879,CCOc1ccc(Br)c2c1B(O)O[C@@H]2CN,7.12,IC50,75.0,CHEMBL4105844,Mycobacterium tuberculosis (strain ATCC 25618 / H37Rv),LeuRS,CCOc1ccc(Br)c2c1B(O)O[C@@H]2CN,B1OCc2ccccc21,285.934,0.5653000000000001,4,2,True,7.12
CHEMBL4104309,Cl.NCC1OB(O)c2c(OCCF)ccc(Cl)c21,7.12,IC50,76.0,CHEMBL4105844,Mycobacterium tuberculosis (strain ATCC 25618 / H37Rv),LeuRS,Cl.NCC1OB(O)c2c(OCCF)ccc(Cl)c21,B1OCc2ccccc21,295.93399999999997,0.8275999999999999,4,2,True,7.12
CHEMBL4102148,CCOc1ccc(F)c2c1B(O)O[C@@H]2CN,7.1,IC50,80.0,CHEMBL4105844,Mycobacterium tuberculosis (strain ATCC 25618 / H37Rv),LeuRS,CCOc1ccc(F)c2c1B(O)O[C@@H]2CN,B1OCc2ccccc21,225.028,-0.05809999999999993,4,2,True,7.1
CHEMBL4082544,NCC1OB(O)c2c3c(cc(Br)c21)OCCO3.O=C(O)C(F)(F)F,7.04,IC50,92.0,CHEMBL4105844,Mycobacterium tuberculosis (strain ATCC 25618 / H37Rv),LeuRS,NCC1OB(O)c2c3c(cc(Br)c21)OCCO3.O=C(O)C(F)(F)F,B1OCc2ccc3c(c21)OCCO3,413.93900000000014,0.5710999999999993,6,3,True,7.04
CHEMBL4876966,CC(C)C[C@H](N)C(=O)NS(=O)(=O)OC[C@H]1OC[C@@H](CCCn2cc(CCc3ccccc3)nn2)[C@H](O)[C@@H]1O,6.96,Ki,108.35,CHEMBL4295566,Escherichia coli (strain K12),LeuRS,CC(C)C[C@H](N)C(=O)NS(=O)(=O)OC[C@H]1OC[C@@H](CCCn2cc(CCc3ccccc3)nn2)[C@H](O)[C@@H]1O,c1ccc(CCc2cn(CCCC3CCCOC3)nn2)cc1,553.6820000000005,0.3313000000000033,10,4,True,6.96
CHEMBL4081207,Cl.NC[C@H]1OB(O)c2c(OCCO)ccc(Br)c21,6.92,IC50,120.0,CHEMBL4105844,Mycobacterium tuberculosis (strain ATCC 25618 / H37Rv),LeuRS,Cl.NC[C@H]1OB(O)c2c(OCCO)ccc(Br)c21,B1OCc2ccccc21,338.39399999999995,-0.04050000000000037,5,3,True,6.92
CHEMBL4066833,Cl.NC[C@H]1OB(O)c2c3c(cc(Br)c21)OCCO3,6.92,IC50,120.0,CHEMBL4105844,Mycobacterium tuberculosis (strain ATCC 25618 / H37Rv),LeuRS,Cl.NC[C@H]1OB(O)c2c3c(cc(Br)c21)OCCO3,B1OCc2ccc3c(c21)OCCO3,336.3780000000001,0.35960000000000003,5,2,True,6.92
CHEMBL4081755,CCOc1cccc2c1B(O)O[C@@H]2CN,6.89,IC50,130.0,CHEMBL4105844,Mycobacterium tuberculosis (strain ATCC 25618 / H37Rv),LeuRS,CCOc1cccc2c1B(O)O[C@@H]2CN,B1OCc2ccccc21,207.03799999999995,-0.19720000000000015,4,2,True,6.89
CHEMBL4084478,Cl.NCC1OB(O)c2c3c(cc(Cl)c21)OCCO3,6.89,IC50,130.0,CHEMBL4105844,Mycobacterium tuberculosis (strain ATCC 25618 / H37Rv),LeuRS,Cl.NCC1OB(O)c2c3c(cc(Cl)c21)OCCO3,B1OCc2ccc3c(c21)OCCO3,291.9270000000001,0.25049999999999983,5,2,True,6.89
CHEMBL4066786,COc1ccc(Cl)c2c1B(O)O[C@@H]2CN.Cl,6.82,IC50,150.0,CHEMBL4105844,Mycobacterium tuberculosis (strain ATCC 25618 / H37Rv),LeuRS,COc1ccc(Cl)c2c1B(O)O[C@@H]2CN.Cl,B1OCc2ccccc21,263.917,0.48790000000000006,4,2,True,6.82
CHEMBL4105458,Cl.NCC1OB(O)c2c(OCCO)ccc(Br)c21,6.82,IC50,150.0,CHEMBL4105844,Mycobacterium tuberculosis (strain ATCC 25618 / H37Rv),LeuRS,Cl.NCC1OB(O)c2c(OCCO)ccc(Br)c21,B1OCc2ccccc21,338.39399999999995,-0.04050000000000037,5,3,True,6.82
CHEMBL4090012,Cl.NC[C@H]1OB(O)c2c(OCCCO)ccc(Br)c21,6.8,IC50,160.0,CHEMBL4105844,Mycobacterium tuberculosis (strain ATCC 25618 / H37Rv),LeuRS,Cl.NC[C@H]1OB(O)c2c(OCCCO)ccc(Br)c21,B1OCc2ccccc21,352.421,0.34959999999999986,5,3,True,6.8
CHEMBL4861722,CC(C)C[C@H](N)C(=O)NS(=O)(=O)OC[C@H]1OC[C@@H](CCCn2cc(-c3ccccc3)nn2)[C@H](O)[C@@H]1O,6.74,Ki,182.35,CHEMBL4295566,Escherichia coli (strain K12),LeuRS,CC(C)C[C@H](N)C(=O)NS(=O)(=O)OC[C@H]1OC[C@@H](CCCn2cc(-c3ccccc3)nn2)[C@H](O)[C@@H]1O,c1ccc(-c2cn(CCCC3CCCOC3)nn2)cc1,525.6280000000003,0.2131000000000035,10,4,True,6.74
CHEMBL4067937,CCCCOc1ccc(Br)c2c1B(O)O[C@@H]2CN.Cl,6.7,IC50,200.0,CHEMBL4105844,Mycobacterium tuberculosis (strain ATCC 25618 / H37Rv),LeuRS,CCCCOc1ccc(Br)c2c1B(O)O[C@@H]2CN.Cl,B1OCc2ccccc21,350.449,1.7673,4,2,True,6.7
CHEMBL4082159,Cl.NC[C@H]1OB(O)c2c(OCCO)ccc(Cl)c21,6.7,IC50,200.0,CHEMBL4105844,Mycobacterium tuberculosis (strain ATCC 25618 / H37Rv),LeuRS,Cl.NC[C@H]1OB(O)c2c(OCCO)ccc(Cl)c21,B1OCc2ccccc21,293.943,-0.14960000000000034,5,3,True,6.7
CHEMBL4174152,CC(C)C[C@H](N)C(=O)NS(=O)(=O)c1cccc(-c2cc(-c3ccccc3)nc(N)n2)c1,6.65,IC50,224.0,CHEMBL4295566,Escherichia coli (strain K12),LeuRS,CC(C)C[C@H](N)C(=O)NS(=O)(=O)c1cccc(-c2cc(-c3ccccc3)nc(N)n2)c1,c1ccc(-c2cc(-c3ccccc3)ncn2)cc1,439.54100000000017,2.5711000000000004,7,3,True,6.65
CHEMBL4094412,CCCOc1ccc(Br)c2c1B(O)O[C@@H]2CN.Cl,6.62,IC50,240.0,CHEMBL4105844,Mycobacterium tuberculosis (strain ATCC 25618 / H37Rv),LeuRS,CCCOc1ccc(Br)c2c1B(O)O[C@@H]2CN.Cl,B1OCc2ccccc21,336.4220000000001,1.3772,4,2,True,6.62
CHEMBL4084509,Cl.NCC1OB(O)c2c(OCC(F)F)ccc(Br)c21,6.62,IC50,240.0,CHEMBL4105844,Mycobacterium tuberculosis (strain ATCC 25618 / H37Rv),LeuRS,Cl.NCC1OB(O)c2c(OCC(F)F)ccc(Br)c21,B1OCc2ccccc21,358.375,1.2322999999999997,4,2,True,6.62
CHEMBL4061966,Cl.NCC1OB(O)c2c(OCCO)ccc(Cl)c21,6.62,IC50,240.0,CHEMBL4105844,Mycobacterium tuberculosis (strain ATCC 25618 / H37Rv),LeuRS,Cl.NCC1OB(O)c2c(OCCO)ccc(Cl)c21,B1OCc2ccccc21,293.943,-0.14960000000000034,5,3,True,6.62
CHEMBL4096785,CCCOc1cc(Cl)c2c(c1)B(O)OC2CN.Cl,6.6,IC50,250.0,CHEMBL4105844,Mycobacterium tuberculosis (strain ATCC 25618 / H37Rv),LeuRS,CCCOc1cc(Cl)c2c(c1)B(O)OC2CN.Cl,B1OCc2ccccc21,291.97099999999995,1.2680999999999998,4,2,True,6.6
CHEMBL4074178,Cl.NCC1OB(O)c2c3c(cc(Cl)c21)OCO3,6.6,IC50,250.0,CHEMBL4105844,Mycobacterium tuberculosis (strain ATCC 25618 / H37Rv),LeuRS,Cl.NCC1OB(O)c2c3c(cc(Cl)c21)OCO3,B1OCc2ccc3c(c21)OCO3,277.90000000000003,0.2079999999999999,5,2,True,6.6
CHEMBL4087944,Cl.NCC1OB(O)c2c(OCCF)ccc(Br)c21,6.58,IC50,260.0,CHEMBL4105844,Mycobacterium tuberculosis (strain ATCC 25618 / H37Rv),LeuRS,Cl.NCC1OB(O)c2c(OCCF)ccc(Br)c21,B1OCc2ccccc21,340.38499999999993,0.9366999999999999,4,2,True,6.58
CHEMBL4078760,CCOc1cc(Br)c2c(c1)B(O)OC2CN.Cl,6.58,IC50,260.0,CHEMBL4105844,Mycobacterium tuberculosis (strain ATCC 25618 / H37Rv),LeuRS,CCOc1cc(Br)c2c(c1)B(O)OC2CN.Cl,B1OCc2ccccc21,322.39500000000004,0.9870999999999996,4,2,True,6.58
CHEMBL4066921,CCCCOc1ccc(Cl)c2c1B(O)O[C@@H]2CN.Cl,6.57,IC50,270.0,CHEMBL4105844,Mycobacterium tuberculosis (strain ATCC 25618 / H37Rv),LeuRS,CCCCOc1ccc(Cl)c2c1B(O)O[C@@H]2CN.Cl,B1OCc2ccccc21,305.998,1.6582,4,2,True,6.57
CHEMBL4076333,Cl.NCC1OB(O)c2c(OCC(F)F)ccc(Cl)c21,6.54,IC50,290.0,CHEMBL4105844,Mycobacterium tuberculosis (strain ATCC 25618 / H37Rv),LeuRS,Cl.NCC1OB(O)c2c(OCC(F)F)ccc(Cl)c21,B1OCc2ccccc21,313.92400000000004,1.1231999999999998,4,2,True,6.54
CHEMBL4104573,CCCOc1ccc(Cl)c2c1B(O)O[C@@H]2CN.Cl,6.51,IC50,310.0,CHEMBL4105844,Mycobacterium tuberculosis (strain ATCC 25618 / H37Rv),LeuRS,CCCOc1ccc(Cl)c2c1B(O)O[C@@H]2CN.Cl,B1OCc2ccccc21,291.97099999999995,1.2681,4,2,True,6.51
CHEMBL4075254,Cl.NCC1OB(O)c2c(OCc3ccccc3)ccc(Cl)c21,6.5,IC50,320.0,CHEMBL4105844,Mycobacterium tuberculosis (strain ATCC 25618 / H37Rv),LeuRS,Cl.NCC1OB(O)c2c(OCc3ccccc3)ccc(Cl)c21,B1OCc2cccc(OCc3ccccc3)c21,340.01500000000004,2.0582999999999996,4,2,True,6.5
CHEMBL4089141,Cl.NCC1OB(O)c2c(Oc3ccccc3)ccc(Cl)c21,6.47,IC50,340.0,CHEMBL4105844,Mycobacterium tuberculosis (strain ATCC 25618 / H37Rv),LeuRS,Cl.NCC1OB(O)c2c(Oc3ccccc3)ccc(Cl)c21,B1OCc2cccc(Oc3ccccc3)c21,325.988,2.2716000000000003,4,2,True,6.47
CHEMBL4071439,CCCOc1cc(Br)c2c(c1)B(O)OC2CN.Cl,6.43,IC50,370.0,CHEMBL4105844,Mycobacterium tuberculosis (strain ATCC 25618 / H37Rv),LeuRS,CCCOc1cc(Br)c2c(c1)B(O)OC2CN.Cl,B1OCc2ccccc21,336.4220000000001,1.3772,4,2,True,6.43
CHEMBL4081973,Cl.NCC1OB(O)c2cc(OCCCO)cc(Br)c21,6.43,IC50,370.0,CHEMBL4105844,Mycobacterium tuberculosis (strain ATCC 25618 / H37Rv),LeuRS,Cl.NCC1OB(O)c2cc(OCCCO)cc(Br)c21,B1OCc2ccccc21,352.421,0.34959999999999963,5,3,True,6.43
CHEMBL4850408,CC(C)C[C@H](N)C(=O)NS(=O)(=O)OC[C@H]1OC[C@@H](CCCn2cc(CCCCO)nn2)[C@H](O)[C@@H]1O,6.41,Ki,387.66,CHEMBL4295566,Escherichia coli (strain K12),LeuRS,CC(C)C[C@H](N)C(=O)NS(=O)(=O)OC[C@H]1OC[C@@H](CCCn2cc(CCCCO)nn2)[C@H](O)[C@@H]1O,c1cn(CCCC2CCCOC2)nn1,521.6370000000004,-1.1388999999999951,11,5,True,6.41
CHEMBL4103410,Cl.NCC1OB(O)c2c(OCc3ccccc3)ccc(Br)c21,6.36,IC50,440.0,CHEMBL4105844,Mycobacterium tuberculosis (strain ATCC 25618 / H37Rv),LeuRS,Cl.NCC1OB(O)c2c(OCc3ccccc3)ccc(Br)c21,B1OCc2cccc(OCc3ccccc3)c21,384.466,2.1673999999999998,4,2,True,6.36
CHEMBL4092224,Cl.NCC1OB(O)c2cc(OCCCO)cc(Cl)c21,6.36,IC50,440.0,CHEMBL4105844,Mycobacterium tuberculosis (strain ATCC 25618 / H37Rv),LeuRS,Cl.NCC1OB(O)c2cc(OCCCO)cc(Cl)c21,B1OCc2ccccc21,307.96999999999997,0.2404999999999996,5,3,True,6.36
CHEMBL4080074,Cl.NCC1OB(O)c2c(OCCc3ccccc3)ccc(Br)c21,6.33,IC50,470.0,CHEMBL4105844,Mycobacterium tuberculosis (strain ATCC 25618 / H37Rv),LeuRS,Cl.NCC1OB(O)c2c(OCCc3ccccc3)ccc(Br)c21,B1OCc2cccc(OCCc3ccccc3)c21,398.493,2.2098999999999993,4,2,True,6.33
CHEMBL4062832,Cl.NC[C@H]1OB(O)c2c(OCCCO)ccc(Cl)c21,6.33,IC50,470.0,CHEMBL4105844,Mycobacterium tuberculosis (strain ATCC 25618 / H37Rv),LeuRS,Cl.NC[C@H]1OB(O)c2c(OCCCO)ccc(Cl)c21,B1OCc2ccccc21,307.96999999999997,0.24050000000000005,5,3,True,6.33
CHEMBL4062801,NCC1OB(O)c2c3c(cc(Br)c21)OCO3.O=C(O)C(F)(F)F,6.21,IC50,610.0,CHEMBL4105844,Mycobacterium tuberculosis (strain ATCC 25618 / H37Rv),LeuRS,NCC1OB(O)c2c3c(cc(Br)c21)OCO3.O=C(O)C(F)(F)F,B1OCc2ccc3c(c21)OCO3,399.9120000000001,0.5285999999999993,6,3,True,6.21
CHEMBL4070589,CCOc1cc(Cl)c2c(c1)B(O)OC2CN.Cl,6.2,IC50,630.0,CHEMBL4105844,Mycobacterium tuberculosis (strain ATCC 25618 / H37Rv),LeuRS,CCOc1cc(Cl)c2c(c1)B(O)OC2CN.Cl,B1OCc2ccccc21,277.944,0.8780000000000001,4,2,True,6.2
CHEMBL4518074,NCC1OB(O)c2ccccc21,6.19,IC50,640.0,CHEMBL4105844,Mycobacterium tuberculosis (strain ATCC 25618 / H37Rv),LeuRS,NCC1OB(O)c2ccccc21,B1OCc2ccccc21,162.98499999999999,-0.5959000000000001,3,2,True,6.19
CHEMBL4087629,Cl.NCC1OB(O)c2c(Oc3ccc(Br)cc3)ccc(Br)c21,6.16,IC50,690.0,CHEMBL4105844,Mycobacterium tuberculosis (strain ATCC 25618 / H37Rv),LeuRS,Cl.NCC1OB(O)c2c(Oc3ccc(Br)cc3)ccc(Br)c21,B1OCc2cccc(Oc3ccccc3)c21,449.33500000000004,3.143200000000001,4,2,True,6.16
CHEMBL4065024,Cl.NCC1OB(O)c2c(OCCc3ccccc3)ccc(Cl)c21,6.14,IC50,720.0,CHEMBL4105844,Mycobacterium tuberculosis (strain ATCC 25618 / H37Rv),LeuRS,Cl.NCC1OB(O)c2c(OCCc3ccccc3)ccc(Cl)c21,B1OCc2cccc(OCCc3ccccc3)c21,354.042,2.1007999999999996,4,2,True,6.14
CHEMBL4100936,Cl.NCC1OB(O)c2cc(OCCO)cc(Br)c21,6.05,IC50,890.0,CHEMBL4105844,Mycobacterium tuberculosis (strain ATCC 25618 / H37Rv),LeuRS,Cl.NCC1OB(O)c2cc(OCCO)cc(Br)c21,B1OCc2ccccc21,338.39399999999995,-0.04050000000000037,5,3,True,6.05
CHEMBL4099978,Cl.NCC1OB(O)c2cc(OCCO)cc(Cl)c21,5.96,IC50,1110.0,CHEMBL4105844,Mycobacterium tuberculosis (strain ATCC 25618 / H37Rv),LeuRS,Cl.NCC1OB(O)c2cc(OCCO)cc(Cl)c21,B1OCc2ccccc21,293.943,-0.14960000000000034,5,3,True,5.96
CHEMBL4871282,CC(C)C[C@H](N)C(=O)NS(=O)(=O)OC[C@H]1OC[C@@H](CCCn2cc(CNCc3ccccc3)nn2)[C@H](O)[C@@H]1O,5.9,Ki,1260.73,CHEMBL4295566,Escherichia coli (strain K12),LeuRS,CC(C)C[C@H](N)C(=O)NS(=O)(=O)OC[C@H]1OC[C@@H](CCCn2cc(CNCc3ccccc3)nn2)[C@H](O)[C@@H]1O,c1ccc(CNCc2cn(CCCC3CCCOC3)nn2)cc1,568.6970000000005,-0.16409999999999536,11,5,True,5.9
CHEMBL4871079,CC(C)C[C@H](N)C(=O)NS(=O)(=O)OC[C@H]1OC[C@@H](CCCn2cc(CN)nn2)[C@H](O)[C@@H]1O,5.53,Ki,2969.71,CHEMBL4295566,Escherichia coli (strain K12),LeuRS,CC(C)C[C@H](N)C(=O)NS(=O)(=O)OC[C@H]1OC[C@@H](CCCn2cc(CN)nn2)[C@H](O)[C@@H]1O,c1cn(CCCC2CCCOC2)nn1,478.5720000000003,-1.9951999999999939,11,5,True,5.53
CHEMBL4077080,Cl.NC[C@@H]1OB(O)c2c3c(cc(Br)c21)OCCO3,5.38,IC50,4200.0,CHEMBL4105844,Mycobacterium tuberculosis (strain ATCC 25618 / H37Rv),LeuRS,Cl.NC[C@@H]1OB(O)c2c3c(cc(Br)c21)OCCO3,B1OCc2ccc3c(c21)OCCO3,336.3780000000001,0.35960000000000003,5,2,True,5.38
CHEMBL4483579,COc1cc(/C=N/Nc2nc(-c3ccc([N+](=O)[O-])cc3)cs2)cc([N+](=O)[O-])c1O,5.24,IC50,5800.0,CHEMBL4105844,Mycobacterium tuberculosis (strain ATCC 25618 / H37Rv),LeuRS,COc1cc(/C=N/Nc2nc(-c3ccc([N+](=O)[O-])cc3)cs2)cc([N+](=O)[O-])c1O,C(=NNc1nc(-c2ccccc2)cs1)c1ccccc1,415.3870000000001,3.786700000000002,10,2,True,5.24
CHEMBL4557148,O=[N+]([O-])c1cccc(-c2csc(N/N=C/c3ccccc3Br)n2)c1,5.05,IC50,8900.0,CHEMBL4105844,Mycobacterium tuberculosis (strain ATCC 25618 / H37Rv),LeuRS,O=[N+]([O-])c1cccc(-c2csc(N/N=C/c3ccccc3Br)n2)c1,C(=NNc1nc(-c2ccccc2)cs1)c1ccccc1,403.261,4.926800000000003,6,1,True,5.05
CHEMBL4100159,Cl.NC[C@@H]1OB(O)c2c(OCCO)ccc(Cl)c21,5.0,IC50,10000.0,CHEMBL4105844,Mycobacterium tuberculosis (strain ATCC 25618 / H37Rv),LeuRS,Cl.NC[C@@H]1OB(O)c2c(OCCO)ccc(Cl)c21,B1OCc2ccccc21,293.943,-0.14960000000000034,5,3,True,5.0
CHEMBL4081018,Cl.NC[C@@H]1OB(O)c2c3c(cc(Cl)c21)OCCO3,4.9,IC50,12600.0,CHEMBL4105844,Mycobacterium tuberculosis (strain ATCC 25618 / H37Rv),LeuRS,Cl.NC[C@@H]1OB(O)c2c3c(cc(Cl)c21)OCCO3,B1OCc2ccc3c(c21)OCCO3,291.9270000000001,0.25049999999999983,5,2,True,4.9
CHEMBL4463501,COc1ccc(/C=N/Nc2nc(-c3ccc(F)cc3)cs2)cc1Br,4.9,IC50,12500.0,CHEMBL4105844,Mycobacterium tuberculosis (strain ATCC 25618 / H37Rv),LeuRS,COc1ccc(/C=N/Nc2nc(-c3ccc(F)cc3)cs2)cc1Br,C(=NNc1nc(-c2ccccc2)cs1)c1ccccc1,406.28000000000003,5.166300000000002,5,1,True,4.9
CHEMBL4097736,Cl.NC[C@@H]1OB(O)c2c(OCCO)ccc(Br)c21,4.85,IC50,14200.0,CHEMBL4105844,Mycobacterium tuberculosis (strain ATCC 25618 / H37Rv),LeuRS,Cl.NC[C@@H]1OB(O)c2c(OCCO)ccc(Br)c21,B1OCc2ccccc21,338.39399999999995,-0.04050000000000037,5,3,True,4.85
CHEMBL378506,OB1OCc2ccccc21,4.67,IC50,21300.0,CHEMBL4105844,Mycobacterium tuberculosis (strain ATCC 25618 / H37Rv),LeuRS,OB1OCc2ccccc21,B1OCc2ccccc21,133.94299999999998,-0.09570000000000012,2,1,True,4.67
CHEMBL4441684,Brc1ccccc1/C=N/Nc1nc(-c2ccccc2)cs1,4.62,IC50,24100.0,CHEMBL4105844,Mycobacterium tuberculosis (strain ATCC 25618 / H37Rv),LeuRS,Brc1ccccc1/C=N/Nc1nc(-c2ccccc2)cs1,C(=NNc1nc(-c2ccccc2)cs1)c1ccccc1,358.264,5.018600000000003,4,1,True,4.62
CHEMBL4460948,O=C(O)c1ccc(/C=N/Nc2nc(-c3ccc(Cl)cc3Cl)cs2)cc1,4.56,IC50,27300.0,CHEMBL4105844,Mycobacterium tuberculosis (strain ATCC 25618 / H37Rv),LeuRS,O=C(O)c1ccc(/C=N/Nc2nc(-c3ccc(Cl)cc3Cl)cs2)cc1,C(=NNc1nc(-c2ccccc2)cs1)c1ccccc1,392.26700000000005,5.261100000000002,5,2,True,4.56
CHEMBL4871671,CNC(=O)CN(Cc1ccc(-n2cncn2)cc1)C(=O)CSc1ccccc1Cl,4.301029995663981,IC50,50000.0,CHEMBL4879550,E. coli LpxA,LpxA,CNC(=O)CN(Cc1ccc(-n2cncn2)cc1)C(=O)CSc1ccccc1Cl,O=C(CSc1ccccc1)NCc1ccc(-n2cncn2)cc1,429.9330000000002,2.7876000000000003,5,1,True,4.301029995663981
CHEMBL3939284,CC(C)(N)[C@H](NC(=O)c1ccc(C#CC#C[C@@H]2C[C@H]2CO)cc1)C(=O)NO,10.7,IC50,0.02,CHEMBL3855,P. aeruginosa,LpxC,CC(C)(N)[C@H](NC(=O)c1ccc(C#CC#C[C@@H]2C[C@H]2CO)cc1)C(=O)NO,C(C#CC1CC1)#Cc1ccccc1,369.42100000000005,0.011000000000000898,5,5,True,10.7
CHEMBL2420205,C[C@](O)(c1c[nH]nn1)[C@H](NC(=O)c1ccc(C#CC#Cc2ccc(N)cc2)cc1)C(=O)NO,10.62,Ki,0.024,CHEMBL5244,E. coli,LpxC,C[C@](O)(c1c[nH]nn1)[C@H](NC(=O)c1ccc(C#CC#Cc2ccc(N)cc2)cc1)C(=O)NO,O=C(NCCc1c[nH]nn1)c1ccc(C#CC#Cc2ccccc2)cc1,444.45100000000014,0.30159999999999954,7,6,True,10.62
CHEMBL2420203,C[C@](O)(c1ccc(O)cc1)[C@H](NC(=O)c1ccc(C#CC#Cc2ccc(N)cc2)cc1)C(=O)NO,10.62,Ki,0.024,CHEMBL5244,E. coli,LpxC,C[C@](O)(c1ccc(O)cc1)[C@H](NC(=O)c1ccc(C#CC#Cc2ccc(N)cc2)cc1)C(=O)NO,O=C(NCCc1ccccc1)c1ccc(C#CC#Cc2ccccc2)cc1,469.4970000000002,1.8890999999999998,6,6,True,10.62
CHEMBL4464418,C[C@@](C[C@H]1CN(c2ccc(-c3ccccc3)cc2)C(=O)O1)(C(=O)NO)S(C)(=O)=O,10.59,Kd,0.026,CHEMBL3855,P. aeruginosa,LpxC,C[C@@](C[C@H]1CN(c2ccc(-c3ccccc3)cc2)C(=O)O1)(C(=O)NO)S(C)(=O)=O,O=C1OCCN1c1ccc(-c2ccccc2)cc1,418.4710000000002,2.3776,6,2,True,10.59
CHEMBL3647134,CC(CCc1ccc(-c2ccc3c(c2)OCO3)cc1)(C(=O)NO)S(C)(=O)=O,10.52,IC50,0.0303,CHEMBL3855,P. aeruginosa,LpxC,CC(CCc1ccc(-c2ccc3c(c2)OCO3)cc1)(C(=O)NO)S(C)(=O)=O,c1ccc(-c2ccc3c(c2)OCO3)cc1,391.4450000000001,2.3236,6,2,True,10.52
CHEMBL3904237,C[C@@](CCc1ccc(-c2cc3ccccc3[nH]2)cc1)(C(=O)NO)S(C)(=O)=O,10.47,IC50,0.034,CHEMBL3855,P. aeruginosa,LpxC,C[C@@](CCc1ccc(-c2cc3ccccc3[nH]2)cc1)(C(=O)NO)S(C)(=O)=O,c1ccc(-c2cc3ccccc3[nH]2)cc1,386.4730000000001,3.0762,4,3,True,10.47
CHEMBL3647135,CC(CCc1ccc(-c2ccc(O)cc2)cc1F)(C(=O)NO)S(C)(=O)=O,10.23,IC50,0.0592,CHEMBL3855,P. aeruginosa,LpxC,CC(CCc1ccc(-c2ccc(O)cc2)cc1F)(C(=O)NO)S(C)(=O)=O,c1ccc(-c2ccccc2)cc1,381.42500000000007,2.4396000000000004,5,3,True,10.23
CHEMBL4517452,CC#Cc1ccc(N2C[C@H](C[C@](C)(C(=O)NO)S(C)(=O)=O)OC2=O)cc1,10.2,Kd,0.063,CHEMBL3855,P. aeruginosa,LpxC,CC#Cc1ccc(N2C[C@H](C[C@](C)(C(=O)NO)S(C)(=O)=O)OC2=O)cc1,O=C1OCCN1c1ccccc1,380.42200000000014,1.0820000000000003,6,2,True,10.2
CHEMBL4437188,C[C@@](C[C@H]1CN(c2ccc(C#CC3CC3)cc2)C(=O)O1)(C(=O)NO)S(C)(=O)=O,10.19,Kd,0.065,CHEMBL3855,P. aeruginosa,LpxC,C[C@@](C[C@H]1CN(c2ccc(C#CC3CC3)cc2)C(=O)O1)(C(=O)NO)S(C)(=O)=O,O=C1OCCN1c1ccc(C#CC2CC2)cc1,406.4600000000001,1.4721000000000002,6,2,True,10.19
CHEMBL3647088,CC(CCc1ccc(-c2ccc(Cl)cc2)cc1)(C(=O)NO)S(C)(=O)=O,10.17,IC50,0.0669,CHEMBL3855,P. aeruginosa,LpxC,CC(CCc1ccc(-c2ccc(Cl)cc2)cc1)(C(=O)NO)S(C)(=O)=O,c1ccc(-c2ccccc2)cc1,381.8810000000001,3.248300000000002,4,2,True,10.17
CHEMBL3917201,CC(=O)c1ccc(-c2ccc(CC[C@](C)(C(=O)NO)S(C)(=O)=O)cc2)cc1,10.17,IC50,0.0674,CHEMBL3855,P. aeruginosa,LpxC,CC(=O)c1ccc(-c2ccc(CC[C@](C)(C(=O)NO)S(C)(=O)=O)cc2)cc1,c1ccc(-c2ccccc2)cc1,389.473,2.797500000000001,5,2,True,10.17
CHEMBL261713,O=C(NO)[C@@H](Cc1ccc2ccccc2c1)NS(=O)(=O)c1ccc2ccccc2c1,10.16,Ki,0.069,CHEMBL5244,E. coli,LpxC,O=C(NO)[C@@H](Cc1ccc2ccccc2c1)NS(=O)(=O)c1ccc2ccccc2c1,O=S(=O)(NCCc1ccc2ccccc2c1)c1ccc2ccccc2c1,420.4900000000002,3.388000000000001,4,3,True,10.16
CHEMBL4514246,C/C=C/c1ccc(N2C[C@H](C[C@](C)(C(=O)NO)S(C)(=O)=O)OC2=O)cc1,10.0,Kd,0.1,CHEMBL3855,P. aeruginosa,LpxC,C/C=C/c1ccc(N2C[C@H](C[C@](C)(C(=O)NO)S(C)(=O)=O)OC2=O)cc1,O=C1OCCN1c1ccccc1,382.43800000000016,1.7437,6,2,True,10.0
CHEMBL3647071,CC(CCc1ccc(-c2ccc([N+](=O)[O-])cc2)cc1)(C(=O)NO)S(C)(=O)=O,9.92,IC50,0.12,CHEMBL3855,P. aeruginosa,LpxC,CC(CCc1ccc(-c2ccc([N+](=O)[O-])cc2)cc1)(C(=O)NO)S(C)(=O)=O,c1ccc(-c2ccccc2)cc1,392.4330000000001,2.5031000000000008,6,2,True,9.92
CHEMBL4473969,C[C@@](C[C@H]1CN(c2ccc(-c3ccccc3)cn2)C(=O)O1)(C(=O)NO)S(C)(=O)=O,9.92,Kd,0.12,CHEMBL3855,P. aeruginosa,LpxC,C[C@@](C[C@H]1CN(c2ccc(-c3ccccc3)cn2)C(=O)O1)(C(=O)NO)S(C)(=O)=O,O=C1OCCN1c1ccc(-c2ccccc2)cn1,419.4590000000002,1.7725999999999995,7,2,True,9.92
CHEMBL4466622,C[C@@H](O)Cc1ccc(-c2ccc(N3C[C@H](C[C@](C)(C(=O)NO)S(C)(=O)=O)OC3=O)cc2)cc1,9.92,Kd,0.12,CHEMBL3855,P. aeruginosa,LpxC,C[C@@H](O)Cc1ccc(-c2ccc(N3C[C@H](C[C@](C)(C(=O)NO)S(C)(=O)=O)OC3=O)cc2)cc1,O=C1OCCN1c1ccc(-c2ccccc2)cc1,476.55100000000016,2.3009000000000004,7,3,True,9.92
CHEMBL4529054,C[C@@](C[C@H]1CN(c2ccc(C3CC3)cc2)C(=O)O1)(C(=O)NO)S(C)(=O)=O,9.92,Kd,0.12,CHEMBL3855,P. aeruginosa,LpxC,C[C@@](C[C@H]1CN(c2ccc(C3CC3)cc2)C(=O)O1)(C(=O)NO)S(C)(=O)=O,O=C1OCCN1c1ccc(C2CC2)cc1,382.43800000000005,1.588,6,2,True,9.92
CHEMBL3647104,CC(CCc1ccc(-c2ccc(F)c(Cl)c2)cc1)(C(=O)NO)S(C)(=O)=O,9.9,IC50,0.127,CHEMBL3855,P. aeruginosa,LpxC,CC(CCc1ccc(-c2ccc(F)c(Cl)c2)cc1)(C(=O)NO)S(C)(=O)=O,c1ccc(-c2ccccc2)cc1,399.8710000000001,3.3874000000000013,4,2,True,9.9
CHEMBL3647089,CC(CCc1ccc(-c2ccc(CCCO)cc2)cc1)(C(=O)NO)S(C)(=O)=O,9.88,IC50,0.132,CHEMBL3855,P. aeruginosa,LpxC,CC(CCc1ccc(-c2ccc(CCCO)cc2)cc1)(C(=O)NO)S(C)(=O)=O,c1ccc(-c2ccccc2)cc1,405.5160000000001,2.5198,5,3,True,9.88
CHEMBL3647138,CC(=O)c1ccc(-c2ccc(CCC(C)(C(=O)NO)S(C)(=O)=O)cc2)cc1O,9.86,IC50,0.138,CHEMBL3855,P. aeruginosa,LpxC,CC(=O)c1ccc(-c2ccc(CCC(C)(C(=O)NO)S(C)(=O)=O)cc2)cc1O,c1ccc(-c2ccccc2)cc1,405.47200000000004,2.503100000000001,6,3,True,9.86
CHEMBL3647107,Cc1cc(-c2ccc(CCC(C)(C(=O)NO)S(C)(=O)=O)cc2)ccc1C#N,9.84,IC50,0.144,CHEMBL3855,P. aeruginosa,LpxC,Cc1cc(-c2ccc(CCC(C)(C(=O)NO)S(C)(=O)=O)cc2)ccc1C#N,c1ccc(-c2ccccc2)cc1,386.4730000000001,2.7750000000000012,5,2,True,9.84
CHEMBL3647108,CC(CCc1ccc(-c2ccc(OCCO)cc2)cc1)(C(=O)NO)S(C)(=O)=O,9.83,IC50,0.148,CHEMBL3855,P. aeruginosa,LpxC,CC(CCc1ccc(-c2ccc(OCCO)cc2)cc1)(C(=O)NO)S(C)(=O)=O,c1ccc(-c2ccccc2)cc1,407.4880000000001,1.9659999999999993,6,3,True,9.83
CHEMBL3647112,CC(CCc1ccc(-c2cc(F)c(C#N)c(F)c2)cc1)(C(=O)NO)S(C)(=O)=O,9.82,IC50,0.15,CHEMBL3855,P. aeruginosa,LpxC,CC(CCc1ccc(-c2cc(F)c(C#N)c(F)c2)cc1)(C(=O)NO)S(C)(=O)=O,c1ccc(-c2ccccc2)cc1,408.4260000000001,2.7447800000000013,5,2,True,9.82
CHEMBL3647140,CC(=O)c1ccc(-c2ccc(CCC(C)(C(=O)NO)S(C)(=O)=O)cc2)cc1F,9.81,IC50,0.155,CHEMBL3855,P. aeruginosa,LpxC,CC(=O)c1ccc(-c2ccc(CCC(C)(C(=O)NO)S(C)(=O)=O)cc2)cc1F,c1ccc(-c2ccccc2)cc1,407.463,2.936600000000001,5,2,True,9.81
CHEMBL4471512,C[C@@](C[C@H]1CC(c2ccc(C#CC3CC3)cc2)=NO1)(C(=O)NO)S(C)(=O)=O,9.77,Kd,0.17,CHEMBL3855,P. aeruginosa,LpxC,C[C@@](C[C@H]1CC(c2ccc(C#CC3CC3)cc2)=NO1)(C(=O)NO)S(C)(=O)=O,C(#CC1CC1)c1ccc(C2=NOCC2)cc1,390.46100000000007,1.6399,6,2,True,9.77
CHEMBL4439209,CCCc1ccc(N2C[C@H](C[C@](C)(C(=O)NO)S(C)(=O)=O)OC2=O)cc1,9.77,Kd,0.17,CHEMBL3855,P. aeruginosa,LpxC,CCCc1ccc(N2C[C@H](C[C@](C)(C(=O)NO)S(C)(=O)=O)OC2=O)cc1,O=C1OCCN1c1ccccc1,384.4540000000001,1.6631000000000002,6,2,True,9.77
CHEMBL1956144,C[C@@](CCc1ccc(-c2ccc(OCCCN3CCOCC3)cc2)cc1)(C(=O)NO)S(C)(=O)=O,9.76,IC50,0.172,CHEMBL3855,P. aeruginosa,LpxC,C[C@@](CCc1ccc(-c2ccc(OCCCN3CCOCC3)cc2)cc1)(C(=O)NO)S(C)(=O)=O,c1ccc(-c2ccc(OCCCN3CCOCC3)cc2)cc1,490.6220000000002,2.6960000000000006,7,2,True,9.76
CHEMBL3647106,CC(=O)c1ccc(-c2ccc(CCC(C)(C(=O)NO)S(C)(=O)=O)cc2)cc1,9.75,IC50,0.176,CHEMBL3855,P. aeruginosa,LpxC,CC(=O)c1ccc(-c2ccc(CCC(C)(C(=O)NO)S(C)(=O)=O)cc2)cc1,c1ccc(-c2ccccc2)cc1,389.473,2.797500000000001,5,2,True,9.75
CHEMBL3647094,CC(CCc1ccc(-c2cccc(F)c2F)cc1)(C(=O)NO)S(C)(=O)=O,9.73,IC50,0.185,CHEMBL3855,P. aeruginosa,LpxC,CC(CCc1ccc(-c2cccc(F)c2F)cc1)(C(=O)NO)S(C)(=O)=O,c1ccc(-c2ccccc2)cc1,383.4160000000001,2.8731,4,2,True,9.73
CHEMBL3647182,CC(O)C(=O)c1ccc(-c2ccc(CCC(C)(C(=O)NO)S(C)(=O)=O)cc2)cc1,9.71,IC50,0.195,CHEMBL3855,P. aeruginosa,LpxC,CC(O)C(=O)c1ccc(-c2ccc(CCC(C)(C(=O)NO)S(C)(=O)=O)cc2)cc1,c1ccc(-c2ccccc2)cc1,419.499,2.1583999999999994,6,3,True,9.71
CHEMBL1643369,C[C@@H](O)[C@H](NC(=O)c1ccc(C#CC#Cc2ccc(N)cc2)cc1)C(=O)NO,9.7,Ki,0.2,CHEMBL5244,E. coli,LpxC,C[C@@H](O)[C@H](NC(=O)c1ccc(C#CC#Cc2ccc(N)cc2)cc1)C(=O)NO,C(C#Cc1ccccc1)#Cc1ccccc1,377.40000000000003,0.6566000000000001,5,5,True,9.7
CHEMBL2377693,C[C@H](O)[C@H](NC(=O)c1ccc(C#Cc2ccc(CN3CCOCC3)cc2)cc1)C(=O)NO,9.7,IC50,0.2,CHEMBL5244,E. coli,LpxC,C[C@H](O)[C@H](NC(=O)c1ccc(C#Cc2ccc(CN3CCOCC3)cc2)cc1)C(=O)NO,C(#Cc1ccc(CN2CCOCC2)cc1)c1ccccc1,437.4960000000002,0.9032000000000002,6,4,True,9.7
CHEMBL3647127,CC(CCc1ccc(-c2ccc(C(=O)CO)cc2)cc1)(C(=O)NO)S(C)(=O)=O,9.7,IC50,0.2,CHEMBL3855,P. aeruginosa,LpxC,CC(CCc1ccc(-c2ccc(C(=O)CO)cc2)cc1)(C(=O)NO)S(C)(=O)=O,c1ccc(-c2ccccc2)cc1,405.4720000000001,1.7698999999999996,6,3,True,9.7
CHEMBL4456426,CCCc1ccc(C2=NO[C@@H](C[C@](C)(C(=O)NO)S(C)(=O)=O)C2)cc1,9.7,Kd,0.2,CHEMBL3855,P. aeruginosa,LpxC,CCCc1ccc(C2=NO[C@@H](C[C@](C)(C(=O)NO)S(C)(=O)=O)C2)cc1,c1ccc(C2=NOCC2)cc1,368.4550000000001,1.8308999999999997,6,2,True,9.7
CHEMBL4562023,CC(C)(O)[C@H]1C[C@H](C#Cc2ccc(N3C[C@H](C[C@](C)(C(=O)NO)S(C)(=O)=O)OC3=O)cc2)C1,9.7,Kd,0.2,CHEMBL3855,P. aeruginosa,LpxC,CC(C)(O)[C@H]1C[C@H](C#Cc2ccc(N3C[C@H](C[C@](C)(C(=O)NO)S(C)(=O)=O)OC3=O)cc2)C1,O=C1OCCN1c1ccc(C#CC2CCC2)cc1,478.5670000000002,1.8591999999999997,7,3,True,9.7
CHEMBL3647115,CC(CCc1ccc(-c2ccc(OCCCCO)cc2)cc1)(C(=O)NO)S(C)(=O)=O,9.69,IC50,0.205,CHEMBL3855,P. aeruginosa,LpxC,CC(CCc1ccc(-c2ccc(OCCCCO)cc2)cc1)(C(=O)NO)S(C)(=O)=O,c1ccc(-c2ccccc2)cc1,435.5420000000001,2.7462,6,3,True,9.69
CHEMBL4569495,C[C@@](C[C@H]1CN(c2ccc(Br)cc2)C(=O)O1)(C(=O)NO)S(C)(=O)=O,9.68,Kd,0.21,CHEMBL3855,P. aeruginosa,LpxC,C[C@@](C[C@H]1CN(c2ccc(Br)cc2)C(=O)O1)(C(=O)NO)S(C)(=O)=O,O=C1OCCN1c1ccccc1,421.2690000000002,1.4730999999999999,6,2,True,9.68
CHEMBL3647093,CC(CCc1ccc(-c2cccc(Cl)c2Cl)cc1)(C(=O)NO)S(C)(=O)=O,9.67,IC50,0.213,CHEMBL3855,P. aeruginosa,LpxC,CC(CCc1ccc(-c2cccc(Cl)c2Cl)cc1)(C(=O)NO)S(C)(=O)=O,c1ccc(-c2ccccc2)cc1,416.32600000000014,3.9017000000000017,4,2,True,9.67
CHEMBL3647113,CC(CCc1ccc(-c2ccc(C#N)cc2F)cc1)(C(=O)NO)S(C)(=O)=O,9.63,IC50,0.232,CHEMBL3855,P. aeruginosa,LpxC,CC(CCc1ccc(-c2ccc(C#N)cc2F)cc1)(C(=O)NO)S(C)(=O)=O,c1ccc(-c2ccccc2)cc1,390.4360000000001,2.6056800000000004,5,2,True,9.63
CHEMBL3647125,CC(CCc1ccc(-c2ccc(F)cc2)c(F)c1)(C(=O)NO)S(C)(=O)=O,9.63,IC50,0.235,CHEMBL3855,P. aeruginosa,LpxC,CC(CCc1ccc(-c2ccc(F)cc2)c(F)c1)(C(=O)NO)S(C)(=O)=O,c1ccc(-c2ccccc2)cc1,383.4160000000001,2.8731,4,2,True,9.63
CHEMBL3647100,Cc1ccc(-c2ccc(CCC(C)(C(=O)NO)S(C)(=O)=O)cc2)cc1C,9.62,IC50,0.242,CHEMBL3855,P. aeruginosa,LpxC,Cc1ccc(-c2ccc(CCC(C)(C(=O)NO)S(C)(=O)=O)cc2)cc1C,c1ccc(-c2ccccc2)cc1,375.4900000000001,3.2117400000000016,4,2,True,9.62
CHEMBL3647122,Cc1cc(CCC(C)(C(=O)NO)S(C)(=O)=O)ccc1-c1ccc(C#N)cc1,9.62,IC50,0.241,CHEMBL3855,P. aeruginosa,LpxC,Cc1cc(CCC(C)(C(=O)NO)S(C)(=O)=O)ccc1-c1ccc(C#N)cc1,c1ccc(-c2ccccc2)cc1,386.4730000000001,2.7750000000000012,5,2,True,9.62
CHEMBL3950184,C[C@@](CCc1ccc(-c2cnc3ccccc3c2)cc1)(C(=O)NO)S(C)(=O)=O,9.62,IC50,0.24,CHEMBL3855,P. aeruginosa,LpxC,C[C@@](CCc1ccc(-c2cnc3ccccc3c2)cc1)(C(=O)NO)S(C)(=O)=O,c1ccc(-c2cnc3ccccc3c2)cc1,398.48400000000015,3.1431000000000004,5,2,True,9.62
CHEMBL3979146,COc1ccc(-c2ccc(CC[C@](C)(C(=O)NO)S(C)(=O)=O)cc2)cn1,9.62,IC50,0.237,CHEMBL3855,P. aeruginosa,LpxC,COc1ccc(-c2ccc(CC[C@](C)(C(=O)NO)S(C)(=O)=O)cc2)cn1,c1ccc(-c2cccnc2)cc1,378.45000000000005,1.9984999999999997,6,2,True,9.62
CHEMBL3924968,CC(=O)c1ccc(-c2ccc(CC[C@](C)(C(=O)NO)S(C)(=O)=O)cc2)cn1,9.61,IC50,0.246,CHEMBL3855,P. aeruginosa,LpxC,CC(=O)c1ccc(-c2ccc(CC[C@](C)(C(=O)NO)S(C)(=O)=O)cc2)cn1,c1ccc(-c2cccnc2)cc1,390.461,2.1925,6,2,True,9.61
CHEMBL3644543,CC(CCc1ccc(-c2ccccc2)cc1F)(C(=O)NO)S(C)(=O)=O,9.59,IC50,0.26,CHEMBL3855,P. aeruginosa,LpxC,CC(CCc1ccc(-c2ccccc2)cc1F)(C(=O)NO)S(C)(=O)=O,c1ccc(-c2ccccc2)cc1,365.42600000000004,2.734,4,2,True,9.59
CHEMBL3647102,Cc1cc(C#N)ccc1-c1ccc(CCC(C)(C(=O)NO)S(C)(=O)=O)cc1,9.57,IC50,0.266,CHEMBL3855,P. aeruginosa,LpxC,Cc1cc(C#N)ccc1-c1ccc(CCC(C)(C(=O)NO)S(C)(=O)=O)cc1,c1ccc(-c2ccccc2)cc1,386.473,2.7750000000000012,5,2,True,9.57
CHEMBL3978300,C[C@@](CCc1ccc(-c2ccc3c(c2)CNC3=O)cc1)(C(=O)NO)S(C)(=O)=O,9.57,IC50,0.266,CHEMBL3855,P. aeruginosa,LpxC,C[C@@](CCc1ccc(-c2ccc3c(c2)CNC3=O)cc1)(C(=O)NO)S(C)(=O)=O,O=C1NCc2cc(-c3ccccc3)ccc21,402.4720000000001,1.8382999999999996,5,3,True,9.57
CHEMBL3935743,CC(C)(O)C(=O)c1ccc(-c2ccc(CC[C@](C)(C(=O)NO)S(C)(=O)=O)cc2)cc1,9.56,IC50,0.278,CHEMBL3855,P. aeruginosa,LpxC,CC(C)(O)C(=O)c1ccc(-c2ccc(CC[C@](C)(C(=O)NO)S(C)(=O)=O)cc2)cc1,c1ccc(-c2ccccc2)cc1,433.52600000000007,2.5485000000000007,6,3,True,9.56
CHEMBL3647076,CC(CCc1ccc(C2=CCCCCC2)cc1)(C(=O)NO)S(C)(=O)=O,9.54,IC50,0.29,CHEMBL3855,P. aeruginosa,LpxC,CC(CCc1ccc(C2=CCCCCC2)cc1)(C(=O)NO)S(C)(=O)=O,C1=C(c2ccccc2)CCCCC1,365.495,3.2754000000000003,4,2,True,9.54
CHEMBL3647092,CC(CCc1ccc(-c2ccc3[nH]ccc3c2)cc1)(C(=O)NO)S(C)(=O)=O,9.53,IC50,0.295,CHEMBL3855,P. aeruginosa,LpxC,CC(CCc1ccc(-c2ccc3[nH]ccc3c2)cc1)(C(=O)NO)S(C)(=O)=O,c1ccc(-c2ccc3[nH]ccc3c2)cc1,386.4730000000001,3.076200000000001,4,3,True,9.53
CHEMBL3647123,CC(CCc1ccc(-c2ccc(N3CCOCC3)cc2)cc1)(C(=O)NO)S(C)(=O)=O,9.53,IC50,0.295,CHEMBL3855,P. aeruginosa,LpxC,CC(CCc1ccc(-c2ccc(N3CCOCC3)cc2)cc1)(C(=O)NO)S(C)(=O)=O,c1ccc(-c2ccc(N3CCOCC3)cc2)cc1,432.5420000000001,2.4315000000000007,6,2,True,9.53
CHEMBL1668460,CC(C)(O)[C@@H](NC(=O)N1CCN(c2ccc(C#Cc3ccccc3)cc2)CC1)C(=O)NO,9.52,IC50,0.3,CHEMBL5244,E. coli,LpxC,CC(C)(O)[C@@H](NC(=O)N1CCN(c2ccc(C#Cc3ccccc3)cc2)CC1)C(=O)NO,C(#Cc1ccc(N2CCNCC2)cc1)c1ccccc1,436.5120000000001,1.5629000000000004,5,4,True,9.52
CHEMBL4071396,C[C@@H](O)[C@H](NC1CCCc2cc(C#Cc3ccc(CN4CCOCC4)cc3)ccc21)C(=O)NO,9.52,IC50,0.3,CHEMBL5244,E. coli,LpxC,C[C@@H](O)[C@H](NC1CCCc2cc(C#Cc3ccc(CN4CCOCC4)cc3)ccc21)C(=O)NO,C(#Cc1ccc2c(c1)CCCC2)c1ccc(CN2CCOCC2)cc1,463.57800000000026,2.1404,6,4,True,9.52
CHEMBL4444870,C/C=C/c1ccc(C2=NO[C@@H](C[C@](C)(C(=O)NO)S(C)(=O)=O)C2)cc1,9.52,Kd,0.3,CHEMBL3855,P. aeruginosa,LpxC,C/C=C/c1ccc(C2=NO[C@@H](C[C@](C)(C(=O)NO)S(C)(=O)=O)C2)cc1,c1ccc(C2=NOCC2)cc1,366.4390000000001,1.9115,6,2,True,9.52
CHEMBL3647073,CC(C)(CCc1ccc(-c2ccccc2)cc1)C(=O)NO,9.51,IC50,0.31,CHEMBL3855,P. aeruginosa,LpxC,CC(C)(CCc1ccc(-c2ccccc2)cc1)C(=O)NO,c1ccc(-c2ccccc2)cc1,283.371,3.817800000000002,2,2,True,9.51
CHEMBL3639460,CC(CCc1ccc(-c2ccc(O)cc2)c(F)c1)(C(=O)NO)S(C)(=O)=O,9.51,IC50,0.306,CHEMBL3855,P. aeruginosa,LpxC,CC(CCc1ccc(-c2ccc(O)cc2)c(F)c1)(C(=O)NO)S(C)(=O)=O,c1ccc(-c2ccccc2)cc1,381.42500000000007,2.4396000000000004,5,3,True,9.51
CHEMBL3647192,CC(CCc1ccc(Oc2cccc(F)c2F)cc1)(C(=O)NO)S(C)(=O)=O,9.49,IC50,0.325,CHEMBL3855,P. aeruginosa,LpxC,CC(CCc1ccc(Oc2cccc(F)c2F)cc1)(C(=O)NO)S(C)(=O)=O,c1ccc(Oc2ccccc2)cc1,399.4150000000001,2.998400000000001,5,2,True,9.49
CHEMBL3647074,CC(CCc1ccc(-c2ccc(-c3cc(CO)no3)cc2)cc1)(C(=O)NO)S(C)(=O)=O,9.49,IC50,0.32,CHEMBL3855,P. aeruginosa,LpxC,CC(CCc1ccc(-c2ccc(-c3cc(CO)no3)cc2)cc1)(C(=O)NO)S(C)(=O)=O,c1ccc(-c2ccc(-c3ccno3)cc2)cc1,444.5090000000001,2.7422000000000004,7,3,True,9.49
CHEMBL3647178,CC(CCc1ccc(C2=CCSCC2)cc1)(C(=O)NO)S(C)(=O)=O,9.49,IC50,0.32,CHEMBL3855,P. aeruginosa,LpxC,CC(CCc1ccc(C2=CCSCC2)cc1)(C(=O)NO)S(C)(=O)=O,C1=C(c2ccccc2)CCSC1,369.50800000000004,2.4482,5,2,True,9.49
CHEMBL3647085,CC(CCc1ccc(-c2ccc(CCO)cc2)cc1)(C(=O)NO)S(C)(=O)=O,9.48,IC50,0.331,CHEMBL3855,P. aeruginosa,LpxC,CC(CCc1ccc(-c2ccc(CCO)cc2)cc1)(C(=O)NO)S(C)(=O)=O,c1ccc(-c2ccccc2)cc1,391.4890000000001,2.1296999999999997,5,3,True,9.48
CHEMBL3647111,CC(CCc1ccc(-c2ccc(C#N)c(Cl)c2)cc1)(C(=O)NO)S(C)(=O)=O,9.48,IC50,0.329,CHEMBL3855,P. aeruginosa,LpxC,CC(CCc1ccc(-c2ccc(C#N)c(Cl)c2)cc1)(C(=O)NO)S(C)(=O)=O,c1ccc(-c2ccccc2)cc1,406.89100000000013,3.1199800000000018,5,2,True,9.48
CHEMBL3647087,CC(CCc1ccc(-c2cccc(F)c2)cc1)(C(=O)NO)S(C)(=O)=O,9.47,IC50,0.335,CHEMBL3855,P. aeruginosa,LpxC,CC(CCc1ccc(-c2cccc(F)c2)cc1)(C(=O)NO)S(C)(=O)=O,c1ccc(-c2ccccc2)cc1,365.42600000000004,2.734000000000001,4,2,True,9.47
CHEMBL3647116,CC(CCc1ccc(-c2ccc(O)c(F)c2)cc1)(C(=O)NO)S(C)(=O)=O,9.47,IC50,0.335,CHEMBL3855,P. aeruginosa,LpxC,CC(CCc1ccc(-c2ccc(O)c(F)c2)cc1)(C(=O)NO)S(C)(=O)=O,c1ccc(-c2ccccc2)cc1,381.42500000000007,2.4396000000000004,5,3,True,9.47
CHEMBL3647117,Cc1cc(-c2ccc(F)cc2)ccc1CCC(C)(C(=O)NO)S(C)(=O)=O,9.47,IC50,0.337,CHEMBL3855,P. aeruginosa,LpxC,Cc1cc(-c2ccc(F)cc2)ccc1CCC(C)(C(=O)NO)S(C)(=O)=O,c1ccc(-c2ccccc2)cc1,379.45300000000003,3.042420000000001,4,2,True,9.47
CHEMBL3647143,CC(=O)c1ccc(-c2ccc(CCC(C)(C(=O)NO)S(C)(=O)=O)c(F)c2)cn1,9.46,IC50,0.348,CHEMBL3855,P. aeruginosa,LpxC,CC(=O)c1ccc(-c2ccc(CCC(C)(C(=O)NO)S(C)(=O)=O)c(F)c2)cn1,c1ccc(-c2cccnc2)cc1,408.451,2.3316,6,2,True,9.46
CHEMBL6176082,Cc1c(COc2cccc(CNC(C(=O)NO)C(C)O)c2)cccc1-c1ccccc1,9.45,Kd,0.357,CHEMBL5244,E. coli,LpxC,Cc1c(COc2cccc(CNC(C(=O)NO)C(C)O)c2)cccc1-c1ccccc1,c1ccc(OCc2cccc(-c3ccccc3)c2)cc1,420.5090000000001,3.585420000000002,5,4,True,9.45
CHEMBL3647095,CC(C)Cc1ccc(-c2ccc(CCC(C)(C(=O)NO)S(C)(=O)=O)cc2)cc1,9.45,IC50,0.356,CHEMBL3855,P. aeruginosa,LpxC,CC(C)Cc1ccc(-c2ccc(CCC(C)(C(=O)NO)S(C)(=O)=O)cc2)cc1,c1ccc(-c2ccccc2)cc1,403.54400000000004,3.793400000000002,4,2,True,9.45
CHEMBL3647101,CC(CCc1ccc(-c2cccc(Cl)c2)cc1)(C(=O)NO)S(C)(=O)=O,9.44,IC50,0.364,CHEMBL3855,P. aeruginosa,LpxC,CC(CCc1ccc(-c2cccc(Cl)c2)cc1)(C(=O)NO)S(C)(=O)=O,c1ccc(-c2ccccc2)cc1,381.8810000000001,3.2483000000000013,4,2,True,9.44
CHEMBL2012204,Cc1cc([C@H](O)[C@](C)(OCc2ccc(-c3ccccc3)cc2)C(=O)NO)no1,9.43,IC50,0.376,CHEMBL3855,P. aeruginosa,LpxC,Cc1cc([C@H](O)[C@](C)(OCc2ccc(-c3ccccc3)cc2)C(=O)NO)no1,c1ccc(-c2ccc(COCCc3ccon3)cc2)cc1,382.41600000000005,3.16432,6,3,True,9.43
CHEMBL3961895,C[C@@](CCc1ccc(-c2ccc3c(c2)C(=O)NC3)cc1)(C(=O)NO)S(C)(=O)=O,9.43,IC50,0.374,CHEMBL3855,P. aeruginosa,LpxC,C[C@@](CCc1ccc(-c2ccc3c(c2)C(=O)NC3)cc1)(C(=O)NO)S(C)(=O)=O,O=C1NCc2ccc(-c3ccccc3)cc21,402.4720000000001,1.8382999999999996,5,3,True,9.43
CHEMBL3647249,CC(CCc1ccc(OCc2ccc(Cl)cc2F)cc1)(C(=O)NO)S(C)(=O)=O,9.41,IC50,0.393,CHEMBL3855,P. aeruginosa,LpxC,CC(CCc1ccc(OCc2ccc(Cl)cc2F)cc1)(C(=O)NO)S(C)(=O)=O,c1ccc(COc2ccccc2)cc1,429.8970000000001,3.299400000000002,5,2,True,9.41
CHEMBL3647109,CC(CCc1ccc(-c2ccc(OCCCO)cc2)cc1)(C(=O)NO)S(C)(=O)=O,9.41,IC50,0.388,CHEMBL3855,P. aeruginosa,LpxC,CC(CCc1ccc(-c2ccc(OCCCO)cc2)cc1)(C(=O)NO)S(C)(=O)=O,c1ccc(-c2ccccc2)cc1,421.5150000000001,2.3560999999999996,6,3,True,9.41
CHEMBL3647139,CC(CCc1ccc(-c2ccc(C(=O)CO)cc2)cc1F)(C(=O)NO)S(C)(=O)=O,9.41,IC50,0.387,CHEMBL3855,P. aeruginosa,LpxC,CC(CCc1ccc(-c2ccc(C(=O)CO)cc2)cc1F)(C(=O)NO)S(C)(=O)=O,c1ccc(-c2ccccc2)cc1,423.4620000000001,1.9089999999999998,6,3,True,9.41
CHEMBL6176290,CC(C)OC(=O)[C@@H](CO)NCc1cc(Cl)c(OCc2cccc(-c3ccccc3)c2Br)cc1OCc1cccnc1,9.4,Kd,0.401,CHEMBL5244,E. coli,LpxC,CC(C)OC(=O)[C@@H](CO)NCc1cc(Cl)c(OCc2cccc(-c3ccccc3)c2Br)cc1OCc1cccnc1,c1ccc(-c2cccc(COc3cccc(OCc4cccnc4)c3)c2)cc1,639.974,6.724600000000007,7,2,True,9.4
CHEMBL2012200,C[C@@](OCc1ccc(-c2ccccc2)cc1)(C(=O)NO)[C@@H](O)c1ccn[nH]1,9.4,IC50,0.4,CHEMBL3855,P. aeruginosa,LpxC,C[C@@](OCc1ccc(-c2ccccc2)cc1)(C(=O)NO)[C@@H](O)c1ccn[nH]1,c1ccc(-c2ccc(COCCc3ccn[nH]3)cc2)cc1,367.40500000000003,2.5909999999999993,5,4,True,9.4
CHEMBL2012203,C[C@@](OCc1ccc(-c2ccccc2)cc1)(C(=O)NO)[C@@H](O)c1ccon1,9.4,IC50,0.4,CHEMBL3855,P. aeruginosa,LpxC,C[C@@](OCc1ccc(-c2ccccc2)cc1)(C(=O)NO)[C@@H](O)c1ccon1,c1ccc(-c2ccc(COCCc3ccon3)cc2)cc1,368.38900000000007,2.8559,6,3,True,9.4
CHEMBL3647091,CSc1cccc(-c2ccc(CCC(C)(C(=O)NO)S(C)(=O)=O)cc2)c1,9.38,IC50,0.417,CHEMBL3855,P. aeruginosa,LpxC,CSc1cccc(-c2ccc(CCC(C)(C(=O)NO)S(C)(=O)=O)cc2)c1,c1ccc(-c2ccccc2)cc1,393.53000000000003,3.3168000000000006,5,2,True,9.38
CHEMBL3647126,CC(CCc1ccc(-c2ccc(C#N)cc2)cc1F)(C(=O)NO)S(C)(=O)=O,9.37,IC50,0.427,CHEMBL3855,P. aeruginosa,LpxC,CC(CCc1ccc(-c2ccc(C#N)cc2)cc1F)(C(=O)NO)S(C)(=O)=O,c1ccc(-c2ccccc2)cc1,390.4360000000001,2.6056799999999996,5,2,True,9.37
CHEMBL3647176,CC(CCc1ccc(C2=CCCCC2)cc1)(C(=O)NO)S(C)(=O)=O,9.36,IC50,0.441,CHEMBL3855,P. aeruginosa,LpxC,CC(CCc1ccc(C2=CCCCC2)cc1)(C(=O)NO)S(C)(=O)=O,C1=C(c2ccccc2)CCCC1,351.468,2.8853,4,2,True,9.36
CHEMBL4462003,CC#Cc1ccc(C2=NO[C@@H](C[C@](C)(C(=O)NO)S(C)(=O)=O)C2)cc1,9.36,Kd,0.44,CHEMBL3855,P. aeruginosa,LpxC,CC#Cc1ccc(C2=NO[C@@H](C[C@](C)(C(=O)NO)S(C)(=O)=O)C2)cc1,c1ccc(C2=NOCC2)cc1,364.4230000000001,1.2498,6,2,True,9.36
CHEMBL3647098,Cc1cccc(-c2ccc(CCC(C)(C(=O)NO)S(C)(=O)=O)cc2)c1C,9.35,IC50,0.444,CHEMBL3855,P. aeruginosa,LpxC,Cc1cccc(-c2ccc(CCC(C)(C(=O)NO)S(C)(=O)=O)cc2)c1C,c1ccc(-c2ccccc2)cc1,375.49000000000007,3.2117400000000007,4,2,True,9.35
CHEMBL3647099,CC(CCc1ccc(-c2ccccc2Cl)cc1)(C(=O)NO)S(C)(=O)=O,9.35,IC50,0.448,CHEMBL3855,P. aeruginosa,LpxC,CC(CCc1ccc(-c2ccccc2Cl)cc1)(C(=O)NO)S(C)(=O)=O,c1ccc(-c2ccccc2)cc1,381.8810000000001,3.2483000000000013,4,2,True,9.35
CHEMBL3647154,CC(CCc1ccc(-c2cnc3ccccc3c2)cc1F)(C(=O)NO)S(C)(=O)=O,9.33,IC50,0.463,CHEMBL3855,P. aeruginosa,LpxC,CC(CCc1ccc(-c2cnc3ccccc3c2)cc1F)(C(=O)NO)S(C)(=O)=O,c1ccc(-c2cnc3ccccc3c2)cc1,416.47400000000016,3.2822000000000013,5,2,True,9.33
CHEMBL3898761,C[C@@](CCc1ccc(-c2ccc(OCCCN3CCCCC3)cc2)cc1)(C(=O)NO)S(C)(=O)=O,9.33,IC50,0.467,CHEMBL3855,P. aeruginosa,LpxC,C[C@@](CCc1ccc(-c2ccc(OCCCN3CCCCC3)cc2)cc1)(C(=O)NO)S(C)(=O)=O,c1ccc(-c2ccc(OCCCN3CCCCC3)cc2)cc1,488.6500000000002,3.8497000000000012,6,2,True,9.33
CHEMBL3647110,CC(CCc1ccc(-c2ccc(CO)c(F)c2)cc1)(C(=O)NO)S(C)(=O)=O,9.31,IC50,0.491,CHEMBL3855,P. aeruginosa,LpxC,CC(CCc1ccc(-c2ccc(CO)c(F)c2)cc1)(C(=O)NO)S(C)(=O)=O,c1ccc(-c2ccccc2)cc1,395.4520000000001,2.2263,5,3,True,9.31
CHEMBL260091,C[C@@H](O)[C@H](NC(=O)c1ccc(C#Cc2ccc(CN3CCOCC3)cc2)cc1)C(=O)NO,9.3,Ki,0.5,CHEMBL5244,E. coli,LpxC,C[C@@H](O)[C@H](NC(=O)c1ccc(C#Cc2ccc(CN3CCOCC3)cc2)cc1)C(=O)NO,C(#Cc1ccc(CN2CCOCC2)cc1)c1ccccc1,437.4960000000002,0.9032000000000002,6,4,True,9.3
CHEMBL3925623,C[C@@](CCc1ccc(-c2ccc(OCCN3CCOCC3)cc2)cc1)(C(=O)NO)S(C)(=O)=O,9.29,IC50,0.512,CHEMBL3855,P. aeruginosa,LpxC,C[C@@](CCc1ccc(-c2ccc(OCCN3CCOCC3)cc2)cc1)(C(=O)NO)S(C)(=O)=O,c1ccc(-c2ccc(OCCN3CCOCC3)cc2)cc1,476.5950000000002,2.3059000000000003,7,2,True,9.29
CHEMBL3647167,COc1ccc(-c2ccc(CCC(C)(C(=O)NO)S(C)(=O)=O)cc2F)cn1,9.29,IC50,0.518,CHEMBL3855,P. aeruginosa,LpxC,COc1ccc(-c2ccc(CCC(C)(C(=O)NO)S(C)(=O)=O)cc2F)cn1,c1ccc(-c2cccnc2)cc1,396.44000000000005,2.1376,6,2,True,9.29
CHEMBL3987119,C[C@@](CCc1ccc(-c2ccc(OCC(=O)N3CC(O)C3)cc2)cc1)(C(=O)NO)S(C)(=O)=O,9.29,IC50,0.507,CHEMBL3855,P. aeruginosa,LpxC,C[C@@](CCc1ccc(-c2ccc(OCC(=O)N3CC(O)C3)cc2)cc1)(C(=O)NO)S(C)(=O)=O,O=C(COc1ccc(-c2ccccc2)cc1)N1CCC1,476.55100000000016,1.1767999999999996,7,3,True,9.29
CHEMBL2023517,C[C@@](CCn1ccc(-c2ccc(Cl)c(F)c2F)cc1=O)(C(=O)NO)S(C)(=O)=O,9.28,IC50,0.52,CHEMBL3855,P. aeruginosa,LpxC,C[C@@](CCn1ccc(-c2ccc(Cl)c(F)c2F)cc1=O)(C(=O)NO)S(C)(=O)=O,O=c1cc(-c2ccccc2)cc[nH]1,434.8480000000001,2.1456999999999997,5,2,True,9.28
CHEMBL2023524,C[C@@](CCn1ccc(-c2ccc(-n3nccn3)cc2)cc1=O)(C(=O)NO)S(C)(=O)=O,9.28,IC50,0.53,CHEMBL3855,P. aeruginosa,LpxC,C[C@@](CCn1ccc(-c2ccc(-n3nccn3)cc2)cc1=O)(C(=O)NO)S(C)(=O)=O,O=c1cc(-c2ccc(-n3nccn3)cc2)cc[nH]1,431.47400000000016,0.7947999999999998,7,2,True,9.28
CHEMBL3647207,Cc1cccc(COc2ccc(CCC(C)(C(=O)NO)S(C)(=O)=O)cc2)c1F,9.28,IC50,0.525,CHEMBL3855,P. aeruginosa,LpxC,Cc1cccc(COc2ccc(CCC(C)(C(=O)NO)S(C)(=O)=O)cc2)c1F,c1ccc(COc2ccccc2)cc1,409.4790000000001,2.9544200000000007,5,2,True,9.28
CHEMBL3647132,CC(CCc1ccc(-c2ccc3nonc3c2)cc1)(C(=O)NO)S(C)(=O)=O,9.27,IC50,0.54,CHEMBL3855,P. aeruginosa,LpxC,CC(CCc1ccc(-c2ccc3nonc3c2)cc1)(C(=O)NO)S(C)(=O)=O,c1ccc(-c2ccc3nonc3c2)cc1,389.4330000000001,2.131099999999999,7,2,True,9.27
CHEMBL3916698,C[C@@](CCc1ccc(-c2ccc(OCC(=O)N3CCC(O)CC3)cc2)cc1)(C(=O)NO)S(C)(=O)=O,9.27,IC50,0.533,CHEMBL3855,P. aeruginosa,LpxC,C[C@@](CCc1ccc(-c2ccc(OCC(=O)N3CCC(O)CC3)cc2)cc1)(C(=O)NO)S(C)(=O)=O,O=C(COc1ccc(-c2ccccc2)cc1)N1CCCCC1,504.6050000000002,1.9569999999999996,7,3,True,9.27
CHEMBL1230182,C[C@@H](O)[C@H](NC(=O)c1ccc(C#CC#Cc2ccccc2)cc1)C(=O)NO,9.26,Ki,0.55,CHEMBL5244,E. coli,LpxC,C[C@@H](O)[C@H](NC(=O)c1ccc(C#CC#Cc2ccccc2)cc1)C(=O)NO,C(C#Cc1ccccc1)#Cc1ccccc1,362.38500000000005,1.0743999999999998,4,4,True,9.26
CHEMBL1668464,C[C@@H](N)[C@@H](NC(=O)N1CCN(c2ccc(C#Cc3ccccc3)cc2)CC1)C(=O)NO,9.22,IC50,0.6,CHEMBL5244,E. coli,LpxC,C[C@@H](N)[C@@H](NC(=O)N1CCN(c2ccc(C#Cc3ccccc3)cc2)CC1)C(=O)NO,C(#Cc1ccc(N2CCNCC2)cc1)c1ccccc1,421.5010000000001,1.139200000000001,5,4,True,9.22
CHEMBL2012205,C[C@@](OCc1ccc(-c2ccccc2)cc1)(C(=O)NO)[C@@H](O)c1cc(CO)on1,9.22,IC50,0.6,CHEMBL3855,P. aeruginosa,LpxC,C[C@@](OCc1ccc(-c2ccccc2)cc1)(C(=O)NO)[C@@H](O)c1cc(CO)on1,c1ccc(-c2ccc(COCCc3ccon3)cc2)cc1,398.41500000000013,2.3482,7,4,True,9.22
CHEMBL3647203,CC(CCc1ccc(OCc2nc(-c3c(F)cccc3F)no2)cc1)(C(=O)NO)S(C)(=O)=O,9.22,IC50,0.599,CHEMBL3855,P. aeruginosa,LpxC,CC(CCc1ccc(OCc2nc(-c3c(F)cccc3F)no2)cc1)(C(=O)NO)S(C)(=O)=O,c1ccc(OCc2nc(-c3ccccc3)no2)cc1,481.47700000000015,2.8351000000000006,8,2,True,9.22
CHEMBL3647080,COc1cc(CCC(C)(C(=O)NO)S(C)(=O)=O)ccc1-c1ccc(F)cc1,9.2,IC50,0.63,CHEMBL3855,P. aeruginosa,LpxC,COc1cc(CCC(C)(C(=O)NO)S(C)(=O)=O)ccc1-c1ccc(F)cc1,c1ccc(-c2ccccc2)cc1,395.4520000000001,2.7426000000000013,5,2,True,9.2
CHEMBL3647142,CC(=O)c1ccc(-c2ccc(CCC(C)(C(=O)NO)S(C)(=O)=O)c(F)c2)nc1,9.2,IC50,0.632,CHEMBL3855,P. aeruginosa,LpxC,CC(=O)c1ccc(-c2ccc(CCC(C)(C(=O)NO)S(C)(=O)=O)c(F)c2)nc1,c1ccc(-c2ccccn2)cc1,408.451,2.3316,6,2,True,9.2
CHEMBL3647150,CC(CCc1ccc(-c2ccc3c(c2)C(=O)NC3)cc1F)(C(=O)NO)S(C)(=O)=O,9.2,IC50,0.631,CHEMBL3855,P. aeruginosa,LpxC,CC(CCc1ccc(-c2ccc3c(c2)C(=O)NC3)cc1F)(C(=O)NO)S(C)(=O)=O,O=C1NCc2ccc(-c3ccccc3)cc21,420.4620000000001,1.9774,5,3,True,9.2
CHEMBL1956131,C[C@@](CCc1ccc(-c2ccc(C#N)cc2)cc1)(C(=O)NO)S(C)(=O)=O,9.19,IC50,0.64,CHEMBL3855,P. aeruginosa,LpxC,C[C@@](CCc1ccc(-c2ccc(C#N)cc2)cc1)(C(=O)NO)S(C)(=O)=O,c1ccc(-c2ccccc2)cc1,372.4460000000001,2.4665800000000004,5,2,True,9.19
CHEMBL3647221,CC(CCc1ccc(OCc2nc3ccccc3s2)cc1)(C(=O)NO)S(C)(=O)=O,9.19,IC50,0.651,CHEMBL3855,P. aeruginosa,LpxC,CC(CCc1ccc(OCc2nc3ccccc3s2)cc1)(C(=O)NO)S(C)(=O)=O,c1ccc(OCc2nc3ccccc3s2)cc1,434.5390000000001,3.116600000000001,7,2,True,9.19
CHEMBL3647118,CC(C)(O)CCc1ccc(-c2ccc(CCC(C)(C(=O)NO)S(C)(=O)=O)cc2)cc1,9.19,IC50,0.644,CHEMBL3855,P. aeruginosa,LpxC,CC(C)(O)CCc1ccc(-c2ccc(CCC(C)(C(=O)NO)S(C)(=O)=O)cc2)cc1,c1ccc(-c2ccccc2)cc1,433.57000000000005,3.298400000000001,5,3,True,9.19
CHEMBL3647187,CC(CCc1ccc(Oc2ccccc2F)cc1)(C(=O)NO)S(C)(=O)=O,9.18,IC50,0.655,CHEMBL3855,P. aeruginosa,LpxC,CC(CCc1ccc(Oc2ccccc2F)cc1)(C(=O)NO)S(C)(=O)=O,c1ccc(Oc2ccccc2)cc1,381.42500000000007,2.8593,5,2,True,9.18
CHEMBL3647157,CC(CCc1ccc(-c2ccc3c(c2)C(=O)NC3)c(F)c1)(C(=O)NO)S(C)(=O)=O,9.18,IC50,0.659,CHEMBL3855,P. aeruginosa,LpxC,CC(CCc1ccc(-c2ccc3c(c2)C(=O)NC3)c(F)c1)(C(=O)NO)S(C)(=O)=O,O=C1NCc2ccc(-c3ccccc3)cc21,420.4620000000001,1.9773999999999998,5,3,True,9.18
CHEMBL3647201,CC(CCc1ccc(OCc2nc(Cc3cc(F)ccc3F)no2)cc1)(C(=O)NO)S(C)(=O)=O,9.15,IC50,0.714,CHEMBL3855,P. aeruginosa,LpxC,CC(CCc1ccc(OCc2nc(Cc3cc(F)ccc3F)no2)cc1)(C(=O)NO)S(C)(=O)=O,c1ccc(Cc2noc(COc3ccccc3)n2)cc1,495.50400000000013,2.7589000000000006,8,2,True,9.15
CHEMBL3896920,CC(=O)c1ccc(-c2ccc(CC[C@](C)(C(=O)NO)S(C)(=O)=O)cc2)nc1,9.15,IC50,0.711,CHEMBL3855,P. aeruginosa,LpxC,CC(=O)c1ccc(-c2ccc(CC[C@](C)(C(=O)NO)S(C)(=O)=O)cc2)nc1,c1ccc(-c2ccccn2)cc1,390.461,2.1925,6,2,True,9.15
CHEMBL3939444,C[C@@](CCc1ccc(-c2ccc(NS(C)(=O)=O)cc2)cc1)(C(=O)NO)S(C)(=O)=O,9.15,IC50,0.706,CHEMBL3855,P. aeruginosa,LpxC,C[C@@](CCc1ccc(-c2ccc(NS(C)(=O)=O)cc2)cc1)(C(=O)NO)S(C)(=O)=O,c1ccc(-c2ccccc2)cc1,440.5430000000001,1.9663999999999995,6,3,True,9.15
CHEMBL3647090,CC(CCc1ccc(-c2ccccc2F)cc1)(C(=O)NO)S(C)(=O)=O,9.14,IC50,0.731,CHEMBL3855,P. aeruginosa,LpxC,CC(CCc1ccc(-c2ccccc2F)cc1)(C(=O)NO)S(C)(=O)=O,c1ccc(-c2ccccc2)cc1,365.42600000000004,2.734,4,2,True,9.14
CHEMBL3647121,Cc1cc(-c2ccc(C#N)cc2)ccc1CCC(C)(C(=O)NO)S(C)(=O)=O,9.14,IC50,0.725,CHEMBL3855,P. aeruginosa,LpxC,Cc1cc(-c2ccc(C#N)cc2)ccc1CCC(C)(C(=O)NO)S(C)(=O)=O,c1ccc(-c2ccccc2)cc1,386.47300000000007,2.7750000000000004,5,2,True,9.14
CHEMBL3647096,CC(CCc1ccc(-c2cccc(C#N)c2)cc1)(C(=O)NO)S(C)(=O)=O,9.13,IC50,0.739,CHEMBL3855,P. aeruginosa,LpxC,CC(CCc1ccc(-c2cccc(C#N)c2)cc1)(C(=O)NO)S(C)(=O)=O,c1ccc(-c2ccccc2)cc1,372.4460000000001,2.4665799999999996,5,2,True,9.13
CHEMBL3647149,CC(CCc1ccc(-c2ccc3ncccc3c2)c(F)c1)(C(=O)NO)S(C)(=O)=O,9.13,IC50,0.733,CHEMBL3855,P. aeruginosa,LpxC,CC(CCc1ccc(-c2ccc3ncccc3c2)c(F)c1)(C(=O)NO)S(C)(=O)=O,c1ccc(-c2ccc3ncccc3c2)cc1,416.47400000000016,3.2822000000000013,5,2,True,9.13
CHEMBL3647183,CC(CCc1ccc(OC2CCCCC2)cc1)(C(=O)NO)S(C)(=O)=O,9.12,IC50,0.753,CHEMBL3855,P. aeruginosa,LpxC,CC(CCc1ccc(OC2CCCCC2)cc1)(C(=O)NO)S(C)(=O)=O,c1ccc(OC2CCCCC2)cc1,369.483,2.6394,5,2,True,9.12
CHEMBL3647086,CC(CCc1ccc(-c2cc(F)ccc2F)cc1)(C(=O)NO)S(C)(=O)=O,9.12,IC50,0.752,CHEMBL3855,P. aeruginosa,LpxC,CC(CCc1ccc(-c2cc(F)ccc2F)cc1)(C(=O)NO)S(C)(=O)=O,c1ccc(-c2ccccc2)cc1,383.4160000000001,2.8731,4,2,True,9.12
CHEMBL2012199,C[C@@](OCc1ccc(-c2ccccc2)cc1)(C(=O)NO)[C@@H](O)c1c[nH]cn1,9.1,IC50,0.8,CHEMBL3855,P. aeruginosa,LpxC,C[C@@](OCc1ccc(-c2ccccc2)cc1)(C(=O)NO)[C@@H](O)c1c[nH]cn1,c1ccc(-c2ccc(COCCc3c[nH]cn3)cc2)cc1,367.40500000000003,2.5909999999999993,5,4,True,9.1
CHEMBL2012202,C[C@@](OCc1ccc(-c2ccccc2)cc1)(C(=O)NO)[C@@H](O)c1ccno1,9.1,IC50,0.8,CHEMBL3855,P. aeruginosa,LpxC,C[C@@](OCc1ccc(-c2ccccc2)cc1)(C(=O)NO)[C@@H](O)c1ccno1,c1ccc(-c2ccc(COCCc3ccno3)cc2)cc1,368.38900000000007,2.8559,6,3,True,9.1
CHEMBL3647248,CCc1ccccc1COc1ccc(CCC(C)(C(=O)NO)S(C)(=O)=O)cc1,9.09,IC50,0.813,CHEMBL3855,P. aeruginosa,LpxC,CCc1ccccc1COc1ccc(CCC(C)(C(=O)NO)S(C)(=O)=O)cc1,c1ccc(COc2ccccc2)cc1,405.516,3.069300000000001,5,2,True,9.09
CHEMBL3960664,C[C@@](CCc1ccc(-c2ccc(C#N)cn2)cc1)(C(=O)NO)S(C)(=O)=O,9.09,IC50,0.808,CHEMBL3855,P. aeruginosa,LpxC,C[C@@](CCc1ccc(-c2ccc(C#N)cn2)cc1)(C(=O)NO)S(C)(=O)=O,c1ccc(-c2ccccn2)cc1,373.4340000000001,1.8615799999999993,6,2,True,9.09
CHEMBL3647213,CC(CCc1ccc(OCc2cccc(F)c2)cc1)(C(=O)NO)S(C)(=O)=O,9.08,IC50,0.834,CHEMBL3855,P. aeruginosa,LpxC,CC(CCc1ccc(OCc2cccc(F)c2)cc1)(C(=O)NO)S(C)(=O)=O,c1ccc(COc2ccccc2)cc1,395.4520000000001,2.646000000000001,5,2,True,9.08
CHEMBL3647137,CC(=O)c1cc(-c2ccc(CCC(C)(C(=O)NO)S(C)(=O)=O)cc2)ccc1O,9.08,IC50,0.826,CHEMBL3855,P. aeruginosa,LpxC,CC(=O)c1cc(-c2ccc(CCC(C)(C(=O)NO)S(C)(=O)=O)cc2)ccc1O,c1ccc(-c2ccccc2)cc1,405.47200000000004,2.5031000000000003,6,3,True,9.08
CHEMBL3892214,CC1(O)CCN(C(=O)COc2ccc(-c3ccc(CC[C@](C)(C(=O)NO)S(C)(=O)=O)cc3)cc2)CC1,9.07,IC50,0.841,CHEMBL3855,P. aeruginosa,LpxC,CC1(O)CCN(C(=O)COc2ccc(-c3ccc(CC[C@](C)(C(=O)NO)S(C)(=O)=O)cc3)cc2)CC1,O=C(COc1ccc(-c2ccccc2)cc1)N1CCCCC1,518.6320000000003,2.3471,7,3,True,9.07
CHEMBL6167118,Cc1c(CN2CCC(C(=O)N3CCCC3C(=O)NO)CC2)cccc1-c1ccccc1,9.06,Kd,0.873,CHEMBL5244,E. coli,LpxC,Cc1c(CN2CCC(C(=O)N3CCCC3C(=O)NO)CC2)cccc1-c1ccccc1,O=C(C1CCN(Cc2cccc(-c3ccccc3)c2)CC1)N1CCCC1,421.5410000000001,3.370420000000002,4,2,True,9.06
CHEMBL6171240,Cc1c(COc2cccc(CNC(CO)C(=O)NO)c2)cccc1-c1ccccc1,9.06,Kd,0.873,CHEMBL5244,E. coli,LpxC,Cc1c(COc2cccc(CNC(CO)C(=O)NO)c2)cccc1-c1ccccc1,c1ccc(OCc2cccc(-c3ccccc3)c2)cc1,406.4820000000001,3.1969200000000013,5,4,True,9.06
CHEMBL3647252,Cc1cccc(COc2ccc(CCC(C)(C(=O)NO)S(C)(=O)=O)cc2)c1,9.05,IC50,0.883,CHEMBL3855,P. aeruginosa,LpxC,Cc1cccc(COc2ccc(CCC(C)(C(=O)NO)S(C)(=O)=O)cc2)c1,c1ccc(COc2ccccc2)cc1,391.4890000000001,2.8153200000000007,5,2,True,9.05
CHEMBL3647083,CC(CCc1ccc(-c2ccc(O)cc2)cc1)(C(=O)NO)S(C)(=O)=O,9.04,IC50,0.922,CHEMBL3855,P. aeruginosa,LpxC,CC(CCc1ccc(-c2ccc(O)cc2)cc1)(C(=O)NO)S(C)(=O)=O,c1ccc(-c2ccccc2)cc1,363.43500000000006,2.3005000000000004,5,3,True,9.04
CHEMBL3647236,CC(CCc1ccc(OCc2c(F)cc(F)cc2F)cc1)(C(=O)NO)S(C)(=O)=O,9.02,IC50,0.955,CHEMBL3855,P. aeruginosa,LpxC,CC(CCc1ccc(OCc2c(F)cc(F)cc2F)cc1)(C(=O)NO)S(C)(=O)=O,c1ccc(COc2ccccc2)cc1,431.4320000000001,2.924200000000001,5,2,True,9.02
CHEMBL3647114,CC(=O)c1ccc(-c2ccc(CCC(C)(C(=O)NO)S(C)(=O)=O)cn2)cc1,9.01,IC50,0.985,CHEMBL3855,P. aeruginosa,LpxC,CC(=O)c1ccc(-c2ccc(CCC(C)(C(=O)NO)S(C)(=O)=O)cn2)cc1,c1ccc(-c2ccccn2)cc1,390.461,2.1925,6,2,True,9.01
CHEMBL2377694,C[C@H](O)[C@H](NC(=O)c1ccc(C#Cc2ccccc2)cc1)C(=O)NO,9.0,IC50,1.0,CHEMBL5244,E. coli,LpxC,C[C@H](O)[C@H](NC(=O)c1ccc(C#Cc2ccccc2)cc1)C(=O)NO,C(#Cc1ccccc1)c1ccccc1,338.36300000000006,1.0709999999999997,4,4,True,9.0
CHEMBL4087371,C[C@@H](O)[C@H](NC1CCCc2cc(C#Cc3ccccc3)ccc21)C(=O)NO,9.0,IC50,1.0,CHEMBL5244,E. coli,LpxC,C[C@@H](O)[C@H](NC1CCCc2cc(C#Cc3ccccc3)ccc21)C(=O)NO,C(#Cc1ccc2c(c1)CCCC2)c1ccccc1,364.44500000000005,2.3082,4,4,True,9.0
CHEMBL4077947,C[C@@H](O)[C@H](NC1CCOc2cc(C#Cc3ccc(CN4CCOCC4)cc3)ccc21)C(=O)NO,9.0,IC50,1.0,CHEMBL5244,E. coli,LpxC,C[C@@H](O)[C@H](NC1CCOc2cc(C#Cc3ccc(CN4CCOCC4)cc3)ccc21)C(=O)NO,C(#Cc1ccc2c(c1)OCCC2)c1ccc(CN2CCOCC2)cc1,465.55000000000024,1.5865999999999996,7,4,True,9.0
CHEMBL4102207,C[C@@H](O)[C@H](NC1COCc2cc(C#Cc3ccc(CN4CCOCC4)cc3)ccc21)C(=O)NO,9.0,IC50,1.0,CHEMBL5244,E. coli,LpxC,C[C@@H](O)[C@H](NC1COCc2cc(C#Cc3ccc(CN4CCOCC4)cc3)ccc21)C(=O)NO,C(#Cc1ccc2c(c1)COCC2)c1ccc(CN2CCOCC2)cc1,465.55000000000024,1.3342999999999994,7,4,True,9.0
CHEMBL4081478,Cc1nccn1Cc1ccc(C#Cc2ccc3c(c2)CC[C@@H]3N[C@H](C(=O)NO)[C@@H](C)O)cc1,9.0,IC50,1.0,CHEMBL5244,E. coli,LpxC,Cc1nccn1Cc1ccc(C#Cc2ccc3c(c2)CC[C@@H]3N[C@H](C(=O)NO)[C@@H](C)O)cc1,C(#Cc1ccc2c(c1)CCC2)c1ccc(Cn2ccnc2)cc1,444.53500000000014,2.4713200000000004,5,4,True,9.0
CHEMBL4061199,CC(C)(O)[C@H](N[C@H]1CCc2cc(C#Cc3ccc(CN4CCOCC4)cc3)ccc21)C(=O)NO,9.0,IC50,1.0,CHEMBL5244,E. coli,LpxC,CC(C)(O)[C@H](N[C@H]1CCc2cc(C#Cc3ccc(CN4CCOCC4)cc3)ccc21)C(=O)NO,C(#Cc1ccc2c(c1)CCC2)c1ccc(CN2CCOCC2)cc1,463.57800000000026,2.1404,6,4,True,9.0
CHEMBL2023515,C[C@@](CCn1ccc(-c2ccc(Cl)cc2F)cc1=O)(C(=O)NO)S(C)(=O)=O,9.0,IC50,1.0,CHEMBL3855,P. aeruginosa,LpxC,C[C@@](CCn1ccc(-c2ccc(Cl)cc2F)cc1=O)(C(=O)NO)S(C)(=O)=O,O=c1cc(-c2ccccc2)cc[nH]1,416.8580000000001,2.0066,5,2,True,9.0
CHEMBL3647237,CC(CCc1ccc(OCc2ccc(F)cc2F)cc1)(C(=O)NO)S(C)(=O)=O,9.0,IC50,0.992,CHEMBL3855,P. aeruginosa,LpxC,CC(CCc1ccc(OCc2ccc(F)cc2F)cc1)(C(=O)NO)S(C)(=O)=O,c1ccc(COc2ccccc2)cc1,413.44200000000006,2.785100000000001,5,2,True,9.0
CHEMBL3647097,CC(CCc1ccc(-c2ccsc2)cc1)(C(=O)NO)S(C)(=O)=O,9.0,IC50,0.991,CHEMBL3855,P. aeruginosa,LpxC,CC(CCc1ccc(-c2ccsc2)cc1)(C(=O)NO)S(C)(=O)=O,c1ccc(-c2ccsc2)cc1,353.4650000000001,2.6564000000000005,5,2,True,9.0
CHEMBL3647208,Cc1ccc(COc2ccc(CCC(C)(C(=O)NO)S(C)(=O)=O)cc2)cc1,8.99,IC50,1.02,CHEMBL3855,P. aeruginosa,LpxC,Cc1ccc(COc2ccc(CCC(C)(C(=O)NO)S(C)(=O)=O)cc2)cc1,c1ccc(COc2ccccc2)cc1,391.4890000000001,2.8153200000000007,5,2,True,8.99
CHEMBL6151893,COC[C@@H]1C[C@H]1C#CC#Cc1ccc(C(=O)N[C@H](C(=O)NO)C(C)(C)N)cc1,8.97,IC50,1.07,CHEMBL5244,E. coli,LpxC,COC[C@@H]1C[C@H]1C#CC#Cc1ccc(C(=O)N[C@H](C(=O)NO)C(C)(C)N)cc1,C(C#CC1CC1)#Cc1ccccc1,383.4480000000001,0.6651000000000015,5,4,True,8.97
CHEMBL3647148,CC(CCc1ccc(-c2ccc(N3CCN(S(C)(=O)=O)CC3)cc2)cc1)(C(=O)NO)S(C)(=O)=O,8.97,IC50,1.08,CHEMBL3855,P. aeruginosa,LpxC,CC(CCc1ccc(-c2ccc(N3CCN(S(C)(=O)=O)CC3)cc2)cc1)(C(=O)NO)S(C)(=O)=O,c1ccc(-c2ccc(N3CCNCC3)cc2)cc1,509.65000000000026,1.6765,7,2,True,8.97
CHEMBL2023402,COc1ccc(-c2ccn(CC[C@](C)(C(=O)NO)S(C)(=O)=O)c(=O)c2)c(F)c1,8.96,IC50,1.1,CHEMBL3855,P. aeruginosa,LpxC,COc1ccc(-c2ccn(CC[C@](C)(C(=O)NO)S(C)(=O)=O)c(=O)c2)c(F)c1,O=c1cc(-c2ccccc2)cc[nH]1,412.4390000000001,1.3617999999999997,6,2,True,8.96
CHEMBL2023522,C[C@@](CCn1ccc(-c2ccc(-c3nccs3)cc2)cc1=O)(C(=O)NO)S(C)(=O)=O,8.96,IC50,1.1,CHEMBL3855,P. aeruginosa,LpxC,C[C@@](CCn1ccc(-c2ccc(-c3nccs3)cc2)cc1=O)(C(=O)NO)S(C)(=O)=O,O=c1cc(-c2ccc(-c3nccs3)cc2)cc[nH]1,447.5380000000002,2.337600000000001,7,2,True,8.96
CHEMBL2023523,C[C@@](CCn1ccc(-c2ccc(-c3ccon3)cc2)cc1=O)(C(=O)NO)S(C)(=O)=O,8.96,IC50,1.1,CHEMBL3855,P. aeruginosa,LpxC,C[C@@](CCn1ccc(-c2ccc(-c3ccon3)cc2)cc1=O)(C(=O)NO)S(C)(=O)=O,O=c1cc(-c2ccc(-c3ccon3)cc2)cc[nH]1,431.47000000000014,1.8690999999999998,7,2,True,8.96
CHEMBL3647235,CC(C)CCOc1ccc(CCC(C)(C(=O)NO)S(C)(=O)=O)cc1,8.96,IC50,1.11,CHEMBL3855,P. aeruginosa,LpxC,CC(C)CCOc1ccc(CCC(C)(C(=O)NO)S(C)(=O)=O)cc1,c1ccccc1,357.47200000000004,2.3528000000000002,5,2,True,8.96
CHEMBL3647124,CN1CCN(c2ccc(-c3ccc(CCC(C)(C(=O)NO)S(C)(=O)=O)cc3)cc2)CC1,8.93,IC50,1.17,CHEMBL3855,P. aeruginosa,LpxC,CN1CCN(c2ccc(-c3ccc(CCC(C)(C(=O)NO)S(C)(=O)=O)cc3)cc2)CC1,c1ccc(-c2ccc(N3CCNCC3)cc2)cc1,445.5850000000001,2.3467000000000002,6,2,True,8.93
CHEMBL1956145,C[C@@](CCc1ccc(-c2ccc3c(c2)OCO3)cc1)(C(=O)NO)S(C)(=O)=O,8.92,IC50,1.2,CHEMBL3855,P. aeruginosa,LpxC,C[C@@](CCc1ccc(-c2ccc3c(c2)OCO3)cc1)(C(=O)NO)S(C)(=O)=O,c1ccc(-c2ccc3c(c2)OCO3)cc1,391.4450000000001,2.3236,6,2,True,8.92
CHEMBL2023518,C[C@@](CCn1ccc(-c2ccc3ccccc3c2)cc1=O)(C(=O)NO)S(C)(=O)=O,8.92,IC50,1.2,CHEMBL3855,P. aeruginosa,LpxC,C[C@@](CCn1ccc(-c2ccc3ccccc3c2)cc1=O)(C(=O)NO)S(C)(=O)=O,O=c1cc(-c2ccc3ccccc3c2)cc[nH]1,414.4830000000002,2.3673,5,2,True,8.92
CHEMBL2023520,C[C@@](CCn1ccc(-c2ccc(-c3ccncc3)cc2)cc1=O)(C(=O)NO)S(C)(=O)=O,8.92,IC50,1.2,CHEMBL3855,P. aeruginosa,LpxC,C[C@@](CCn1ccc(-c2ccc(-c3ccncc3)cc2)cc1=O)(C(=O)NO)S(C)(=O)=O,O=c1cc(-c2ccc(-c3ccncc3)cc2)cc[nH]1,441.5090000000002,2.2760999999999996,6,2,True,8.92
CHEMBL2023521,COc1cnc(-c2ccc(-c3ccn(CC[C@](C)(C(=O)NO)S(C)(=O)=O)c(=O)c3)cc2)nc1,8.92,IC50,1.2,CHEMBL3855,P. aeruginosa,LpxC,COc1cnc(-c2ccc(-c3ccn(CC[C@](C)(C(=O)NO)S(C)(=O)=O)c(=O)c3)cc2)nc1,O=c1cc(-c2ccc(-c3ncccn3)cc2)cc[nH]1,472.5230000000001,1.6796999999999989,8,2,True,8.92
CHEMBL3647251,CC(CCc1ccc(OCc2ccc(S(C)(=O)=O)cc2)cc1)(C(=O)NO)S(C)(=O)=O,8.92,IC50,1.21,CHEMBL3855,P. aeruginosa,LpxC,CC(CCc1ccc(OCc2ccc(S(C)(=O)=O)cc2)cc1)(C(=O)NO)S(C)(=O)=O,c1ccc(COc2ccccc2)cc1,455.55400000000014,1.9104000000000003,7,2,True,8.92
CHEMBL3647171,COc1ccc(-c2ccc(CCC(C)(C(=O)NO)S(C)(=O)=O)cn2)c(F)c1,8.92,IC50,1.21,CHEMBL3855,P. aeruginosa,LpxC,COc1ccc(-c2ccc(CCC(C)(C(=O)NO)S(C)(=O)=O)cn2)c(F)c1,c1ccc(-c2ccccn2)cc1,396.44000000000005,2.1376,6,2,True,8.92
CHEMBL3647103,Cc1cc(F)ccc1-c1ccc(CCC(C)(C(=O)NO)S(C)(=O)=O)cc1,8.91,IC50,1.23,CHEMBL3855,P. aeruginosa,LpxC,Cc1cc(F)ccc1-c1ccc(CCC(C)(C(=O)NO)S(C)(=O)=O)cc1,c1ccc(-c2ccccc2)cc1,379.45300000000003,3.042420000000001,4,2,True,8.91
CHEMBL3647254,CC(CCc1ccc(OCCC2CCCC2)cc1)(C(=O)NO)S(C)(=O)=O,8.9,IC50,1.27,CHEMBL3855,P. aeruginosa,LpxC,CC(CCc1ccc(OCCC2CCCC2)cc1)(C(=O)NO)S(C)(=O)=O,c1ccc(OCCC2CCCC2)cc1,383.51000000000005,2.8870000000000005,5,2,True,8.9
CHEMBL2377569,O=C(C[C@H](NC(=O)c1ccc(C#Cc2ccccc2)cc1)C(=O)NO)NCCCO,8.89,IC50,1.3,CHEMBL5244,E. coli,LpxC,O=C(C[C@H](NC(=O)c1ccc(C#Cc2ccccc2)cc1)C(=O)NO)NCCCO,C(#Cc1ccccc1)c1ccccc1,409.4420000000002,0.5788999999999995,5,5,True,8.89
CHEMBL2023519,C[C@@](CCn1ccc(-c2ccc(-c3ccccn3)cc2)cc1=O)(C(=O)NO)S(C)(=O)=O,8.89,IC50,1.3,CHEMBL3855,P. aeruginosa,LpxC,C[C@@](CCn1ccc(-c2ccc(-c3ccccn3)cc2)cc1=O)(C(=O)NO)S(C)(=O)=O,O=c1cc(-c2ccc(-c3ccccn3)cc2)cc[nH]1,441.5090000000002,2.2760999999999996,6,2,True,8.89
CHEMBL3647184,CCC(CC)COc1ccc(CCC(C)(C(=O)NO)S(C)(=O)=O)cc1,8.89,IC50,1.29,CHEMBL3855,P. aeruginosa,LpxC,CCC(CC)COc1ccc(CCC(C)(C(=O)NO)S(C)(=O)=O)cc1,c1ccccc1,371.499,2.7429000000000006,5,2,True,8.89
CHEMBL3647195,CC(CCc1ccc(OCc2cccc(Cl)c2)cc1)(C(=O)NO)S(C)(=O)=O,8.88,IC50,1.32,CHEMBL3855,P. aeruginosa,LpxC,CC(CCc1ccc(OCc2cccc(Cl)c2)cc1)(C(=O)NO)S(C)(=O)=O,c1ccc(COc2ccccc2)cc1,411.9070000000001,3.160300000000001,5,2,True,8.88
CHEMBL1956104,C[C@@](CCc1ccc(-c2ccccc2F)cc1)(C(=O)NO)S(C)(=O)=O,8.87,IC50,1.36,CHEMBL3855,P. aeruginosa,LpxC,C[C@@](CCc1ccc(-c2ccccc2F)cc1)(C(=O)NO)S(C)(=O)=O,c1ccc(-c2ccccc2)cc1,365.42600000000004,2.734,4,2,True,8.87
CHEMBL3647220,CC(CCc1ccc(OCc2cc(C#N)ccc2F)cc1)(C(=O)NO)S(C)(=O)=O,8.87,IC50,1.36,CHEMBL3855,P. aeruginosa,LpxC,CC(CCc1ccc(OCc2cc(C#N)ccc2F)cc1)(C(=O)NO)S(C)(=O)=O,c1ccc(COc2ccccc2)cc1,420.4620000000001,2.5176800000000004,6,2,True,8.87
CHEMBL3647079,CC(CCc1ccc(OCCC2CC2)cc1)(C(=O)NO)S(C)(=O)=O,8.87,IC50,1.36,CHEMBL3855,P. aeruginosa,LpxC,CC(CCc1ccc(OCCC2CC2)cc1)(C(=O)NO)S(C)(=O)=O,c1ccc(OCCC2CC2)cc1,355.456,2.1068,5,2,True,8.87
CHEMBL1956115,C[C@@](CCc1ccc(-c2ccccc2)cc1)(C(=O)NO)S(C)(=O)=O,8.86,IC50,1.37,CHEMBL3855,P. aeruginosa,LpxC,C[C@@](CCc1ccc(-c2ccccc2)cc1)(C(=O)NO)S(C)(=O)=O,c1ccc(-c2ccccc2)cc1,347.4360000000001,2.5949,4,2,True,8.86
CHEMBL3647205,Cc1ccccc1COc1ccc(CCC(C)(C(=O)NO)S(C)(=O)=O)cc1,8.84,IC50,1.45,CHEMBL3855,P. aeruginosa,LpxC,Cc1ccccc1COc1ccc(CCC(C)(C(=O)NO)S(C)(=O)=O)cc1,c1ccc(COc2ccccc2)cc1,391.48900000000003,2.8153200000000007,5,2,True,8.84
CHEMBL4106562,CC(=O)NC[C@@H]1CN(c2ccc(-c3ccc(CC[C@](C)(C(=O)NO)S(C)(=O)=O)cc3)c(F)c2)C(=O)O1,8.83,IC50,1.48,CHEMBL3855,P. aeruginosa,LpxC,CC(=O)NC[C@@H]1CN(c2ccc(-c3ccc(CC[C@](C)(C(=O)NO)S(C)(=O)=O)cc3)c(F)c2)C(=O)O1,O=C1OCCN1c1ccc(-c2ccccc2)cc1,521.5670000000002,2.1953000000000005,7,3,True,8.83
CHEMBL2023516,C[C@@](CCn1ccc(-c2ccc(F)c(F)c2F)cc1=O)(C(=O)NO)S(C)(=O)=O,8.82,IC50,1.5,CHEMBL3855,P. aeruginosa,LpxC,C[C@@](CCn1ccc(-c2ccc(F)c(F)c2F)cc1=O)(C(=O)NO)S(C)(=O)=O,O=c1cc(-c2ccccc2)cc[nH]1,418.3930000000001,1.6314,5,2,True,8.82
CHEMBL3647193,CC(CCc1ccc(OCCOc2ccccc2)cc1)(C(=O)NO)S(C)(=O)=O,8.82,IC50,1.52,CHEMBL3855,P. aeruginosa,LpxC,CC(CCc1ccc(OCCOc2ccccc2)cc1)(C(=O)NO)S(C)(=O)=O,c1ccc(OCCOc2ccccc2)cc1,407.4880000000001,2.3857,6,2,True,8.82
CHEMBL3647217,CC(C)CCc1noc(COc2ccc(CCC(C)(C(=O)NO)S(C)(=O)=O)cc2)n1,8.81,IC50,1.54,CHEMBL3855,P. aeruginosa,LpxC,CC(C)CCc1noc(COc2ccc(CCC(C)(C(=O)NO)S(C)(=O)=O)cc2)n1,c1ccc(OCc2ncno2)cc1,439.5340000000001,2.4785000000000004,8,2,True,8.81
CHEMBL3647232,CC(CCc1ccc(OCc2ccc(OC(F)(F)F)cc2)cc1)(C(=O)NO)S(C)(=O)=O,8.81,IC50,1.53,CHEMBL3855,P. aeruginosa,LpxC,CC(CCc1ccc(OCc2ccc(OC(F)(F)F)cc2)cc1)(C(=O)NO)S(C)(=O)=O,c1ccc(COc2ccccc2)cc1,461.4580000000001,3.4055000000000017,6,2,True,8.81
CHEMBL2377567,O=C(N[C@@H](Cc1cnc[nH]1)C(=O)NO)c1ccc(C#Cc2ccccc2)cc1,8.8,IC50,1.6,CHEMBL5244,E. coli,LpxC,O=C(N[C@@H](Cc1cnc[nH]1)C(=O)NO)c1ccc(C#Cc2ccccc2)cc1,O=C(NCCc1cnc[nH]1)c1ccc(C#Cc2ccccc2)cc1,374.4000000000001,1.656,4,4,True,8.8
CHEMBL2377699,O=C(N[C@@H](CO)C(=O)NO)c1ccc(C#Cc2ccccc2)cc1,8.8,IC50,1.6,CHEMBL5244,E. coli,LpxC,O=C(N[C@@H](CO)C(=O)NO)c1ccc(C#Cc2ccccc2)cc1,C(#Cc1ccccc1)c1ccccc1,324.336,0.6825000000000001,4,4,True,8.8
CHEMBL3647240,CC(CCc1ccc(OCc2nc(-c3cccc(Cl)c3)no2)cc1)(C(=O)NO)S(C)(=O)=O,8.78,IC50,1.66,CHEMBL3855,P. aeruginosa,LpxC,CC(CCc1ccc(OCc2nc(-c3cccc(Cl)c3)no2)cc1)(C(=O)NO)S(C)(=O)=O,c1ccc(OCc2nc(-c3ccccc3)no2)cc1,479.9420000000001,3.210300000000001,8,2,True,8.78
CHEMBL3644542,Cc1cc(-c2ccccc2)ccc1CCC(C)(C(=O)NO)S(C)(=O)=O,8.78,IC50,1.68,CHEMBL3855,P. aeruginosa,LpxC,Cc1cc(-c2ccccc2)ccc1CCC(C)(C(=O)NO)S(C)(=O)=O,c1ccc(-c2ccccc2)cc1,361.463,2.90332,4,2,True,8.78
CHEMBL1956130,C[C@@](CCc1ccc(-c2ccc(F)cc2)cc1)(C(=O)NO)S(C)(=O)=O,8.76,IC50,1.74,CHEMBL3855,P. aeruginosa,LpxC,C[C@@](CCc1ccc(-c2ccc(F)cc2)cc1)(C(=O)NO)S(C)(=O)=O,c1ccc(-c2ccccc2)cc1,365.42600000000004,2.734,4,2,True,8.76
CHEMBL3977768,CC(=O)Nc1ccc(-c2ccc(CC[C@](C)(C(=O)NO)S(C)(=O)=O)cc2)cc1,8.76,IC50,1.74,CHEMBL3855,P. aeruginosa,LpxC,CC(=O)Nc1ccc(-c2ccc(CC[C@](C)(C(=O)NO)S(C)(=O)=O)cc2)cc1,c1ccc(-c2ccccc2)cc1,404.48800000000006,2.553300000000001,5,3,True,8.76
CHEMBL2377703,CS(=O)(=O)C[C@H](NC(=O)c1ccc(C#Cc2ccccc2)cc1)C(=O)NO,8.74,IC50,1.8,CHEMBL5244,E. coli,LpxC,CS(=O)(=O)C[C@H](NC(=O)c1ccc(C#Cc2ccccc2)cc1)C(=O)NO,C(#Cc1ccccc1)c1ccccc1,386.42900000000003,0.7347999999999997,5,3,True,8.74
CHEMBL2377702,CSC[C@H](NC(=O)c1ccc(C#Cc2ccccc2)cc1)C(=O)NO,8.74,IC50,1.8,CHEMBL5244,E. coli,LpxC,CSC[C@H](NC(=O)c1ccc(C#Cc2ccccc2)cc1)C(=O)NO,C(#Cc1ccccc1)c1ccccc1,354.43100000000004,2.0532000000000004,4,3,True,8.74
CHEMBL2023387,C[C@@](CCn1ccc(C#Cc2ccccc2)cc1=O)(C(=O)NO)S(C)(=O)=O,8.74,IC50,1.8,CHEMBL3855,P. aeruginosa,LpxC,C[C@@](CCn1ccc(C#Cc2ccccc2)cc1=O)(C(=O)NO)S(C)(=O)=O,O=c1cc(C#Cc2ccccc2)cc[nH]1,388.4450000000001,0.9469000000000004,5,2,True,8.74
CHEMBL2023401,COc1cccc(-c2ccn(CC[C@](C)(C(=O)NO)S(C)(=O)=O)c(=O)c2)c1F,8.74,IC50,1.8,CHEMBL3855,P. aeruginosa,LpxC,COc1cccc(-c2ccn(CC[C@](C)(C(=O)NO)S(C)(=O)=O)c(=O)c2)c1F,O=c1cc(-c2ccccc2)cc[nH]1,412.4390000000001,1.3617999999999995,6,2,True,8.74
CHEMBL1956148,C[C@@](CCc1ccc(-c2ccc(C(=O)CO)cc2)cc1)(C(=O)NO)S(C)(=O)=O,8.73,IC50,1.85,CHEMBL3855,P. aeruginosa,LpxC,C[C@@](CCc1ccc(-c2ccc(C(=O)CO)cc2)cc1)(C(=O)NO)S(C)(=O)=O,c1ccc(-c2ccccc2)cc1,405.4720000000001,1.7698999999999996,6,3,True,8.73
CHEMBL3647177,CC(CCc1ccc(C2=CCOCC2)cc1)(C(=O)NO)S(C)(=O)=O,8.73,IC50,1.88,CHEMBL3855,P. aeruginosa,LpxC,CC(CCc1ccc(C2=CCOCC2)cc1)(C(=O)NO)S(C)(=O)=O,C1=C(c2ccccc2)CCOC1,353.44,1.7315999999999996,5,2,True,8.73
CHEMBL1668422,C[C@@H](O)[C@@H](NC(=O)c1ccc(C#Cc2ccccc2)cc1)C(=O)NO,8.7,IC50,2.0,CHEMBL5244,E. coli,LpxC,C[C@@H](O)[C@@H](NC(=O)c1ccc(C#Cc2ccccc2)cc1)C(=O)NO,C(#Cc1ccccc1)c1ccccc1,338.36300000000006,1.0709999999999997,4,4,True,8.7
CHEMBL2377704,O=C(N[C@H](C(=O)NO)c1ccccc1)c1ccc(C#Cc2ccccc2)cc1,8.7,IC50,2.0,CHEMBL5244,E. coli,LpxC,O=C(N[C@H](C(=O)NO)c1ccccc1)c1ccc(C#Cc2ccccc2)cc1,O=C(NCc1ccccc1)c1ccc(C#Cc2ccccc2)cc1,370.4080000000001,3.062900000000001,3,3,True,8.7
CHEMBL4098674,C[C@@H](O)[C@H](NC1COCc2cc(C#Cc3ccccc3)ccc21)C(=O)NO,8.7,IC50,2.0,CHEMBL5244,E. coli,LpxC,C[C@@H](O)[C@H](NC1COCc2cc(C#Cc3ccccc3)ccc21)C(=O)NO,C(#Cc1ccc2c(c1)COCC2)c1ccccc1,366.41700000000003,1.5020999999999995,5,4,True,8.7
CHEMBL4102818,C[C@@H](O)[C@H](NC1CCN(C)c2cc(C#Cc3ccccc3)ccc21)C(=O)NO,8.7,IC50,2.0,CHEMBL5244,E. coli,LpxC,C[C@@H](O)[C@H](NC1CCN(C)c2cc(C#Cc3ccccc3)ccc21)C(=O)NO,C(#Cc1ccc2c(c1)NCCC2)c1ccccc1,379.46000000000004,1.8117999999999996,5,4,True,8.7
CHEMBL4095059,C[C@@H](O)[C@H](NC1CCc2cc(C#Cc3ccc(CN4CCOCC4)cc3)ccc21)C(=O)NO,8.7,IC50,2.0,CHEMBL5244,E. coli,LpxC,C[C@@H](O)[C@H](NC1CCc2cc(C#Cc3ccc(CN4CCOCC4)cc3)ccc21)C(=O)NO,C(#Cc1ccc2c(c1)CCC2)c1ccc(CN2CCOCC2)cc1,449.5510000000003,1.7502999999999995,6,4,True,8.7
CHEMBL4098438,C[C@@H](O)[C@H](N[C@H]1CCc2cc(C#Cc3ccc(CN4CCOCC4)cc3)ccc21)C(=O)NO,8.7,IC50,2.0,CHEMBL5244,E. coli,LpxC,C[C@@H](O)[C@H](N[C@H]1CCc2cc(C#Cc3ccc(CN4CCOCC4)cc3)ccc21)C(=O)NO,C(#Cc1ccc2c(c1)CCC2)c1ccc(CN2CCOCC2)cc1,449.5510000000003,1.7502999999999995,6,4,True,8.7
CHEMBL4066982,C[C@@H](O)[C@H](NC1CCN(C)c2cc(C#Cc3ccc(CN4CCOCC4)cc3)ccc21)C(=O)NO,8.7,IC50,2.0,CHEMBL5244,E. coli,LpxC,C[C@@H](O)[C@H](NC1CCN(C)c2cc(C#Cc3ccc(CN4CCOCC4)cc3)ccc21)C(=O)NO,C(#Cc1ccc2c(c1)NCCC2)c1ccc(CN2CCOCC2)cc1,478.5930000000003,1.644,7,4,True,8.7
CHEMBL4083988,CC(C)(N)[C@H](N[C@H]1CCc2cc(C#Cc3ccc(CN4CCOCC4)cc3)ccc21)C(=O)NO,8.7,IC50,2.0,CHEMBL5244,E. coli,LpxC,CC(C)(N)[C@H](N[C@H]1CCc2cc(C#Cc3ccc(CN4CCOCC4)cc3)ccc21)C(=O)NO,C(#Cc1ccc2c(c1)CCC2)c1ccc(CN2CCOCC2)cc1,462.5940000000002,2.1068000000000007,6,4,True,8.7
CHEMBL2023403,COc1ccc(-c2ccn(CC[C@](C)(C(=O)NO)S(C)(=O)=O)c(=O)c2)cc1F,8.7,IC50,2.0,CHEMBL3855,P. aeruginosa,LpxC,COc1ccc(-c2ccn(CC[C@](C)(C(=O)NO)S(C)(=O)=O)c(=O)c2)cc1F,O=c1cc(-c2ccccc2)cc[nH]1,412.4390000000001,1.3617999999999995,6,2,True,8.7
CHEMBL2021944,COc1ncc(-c2ccc(-c3ccn(CC[C@](C)(C(=O)NO)S(C)(=O)=O)c(=O)c3)cc2)cn1,8.7,IC50,2.0,CHEMBL3855,P. aeruginosa,LpxC,COc1ncc(-c2ccc(-c3ccn(CC[C@](C)(C(=O)NO)S(C)(=O)=O)c(=O)c3)cc2)cn1,O=c1cc(-c2ccc(-c3cncnc3)cc2)cc[nH]1,472.5230000000001,1.6796999999999989,8,2,True,8.7
CHEMBL3647246,CC(CCc1ccc(OCc2ccccc2-n2cccn2)cc1)(C(=O)NO)S(C)(=O)=O,8.7,IC50,1.99,CHEMBL3855,P. aeruginosa,LpxC,CC(CCc1ccc(OCc2ccccc2-n2cccn2)cc1)(C(=O)NO)S(C)(=O)=O,c1ccc(OCc2ccccc2-n2cccn2)cc1,443.52500000000015,2.6925999999999997,6,2,True,8.7
CHEMBL3647163,CC(CCc1ccc(-c2ccc(NS(C)(=O)=O)cc2)c(F)c1)(C(=O)NO)S(C)(=O)=O,8.69,IC50,2.04,CHEMBL3855,P. aeruginosa,LpxC,CC(CCc1ccc(-c2ccc(NS(C)(=O)=O)cc2)c(F)c1)(C(=O)NO)S(C)(=O)=O,c1ccc(-c2ccccc2)cc1,458.53300000000013,2.1054999999999997,6,3,True,8.69
CHEMBL1668437,C[C@@H](O)[C@@H](NC(=O)N1CCC(c2ccc(C#Cc3ccccc3)cc2)CC1)C(=O)NO,8.68,IC50,2.1,CHEMBL5244,E. coli,LpxC,C[C@@H](O)[C@@H](NC(=O)N1CCC(c2ccc(C#Cc3ccccc3)cc2)CC1)C(=O)NO,C(#Cc1ccc(C2CCNCC2)cc1)c1ccccc1,421.4970000000001,2.2302,4,4,True,8.68
CHEMBL3647243,CC(CCc1ccc(OCc2ccc(C(F)(F)F)cc2)cc1)(C(=O)NO)S(C)(=O)=O,8.68,IC50,2.08,CHEMBL3855,P. aeruginosa,LpxC,CC(CCc1ccc(OCc2ccc(C(F)(F)F)cc2)cc1)(C(=O)NO)S(C)(=O)=O,c1ccc(COc2ccccc2)cc1,445.45900000000006,3.5257000000000023,5,2,True,8.68
CHEMBL2023390,C[C@@](CCn1ccc(-c2ccccc2F)cc1=O)(C(=O)NO)S(C)(=O)=O,8.66,IC50,2.2,CHEMBL3855,P. aeruginosa,LpxC,C[C@@](CCn1ccc(-c2ccccc2F)cc1=O)(C(=O)NO)S(C)(=O)=O,O=c1cc(-c2ccccc2)cc[nH]1,382.41300000000007,1.3531999999999995,5,2,True,8.66
CHEMBL2023136,C[C@@](CCn1cc(F)c(-c2ccccc2)cc1=O)(C(=O)NO)S(C)(=O)=O,8.64,IC50,2.3,CHEMBL3855,P. aeruginosa,LpxC,C[C@@](CCn1cc(F)c(-c2ccccc2)cc1=O)(C(=O)NO)S(C)(=O)=O,O=c1cc(-c2ccccc2)cc[nH]1,382.41300000000007,1.3531999999999995,5,2,True,8.64
CHEMBL3647194,CC(CCc1ccc(OCc2ccc(F)cc2C(F)(F)F)cc1)(C(=O)NO)S(C)(=O)=O,8.63,IC50,2.36,CHEMBL3855,P. aeruginosa,LpxC,CC(CCc1ccc(OCc2ccc(F)cc2C(F)(F)F)cc1)(C(=O)NO)S(C)(=O)=O,c1ccc(COc2ccccc2)cc1,463.44900000000007,3.6648000000000014,5,2,True,8.63
CHEMBL1668438,C[C@@H](O)[C@@H](NC(=O)N1CCN(c2ccc(C#Cc3ccccc3)cc2)CC1)C(=O)NO,8.62,IC50,2.4,CHEMBL5244,E. coli,LpxC,C[C@@H](O)[C@@H](NC(=O)N1CCN(c2ccc(C#Cc3ccccc3)cc2)CC1)C(=O)NO,C(#Cc1ccc(N2CCNCC2)cc1)c1ccccc1,422.4850000000001,1.1727999999999996,5,4,True,8.62
CHEMBL3647084,CC(CCc1ccc(COc2ccccc2)cc1)(C(=O)NO)S(C)(=O)=O,8.62,IC50,2.38,CHEMBL3855,P. aeruginosa,LpxC,CC(CCc1ccc(COc2ccccc2)cc1)(C(=O)NO)S(C)(=O)=O,c1ccc(COc2ccccc2)cc1,377.4620000000001,2.5069,5,2,True,8.62
CHEMBL1668461,CC(C)(O)[C@@H](NC(=O)N1CCC(c2ccc(-c3ccccc3)cc2)CC1)C(=O)NO,8.6,IC50,2.5,CHEMBL5244,E. coli,LpxC,CC(C)(O)[C@@H](NC(=O)N1CCC(c2ccc(-c3ccccc3)cc2)CC1)C(=O)NO,c1ccc(-c2ccc(C3CCNCC3)cc2)cc1,411.5020000000001,2.8875,4,4,True,8.6
CHEMBL3647120,Cc1cc(CCC(C)(C(=O)NO)S(C)(=O)=O)ccc1-c1ccc(F)cc1,8.6,IC50,2.54,CHEMBL3855,P. aeruginosa,LpxC,Cc1cc(CCC(C)(C(=O)NO)S(C)(=O)=O)ccc1-c1ccc(F)cc1,c1ccc(-c2ccccc2)cc1,379.4530000000001,3.0424200000000017,4,2,True,8.6
CHEMBL2023400,COc1ccc(-c2ccn(CC[C@](C)(C(=O)NO)S(C)(=O)=O)c(=O)c2)cc1,8.59,IC50,2.6,CHEMBL3855,P. aeruginosa,LpxC,COc1ccc(-c2ccn(CC[C@](C)(C(=O)NO)S(C)(=O)=O)c(=O)c2)cc1,O=c1cc(-c2ccccc2)cc[nH]1,394.44900000000007,1.2226999999999995,6,2,True,8.59
CHEMBL3647250,CC(CCc1ccc(OCc2nc(-c3ccccc3)no2)cc1)(C(=O)NO)S(C)(=O)=O,8.59,IC50,2.56,CHEMBL3855,P. aeruginosa,LpxC,CC(CCc1ccc(OCc2nc(-c3ccccc3)no2)cc1)(C(=O)NO)S(C)(=O)=O,c1ccc(OCc2nc(-c3ccccc3)no2)cc1,445.4970000000001,2.5568999999999997,8,2,True,8.59
CHEMBL3647255,CC(CCc1ccc(OCCCC2CCCC2)cc1)(C(=O)NO)S(C)(=O)=O,8.59,IC50,2.55,CHEMBL3855,P. aeruginosa,LpxC,CC(CCc1ccc(OCCCC2CCCC2)cc1)(C(=O)NO)S(C)(=O)=O,c1ccc(OCCCC2CCCC2)cc1,397.53700000000003,3.277100000000001,5,2,True,8.59
CHEMBL4472717,C[C@@](C[C@H]1CC(c2ccc(Br)cc2)=NO1)(C(=O)NO)S(C)(=O)=O,8.59,Kd,2.6,CHEMBL3855,P. aeruginosa,LpxC,C[C@@](C[C@H]1CC(c2ccc(Br)cc2)=NO1)(C(=O)NO)S(C)(=O)=O,c1ccc(C2=NOCC2)cc1,405.27000000000015,1.6408999999999998,6,2,True,8.59
CHEMBL3986406,C[C@@](CCc1ccc(-c2ccc(CC(=O)N3CCC(O)CC3)cc2)cc1)(C(=O)NO)S(C)(=O)=O,8.58,IC50,2.63,CHEMBL3855,P. aeruginosa,LpxC,C[C@@](CCc1ccc(-c2ccc(CC(=O)N3CCC(O)CC3)cc2)cc1)(C(=O)NO)S(C)(=O)=O,O=C(Cc1ccc(-c2ccccc2)cc1)N1CCCCC1,488.60600000000017,2.1206999999999994,6,3,True,8.58
CHEMBL3647219,CC(CCc1ccc(OCc2cccc(OC(F)(F)F)c2)cc1)(C(=O)NO)S(C)(=O)=O,8.57,IC50,2.71,CHEMBL3855,P. aeruginosa,LpxC,CC(CCc1ccc(OCc2cccc(OC(F)(F)F)c2)cc1)(C(=O)NO)S(C)(=O)=O,c1ccc(COc2ccccc2)cc1,461.4580000000001,3.4055000000000017,6,2,True,8.57
CHEMBL3647131,CC(CCc1ccc(-c2ccc3c(c2)CNC3)cc1)(C(=O)NO)S(C)(=O)=O,8.57,IC50,2.68,CHEMBL3855,P. aeruginosa,LpxC,CC(CCc1ccc(-c2ccc3c(c2)CNC3)cc1)(C(=O)NO)S(C)(=O)=O,c1ccc(-c2ccc3c(c2)CNC3)cc1,388.4890000000001,2.1980999999999993,5,3,True,8.57
CHEMBL3647256,CC(CCc1ccc(OCCC2CCCCC2)cc1)(C(=O)NO)S(C)(=O)=O,8.55,IC50,2.79,CHEMBL3855,P. aeruginosa,LpxC,CC(CCc1ccc(OCCC2CCCCC2)cc1)(C(=O)NO)S(C)(=O)=O,c1ccc(OCCC2CCCCC2)cc1,397.53700000000003,3.277100000000001,5,2,True,8.55
CHEMBL2023392,C[C@@](CCn1ccc(-c2ccc(F)cc2)cc1=O)(C(=O)NO)S(C)(=O)=O,8.54,IC50,2.9,CHEMBL3855,P. aeruginosa,LpxC,C[C@@](CCn1ccc(-c2ccc(F)cc2)cc1=O)(C(=O)NO)S(C)(=O)=O,O=c1cc(-c2ccccc2)cc[nH]1,382.41300000000007,1.3531999999999995,5,2,True,8.54
CHEMBL3697015,CNC(=O)C(C(=O)NO)N(C)C(=O)c1ccc(-c2ccc(C#CCOC)cc2)cc1,8.54,IC50,2.9,CHEMBL3855,P. aeruginosa,LpxC,CNC(=O)C(C(=O)NO)N(C)C(=O)c1ccc(-c2ccc(C#CCOC)cc2)cc1,c1ccc(-c2ccccc2)cc1,409.4420000000002,1.0435000000000012,5,3,True,8.54
CHEMBL1668458,C[C@@H](O)[C@@H](NC(=O)N1CCN(c2ccc(C#Cc3ccc(N4CCOCC4)cc3)cc2)CC1)C(=O)NO,8.52,IC50,3.0,CHEMBL5244,E. coli,LpxC,C[C@@H](O)[C@@H](NC(=O)N1CCN(c2ccc(C#Cc3ccc(N4CCOCC4)cc3)cc2)CC1)C(=O)NO,C(#Cc1ccc(N2CCOCC2)cc1)c1ccc(N2CCNCC2)cc1,507.59100000000035,1.009400000000001,7,4,True,8.52
CHEMBL4064896,C[C@@H](O)[C@H](N[C@@H]1CCc2cc(C#Cc3ccc(CN4CCOCC4)cc3)ccc21)C(=O)NO,8.52,IC50,3.0,CHEMBL5244,E. coli,LpxC,C[C@@H](O)[C@H](N[C@@H]1CCc2cc(C#Cc3ccc(CN4CCOCC4)cc3)ccc21)C(=O)NO,C(#Cc1ccc2c(c1)CCC2)c1ccc(CN2CCOCC2)cc1,449.5510000000003,1.7502999999999995,6,4,True,8.52
CHEMBL4091763,CC(C)(N)[C@H](NC1COCc2cc(C#Cc3ccc(Cn4ccnc4CO)cc3)ccc21)C(=O)NO,8.52,IC50,3.0,CHEMBL5244,E. coli,LpxC,CC(C)(N)[C@H](NC1COCc2cc(C#Cc3ccc(Cn4ccnc4CO)cc3)ccc21)C(=O)NO,C(#Cc1ccc2c(c1)COCC2)c1ccc(Cn2ccnc2)cc1,489.5760000000002,1.5956999999999988,7,5,True,8.52
CHEMBL2012187,C[C@H](O)[C@](C)(OCc1ccc(-c2ccccc2)cc1)C(=O)NO,8.52,IC50,3.0,CHEMBL3855,P. aeruginosa,LpxC,C[C@H](O)[C@](C)(OCc1ccc(-c2ccccc2)cc1)C(=O)NO,c1ccc(-c2ccccc2)cc1,315.369,2.5150999999999994,4,3,True,8.52
CHEMBL2012201,C[C@@](OCc1ccc(-c2ccccc2)cc1)(C(=O)NO)[C@@H](O)c1ncco1,8.52,IC50,3.0,CHEMBL3855,P. aeruginosa,LpxC,C[C@@](OCc1ccc(-c2ccccc2)cc1)(C(=O)NO)[C@@H](O)c1ncco1,c1ccc(-c2ccc(COCCc3ncco3)cc2)cc1,368.38900000000007,2.855899999999999,6,3,True,8.52
CHEMBL2023391,C[C@@](CCn1ccc(-c2cccc(F)c2)cc1=O)(C(=O)NO)S(C)(=O)=O,8.52,IC50,3.0,CHEMBL3855,P. aeruginosa,LpxC,C[C@@](CCn1ccc(-c2cccc(F)c2)cc1=O)(C(=O)NO)S(C)(=O)=O,O=c1cc(-c2ccccc2)cc[nH]1,382.41300000000007,1.3532,5,2,True,8.52
CHEMBL2377698,CC(C)C(NC(=O)c1ccc(C#Cc2ccccc2)cc1)C(=O)NO,8.51,IC50,3.1,CHEMBL5244,E. coli,LpxC,CC(C)C(NC(=O)c1ccc(C#Cc2ccccc2)cc1)C(=O)NO,C(#Cc1ccccc1)c1ccccc1,336.391,2.3462,3,3,True,8.51
CHEMBL3647231,Cc1cccnc1COc1ccc(CCC(C)(C(=O)NO)S(C)(=O)=O)cc1,8.5,IC50,3.14,CHEMBL3855,P. aeruginosa,LpxC,Cc1cccnc1COc1ccc(CCC(C)(C(=O)NO)S(C)(=O)=O)cc1,c1ccc(OCc2ccccn2)cc1,392.47700000000003,2.2103199999999994,6,2,True,8.5
CHEMBL2023388,C[C@@](CCn1ccc(/C=C/c2ccccc2)cc1=O)(C(=O)NO)S(C)(=O)=O,8.49,IC50,3.2,CHEMBL3855,P. aeruginosa,LpxC,C[C@@](CCn1ccc(/C=C/c2ccccc2)cc1=O)(C(=O)NO)S(C)(=O)=O,O=c1cc(C=Cc2ccccc2)cc[nH]1,390.4610000000001,1.7174999999999994,5,2,True,8.49
CHEMBL3647212,CC(C)CCCOc1ccc(CCC(C)(C(=O)NO)S(C)(=O)=O)cc1,8.49,IC50,3.22,CHEMBL3855,P. aeruginosa,LpxC,CC(C)CCCOc1ccc(CCC(C)(C(=O)NO)S(C)(=O)=O)cc1,c1ccccc1,371.499,2.7429000000000006,5,2,True,8.49
CHEMBL3647181,CC(CCc1ccc(COc2cccc(F)c2)cc1)(C(=O)NO)S(C)(=O)=O,8.49,IC50,3.24,CHEMBL3855,P. aeruginosa,LpxC,CC(CCc1ccc(COc2cccc(F)c2)cc1)(C(=O)NO)S(C)(=O)=O,c1ccc(COc2ccccc2)cc1,395.4520000000001,2.646,5,2,True,8.49
CHEMBL2012186,CC(CO)(CCc1ccc(-c2ccccc2)cc1)C(=O)NO,8.48,IC50,3.3,CHEMBL3855,P. aeruginosa,LpxC,CC(CO)(CCc1ccc(-c2ccccc2)cc1)C(=O)NO,c1ccc(-c2ccccc2)cc1,299.37,2.7901999999999996,3,3,True,8.48
CHEMBL3647211,CC(CCc1ccc(OCC2CCC2)cc1)(C(=O)NO)S(C)(=O)=O,8.48,IC50,3.28,CHEMBL3855,P. aeruginosa,LpxC,CC(CCc1ccc(OCC2CCC2)cc1)(C(=O)NO)S(C)(=O)=O,c1ccc(OCC2CCC2)cc1,355.456,2.1068,5,2,True,8.48
CHEMBL3647180,CC(CCc1ccc(COc2ccc(F)cc2)cc1)(C(=O)NO)S(C)(=O)=O,8.48,IC50,3.28,CHEMBL3855,P. aeruginosa,LpxC,CC(CCc1ccc(COc2ccc(F)cc2)cc1)(C(=O)NO)S(C)(=O)=O,c1ccc(COc2ccccc2)cc1,395.4520000000001,2.646,5,2,True,8.48
CHEMBL3696988,CNC(=O)C(C(=O)NO)N(C)C(=O)c1ccc(-c2ccc(OC)cc2)cc1,8.48,IC50,3.3,CHEMBL3855,P. aeruginosa,LpxC,CNC(=O)C(C(=O)NO)N(C)C(=O)c1ccc(-c2ccc(OC)cc2)cc1,c1ccc(-c2ccccc2)cc1,371.3930000000001,1.0542000000000007,5,3,True,8.48
CHEMBL3957683,C[C@@](CCc1ccc(-c2ccc(C(=O)N3CCC(O)CC3)cc2)cc1)(C(=O)NO)S(C)(=O)=O,8.47,IC50,3.39,CHEMBL3855,P. aeruginosa,LpxC,C[C@@](CCc1ccc(-c2ccc(C(=O)N3CCC(O)CC3)cc2)cc1)(C(=O)NO)S(C)(=O)=O,O=C(c1ccc(-c2ccccc2)cc1)N1CCCCC1,474.5790000000002,2.1917999999999997,6,3,True,8.47
CHEMBL3647214,Cc1ccc(-c2noc(COc3ccc(CCC(C)(C(=O)NO)S(C)(=O)=O)cc3)n2)cc1,8.46,IC50,3.48,CHEMBL3855,P. aeruginosa,LpxC,Cc1ccc(-c2noc(COc3ccc(CCC(C)(C(=O)NO)S(C)(=O)=O)cc3)n2)cc1,c1ccc(OCc2nc(-c3ccccc3)no2)cc1,459.5240000000001,2.8653200000000014,8,2,True,8.46
CHEMBL3647081,CC(CCc1ccc(-c2ccc(F)cc2)cc1O)(C(=O)NO)S(C)(=O)=O,8.46,IC50,3.43,CHEMBL3855,P. aeruginosa,LpxC,CC(CCc1ccc(-c2ccc(F)cc2)cc1O)(C(=O)NO)S(C)(=O)=O,c1ccc(-c2ccccc2)cc1,381.42500000000007,2.4396000000000004,5,3,True,8.46
CHEMBL1956125,C[C@@](CCc1ccc(-c2cccc(Cl)c2)cc1)(C(=O)NO)S(C)(=O)=O,8.45,IC50,3.54,CHEMBL3855,P. aeruginosa,LpxC,C[C@@](CCc1ccc(-c2cccc(Cl)c2)cc1)(C(=O)NO)S(C)(=O)=O,c1ccc(-c2ccccc2)cc1,381.8810000000001,3.2483000000000013,4,2,True,8.45
CHEMBL3639384,Cc1nncn1-c1ccc(OCCOc2ccc(CCC(C)(C(=O)NO)S(C)(=O)=O)cc2)cc1,8.45,IC50,3.56,CHEMBL3855,P. aeruginosa,LpxC,Cc1nncn1-c1ccc(OCCOc2ccc(CCC(C)(C(=O)NO)S(C)(=O)=O)cc2)cc1,c1ccc(OCCOc2ccc(-n3cnnc3)cc2)cc1,488.5660000000002,2.27482,8,2,True,8.45
CHEMBL2377570,COCCNC(=O)C[C@H](NC(=O)c1ccc(C#Cc2ccccc2)cc1)C(=O)NO,8.44,IC50,3.6,CHEMBL5244,E. coli,LpxC,COCCNC(=O)C[C@H](NC(=O)c1ccc(C#Cc2ccccc2)cc1)C(=O)NO,C(#Cc1ccccc1)c1ccccc1,409.44200000000006,0.8429,5,4,True,8.44
CHEMBL2023131,C[C@@](CCn1ccc(-c2ccccc2)cc1=O)(C(=O)NO)S(C)(=O)=O,8.44,IC50,3.6,CHEMBL3855,P. aeruginosa,LpxC,C[C@@](CCn1ccc(-c2ccccc2)cc1=O)(C(=O)NO)S(C)(=O)=O,O=c1cc(-c2ccccc2)cc[nH]1,364.42300000000006,1.2140999999999997,5,2,True,8.44
CHEMBL1956146,C[C@@](CCc1ccc(-c2ccc(O)cc2)cc1)(C(=O)NO)S(C)(=O)=O,8.43,IC50,3.68,CHEMBL3855,P. aeruginosa,LpxC,C[C@@](CCc1ccc(-c2ccc(O)cc2)cc1)(C(=O)NO)S(C)(=O)=O,c1ccc(-c2ccccc2)cc1,363.43500000000006,2.3005000000000004,5,3,True,8.43
CHEMBL2023399,COc1cccc(-c2ccn(CC[C@](C)(C(=O)NO)S(C)(=O)=O)c(=O)c2)c1,8.43,IC50,3.7,CHEMBL3855,P. aeruginosa,LpxC,COc1cccc(-c2ccn(CC[C@](C)(C(=O)NO)S(C)(=O)=O)c(=O)c2)c1,O=c1cc(-c2ccccc2)cc[nH]1,394.44900000000007,1.2226999999999995,6,2,True,8.43
CHEMBL3696990,CNC(=O)C(C(=O)NO)N(C)C(=O)c1ccc(-c2ccc(C)cc2)cc1,8.43,IC50,3.7,CHEMBL3855,P. aeruginosa,LpxC,CNC(=O)C(C(=O)NO)N(C)C(=O)c1ccc(-c2ccc(C)cc2)cc1,c1ccc(-c2ccccc2)cc1,355.39400000000006,1.3540200000000002,4,3,True,8.43
CHEMBL3647186,CC(CCc1ccc(OCc2nc(-c3cccc(F)c3)no2)cc1)(C(=O)NO)S(C)(=O)=O,8.42,IC50,3.81,CHEMBL3855,P. aeruginosa,LpxC,CC(CCc1ccc(OCc2nc(-c3cccc(F)c3)no2)cc1)(C(=O)NO)S(C)(=O)=O,c1ccc(OCc2nc(-c3ccccc3)no2)cc1,463.48700000000014,2.6959999999999997,8,2,True,8.42
CHEMBL2023394,C[C@@](CCn1ccc(-c2cc(F)cc(F)c2)cc1=O)(C(=O)NO)S(C)(=O)=O,8.41,IC50,3.9,CHEMBL3855,P. aeruginosa,LpxC,C[C@@](CCn1ccc(-c2cc(F)cc(F)c2)cc1=O)(C(=O)NO)S(C)(=O)=O,O=c1cc(-c2ccccc2)cc[nH]1,400.4030000000001,1.4922999999999997,5,2,True,8.41
CHEMBL3647241,CC(C)c1ccc(-c2noc(COc3ccc(CCC(C)(C(=O)NO)S(C)(=O)=O)cc3)n2)cc1,8.41,IC50,3.93,CHEMBL3855,P. aeruginosa,LpxC,CC(C)c1ccc(-c2noc(COc3ccc(CCC(C)(C(=O)NO)S(C)(=O)=O)cc3)n2)cc1,c1ccc(OCc2nc(-c3ccccc3)no2)cc1,487.5780000000001,3.6803000000000017,8,2,True,8.41
CHEMBL3697030,CCOC1CN(Cc2ccc(C#Cc3ccc(C(=O)N(C)C(C(=O)NC)C(=O)NO)cc3)cc2F)C1,8.41,IC50,3.9,CHEMBL3855,P. aeruginosa,LpxC,CCOC1CN(Cc2ccc(C#Cc3ccc(C(=O)N(C)C(C(=O)NC)C(=O)NO)cc3)cc2F)C1,C(#Cc1ccc(CN2CCC2)cc1)c1ccccc1,496.5390000000002,1.1382000000000012,6,3,True,8.41
CHEMBL1668445,C[C@@H](O)[C@@H](NC(=O)N1CCN(c2ccc(C#Cc3ccncc3)cc2)CC1)C(=O)NO,8.4,IC50,4.0,CHEMBL5244,E. coli,LpxC,C[C@@H](O)[C@@H](NC(=O)N1CCN(c2ccc(C#Cc3ccncc3)cc2)CC1)C(=O)NO,C(#Cc1ccc(N2CCNCC2)cc1)c1ccncc1,423.4730000000001,0.5678000000000002,6,4,True,8.4
CHEMBL1668450,C[C@@H](O)[C@@H](NC(=O)N1CCN(c2ccc(C#Cc3ccc(O)cc3)cc2)CC1)C(=O)NO,8.4,IC50,4.0,CHEMBL5244,E. coli,LpxC,C[C@@H](O)[C@@H](NC(=O)N1CCN(c2ccc(C#Cc3ccc(O)cc3)cc2)CC1)C(=O)NO,C(#Cc1ccc(N2CCNCC2)cc1)c1ccccc1,438.48400000000015,0.8783999999999998,6,5,True,8.4
CHEMBL2377571,C#CCNC(=O)C[C@H](NC(=O)c1ccc(C#Cc2ccccc2)cc1)C(=O)NO,8.4,IC50,4.0,CHEMBL5244,E. coli,LpxC,C#CCNC(=O)C[C@H](NC(=O)c1ccc(C#Cc2ccccc2)cc1)C(=O)NO,C(#Cc1ccccc1)c1ccccc1,389.41100000000006,0.8296999999999997,4,4,True,8.4
CHEMBL4092719,CC(C)(N)[C@H](N[C@H]1CCc2cc(C#Cc3ccc(Cn4ccnc4CO)cc3)ccc21)C(=O)NO,8.4,IC50,4.0,CHEMBL5244,E. coli,LpxC,CC(C)(N)[C@H](N[C@H]1CCc2cc(C#Cc3ccc(Cn4ccnc4CO)cc3)ccc21)C(=O)NO,C(#Cc1ccc2c(c1)CCC2)c1ccc(Cn2ccnc2)cc1,473.5770000000001,2.0117,6,5,True,8.4
CHEMBL2012188,C[C@@H](O)[C@](C)(OCc1ccc(-c2ccccc2)cc1)C(=O)NO,8.4,IC50,4.0,CHEMBL3855,P. aeruginosa,LpxC,C[C@@H](O)[C@](C)(OCc1ccc(-c2ccccc2)cc1)C(=O)NO,c1ccc(-c2ccccc2)cc1,315.369,2.5150999999999994,4,3,True,8.4
CHEMBL3913240,C[C@@](CCc1ccc(-c2ccc(C(=O)N3CCC[C@@H]3CO)cc2)cc1)(C(=O)NO)S(C)(=O)=O,8.4,IC50,4.02,CHEMBL3855,P. aeruginosa,LpxC,C[C@@](CCc1ccc(-c2ccc(C(=O)N3CCC[C@@H]3CO)cc2)cc1)(C(=O)NO)S(C)(=O)=O,O=C(c1ccc(-c2ccccc2)cc1)N1CCCC1,474.5790000000001,2.1917999999999997,6,3,True,8.4
CHEMBL2023386,C[C@@](CCn1ccc(C2=CCCCC2)cc1=O)(C(=O)NO)S(C)(=O)=O,8.39,IC50,4.1,CHEMBL3855,P. aeruginosa,LpxC,C[C@@](CCn1ccc(C2=CCCCC2)cc1=O)(C(=O)NO)S(C)(=O)=O,O=c1cc(C2=CCCCC2)cc[nH]1,368.455,1.5044999999999997,5,2,True,8.39
CHEMBL3647216,CC(CCc1ccc(OCCc2ccccc2)cc1)(C(=O)NO)S(C)(=O)=O,8.39,IC50,4.03,CHEMBL3855,P. aeruginosa,LpxC,CC(CCc1ccc(OCCc2ccccc2)cc1)(C(=O)NO)S(C)(=O)=O,c1ccc(CCOc2ccccc2)cc1,391.4890000000001,2.5494000000000003,5,2,True,8.39
CHEMBL4752810,C[C@H](O)c1nccn1Cc1cc(C#Cc2ccc(CCCO)cc2)on1,8.39,IC50,4.03,CHEMBL3855,P. aeruginosa,LpxC,C[C@H](O)c1nccn1Cc1cc(C#Cc2ccc(CCCO)cc2)on1,C(#Cc1cc(Cn2ccnc2)no1)c1ccccc1,351.4060000000001,2.2974000000000006,5,2,True,8.39
CHEMBL3647199,Cc1ccc(C)c(COc2ccc(CCC(C)(C(=O)NO)S(C)(=O)=O)cc2)c1,8.37,IC50,4.25,CHEMBL3855,P. aeruginosa,LpxC,Cc1ccc(C)c(COc2ccc(CCC(C)(C(=O)NO)S(C)(=O)=O)cc2)c1,c1ccc(COc2ccccc2)cc1,405.516,3.1237400000000006,5,2,True,8.37
CHEMBL2023395,C[C@@](CCn1ccc(-c2cc(F)ccc2F)cc1=O)(C(=O)NO)S(C)(=O)=O,8.36,IC50,4.4,CHEMBL3855,P. aeruginosa,LpxC,C[C@@](CCn1ccc(-c2cc(F)ccc2F)cc1=O)(C(=O)NO)S(C)(=O)=O,O=c1cc(-c2ccccc2)cc[nH]1,400.4030000000001,1.4923000000000002,5,2,True,8.36
CHEMBL4763699,C[C@H](O)c1nccn1Cc1cc(C#Cc2ccc(OC3CN(CCO)C3)cc2)on1,8.36,IC50,4.42,CHEMBL3855,P. aeruginosa,LpxC,C[C@H](O)c1nccn1Cc1cc(C#Cc2ccc(OC3CN(CCO)C3)cc2)on1,C(#Cc1cc(Cn2ccnc2)no1)c1ccc(OC2CNC2)cc1,408.4580000000002,1.4277999999999997,7,2,True,8.36
CHEMBL3647202,Cc1cc(C)cc(COc2ccc(CCC(C)(C(=O)NO)S(C)(=O)=O)cc2)c1,8.35,IC50,4.5,CHEMBL3855,P. aeruginosa,LpxC,Cc1cc(C)cc(COc2ccc(CCC(C)(C(=O)NO)S(C)(=O)=O)cc2)c1,c1ccc(COc2ccccc2)cc1,405.516,3.1237400000000006,5,2,True,8.35
CHEMBL3697006,CNC(=O)C(C(=O)NO)N(C)C(=O)c1ccc(-c2ccc(CF)cc2)cc1,8.35,IC50,4.5,CHEMBL3855,P. aeruginosa,LpxC,CNC(=O)C(C(=O)NO)N(C)C(=O)c1ccc(-c2ccc(CF)cc2)cc1,c1ccc(-c2ccccc2)cc1,373.38400000000007,1.5151000000000003,4,3,True,8.35
CHEMBL3647245,CC(CCc1ccc(OCc2cccnc2)cc1)(C(=O)NO)S(C)(=O)=O,8.34,IC50,4.58,CHEMBL3855,P. aeruginosa,LpxC,CC(CCc1ccc(OCc2cccnc2)cc1)(C(=O)NO)S(C)(=O)=O,c1ccc(OCc2cccnc2)cc1,378.4500000000001,1.9018999999999997,6,2,True,8.34
CHEMBL3647257,CC(CCc1ccc(OCCCC2CCCCC2)cc1)(C(=O)NO)S(C)(=O)=O,8.34,IC50,4.56,CHEMBL3855,P. aeruginosa,LpxC,CC(CCc1ccc(OCCCC2CCCCC2)cc1)(C(=O)NO)S(C)(=O)=O,c1ccc(OCCCC2CCCCC2)cc1,411.564,3.667200000000002,5,2,True,8.34
CHEMBL3696996,CNC(=O)C(C(=O)NO)N(C)C(=O)c1ccc(-c2ccc(OC(F)(F)F)cc2)cc1,8.34,IC50,4.6,CHEMBL3855,P. aeruginosa,LpxC,CNC(=O)C(C(=O)NO)N(C)C(=O)c1ccc(-c2ccc(OC(F)(F)F)cc2)cc1,c1ccc(-c2ccccc2)cc1,425.36300000000006,1.9442000000000006,5,3,True,8.34
CHEMBL3696994,CNC(=O)C(C(=O)NO)N(C)C(=O)c1ccc(-c2ccc3c(c2)CCN3C)cc1,8.33,IC50,4.7,CHEMBL3855,P. aeruginosa,LpxC,CNC(=O)C(C(=O)NO)N(C)C(=O)c1ccc(-c2ccc3c(c2)CCN3C)cc1,c1ccc(-c2ccc3c(c2)CCN3)cc1,396.4470000000002,1.0379000000000005,5,3,True,8.33
CHEMBL4779477,C[C@H](O)c1nccn1Cc1cc(C#Cc2ccc(OCCCNC3COC3)cc2)on1,8.33,IC50,4.63,CHEMBL3855,P. aeruginosa,LpxC,C[C@H](O)c1nccn1Cc1cc(C#Cc2ccc(OCCCNC3COC3)cc2)on1,C(#Cc1cc(Cn2ccnc2)no1)c1ccc(OCCCNC2COC2)cc1,422.48500000000024,2.1297999999999995,7,2,True,8.33
CHEMBL2023393,C[C@@](CCn1ccc(-c2c(F)cccc2F)cc1=O)(C(=O)NO)S(C)(=O)=O,8.32,IC50,4.8,CHEMBL3855,P. aeruginosa,LpxC,C[C@@](CCn1ccc(-c2c(F)cccc2F)cc1=O)(C(=O)NO)S(C)(=O)=O,O=c1cc(-c2ccccc2)cc[nH]1,400.4030000000001,1.4923000000000002,5,2,True,8.32
CHEMBL3697014,CNC(=O)[C@@](C)(C(=O)NO)N(C)C(=O)c1ccc(-c2ccc3c(ccn3C)c2)cc1,8.31,IC50,4.9,CHEMBL5244,E. coli,LpxC,CNC(=O)[C@@](C)(C(=O)NO)N(C)C(=O)c1ccc(-c2ccc3c(ccn3C)c2)cc1,c1ccc(-c2ccc3[nH]ccc3c2)cc1,408.45800000000014,1.9274000000000002,4,3,True,8.31
CHEMBL2023135,C[C@@](CCn1ccc(-c2ccccc2)c(F)c1=O)(C(=O)NO)S(C)(=O)=O,8.31,IC50,4.9,CHEMBL3855,P. aeruginosa,LpxC,C[C@@](CCn1ccc(-c2ccccc2)c(F)c1=O)(C(=O)NO)S(C)(=O)=O,O=c1cc(-c2ccccc2)cc[nH]1,382.41300000000007,1.3532,5,2,True,8.31
CHEMBL3647206,CC(CCc1ccc(OCCC2CCOCC2)cc1)(C(=O)NO)S(C)(=O)=O,8.31,IC50,4.93,CHEMBL3855,P. aeruginosa,LpxC,CC(CCc1ccc(OCCC2CCOCC2)cc1)(C(=O)NO)S(C)(=O)=O,c1ccc(OCCC2CCOCC2)cc1,399.509,2.1234,6,2,True,8.31
CHEMBL1668452,C[C@@H](O)[C@@H](NC(=O)N1CCN(c2ccc(C#Cc3ccc(Cl)cc3)cc2)CC1)C(=O)NO,8.3,IC50,5.0,CHEMBL5244,E. coli,LpxC,C[C@@H](O)[C@@H](NC(=O)N1CCN(c2ccc(C#Cc3ccc(Cl)cc3)cc2)CC1)C(=O)NO,C(#Cc1ccc(N2CCNCC2)cc1)c1ccccc1,456.9300000000002,1.8261999999999998,5,4,True,8.3
CHEMBL4068010,COC1CCN(Cc2ccc(C#Cc3ccc4c(c3)CC[C@@H]4N[C@H](C(=O)NO)[C@@H](C)O)cc2)CC1,8.3,IC50,5.0,CHEMBL5244,E. coli,LpxC,COC1CCN(Cc2ccc(C#Cc3ccc4c(c3)CC[C@@H]4N[C@H](C(=O)NO)[C@@H](C)O)cc2)CC1,C(#Cc1ccc2c(c1)CCC2)c1ccc(CN2CCCCC2)cc1,477.60500000000025,2.5289,6,4,True,8.3
CHEMBL4099505,C[C@@H](O)[C@H](N[C@H]1CCc2cc(C#Cc3ccc(Cn4ccnc4CCO)cc3)ccc21)C(=O)NO,8.3,IC50,5.0,CHEMBL5244,E. coli,LpxC,C[C@@H](O)[C@H](N[C@H]1CCc2cc(C#Cc3ccc(Cn4ccnc4CCO)cc3)ccc21)C(=O)NO,C(#Cc1ccc2c(c1)CCC2)c1ccc(Cn2ccnc2)cc1,474.5610000000002,1.6976999999999995,6,5,True,8.3
CHEMBL4070896,CC(C)(N)[C@H](NC1COCc2cc(C#Cc3ccc(CN4CCOCC4)cc3)ccc21)C(=O)NO,8.3,IC50,5.0,CHEMBL5244,E. coli,LpxC,CC(C)(N)[C@H](NC1COCc2cc(C#Cc3ccc(CN4CCOCC4)cc3)ccc21)C(=O)NO,C(#Cc1ccc2c(c1)COCC2)c1ccc(CN2CCOCC2)cc1,478.5930000000003,1.6908000000000005,7,4,True,8.3
CHEMBL3647189,COc1cc(OC)cc(Oc2ccc(CCC(C)(C(=O)NO)S(C)(=O)=O)cc2)c1,8.3,IC50,5.0,CHEMBL3855,P. aeruginosa,LpxC,COc1cc(OC)cc(Oc2ccc(CCC(C)(C(=O)NO)S(C)(=O)=O)cc2)c1,c1ccc(Oc2ccccc2)cc1,423.4870000000001,2.737400000000001,7,2,True,8.3
CHEMBL3647078,CC(CCc1ccc(OCc2ccccn2)cc1)(C(=O)NO)S(C)(=O)=O,8.3,IC50,5.01,CHEMBL3855,P. aeruginosa,LpxC,CC(CCc1ccc(OCc2ccccn2)cc1)(C(=O)NO)S(C)(=O)=O,c1ccc(OCc2ccccn2)cc1,378.4500000000001,1.9018999999999997,6,2,True,8.3
CHEMBL3696993,CNC(=O)C(C(=O)NO)N(C)C(=O)c1ccc(-c2ccc3c(c2)OCO3)cc1,8.3,IC50,5.0,CHEMBL3855,P. aeruginosa,LpxC,CNC(=O)C(C(=O)NO)N(C)C(=O)c1ccc(-c2ccc3c(c2)OCO3)cc1,c1ccc(-c2ccc3c(c2)OCO3)cc1,385.37600000000015,0.7742999999999998,6,3,True,8.3
CHEMBL3697004,CNC(=O)C(C(=O)NO)N(C)C(=O)c1ccc(-c2ccc3c(c2)CCO3)cc1,8.3,IC50,5.0,CHEMBL3855,P. aeruginosa,LpxC,CNC(=O)C(C(=O)NO)N(C)C(=O)c1ccc(-c2ccc3c(c2)CCO3)cc1,c1ccc(-c2ccc3c(c2)CCO3)cc1,383.40400000000017,0.9805000000000004,5,3,True,8.3
CHEMBL3697007,CNC(=O)C(C(=O)NO)N(C)C(=O)c1ccc(-c2ccc3c(c2)OCC3)cc1,8.3,IC50,5.0,CHEMBL3855,P. aeruginosa,LpxC,CNC(=O)C(C(=O)NO)N(C)C(=O)c1ccc(-c2ccc3c(c2)OCC3)cc1,c1ccc(-c2ccc3c(c2)OCC3)cc1,383.40400000000017,0.9805000000000004,5,3,True,8.3
CHEMBL1956134,CC(CCc1ccc(OCc2ccccc2)cc1)(C(=O)NO)S(C)(=O)=O,8.29,IC50,5.16,CHEMBL3855,P. aeruginosa,LpxC,CC(CCc1ccc(OCc2ccccc2)cc1)(C(=O)NO)S(C)(=O)=O,c1ccc(COc2ccccc2)cc1,377.4620000000001,2.5069,5,2,True,8.29
CHEMBL2023397,Cc1cc(C)cc(-c2ccn(CC[C@](C)(C(=O)NO)S(C)(=O)=O)c(=O)c2)c1,8.28,IC50,5.3,CHEMBL3855,P. aeruginosa,LpxC,Cc1cc(C)cc(-c2ccn(CC[C@](C)(C(=O)NO)S(C)(=O)=O)c(=O)c2)c1,O=c1cc(-c2ccccc2)cc[nH]1,392.4770000000001,1.8309399999999993,5,2,True,8.28
CHEMBL3647198,CC(CCc1ccc(OCc2nc(-c3cccc(F)c3F)no2)cc1)(C(=O)NO)S(C)(=O)=O,8.28,IC50,5.31,CHEMBL3855,P. aeruginosa,LpxC,CC(CCc1ccc(OCc2nc(-c3cccc(F)c3F)no2)cc1)(C(=O)NO)S(C)(=O)=O,c1ccc(OCc2nc(-c3ccccc3)no2)cc1,481.47700000000015,2.8351000000000006,8,2,True,8.28
CHEMBL3647228,CC(CCc1ccc(OCc2cc(F)ccc2C#N)cc1)(C(=O)NO)S(C)(=O)=O,8.27,IC50,5.36,CHEMBL3855,P. aeruginosa,LpxC,CC(CCc1ccc(OCc2cc(F)ccc2C#N)cc1)(C(=O)NO)S(C)(=O)=O,c1ccc(COc2ccccc2)cc1,420.4620000000001,2.5176800000000004,6,2,True,8.27
CHEMBL1668439,C[C@@H](O)[C@@H](NC(=O)N1CCN(c2ccc(-c3ccccc3)cc2)CC1)C(=O)NO,8.25,IC50,5.6,CHEMBL5244,E. coli,LpxC,C[C@@H](O)[C@@H](NC(=O)N1CCN(c2ccc(-c3ccccc3)cc2)CC1)C(=O)NO,c1ccc(-c2ccc(N3CCNCC3)cc2)cc1,398.46300000000014,1.4399999999999995,5,4,True,8.25
CHEMBL3647190,Cc1ncccc1COc1ccc(CCC(C)(C(=O)NO)S(C)(=O)=O)cc1,8.25,IC50,5.59,CHEMBL3855,P. aeruginosa,LpxC,Cc1ncccc1COc1ccc(CCC(C)(C(=O)NO)S(C)(=O)=O)cc1,c1ccc(OCc2cccnc2)cc1,392.47700000000003,2.2103199999999994,6,2,True,8.25
CHEMBL3647119,Cc1cc(CCC(C)(C(=O)NO)S(C)(=O)=O)ccc1-c1ccccc1,8.25,IC50,5.58,CHEMBL3855,P. aeruginosa,LpxC,Cc1cc(CCC(C)(C(=O)NO)S(C)(=O)=O)ccc1-c1ccccc1,c1ccc(-c2ccccc2)cc1,361.4630000000001,2.9033200000000017,4,2,True,8.25
CHEMBL3697001,CNC(=O)C(C(=O)NO)N(C)C(=O)c1ccc(-c2ccc3c(c2)OC(OC)O3)cc1,8.25,IC50,5.6,CHEMBL3855,P. aeruginosa,LpxC,CNC(=O)C(C(=O)NO)N(C)C(=O)c1ccc(-c2ccc3c(c2)OC(OC)O3)cc1,c1ccc(-c2ccc3c(c2)OCO3)cc1,415.40200000000016,0.7468000000000008,7,3,True,8.25
CHEMBL3647200,CC(CCc1ccc(OCc2nc(-c3cc(F)cc(F)c3)no2)cc1)(C(=O)NO)S(C)(=O)=O,8.24,IC50,5.81,CHEMBL3855,P. aeruginosa,LpxC,CC(CCc1ccc(OCc2nc(-c3cc(F)cc(F)c3)no2)cc1)(C(=O)NO)S(C)(=O)=O,c1ccc(OCc2nc(-c3ccccc3)no2)cc1,481.47700000000015,2.8351000000000015,8,2,True,8.24
CHEMBL3697002,CNC(=O)C(C(=O)NO)N(C)C(=O)c1ccc(-c2ccc(OCCO)cc2)cc1,8.24,IC50,5.7,CHEMBL3855,P. aeruginosa,LpxC,CNC(=O)C(C(=O)NO)N(C)C(=O)c1ccc(-c2ccc(OCCO)cc2)cc1,c1ccc(-c2ccccc2)cc1,401.41900000000015,0.4167000000000017,6,4,True,8.24
CHEMBL3827314,O=C(NO)[C@@H]1CN(c2ccc(C#CC#CC3CC3)c(F)c2)C(=O)O1,8.22,IC50,6.0,CHEMBL5244,E. coli,LpxC,O=C(NO)[C@@H]1CN(c2ccc(C#CC#CC3CC3)c(F)c2)C(=O)O1,O=C1OCCN1c1ccc(C#CC#CC2CC2)cc1,328.29900000000004,1.4211999999999996,4,2,True,8.22
CHEMBL4089353,C[C@@H](O)[C@H](N[C@H]1CCc2cc(C#Cc3ccc(Cn4ccnc4CO)cc3)ccc21)C(=O)NO,8.22,IC50,6.0,CHEMBL5244,E. coli,LpxC,C[C@@H](O)[C@H](N[C@H]1CCc2cc(C#Cc3ccc(Cn4ccnc4CO)cc3)ccc21)C(=O)NO,C(#Cc1ccc2c(c1)CCC2)c1ccc(Cn2ccnc2)cc1,460.53400000000016,1.6551999999999996,6,5,True,8.22
CHEMBL2023389,C[C@@](CCn1ccc(CCc2ccccc2)cc1=O)(C(=O)NO)S(C)(=O)=O,8.22,IC50,6.0,CHEMBL3855,P. aeruginosa,LpxC,C[C@@](CCn1ccc(CCc2ccccc2)cc1=O)(C(=O)NO)S(C)(=O)=O,O=c1cc(CCc2ccccc2)cc[nH]1,392.4770000000001,1.3323,5,2,True,8.22
CHEMBL3647215,Cc1ccc(COc2ccc(CCC(C)(C(=O)NO)S(C)(=O)=O)cc2)cn1,8.22,IC50,5.96,CHEMBL3855,P. aeruginosa,LpxC,Cc1ccc(COc2ccc(CCC(C)(C(=O)NO)S(C)(=O)=O)cc2)cn1,c1ccc(OCc2cccnc2)cc1,392.4770000000001,2.2103199999999994,6,2,True,8.22
CHEMBL3647141,CC(CCc1ccc(-c2ccc(N3CCNCC3)cc2)cc1)(C(=O)NO)S(C)(=O)=O,8.21,IC50,6.22,CHEMBL3855,P. aeruginosa,LpxC,CC(CCc1ccc(-c2ccc(N3CCNCC3)cc2)cc1)(C(=O)NO)S(C)(=O)=O,c1ccc(-c2ccc(N3CCNCC3)cc2)cc1,431.5580000000001,2.0044999999999997,6,3,True,8.21
CHEMBL3696989,CNC(=O)C(C(=O)NO)N(C)C(=O)c1ccc(-c2ccc(COC)cc2)cc1,8.21,IC50,6.1,CHEMBL3855,P. aeruginosa,LpxC,CNC(=O)C(C(=O)NO)N(C)C(=O)c1ccc(-c2ccc(COC)cc2)cc1,c1ccc(-c2ccccc2)cc1,385.42000000000013,1.1920000000000008,5,3,True,8.21
CHEMBL3647197,CCCCCCOc1ccc(CCC(C)(C(=O)NO)S(C)(=O)=O)cc1,8.2,IC50,6.31,CHEMBL3855,P. aeruginosa,LpxC,CCCCCCOc1ccc(CCC(C)(C(=O)NO)S(C)(=O)=O)cc1,c1ccccc1,371.499,2.8870000000000005,5,2,True,8.2
CHEMBL3647227,Cc1ccc(Cc2noc(COc3ccc(CCC(C)(C(=O)NO)S(C)(=O)=O)cc3)n2)cc1,8.2,IC50,6.32,CHEMBL3855,P. aeruginosa,LpxC,Cc1ccc(Cc2noc(COc3ccc(CCC(C)(C(=O)NO)S(C)(=O)=O)cc3)n2)cc1,c1ccc(Cc2noc(COc3ccccc3)n2)cc1,473.5510000000001,2.7891200000000005,8,2,True,8.2
CHEMBL2023143,COc1ccc(-c2ccn(CC[C@](C)(C(=O)NO)S(C)(=O)=O)c(=O)c2)cn1,8.19,IC50,6.4,CHEMBL3855,P. aeruginosa,LpxC,COc1ccc(-c2ccn(CC[C@](C)(C(=O)NO)S(C)(=O)=O)c(=O)c2)cn1,O=c1cc(-c2cccnc2)cc[nH]1,395.43700000000007,0.6176999999999998,7,2,True,8.19
CHEMBL3647204,COc1ccc(F)c(-c2noc(COc3ccc(CCC(C)(C(=O)NO)S(C)(=O)=O)cc3)n2)c1,8.19,IC50,6.39,CHEMBL3855,P. aeruginosa,LpxC,COc1ccc(F)c(-c2noc(COc3ccc(CCC(C)(C(=O)NO)S(C)(=O)=O)cc3)n2)c1,c1ccc(OCc2nc(-c3ccccc3)no2)cc1,493.5130000000002,2.704600000000001,9,2,True,8.19
CHEMBL1956126,CC(C)c1cccc(-c2ccc(CC[C@](C)(C(=O)NO)S(C)(=O)=O)cc2)c1,8.17,IC50,6.78,CHEMBL3855,P. aeruginosa,LpxC,CC(C)c1cccc(-c2ccc(CC[C@](C)(C(=O)NO)S(C)(=O)=O)cc2)c1,c1ccc(-c2ccccc2)cc1,389.51700000000005,3.718300000000002,4,2,True,8.17
CHEMBL2023132,Cc1c(-c2ccccc2)ccn(CC[C@](C)(C(=O)NO)S(C)(=O)=O)c1=O,8.17,IC50,6.7,CHEMBL3855,P. aeruginosa,LpxC,Cc1c(-c2ccccc2)ccn(CC[C@](C)(C(=O)NO)S(C)(=O)=O)c1=O,O=c1cc(-c2ccccc2)cc[nH]1,378.45000000000005,1.5225199999999994,5,2,True,8.17
CHEMBL3647225,CC(CCc1ccccc1OCCC1CCOCC1)(C(=O)NO)S(C)(=O)=O,8.17,IC50,6.77,CHEMBL3855,P. aeruginosa,LpxC,CC(CCc1ccccc1OCCC1CCOCC1)(C(=O)NO)S(C)(=O)=O,c1ccc(OCCC2CCOCC2)cc1,399.50900000000007,2.1234,6,2,True,8.17
CHEMBL3696992,CNC(=O)C(C(=O)NO)N(C)C(=O)c1ccc(-c2ccc(OCCCN3CCOCC3)cc2)cc1,8.17,IC50,6.7,CHEMBL3855,P. aeruginosa,LpxC,CNC(=O)C(C(=O)NO)N(C)C(=O)c1ccc(-c2ccc(OCCCN3CCOCC3)cc2)cc1,c1ccc(-c2ccc(OCCCN3CCOCC3)cc2)cc1,484.5530000000004,1.1467000000000016,7,3,True,8.17
CHEMBL3696997,CNC(=O)C(C(=O)NO)N(C)C(=O)c1ccc(-c2ccc(C(F)(F)F)cc2)cc1,8.17,IC50,6.7,CHEMBL3855,P. aeruginosa,LpxC,CNC(=O)C(C(=O)NO)N(C)C(=O)c1ccc(-c2ccc(C(F)(F)F)cc2)cc1,c1ccc(-c2ccccc2)cc1,409.36400000000003,2.064400000000001,4,3,True,8.17
CHEMBL1668453,C[C@@H](O)[C@@H](NC(=O)N1CCN(c2ccc(C#Cc3ccc(F)cc3)cc2)CC1)C(=O)NO,8.15,IC50,7.0,CHEMBL5244,E. coli,LpxC,C[C@@H](O)[C@@H](NC(=O)N1CCN(c2ccc(C#Cc3ccc(F)cc3)cc2)CC1)C(=O)NO,C(#Cc1ccc(N2CCNCC2)cc1)c1ccccc1,440.47500000000014,1.3118999999999998,5,4,True,8.15
CHEMBL1668462,CC(C)(O)[C@@H](NC(=O)N1CCN(c2ccc(-c3ccccc3)cc2)CC1)C(=O)NO,8.15,IC50,7.0,CHEMBL5244,E. coli,LpxC,CC(C)(O)[C@@H](NC(=O)N1CCN(c2ccc(-c3ccccc3)cc2)CC1)C(=O)NO,c1ccc(-c2ccc(N3CCNCC3)cc2)cc1,412.4900000000001,1.8300999999999998,5,4,True,8.15
CHEMBL4077504,C[C@@H](O)[C@H](NC1CCc2cc(C#Cc3ccccc3)ccc21)C(=O)NO,8.15,IC50,7.0,CHEMBL5244,E. coli,LpxC,C[C@@H](O)[C@H](NC1CCc2cc(C#Cc3ccccc3)ccc21)C(=O)NO,C(#Cc1ccc2c(c1)CCC2)c1ccccc1,350.41800000000006,1.9180999999999997,4,4,True,8.15
CHEMBL1956105,COc1ccccc1-c1ccc(CC[C@](C)(C(=O)NO)S(C)(=O)=O)cc1,8.15,IC50,7.04,CHEMBL3855,P. aeruginosa,LpxC,COc1ccccc1-c1ccc(CC[C@](C)(C(=O)NO)S(C)(=O)=O)cc1,c1ccc(-c2ccccc2)cc1,377.46200000000005,2.6035000000000004,5,2,True,8.15
CHEMBL3647151,CC(CCc1ccc(-c2cccnc2)c(F)c1)(C(=O)NO)S(C)(=O)=O,8.15,IC50,7.11,CHEMBL3855,P. aeruginosa,LpxC,CC(CCc1ccc(-c2cccnc2)c(F)c1)(C(=O)NO)S(C)(=O)=O,c1ccc(-c2cccnc2)cc1,366.41400000000004,2.1289999999999996,5,2,True,8.15
CHEMBL3647161,CC(=O)Nc1ccc(-c2ccc(CCC(C)(C(=O)NO)S(C)(=O)=O)cc2F)cc1,8.15,IC50,7.09,CHEMBL3855,P. aeruginosa,LpxC,CC(=O)Nc1ccc(-c2ccc(CCC(C)(C(=O)NO)S(C)(=O)=O)cc2F)cc1,c1ccc(-c2ccccc2)cc1,422.47800000000007,2.692400000000001,5,3,True,8.15
CHEMBL3696987,CNC(=O)C(C(=O)NO)N(C)C(=O)c1ccc(-c2ccc(NC)cc2)cc1,8.15,IC50,7.1,CHEMBL3855,P. aeruginosa,LpxC,CNC(=O)C(C(=O)NO)N(C)C(=O)c1ccc(-c2ccc(NC)cc2)cc1,c1ccc(-c2ccccc2)cc1,370.40900000000005,1.0873000000000006,5,4,True,8.15
CHEMBL3696991,CNC(=O)C(C(=O)NO)N(C)C(=O)c1ccc(-c2ccc(F)cc2)cc1,8.15,IC50,7.1,CHEMBL3855,P. aeruginosa,LpxC,CNC(=O)C(C(=O)NO)N(C)C(=O)c1ccc(-c2ccc(F)cc2)cc1,c1ccc(-c2ccccc2)cc1,359.357,1.1847,4,3,True,8.15
CHEMBL3697003,Cc1cc(CNC(=O)C(C(=O)NO)N(C)C(=O)c2ccc(-c3ccccc3)cc2)no1,8.15,IC50,7.1,CHEMBL3855,P. aeruginosa,LpxC,Cc1cc(CNC(=O)C(C(=O)NO)N(C)C(=O)c2ccc(-c3ccccc3)cc2)no1,O=C(CNC(=O)c1ccc(-c2ccccc2)cc1)NCc1ccon1,422.4410000000001,1.9124200000000002,6,3,True,8.15
CHEMBL4798463,C[C@H](O)c1nccn1Cc1cc(C#Cc2ccc(OCCCNCCN)cc2)on1,8.15,IC50,7.04,CHEMBL3855,P. aeruginosa,LpxC,C[C@H](O)c1nccn1Cc1cc(C#Cc2ccc(OCCCNCCN)cc2)on1,C(#Cc1cc(Cn2ccnc2)no1)c1ccccc1,409.49000000000024,1.6896999999999993,7,3,True,8.15
CHEMBL3647218,CC(CCc1ccc(OCc2nc(C3CCCC3)no2)cc1)(C(=O)NO)S(C)(=O)=O,8.14,IC50,7.2,CHEMBL3855,P. aeruginosa,LpxC,CC(CCc1ccc(OCc2nc(C3CCCC3)no2)cc1)(C(=O)NO)S(C)(=O)=O,c1ccc(OCc2nc(C3CCCC3)no2)cc1,437.5180000000001,2.5475000000000003,8,2,True,8.14
CHEMBL3696995,CNC(=O)C(C(=O)NO)N(C)C(=O)c1ccc(-c2ccc(N(C)C)cc2)cc1,8.14,IC50,7.2,CHEMBL3855,P. aeruginosa,LpxC,CNC(=O)C(C(=O)NO)N(C)C(=O)c1ccc(-c2ccc(N(C)C)cc2)cc1,c1ccc(-c2ccccc2)cc1,384.4360000000001,1.1116000000000008,5,3,True,8.14
CHEMBL3697005,CNC(=O)C(C(=O)NO)N(C)C(=O)c1ccc(C#Cc2ccccc2)cc1,8.14,IC50,7.2,CHEMBL3855,P. aeruginosa,LpxC,CNC(=O)C(C(=O)NO)N(C)C(=O)c1ccc(C#Cc2ccccc2)cc1,C(#Cc1ccccc1)c1ccccc1,365.38900000000007,0.7784000000000009,4,3,True,8.14
CHEMBL3647242,CC(CCc1ccc(OCc2nc(C3CCC3)no2)cc1)(C(=O)NO)S(C)(=O)=O,8.12,IC50,7.56,CHEMBL3855,P. aeruginosa,LpxC,CC(CCc1ccc(OCc2nc(C3CCC3)no2)cc1)(C(=O)NO)S(C)(=O)=O,c1ccc(OCc2nc(C3CCC3)no2)cc1,423.4910000000001,2.1574,8,2,True,8.12
CHEMBL3647247,CC(CCc1ccc(OCc2nc(-c3cccnc3)no2)cc1)(C(=O)NO)S(C)(=O)=O,8.12,IC50,7.53,CHEMBL3855,P. aeruginosa,LpxC,CC(CCc1ccc(OCc2nc(-c3cccnc3)no2)cc1)(C(=O)NO)S(C)(=O)=O,c1ccc(OCc2nc(-c3cccnc3)no2)cc1,446.4850000000001,1.9518999999999993,9,2,True,8.12
CHEMBL3697000,CNc1ccc(-c2ccc(C(=O)N(C)C(C(=O)NO)C(=O)NCc3cc(C)on3)cc2)cc1,8.12,IC50,7.5,CHEMBL3855,P. aeruginosa,LpxC,CNc1ccc(-c2ccc(C(=O)N(C)C(C(=O)NO)C(=O)NCc3cc(C)on3)cc2)cc1,O=C(CNC(=O)c1ccc(-c2ccccc2)cc1)NCc1ccon1,451.4830000000002,1.9541199999999996,7,4,True,8.12
CHEMBL3696986,CNC(=O)C(C(=O)NO)N(C)C(=O)c1ccc(-c2ccccc2)cc1,8.11,IC50,7.7,CHEMBL3855,P. aeruginosa,LpxC,CNC(=O)C(C(=O)NO)N(C)C(=O)c1ccc(-c2ccccc2)cc1,c1ccc(-c2ccccc2)cc1,341.367,1.0456000000000005,4,3,True,8.11
CHEMBL2012182,CCc1ccc(-c2ccc(C(=O)N[C@H](C(=O)NO)[C@@H](C)O)cc2)cc1,8.1,IC50,8.0,CHEMBL3855,P. aeruginosa,LpxC,CCc1ccc(-c2ccc(C(=O)N[C@H](C(=O)NO)[C@@H](C)O)cc2)cc1,c1ccc(-c2ccccc2)cc1,342.39500000000004,1.9005999999999996,4,4,True,8.1
CHEMBL2012189,CC[C@H](O)[C@@](C)(OCc1ccc(-c2ccccc2)cc1)C(=O)NO,8.1,IC50,8.0,CHEMBL3855,P. aeruginosa,LpxC,CC[C@H](O)[C@@](C)(OCc1ccc(-c2ccccc2)cc1)C(=O)NO,c1ccc(-c2ccccc2)cc1,329.3960000000001,2.9052,4,3,True,8.1
CHEMBL3696998,CNC(=O)C(C(=O)NO)N(C)C(=O)c1ccc(-c2ccc(NCCCCCN3CCOCC3)cc2)cc1,8.08,IC50,8.3,CHEMBL3855,P. aeruginosa,LpxC,CNC(=O)C(C(=O)NO)N(C)C(=O)c1ccc(-c2ccc(NCCCCCN3CCOCC3)cc2)cc1,c1ccc(-c2ccc(NCCCCCN3CCOCC3)cc2)cc1,511.62300000000045,1.9600000000000006,7,4,True,8.08
CHEMBL2023138,C[C@@](CCn1cnc(-c2ccccc2)cc1=O)(C(=O)NO)S(C)(=O)=O,8.07,IC50,8.5,CHEMBL3855,P. aeruginosa,LpxC,C[C@@](CCn1cnc(-c2ccccc2)cc1=O)(C(=O)NO)S(C)(=O)=O,O=c1cc(-c2ccccc2)nc[nH]1,365.41100000000006,0.6091000000000001,6,2,True,8.07
CHEMBL4795002,CC(O)c1nccn1Cc1cc(C#Cc2ccc(CCCO)cc2)on1,8.05,IC50,8.96,CHEMBL3855,P. aeruginosa,LpxC,CC(O)c1nccn1Cc1cc(C#Cc2ccc(CCCO)cc2)on1,C(#Cc1cc(Cn2ccnc2)no1)c1ccccc1,351.4060000000001,2.2974000000000006,5,2,True,8.05
CHEMBL1956120,CC(CSc1ccc(-c2ccccc2)cc1)(C(=O)NO)S(C)(=O)=O,8.04,IC50,9.04,CHEMBL3855,P. aeruginosa,LpxC,CC(CSc1ccc(-c2ccccc2)cc1)(C(=O)NO)S(C)(=O)=O,c1ccc(-c2ccccc2)cc1,365.47600000000006,2.7544000000000004,5,2,True,8.04
CHEMBL3696999,CNC(=O)C(C(=O)NO)N(C)C(=O)c1ccc(-c2ccccc2)c(F)c1,8.04,IC50,9.2,CHEMBL3855,P. aeruginosa,LpxC,CNC(=O)C(C(=O)NO)N(C)C(=O)c1ccc(-c2ccccc2)c(F)c1,c1ccc(-c2ccccc2)cc1,359.357,1.184700000000001,4,3,True,8.04
CHEMBL3647234,Cc1ccc(F)c(-c2noc(COc3ccc(CCC(C)(C(=O)NO)S(C)(=O)=O)cc3)n2)c1,8.03,IC50,9.27,CHEMBL3855,P. aeruginosa,LpxC,Cc1ccc(F)c(-c2noc(COc3ccc(CCC(C)(C(=O)NO)S(C)(=O)=O)cc3)n2)c1,c1ccc(OCc2nc(-c3ccccc3)no2)cc1,477.5140000000002,3.0044200000000005,8,2,True,8.03
CHEMBL1956143,CC(CCc1ccc(-c2ccc(OCCCNC(=N)N)cc2)cc1)(C(=O)NO)S(C)(=O)=O,8.02,IC50,9.49,CHEMBL3855,P. aeruginosa,LpxC,CC(CCc1ccc(-c2ccc(OCCCNC(=N)N)cc2)cc1)(C(=O)NO)S(C)(=O)=O,c1ccc(-c2ccccc2)cc1,462.5720000000001,1.84687,6,5,True,8.02
CHEMBL3647226,CC(Oc1ccc(CCC(C)(C(=O)NO)S(C)(=O)=O)cc1)c1ccccc1,8.02,IC50,9.55,CHEMBL3855,P. aeruginosa,LpxC,CC(Oc1ccc(CCC(C)(C(=O)NO)S(C)(=O)=O)cc1)c1ccccc1,c1ccc(COc2ccccc2)cc1,391.4890000000001,3.0679000000000016,5,2,True,8.02
CHEMBL1668443,C[C@@H](O)[C@@H](NC(=O)N1CCN(c2ccc(C#Cc3ccccn3)cc2)CC1)C(=O)NO,8.0,IC50,10.0,CHEMBL5244,E. coli,LpxC,C[C@@H](O)[C@@H](NC(=O)N1CCN(c2ccc(C#Cc3ccccn3)cc2)CC1)C(=O)NO,C(#Cc1ccccn1)c1ccc(N2CCNCC2)cc1,423.4730000000001,0.5678000000000002,6,4,True,8.0
CHEMBL4071539,CC(C)(NS(C)(=O)=O)[C@H](NC(=O)c1ccc(-c2cc3ccc(OCCO)cc3o2)cc1)C(=O)NO,8.0,IC50,10.0,CHEMBL5244,E. coli,LpxC,CC(C)(NS(C)(=O)=O)[C@H](NC(=O)c1ccc(-c2cc3ccc(OCCO)cc3o2)cc1)C(=O)NO,c1ccc(-c2cc3ccccc3o2)cc1,505.54900000000026,1.4024999999999999,8,5,True,8.0
CHEMBL4104633,C[C@@H](O)[C@H](N[C@H]1CCc2cc(C#Cc3ccc(CN4CCCCC4)cc3)ccc21)C(=O)NO,8.0,IC50,10.0,CHEMBL5244,E. coli,LpxC,C[C@@H](O)[C@H](N[C@H]1CCc2cc(C#Cc3ccc(CN4CCCCC4)cc3)ccc21)C(=O)NO,C(#Cc1ccc2c(c1)CCC2)c1ccc(CN2CCCCC2)cc1,447.5790000000003,2.904,5,4,True,8.0
CHEMBL1956136,CC(CCc1ccc(OC2CCCC2)cc1)(C(=O)NO)S(C)(=O)=O,8.0,IC50,10.1,CHEMBL3855,P. aeruginosa,LpxC,CC(CCc1ccc(OC2CCCC2)cc1)(C(=O)NO)S(C)(=O)=O,c1ccc(OC2CCCC2)cc1,355.456,2.2493000000000007,5,2,True,8.0
CHEMBL3647229,CC(CCc1ccc(OCc2ccccc2C#N)cc1)(C(=O)NO)S(C)(=O)=O,8.0,IC50,10.0,CHEMBL3855,P. aeruginosa,LpxC,CC(CCc1ccc(OCc2ccccc2C#N)cc1)(C(=O)NO)S(C)(=O)=O,c1ccc(COc2ccccc2)cc1,402.4720000000001,2.3785800000000004,6,2,True,8.0
CHEMBL3647258,CC(CCc1ccc(OCCCc2ccccc2)cc1)(C(=O)NO)S(C)(=O)=O,7.99,IC50,10.2,CHEMBL3855,P. aeruginosa,LpxC,CC(CCc1ccc(OCCCc2ccccc2)cc1)(C(=O)NO)S(C)(=O)=O,c1ccc(CCCOc2ccccc2)cc1,405.5160000000001,2.9395000000000007,5,2,True,7.99
CHEMBL1668454,C[C@@H](O)[C@@H](NC(=O)N1CCN(c2ccc(C#Cc3ccc(C(F)(F)F)cc3)cc2)CC1)C(=O)NO,7.98,IC50,10.4,CHEMBL5244,E. coli,LpxC,C[C@@H](O)[C@@H](NC(=O)N1CCN(c2ccc(C#Cc3ccc(C(F)(F)F)cc3)cc2)CC1)C(=O)NO,C(#Cc1ccc(N2CCNCC2)cc1)c1ccccc1,490.48200000000014,2.1915999999999998,5,4,True,7.98
CHEMBL3647191,CC(CCc1ccc(OCC2CC2)cc1)(C(=O)NO)S(C)(=O)=O,7.98,IC50,10.5,CHEMBL3855,P. aeruginosa,LpxC,CC(CCc1ccc(OCC2CC2)cc1)(C(=O)NO)S(C)(=O)=O,c1ccc(OCC2CC2)cc1,341.42900000000003,1.7167000000000001,5,2,True,7.98
CHEMBL3647222,CC1=C(COc2ccc(CCC(C)(C(=O)NO)S(C)(=O)=O)cc2)NC(c2cccc(C)c2)O1,7.98,IC50,10.4,CHEMBL3855,P. aeruginosa,LpxC,CC1=C(COc2ccc(CCC(C)(C(=O)NO)S(C)(=O)=O)cc2)NC(c2cccc(C)c2)O1,C1=C(COc2ccccc2)NC(c2ccccc2)O1,474.5790000000001,3.1652200000000015,7,3,True,7.98
CHEMBL3647233,Cc1cccc(Cc2noc(COc3ccc(CCC(C)(C(=O)NO)S(C)(=O)=O)cc3)n2)c1,7.98,IC50,10.4,CHEMBL3855,P. aeruginosa,LpxC,Cc1cccc(Cc2noc(COc3ccc(CCC(C)(C(=O)NO)S(C)(=O)=O)cc3)n2)c1,c1ccc(Cc2noc(COc3ccccc3)n2)cc1,473.55100000000016,2.7891200000000014,8,2,True,7.98
CHEMBL1668455,C[C@@H](O)[C@@H](NC(=O)N1CCN(c2ccc(C#Cc3ccc(CC#N)cc3)cc2)CC1)C(=O)NO,7.96,IC50,11.0,CHEMBL5244,E. coli,LpxC,C[C@@H](O)[C@@H](NC(=O)N1CCN(c2ccc(C#Cc3ccc(CC#N)cc3)cc2)CC1)C(=O)NO,C(#Cc1ccc(N2CCNCC2)cc1)c1ccccc1,461.5220000000002,1.2388799999999998,6,4,True,7.96
CHEMBL2377568,NC(=O)C[C@H](NC(=O)c1ccc(C#Cc2ccccc2)cc1)C(=O)NO,7.96,IC50,11.0,CHEMBL5244,E. coli,LpxC,NC(=O)C[C@H](NC(=O)c1ccc(C#Cc2ccccc2)cc1)C(=O)NO,C(#Cc1ccccc1)c1ccccc1,351.362,0.5655999999999995,4,4,True,7.96
CHEMBL4070767,C[C@@H](O)[C@H](NC1CCOc2cc(C#Cc3ccccc3)ccc21)C(=O)NO,7.96,IC50,11.0,CHEMBL5244,E. coli,LpxC,C[C@@H](O)[C@H](NC1CCOc2cc(C#Cc3ccccc3)ccc21)C(=O)NO,C(#Cc1ccc2c(c1)OCCC2)c1ccccc1,366.4170000000001,1.7543999999999997,5,4,True,7.96
CHEMBL2023385,CC(CCn1ccc(C2CCCCC2)cc1=O)(C(=O)NO)S(C)(=O)=O,7.96,IC50,11.0,CHEMBL3855,P. aeruginosa,LpxC,CC(CCn1ccc(C2CCCCC2)cc1=O)(C(=O)NO)S(C)(=O)=O,O=c1cc(C2CCCCC2)cc[nH]1,370.471,1.5948000000000002,5,2,True,7.96
CHEMBL3981777,C[C@@](CCc1ccc(-c2cnc3cc[nH]c3c2)cc1)(C(=O)NO)S(C)(=O)=O,7.96,IC50,11.1,CHEMBL3855,P. aeruginosa,LpxC,C[C@@](CCc1ccc(-c2cnc3cc[nH]c3c2)cc1)(C(=O)NO)S(C)(=O)=O,c1ccc(-c2cnc3cc[nH]c3c2)cc1,387.4610000000001,2.4711999999999996,5,3,True,7.96
CHEMBL3647179,CC(CCc1ccc(C2=CCCC2)cc1)(C(=O)NO)S(C)(=O)=O,7.94,IC50,11.4,CHEMBL3855,P. aeruginosa,LpxC,CC(CCc1ccc(C2=CCCC2)cc1)(C(=O)NO)S(C)(=O)=O,C1=C(c2ccccc2)CCC1,337.44100000000003,2.4952000000000005,4,2,True,7.94
CHEMBL1668448,C[C@@H](O)[C@@H](NC(=O)N1CCN(c2ccc(-c3cncs3)cc2)CC1)C(=O)NO,7.92,IC50,12.0,CHEMBL5244,E. coli,LpxC,C[C@@H](O)[C@@H](NC(=O)N1CCN(c2ccc(-c3cncs3)cc2)CC1)C(=O)NO,c1ncc(-c2ccc(N3CCNCC3)cc2)s1,405.48000000000013,0.8964999999999994,7,4,True,7.92
CHEMBL1668456,C[C@@H](O)[C@@H](NC(=O)N1CCN(c2ccc(C#Cc3ccc(CO)cc3)cc2)CC1)C(=O)NO,7.92,IC50,12.0,CHEMBL5244,E. coli,LpxC,C[C@@H](O)[C@@H](NC(=O)N1CCN(c2ccc(C#Cc3ccc(CO)cc3)cc2)CC1)C(=O)NO,C(#Cc1ccc(N2CCNCC2)cc1)c1ccccc1,452.5110000000002,0.6650999999999997,6,5,True,7.92
CHEMBL2377688,O=C(NC1(C(=O)NO)CCOCC1)c1ccc(C#Cc2ccccc2)cc1,7.92,IC50,12.0,CHEMBL5244,E. coli,LpxC,O=C(NC1(C(=O)NO)CCOCC1)c1ccc(C#Cc2ccccc2)cc1,O=C(NC1CCOCC1)c1ccc(C#Cc2ccccc2)cc1,364.401,1.8707999999999998,4,3,True,7.92
CHEMBL3697021,CNC(=O)C(C(=O)NO)N(C)C(=O)c1ccc(C#CC#CC2CC2)cc1,7.92,IC50,12.0,CHEMBL5244,E. coli,LpxC,CNC(=O)C(C(=O)NO)N(C)C(=O)c1ccc(C#CC#CC2CC2)cc1,C(C#CC1CC1)#Cc1ccccc1,353.37800000000016,0.14350000000000107,4,3,True,7.92
CHEMBL3697023,CNC(=O)[C@@](C)(C(=O)NO)N(C)C(=O)c1ccc(C#Cc2coc(COC)c2)cc1,7.92,IC50,12.0,CHEMBL5244,E. coli,LpxC,CNC(=O)[C@@](C)(C(=O)NO)N(C)C(=O)c1ccc(C#Cc2coc(COC)c2)cc1,C(#Cc1ccoc1)c1ccccc1,413.43000000000023,0.9079000000000008,6,3,True,7.92
CHEMBL4090790,CC(C)(NS(C)(=O)=O)[C@H](NC(=O)c1ccc(-c2cc3cc4c(cc3o2)OCO4)cc1)C(=O)NO,7.92,IC50,12.0,CHEMBL5244,E. coli,LpxC,CC(C)(NS(C)(=O)=O)[C@H](NC(=O)c1ccc(-c2cc3cc4c(cc3o2)OCO4)cc1)C(=O)NO,c1ccc(-c2cc3cc4c(cc3o2)OCO4)cc1,489.50600000000026,1.7601,8,4,True,7.92
CHEMBL1956121,CC(CS(=O)(=O)c1ccc(-c2ccccc2)cc1)(C(=O)NO)S(C)(=O)=O,7.92,IC50,11.9,CHEMBL3855,P. aeruginosa,LpxC,CC(CS(=O)(=O)c1ccc(-c2ccccc2)cc1)(C(=O)NO)S(C)(=O)=O,c1ccc(-c2ccccc2)cc1,397.47400000000016,1.4359999999999997,6,2,True,7.92
CHEMBL2023398,COc1ccccc1-c1ccn(CC[C@](C)(C(=O)NO)S(C)(=O)=O)c(=O)c1,7.92,IC50,12.0,CHEMBL3855,P. aeruginosa,LpxC,COc1ccccc1-c1ccn(CC[C@](C)(C(=O)NO)S(C)(=O)=O)c(=O)c1,O=c1cc(-c2ccccc2)cc[nH]1,394.44900000000007,1.2226999999999992,6,2,True,7.92
CHEMBL3647230,Cc1ccc(OCc2noc(COc3ccc(CCC(C)(C(=O)NO)S(C)(=O)=O)cc3)n2)cc1,7.92,IC50,11.9,CHEMBL3855,P. aeruginosa,LpxC,Cc1ccc(OCc2noc(COc3ccc(CCC(C)(C(=O)NO)S(C)(=O)=O)cc3)n2)cc1,c1ccc(OCc2noc(COc3ccccc3)n2)cc1,489.5500000000002,2.7773200000000005,9,2,True,7.92
CHEMBL3647075,CC(CCc1ccc(Sc2ccccc2)cc1)(C(=O)NO)S(C)(=O)=O,7.92,IC50,11.9,CHEMBL3855,P. aeruginosa,LpxC,CC(CCc1ccc(Sc2ccccc2)cc1)(C(=O)NO)S(C)(=O)=O,c1ccc(Sc2ccccc2)cc1,379.5030000000001,3.0791000000000013,5,2,True,7.92
CHEMBL1956142,CC(CCc1ccc(-c2ccc(OCCCN)cc2)cc1)(C(=O)NO)S(C)(=O)=O,7.9,IC50,12.7,CHEMBL3855,P. aeruginosa,LpxC,CC(CCc1ccc(-c2ccc(OCCCN)cc2)cc1)(C(=O)NO)S(C)(=O)=O,c1ccc(-c2ccccc2)cc1,420.53100000000006,2.3225,6,3,True,7.9
CHEMBL3647238,CCCCCc1noc(COc2ccc(CCC(C)(C(=O)NO)S(C)(=O)=O)cc2)n1,7.9,IC50,12.5,CHEMBL3855,P. aeruginosa,LpxC,CCCCCc1noc(COc2ccc(CCC(C)(C(=O)NO)S(C)(=O)=O)cc2)n1,c1ccc(OCc2ncno2)cc1,439.5340000000001,2.622600000000001,8,2,True,7.9
CHEMBL3647244,Cc1oc(-c2cccc(F)c2)nc1COc1ccc(CCC(C)(C(=O)NO)S(C)(=O)=O)cc1,7.9,IC50,12.5,CHEMBL3855,P. aeruginosa,LpxC,Cc1oc(-c2cccc(F)c2)nc1COc1ccc(CCC(C)(C(=O)NO)S(C)(=O)=O)cc1,c1ccc(OCc2coc(-c3ccccc3)n2)cc1,476.52600000000024,3.609420000000002,7,2,True,7.9
CHEMBL1668430,C[C@@H](O)[C@H](C(=O)NO)N1Cc2cc(C#Cc3ccc(-c4ccccc4)cc3)ccc2C1=O,7.89,IC50,13.0,CHEMBL5244,E. coli,LpxC,C[C@@H](O)[C@H](C(=O)NO)N1Cc2cc(C#Cc3ccc(-c4ccccc4)cc3)ccc2C1=O,O=C1NCc2cc(C#Cc3ccc(-c4ccccc4)cc3)ccc21,426.47200000000015,2.964000000000002,4,3,True,7.89
CHEMBL3947148,CCOc1ccc(-c2ccc(C(=O)N(C)[C@@](C)(C(=O)NC)C(=O)NO)cc2)cc1,7.89,IC50,13.0,CHEMBL5244,E. coli,LpxC,CCOc1ccc(-c2ccc(C(=O)N(C)[C@@](C)(C(=O)NC)C(=O)NO)cc2)cc1,c1ccc(-c2ccccc2)cc1,399.44700000000006,1.8343999999999991,5,3,True,7.89
CHEMBL1956141,C[C@@](CCc1ccc(-c2ccc(CN)cc2)cc1)(C(=O)NO)S(C)(=O)=O,7.89,IC50,12.9,CHEMBL3855,P. aeruginosa,LpxC,C[C@@](CCc1ccc(-c2ccc(CN)cc2)cc1)(C(=O)NO)S(C)(=O)=O,c1ccc(-c2ccccc2)cc1,376.47800000000007,2.0536,5,3,True,7.89
CHEMBL2023127,CC(CCc1ccc(-c2ccccc2)cn1)(C(=O)NO)S(C)(=O)=O,7.89,IC50,13.0,CHEMBL3855,P. aeruginosa,LpxC,CC(CCc1ccc(-c2ccccc2)cn1)(C(=O)NO)S(C)(=O)=O,c1ccc(-c2cccnc2)cc1,348.4240000000001,1.9898999999999991,5,2,True,7.89
CHEMBL1668440,C[C@@H](O)[C@@H](NC(=O)N1CCC(c2ccc(-c3ccccc3)cc2)CC1)C(=O)NO,7.86,IC50,13.8,CHEMBL5244,E. coli,LpxC,C[C@@H](O)[C@@H](NC(=O)N1CCC(c2ccc(-c3ccccc3)cc2)CC1)C(=O)NO,c1ccc(-c2ccc(C3CCNCC3)cc2)cc1,397.47500000000014,2.4974,4,4,True,7.86
CHEMBL1956117,CS(=O)(=O)C(CCc1ccc(-c2ccccc2)cc1)C(=O)NO,7.86,IC50,13.8,CHEMBL3855,P. aeruginosa,LpxC,CS(=O)(=O)C(CCc1ccc(-c2ccccc2)cc1)C(=O)NO,c1ccc(-c2ccccc2)cc1,333.40900000000005,2.2047999999999996,4,2,True,7.86
CHEMBL3647223,CC(CCc1ccc(OCc2ccc3ccccc3n2)cc1)(C(=O)NO)S(C)(=O)=O,7.86,IC50,13.9,CHEMBL3855,P. aeruginosa,LpxC,CC(CCc1ccc(OCc2ccc3ccccc3n2)cc1)(C(=O)NO)S(C)(=O)=O,c1ccc(OCc2ccc3ccccc3n2)cc1,428.5100000000001,3.0551000000000013,6,2,True,7.86
CHEMBL3647224,CC(CCc1ccc(OCc2cc(C(F)(F)F)ccc2F)cc1)(C(=O)NO)S(C)(=O)=O,7.86,IC50,13.8,CHEMBL3855,P. aeruginosa,LpxC,CC(CCc1ccc(OCc2cc(C(F)(F)F)ccc2F)cc1)(C(=O)NO)S(C)(=O)=O,c1ccc(COc2ccccc2)cc1,463.44900000000007,3.6648000000000023,5,2,True,7.86
CHEMBL3647253,CC(CCc1ccc(OCCc2ccncc2)cc1)(C(=O)NO)S(C)(=O)=O,7.86,IC50,13.7,CHEMBL3855,P. aeruginosa,LpxC,CC(CCc1ccc(OCCc2ccncc2)cc1)(C(=O)NO)S(C)(=O)=O,c1ccc(OCCc2ccncc2)cc1,392.4770000000001,1.9444,6,2,True,7.86
CHEMBL1668457,C[C@@H](O)[C@@H](NC(=O)N1CCN(c2ccc(C#Cc3ccc(CN4CCOCC4)cc3)cc2)CC1)C(=O)NO,7.85,IC50,14.0,CHEMBL5244,E. coli,LpxC,C[C@@H](O)[C@@H](NC(=O)N1CCN(c2ccc(C#Cc3ccc(CN4CCOCC4)cc3)cc2)CC1)C(=O)NO,C(#Cc1ccc(N2CCNCC2)cc1)c1ccc(CN2CCOCC2)cc1,521.6180000000004,1.0050000000000006,7,4,True,7.85
CHEMBL2377566,O=C(N[C@@H](C(=O)NO)c1ccccc1)c1ccc(C#Cc2ccccc2)cc1,7.85,IC50,14.0,CHEMBL5244,E. coli,LpxC,O=C(N[C@@H](C(=O)NO)c1ccccc1)c1ccc(C#Cc2ccccc2)cc1,O=C(NCc1ccccc1)c1ccc(C#Cc2ccccc2)cc1,370.4080000000001,3.062900000000001,3,3,True,7.85
CHEMBL3647129,COc1cc(CCC(C)(C(=O)NO)S(C)(=O)=O)ccc1-c1ccccc1,7.84,IC50,14.6,CHEMBL3855,P. aeruginosa,LpxC,COc1cc(CCC(C)(C(=O)NO)S(C)(=O)=O)ccc1-c1ccccc1,c1ccc(-c2ccccc2)cc1,377.4620000000001,2.6035000000000004,5,2,True,7.84
CHEMBL3943333,C[C@](CCc1ccc(-c2ccc3c(c2)OCCO3)cc1)(C(=O)NO)S(C)(=O)=O,7.84,IC50,14.6,CHEMBL3855,P. aeruginosa,LpxC,C[C@](CCc1ccc(-c2ccc3c(c2)OCCO3)cc1)(C(=O)NO)S(C)(=O)=O,c1ccc(-c2ccc3c(c2)OCCO3)cc1,405.4720000000001,2.3661000000000003,6,2,True,7.84
CHEMBL2377701,NC[C@H](NC(=O)c1ccc(C#Cc2ccccc2)cc1)C(=O)NO,7.82,IC50,15.0,CHEMBL5244,E. coli,LpxC,NC[C@H](NC(=O)c1ccc(C#Cc2ccccc2)cc1)C(=O)NO,C(#Cc1ccccc1)c1ccccc1,323.35200000000003,0.6488999999999999,4,4,True,7.82
CHEMBL4078871,CNCCOCc1ccc(C#Cc2ccc3c(c2)CC[C@@H]3N[C@H](C(=O)NO)[C@@H](C)O)cc1,7.82,IC50,15.0,CHEMBL5244,E. coli,LpxC,CNCCOCc1ccc(C#Cc2ccc3c(c2)CC[C@@H]3N[C@H](C(=O)NO)[C@@H](C)O)cc1,C(#Cc1ccc2c(c1)CCC2)c1ccccc1,437.5400000000001,1.6541,6,5,True,7.82
CHEMBL2012196,C[C@](OCc1ccc(-c2ccccc2)cc1)(C(=O)NO)[C@@H](O)c1ccccn1,7.82,IC50,15.0,CHEMBL3855,P. aeruginosa,LpxC,C[C@](OCc1ccc(-c2ccccc2)cc1)(C(=O)NO)[C@@H](O)c1ccccn1,c1ccc(-c2ccc(COCCc3ccccn3)cc2)cc1,378.42800000000005,3.2629,5,3,True,7.82
CHEMBL3647082,CC(CCc1ccc(-c2ccc(F)cc2)c(O)c1)(C(=O)NO)S(C)(=O)=O,7.81,IC50,15.4,CHEMBL3855,P. aeruginosa,LpxC,CC(CCc1ccc(-c2ccc(F)cc2)c(O)c1)(C(=O)NO)S(C)(=O)=O,c1ccc(-c2ccccc2)cc1,381.42500000000007,2.4396000000000004,5,3,True,7.81
CHEMBL3647239,CC(CCc1ccc(OCc2cccc3cccnc23)cc1)(C(=O)NO)S(C)(=O)=O,7.8,IC50,15.8,CHEMBL3855,P. aeruginosa,LpxC,CC(CCc1ccc(OCc2cccc3cccnc23)cc1)(C(=O)NO)S(C)(=O)=O,c1ccc(OCc2cccc3cccnc23)cc1,428.51000000000016,3.0551000000000004,6,2,True,7.8
CHEMBL1668449,C[C@@H](O)[C@@H](NC(=O)N1CCN(c2ccc(-c3ccc(N4CCOCC4)cc3)cc2)CC1)C(=O)NO,7.79,IC50,16.3,CHEMBL5244,E. coli,LpxC,C[C@@H](O)[C@@H](NC(=O)N1CCN(c2ccc(-c3ccc(N4CCOCC4)cc3)cc2)CC1)C(=O)NO,c1cc(N2CCNCC2)ccc1-c1ccc(N2CCOCC2)cc1,483.56900000000036,1.2766000000000002,7,4,True,7.79
CHEMBL3827965,O=C(NO)[C@@H]1CN(c2ccc(C#CC#CC3CC3)cc2)C(=O)O1,7.75,IC50,18.0,CHEMBL5244,E. coli,LpxC,O=C(NO)[C@@H]1CN(c2ccc(C#CC#CC3CC3)cc2)C(=O)O1,O=C1OCCN1c1ccc(C#CC#CC2CC2)cc1,310.309,1.2820999999999998,4,2,True,7.75
CHEMBL2012195,C[C@@](OCc1ccc(-c2ccccc2)cc1)(C(=O)NO)[C@@H](O)c1cccnc1,7.75,IC50,18.0,CHEMBL3855,P. aeruginosa,LpxC,C[C@@](OCc1ccc(-c2ccccc2)cc1)(C(=O)NO)[C@@H](O)c1cccnc1,c1ccc(-c2ccc(COCCc3cccnc3)cc2)cc1,378.42800000000005,3.2629,5,3,True,7.75
CHEMBL3948562,C[C@@](CCc1ccc(-c2ccc(N)nc2)cc1)(C(=O)NO)S(C)(=O)=O,7.74,IC50,18.2,CHEMBL3855,P. aeruginosa,LpxC,C[C@@](CCc1ccc(-c2ccc(N)nc2)cc1)(C(=O)NO)S(C)(=O)=O,c1ccc(-c2cccnc2)cc1,363.4390000000001,1.5720999999999998,6,3,True,7.74
CHEMBL2377696,CC(NC(=O)c1ccc(C#Cc2ccccc2)cc1)C(=O)NO,7.72,IC50,19.0,CHEMBL5244,E. coli,LpxC,CC(NC(=O)c1ccc(C#Cc2ccccc2)cc1)C(=O)NO,C(#Cc1ccccc1)c1ccccc1,308.33700000000005,1.7101,3,3,True,7.72
CHEMBL106866,CCCc1cc(C2=NC(C(=O)NO)CO2)cc(OCc2ccccc2)c1OC,7.7,IC50,20.0,CHEMBL5244,E. coli,LpxC,CCCc1cc(C2=NC(C(=O)NO)CO2)cc(OCc2ccccc2)c1OC,c1ccc(COc2cccc(C3=NCCO3)c2)cc1,384.43200000000013,2.8775000000000013,6,2,True,7.7
CHEMBL3827345,O=C(NO)[C@@H]1CN(c2ccc(C#CC#C[C@H]3C[C@@H]3CO)cc2)C(=O)O1,7.7,IC50,20.0,CHEMBL5244,E. coli,LpxC,O=C(NO)[C@@H]1CN(c2ccc(C#CC#C[C@H]3C[C@@H]3CO)cc2)C(=O)O1,O=C1OCCN1c1ccc(C#CC#CC2CC2)cc1,340.33500000000004,0.5004999999999995,5,3,True,7.7
CHEMBL4086726,C[C@@H](O)[C@H](N[C@H]1CCc2cc(C#Cc3ccc(CN4CCN(CCO)CC4)cc3)ccc21)C(=O)NO,7.7,IC50,20.0,CHEMBL5244,E. coli,LpxC,C[C@@H](O)[C@H](N[C@H]1CCc2cc(C#Cc3ccc(CN4CCN(CCO)CC4)cc3)ccc21)C(=O)NO,C(#Cc1ccc2c(c1)CCC2)c1ccc(CN2CCNCC2)cc1,492.62000000000035,1.028,7,5,True,7.7
CHEMBL4747965,C[C@H](O)c1nccn1Cc1cc(C#Cc2ccc(OCC(N)(CO)CO)cc2)on1,7.7,IC50,20.0,CHEMBL3855,P. aeruginosa,LpxC,C[C@H](O)c1nccn1Cc1cc(C#Cc2ccc(OCC(N)(CO)CO)cc2)on1,C(#Cc1cc(Cn2ccnc2)no1)c1ccccc1,412.4460000000002,0.43339999999999956,8,4,True,7.7
CHEMBL3647185,CCC(c1ccccc1)c1noc(COc2ccc(CCC(C)(C(=O)NO)S(C)(=O)=O)cc2)n1,7.69,IC50,20.5,CHEMBL3855,P. aeruginosa,LpxC,CCC(c1ccccc1)c1noc(COc2ccc(CCC(C)(C(=O)NO)S(C)(=O)=O)cc2)n1,c1ccc(Cc2noc(COc3ccccc3)n2)cc1,487.5780000000002,3.431800000000001,8,2,True,7.69
CHEMBL1668446,C[C@@H](O)[C@@H](NC(=O)N1CCN(c2ccc(C#Cc3cccs3)cc2)CC1)C(=O)NO,7.68,IC50,21.0,CHEMBL5244,E. coli,LpxC,C[C@@H](O)[C@@H](NC(=O)N1CCN(c2ccc(C#Cc3cccs3)cc2)CC1)C(=O)NO,C(#Cc1cccs1)c1ccc(N2CCNCC2)cc1,428.5140000000001,1.2342999999999997,6,4,True,7.68
CHEMBL3647188,CC(CCc1ccc(OCCCOCc2ccccc2)cc1)(C(=O)NO)S(C)(=O)=O,7.68,IC50,21.1,CHEMBL3855,P. aeruginosa,LpxC,CC(CCc1ccc(OCCCOCc2ccccc2)cc1)(C(=O)NO)S(C)(=O)=O,c1ccc(COCCCOc2ccccc2)cc1,435.5420000000001,2.9136000000000006,6,2,True,7.68
CHEMBL1956137,CC(CCc1ccc(OCc2ccncc2)cc1)(C(=O)NO)S(C)(=O)=O,7.67,IC50,21.6,CHEMBL3855,P. aeruginosa,LpxC,CC(CCc1ccc(OCc2ccncc2)cc1)(C(=O)NO)S(C)(=O)=O,c1ccc(OCc2ccncc2)cc1,378.4500000000001,1.9018999999999997,6,2,True,7.67
CHEMBL1956140,C[C@@](CCc1ccc(-c2ccc(OCCCC(=O)O)cc2)cc1)(C(=O)NO)S(C)(=O)=O,7.67,IC50,21.2,CHEMBL3855,P. aeruginosa,LpxC,C[C@@](CCc1ccc(-c2ccc(OCCCC(=O)O)cc2)cc1)(C(=O)NO)S(C)(=O)=O,c1ccc(-c2ccccc2)cc1,449.5250000000001,2.8385,6,3,True,7.67
CHEMBL3647196,CC1=C(COc2ccc(CCC(C)(C(=O)NO)S(C)(=O)=O)cc2)NC(c2ccccc2F)O1,7.67,IC50,21.6,CHEMBL3855,P. aeruginosa,LpxC,CC1=C(COc2ccc(CCC(C)(C(=O)NO)S(C)(=O)=O)cc2)NC(c2ccccc2F)O1,C1=C(COc2ccccc2)NC(c2ccccc2)O1,478.5420000000001,2.9959000000000007,7,3,True,7.67
CHEMBL2377689,O=C(NC1(C(=O)NO)CCSCC1)c1ccc(C#Cc2ccccc2)cc1,7.66,IC50,22.0,CHEMBL5244,E. coli,LpxC,O=C(NC1(C(=O)NO)CCSCC1)c1ccc(C#Cc2ccccc2)cc1,O=C(NC1CCSCC1)c1ccc(C#Cc2ccccc2)cc1,380.46900000000005,2.5874000000000006,4,3,True,7.66
CHEMBL4092322,CN(C)CCOc1ccc2cc(-c3ccc(C(=O)N[C@H](C(=O)NO)C(C)(C)NS(C)(=O)=O)cc3)oc2c1,7.66,IC50,22.0,CHEMBL5244,E. coli,LpxC,CN(C)CCOc1ccc2cc(-c3ccc(C(=O)N[C@H](C(=O)NO)C(C)(C)NS(C)(=O)=O)cc3)oc2c1,c1ccc(-c2cc3ccccc3o2)cc1,532.6190000000001,1.9718000000000007,8,4,True,7.66
CHEMBL1956127,C[C@@](CCc1ccc(-c2cccc(-n3cccn3)c2)cc1)(C(=O)NO)S(C)(=O)=O,7.66,IC50,22.1,CHEMBL3855,P. aeruginosa,LpxC,C[C@@](CCc1ccc(-c2cccc(-n3cccn3)c2)cc1)(C(=O)NO)S(C)(=O)=O,c1ccc(-c2cccc(-n3cccn3)c2)cc1,413.49900000000014,2.7805999999999997,5,2,True,7.66
CHEMBL2012185,CC(CO)(OCc1ccc(-c2ccccc2)cc1)C(=O)NO,7.66,IC50,22.0,CHEMBL3855,P. aeruginosa,LpxC,CC(CO)(OCc1ccc(-c2ccccc2)cc1)C(=O)NO,c1ccc(-c2ccccc2)cc1,301.34200000000004,2.1266,4,3,True,7.66
CHEMBL2023134,Cc1cc(-c2ccccc2)cc(=O)n1CC[C@](C)(C(=O)NO)S(C)(=O)=O,7.66,IC50,22.0,CHEMBL3855,P. aeruginosa,LpxC,Cc1cc(-c2ccccc2)cc(=O)n1CC[C@](C)(C(=O)NO)S(C)(=O)=O,O=c1cc(-c2ccccc2)cc[nH]1,378.45000000000005,1.5225199999999992,5,2,True,7.66
CHEMBL1668459,C[C@@H](O)[C@@H](NC(=O)N1CCN(c2ccc(C#Cc3ccc(N4CCNCC4)cc3)cc2)CC1)C(=O)NO,7.63,IC50,23.3,CHEMBL5244,E. coli,LpxC,C[C@@H](O)[C@@H](NC(=O)N1CCN(c2ccc(C#Cc3ccc(N4CCNCC4)cc3)cc2)CC1)C(=O)NO,C(#Cc1ccc(N2CCNCC2)cc1)c1ccc(N2CCNCC2)cc1,506.6070000000003,0.5824000000000017,7,5,True,7.63
CHEMBL3647160,CC(CCc1ccc(-c2ccc(N)nc2)c(F)c1)(C(=O)NO)S(C)(=O)=O,7.63,IC50,23.5,CHEMBL3855,P. aeruginosa,LpxC,CC(CCc1ccc(-c2ccc(N)nc2)c(F)c1)(C(=O)NO)S(C)(=O)=O,c1ccc(-c2cccnc2)cc1,381.4290000000001,1.7111999999999996,6,3,True,7.63
CHEMBL3697022,CNC(=O)C(C)(C(=O)NO)N(C)C(=O)c1ccc(C#Cc2coc(COC)c2)cc1,7.6,IC50,25.0,CHEMBL5244,E. coli,LpxC,CNC(=O)C(C)(C(=O)NO)N(C)C(=O)c1ccc(C#Cc2coc(COC)c2)cc1,C(#Cc1ccoc1)c1ccccc1,413.43000000000023,0.9079000000000008,6,3,True,7.6
CHEMBL2012198,Cn1ccnc1[C@H](O)[C@](C)(OCc1ccc(-c2ccccc2)cc1)C(=O)NO,7.6,IC50,25.0,CHEMBL3855,P. aeruginosa,LpxC,Cn1ccnc1[C@H](O)[C@](C)(OCc1ccc(-c2ccccc2)cc1)C(=O)NO,c1ccc(-c2ccc(COCCc3ncc[nH]3)cc2)cc1,381.432,2.6014,5,3,True,7.6
CHEMBL1668451,C[C@@H](O)[C@@H](NC(=O)N1CCN(c2ccc(C#Cc3ccc(N)cc3)cc2)CC1)C(=O)NO,7.58,IC50,26.0,CHEMBL5244,E. coli,LpxC,C[C@@H](O)[C@@H](NC(=O)N1CCN(c2ccc(C#Cc3ccc(N)cc3)cc2)CC1)C(=O)NO,C(#Cc1ccc(N2CCNCC2)cc1)c1ccccc1,437.50000000000017,0.7549999999999999,6,5,True,7.58
CHEMBL1956123,CCc1ccccc1-c1ccc(CC[C@](C)(C(=O)NO)S(C)(=O)=O)cc1,7.58,IC50,26.1,CHEMBL3855,P. aeruginosa,LpxC,CCc1ccccc1-c1ccc(CC[C@](C)(C(=O)NO)S(C)(=O)=O)cc1,c1ccc(-c2ccccc2)cc1,375.49,3.157300000000001,4,2,True,7.58
CHEMBL2012197,Cn1nncc1[C@H](O)[C@](C)(OCc1ccc(-c2ccccc2)cc1)C(=O)NO,7.58,IC50,26.0,CHEMBL3855,P. aeruginosa,LpxC,Cn1nncc1[C@H](O)[C@](C)(OCc1ccc(-c2ccccc2)cc1)C(=O)NO,c1ccc(-c2ccc(COCCc3cnn[nH]3)cc2)cc1,382.42,1.9964,6,3,True,7.58
CHEMBL3827962,O=C(NO)[C@@H]1CN(c2ccc(C#CC#CC3CC3)c([N+](=O)[O-])c2)C(=O)O1,7.57,IC50,27.0,CHEMBL5244,E. coli,LpxC,O=C(NO)[C@@H]1CN(c2ccc(C#CC#CC3CC3)c([N+](=O)[O-])c2)C(=O)O1,O=C1OCCN1c1ccc(C#CC#CC2CC2)cc1,355.3060000000001,1.1902999999999995,6,2,True,7.57
CHEMBL1956128,C[C@@](CCc1ccc(-c2cccc(C(N)=O)c2)cc1)(C(=O)NO)S(C)(=O)=O,7.56,IC50,27.8,CHEMBL3855,P. aeruginosa,LpxC,C[C@@](CCc1ccc(-c2cccc(C(N)=O)c2)cc1)(C(=O)NO)S(C)(=O)=O,c1ccc(-c2ccccc2)cc1,390.4610000000001,1.6937999999999998,5,3,True,7.56
CHEMBL4074829,C[C@@H](O)[C@H](NC1CN(C)Cc2cc(C#Cc3ccccc3)ccc21)C(=O)NO,7.55,IC50,28.0,CHEMBL5244,E. coli,LpxC,C[C@@H](O)[C@H](NC1CN(C)Cc2cc(C#Cc3ccccc3)ccc21)C(=O)NO,C(#Cc1ccc2c(c1)CNCC2)c1ccccc1,379.46000000000004,1.4172999999999993,5,4,True,7.55
CHEMBL2012193,CCOCC[C@H](O)[C@](C)(OCc1ccc(-c2ccccc2)cc1)C(=O)NO,7.55,IC50,28.0,CHEMBL3855,P. aeruginosa,LpxC,CCOCC[C@H](O)[C@](C)(OCc1ccc(-c2ccccc2)cc1)C(=O)NO,c1ccc(-c2ccccc2)cc1,373.449,2.9218,5,3,True,7.55
CHEMBL1668429,C[C@@H](O)[C@H](C(=O)NO)N1Cc2cc(-c3ccc(C#Cc4ccccc4)cc3)ccc2C1=O,7.54,IC50,29.0,CHEMBL5244,E. coli,LpxC,C[C@@H](O)[C@H](C(=O)NO)N1Cc2cc(-c3ccc(C#Cc4ccccc4)cc3)ccc2C1=O,O=C1NCc2cc(-c3ccc(C#Cc4ccccc4)cc3)ccc21,426.47200000000015,2.964000000000002,4,3,True,7.54
CHEMBL1956114,C[C@@](CCc1ccc(-c2cccnc2)cc1)(C(=O)NO)S(C)(=O)=O,7.53,IC50,29.7,CHEMBL3855,P. aeruginosa,LpxC,C[C@@](CCc1ccc(-c2cccnc2)cc1)(C(=O)NO)S(C)(=O)=O,c1ccc(-c2cccnc2)cc1,348.4240000000001,1.9898999999999991,5,2,True,7.53
CHEMBL107313,CCCc1cc(C2=N[C@@H](C(=O)NO)CO2)cc(OC)c1OC,7.52,IC50,30.0,CHEMBL5244,E. coli,LpxC,CCCc1cc(C2=N[C@@H](C(=O)NO)CO2)cc(OC)c1OC,c1ccc(C2=NCCO2)cc1,308.33400000000006,1.3070999999999997,6,2,True,7.52
CHEMBL3697029,CNC(=O)[C@@](C)(C(=O)NO)N(C)C(=O)c1ccc(C#Cc2ccc(CN3CCOCC3)cc2)cc1,7.52,IC50,30.0,CHEMBL5244,E. coli,LpxC,CNC(=O)[C@@](C)(C(=O)NO)N(C)C(=O)c1ccc(C#Cc2ccc(CN3CCOCC3)cc2)cc1,C(#Cc1ccc(CN2CCOCC2)cc1)c1ccccc1,478.5490000000004,1.0007000000000017,6,3,True,7.52
CHEMBL5991094,C[C@@H](CF)NCC(Cc1nc[nH]c(=O)c1O)c1ccc(C#Cc2ccc(CN3CCOCC3)cc2)cc1,7.52,IC50,30.0,CHEMBL5244,E. coli,LpxC,C[C@@H](CF)NCC(Cc1nc[nH]c(=O)c1O)c1ccc(C#Cc2ccc(CN3CCOCC3)cc2)cc1,O=c1cc(CCc2ccc(C#Cc3ccc(CN4CCOCC4)cc3)cc2)nc[nH]1,504.6060000000004,2.9814000000000016,6,3,True,7.52
CHEMBL5924174,CNC(=O)C(Cc1nc[nH]c(=O)c1O)c1ccc(C#Cc2ccc(CN3CCOCC3)cc2)cc1,7.52,IC50,30.0,CHEMBL5244,E. coli,LpxC,CNC(=O)C(Cc1nc[nH]c(=O)c1O)c1ccc(C#Cc2ccc(CN3CCOCC3)cc2)cc1,O=c1cc(CCc2ccc(C#Cc3ccc(CN4CCOCC4)cc3)cc2)nc[nH]1,472.54500000000036,1.779799999999999,6,3,True,7.52
CHEMBL5921896,O=c1[nH]cnc(CC(CO)c2ccc(C#Cc3ccc(CCN[C@H]4CCOC4)cc3)cc2)c1O,7.52,IC50,30.0,CHEMBL5244,E. coli,LpxC,O=c1[nH]cnc(CC(CO)c2ccc(C#Cc3ccc(CCN[C@H]4CCOC4)cc3)cc2)c1O,O=c1cc(CCc2ccc(C#Cc3ccc(CCNC4CCOC4)cc3)cc2)nc[nH]1,459.5460000000003,2.1149,6,4,True,7.52
CHEMBL5750854,O=C(CO)N1CC[C@@H](NCc2ccc(C#Cc3ccc(C(CO)Cc4nc[nH]c(=O)c4O)cc3)cc2)C1,7.52,IC50,30.0,CHEMBL5244,E. coli,LpxC,O=C(CO)N1CC[C@@H](NCc2ccc(C#Cc3ccc(C(CO)Cc4nc[nH]c(=O)c4O)cc3)cc2)C1,O=c1cc(CCc2ccc(C#Cc3ccc(CNC4CCNC4)cc3)cc2)nc[nH]1,502.57100000000025,0.8766999999999998,7,5,True,7.52
CHEMBL5980183,O=c1[nH]cnc(CC(CO)c2ccc(C#Cc3ccc(CN4CCNCC4)cc3)cc2)c1O,7.52,IC50,30.0,CHEMBL5244,E. coli,LpxC,O=c1[nH]cnc(CC(CO)c2ccc(C#Cc3ccc(CN4CCNCC4)cc3)cc2)c1O,O=c1cc(CCc2ccc(C#Cc3ccc(CN4CCNCC4)cc3)cc2)nc[nH]1,444.53500000000025,1.5990999999999995,6,4,True,7.52
CHEMBL5841314,N=S1(=O)CCC(NCc2ccc(C#Cc3ccc(C(CO)Cc4nc[nH]c(=O)c4O)cc3)cc2)C1,7.52,IC50,30.0,CHEMBL5244,E. coli,LpxC,N=S1(=O)CCC(NCc2ccc(C#Cc3ccc(C(CO)Cc4nc[nH]c(=O)c4O)cc3)cc2)C1,N=S1(=O)CCC(NCc2ccc(C#Cc3ccc(CCc4cc(=O)[nH]cn4)cc3)cc2)C1,492.6010000000003,2.10257,7,5,True,7.52
CHEMBL5786310,COCCNCc1ccc(C#Cc2ccc(C(CO)Cc3nc[nH]c(=O)c3O)cc2)cc1,7.52,IC50,30.0,CHEMBL5244,E. coli,LpxC,COCCNCc1ccc(C#Cc2ccc(C(CO)Cc3nc[nH]c(=O)c3O)cc2)cc1,O=c1cc(CCc2ccc(C#Cc3ccccc3)cc2)nc[nH]1,433.5080000000001,1.9299,6,4,True,7.52
CHEMBL6009235,O=c1[nH]cnc(CC(CO)c2ccc(C#Cc3ccc(CNC4CC[S+]([O-])C4)cc3)cc2)c1O,7.52,IC50,30.0,CHEMBL5244,E. coli,LpxC,O=c1[nH]cnc(CC(CO)c2ccc(C#Cc3ccc(CNC4CC[S+]([O-])C4)cc3)cc2)c1O,O=c1cc(CCc2ccc(C#Cc3ccc(CNC4CC[SH+]C4)cc3)cc2)nc[nH]1,477.58600000000024,1.8044999999999995,6,4,True,7.52
CHEMBL6024365,NC1(Cc2ccc(C#Cc3ccc(C(CO)Cc4nc[nH]c(=O)c4O)cc3)cc2)CCOCC1,7.52,IC50,30.0,CHEMBL5244,E. coli,LpxC,NC1(Cc2ccc(C#Cc3ccc(C(CO)Cc4nc[nH]c(=O)c4O)cc3)cc2)CCOCC1,O=c1cc(CCc2ccc(C#Cc3ccc(CC4CCOCC4)cc3)cc2)nc[nH]1,459.5460000000002,2.2443,6,4,True,7.52
CHEMBL5858923,COC1CN(Cc2ccc(C#Cc3ccc(C(CN[C@@H](C)CF)Cc4nc[nH]c(=O)c4O)cc3)cc2)C1,7.52,IC50,30.0,CHEMBL5244,E. coli,LpxC,COC1CN(Cc2ccc(C#Cc3ccc(C(CN[C@@H](C)CF)Cc4nc[nH]c(=O)c4O)cc3)cc2)C1,O=c1cc(CCc2ccc(C#Cc3ccc(CN4CCC4)cc3)cc2)nc[nH]1,504.6060000000002,2.979800000000001,6,3,True,7.52
CHEMBL5824181,COC1CN(CC(Cc2nc[nH]c(=O)c2O)c2ccc(C#Cc3ccc(CN4CCOCC4)cc3)cc2)C1,7.52,IC50,30.0,CHEMBL5244,E. coli,LpxC,COC1CN(CC(Cc2nc[nH]c(=O)c2O)c2ccc(C#Cc3ccc(CN4CCOCC4)cc3)cc2)C1,O=c1cc(CC(CN2CCC2)c2ccc(C#Cc3ccc(CN4CCOCC4)cc3)cc2)nc[nH]1,514.6260000000003,2.3644,7,2,True,7.52
CHEMBL5959142,COC1CN(Cc2ccc(C#Cc3ccc(C(CNCC(C)F)Cc4nc[nH]c(=O)c4O)cc3)cc2)C1,7.52,IC50,30.0,CHEMBL5244,E. coli,LpxC,COC1CN(Cc2ccc(C#Cc3ccc(C(CNCC(C)F)Cc4nc[nH]c(=O)c4O)cc3)cc2)C1,O=c1cc(CCc2ccc(C#Cc3ccc(CN4CCC4)cc3)cc2)nc[nH]1,504.6060000000002,2.979800000000001,6,3,True,7.52
CHEMBL6018991,CC(F)CNCC(Cc1nc[nH]c(=O)c1O)c1ccc(C#Cc2ccc(CCN3CCOCC3)cc2)cc1,7.52,IC50,30.0,CHEMBL5244,E. coli,LpxC,CC(F)CNCC(Cc1nc[nH]c(=O)c1O)c1ccc(C#Cc2ccc(CCN3CCOCC3)cc2)cc1,O=c1cc(CCc2ccc(C#Cc3ccc(CCN4CCOCC4)cc3)cc2)nc[nH]1,518.6330000000005,3.023900000000001,6,3,True,7.52
CHEMBL6060972,NC[C@H]1CCCN1Cc1ccc(C#Cc2ccc(C(CO)Cc3nc[nH]c(=O)c3O)cc2)cc1,7.52,IC50,30.0,CHEMBL5244,E. coli,LpxC,NC[C@H]1CCCN1Cc1ccc(C#Cc2ccc(C(CO)Cc3nc[nH]c(=O)c3O)cc2)cc1,O=c1cc(CCc2ccc(C#Cc3ccc(CN4CCCC4)cc3)cc2)nc[nH]1,458.56200000000024,2.116999999999999,6,4,True,7.52
CHEMBL5759239,NC(Cc1nc[nH]c(=O)c1O)c1ccc(C#Cc2ccc(CN[C@@H]3CCOC3)cc2)cc1,7.52,IC50,30.0,CHEMBL5244,E. coli,LpxC,NC(Cc1nc[nH]c(=O)c1O)c1ccc(C#Cc2ccc(CN[C@@H]3CCOC3)cc2)cc1,O=c1cc(CCc2ccc(C#Cc3ccc(CNC4CCOC4)cc3)cc2)nc[nH]1,430.5080000000002,1.9963000000000002,6,4,True,7.52
CHEMBL6054631,COC1CCN(Cc2ccc(C#Cc3ccc(C(N)Cc4nc[nH]c(=O)c4O)cc3)cc2)CC1,7.52,IC50,30.0,CHEMBL5244,E. coli,LpxC,COC1CCN(Cc2ccc(C#Cc3ccc(C(N)Cc4nc[nH]c(=O)c4O)cc3)cc2)CC1,O=c1cc(CCc2ccc(C#Cc3ccc(CN4CCCCC4)cc3)cc2)nc[nH]1,458.56200000000024,2.728600000000001,6,3,True,7.52
CHEMBL5770190,O=c1[nH]cnc(CC(CN2CCC2)c2ccc(C#Cc3ccc(CN4CCOCC4)cc3)cc2)c1O,7.52,IC50,30.0,CHEMBL5244,E. coli,LpxC,O=c1[nH]cnc(CC(CN2CCC2)c2ccc(C#Cc3ccc(CN4CCOCC4)cc3)cc2)c1O,O=c1cc(CC(CN2CCC2)c2ccc(C#Cc3ccc(CN4CCOCC4)cc3)cc2)nc[nH]1,484.6000000000003,2.739500000000001,6,2,True,7.52
CHEMBL6017193,COC(=O)C(Cc1nc[nH]c(=O)c1O)N1Cc2cc(C#Cc3ccc(CN4CCOCC4)cc3)cn2C1=O,7.52,IC50,30.0,CHEMBL5244,E. coli,LpxC,COC(=O)C(Cc1nc[nH]c(=O)c1O)N1Cc2cc(C#Cc3ccc(CN4CCOCC4)cc3)cn2C1=O,O=C1N(CCc2cc(=O)[nH]cn2)Cc2cc(C#Cc3ccc(CN4CCOCC4)cc3)cn21,517.5420000000004,1.0770000000000004,8,2,True,7.52
CHEMBL5855777,O=c1[nH]cnc(CC(CO)c2ccc(C#Cc3cnn(CC4CCOCC4)c3)cc2)c1O,7.52,IC50,30.0,CHEMBL5244,E. coli,LpxC,O=c1[nH]cnc(CC(CO)c2ccc(C#Cc3cnn(CC4CCOCC4)c3)cc2)c1O,O=c1cc(CCc2ccc(C#Cc3cnn(CC4CCOCC4)c3)cc2)nc[nH]1,434.49600000000027,1.8169999999999997,6,3,True,7.52
CHEMBL6059318,Cn1cc(C#Cc2ccc(C(CNCCF)Cc3nc[nH]c(=O)c3O)cc2)cn1,7.52,IC50,30.0,CHEMBL5244,E. coli,LpxC,Cn1cc(C#Cc2ccc(C(CNCCF)Cc3nc[nH]c(=O)c3O)cc2)cn1,O=c1cc(CCc2ccc(C#Cc3cn[nH]c3)cc2)nc[nH]1,395.438,1.4942,5,3,True,7.52
CHEMBL5942235,NC(Cc1nc[nH]c(=O)c1O)c1ccc(C#Cc2cnn(C3COC3)c2)cc1,7.52,IC50,30.0,CHEMBL5244,E. coli,LpxC,NC(Cc1nc[nH]c(=O)c1O)c1ccc(C#Cc2cnn(C3COC3)c2)cc1,O=c1cc(CCc2ccc(C#Cc3cnn(C4COC4)c3)cc2)nc[nH]1,377.4040000000001,0.8856,6,3,True,7.52
CHEMBL5906994,O=c1[nH]cnc(CC(CO)c2ccc(C#Cc3cnn(C4CCOCC4)c3)cc2)c1O,7.52,IC50,30.0,CHEMBL5244,E. coli,LpxC,O=c1[nH]cnc(CC(CO)c2ccc(C#Cc3cnn(C4CCOCC4)c3)cc2)c1O,O=c1cc(CCc2ccc(C#Cc3cnn(C4CCOCC4)c3)cc2)nc[nH]1,420.4690000000002,1.7418999999999998,6,3,True,7.52
CHEMBL5778200,O=c1[nH]cnc(CC2CCc3cc(C#Cc4ccc(CN5CCOCC5)cc4)ccc32)c1O,7.52,IC50,30.0,CHEMBL5244,E. coli,LpxC,O=c1[nH]cnc(CC2CCc3cc(C#Cc4ccc(CN5CCOCC5)cc4)ccc32)c1O,O=c1cc(CC2CCc3cc(C#Cc4ccc(CN5CCOCC5)cc4)ccc32)nc[nH]1,441.5310000000003,2.9800000000000026,5,2,True,7.52
CHEMBL5765169,O=C1NC(Cc2nc[nH]c(=O)c2O)c2ccc(C#Cc3ccc(CN4CCOCC4)cc3)cc21,7.52,IC50,30.0,CHEMBL5244,E. coli,LpxC,O=C1NC(Cc2nc[nH]c(=O)c2O)c2ccc(C#Cc3ccc(CN4CCOCC4)cc3)cc21,O=C1NC(Cc2cc(=O)[nH]cn2)c2ccc(C#Cc3ccc(CN4CCOCC4)cc3)cc21,456.50200000000035,1.7347,6,3,True,7.52
CHEMBL5991159,O=c1[nH]cnc(CC(CO)n2ccc(C#Cc3ccc(CN4CCOCC4)cc3)cc2=O)c1O,7.52,IC50,30.0,CHEMBL5244,E. coli,LpxC,O=c1[nH]cnc(CC(CO)n2ccc(C#Cc3ccc(CN4CCOCC4)cc3)cc2=O)c1O,O=c1cc(CCn2ccc(C#Cc3ccc(CN4CCOCC4)cc3)cc2=O)nc[nH]1,462.50600000000037,0.6452999999999995,7,3,True,7.52
CHEMBL6006386,O=C(CO)NC1CCN(Cc2ccc(C#Cc3ccc(C(CO)Cc4nc[nH]c(=O)c4O)cc3)cc2)CC1,7.52,IC50,30.0,CHEMBL5244,E. coli,LpxC,O=C(CO)NC1CCN(Cc2ccc(C#Cc3ccc(C(CO)Cc4nc[nH]c(=O)c4O)cc3)cc2)CC1,O=c1cc(CCc2ccc(C#Cc3ccc(CN4CCCCC4)cc3)cc2)nc[nH]1,516.5980000000002,1.2668,7,5,True,7.52
CHEMBL5800668,COC[C@@H](Cc1nc[nH]c(=O)c1O)c1ccc(C#Cc2ccc(CN[C@H]3CCNC3)cc2)cc1,7.52,IC50,30.0,CHEMBL5244,E. coli,LpxC,COC[C@@H](Cc1nc[nH]c(=O)c1O)c1ccc(C#Cc2ccc(CN[C@H]3CCNC3)cc2)cc1,O=c1cc(CCc2ccc(C#Cc3ccc(CNC4CCNC4)cc3)cc2)nc[nH]1,458.56200000000024,2.2995,6,4,True,7.52
CHEMBL6034589,COC[C@@H](Cc1nc[nH]c(=O)c1O)c1ccc(C#Cc2ccc(CN[C@@H]3CCNC3)cc2)cc1,7.52,IC50,30.0,CHEMBL5244,E. coli,LpxC,COC[C@@H](Cc1nc[nH]c(=O)c1O)c1ccc(C#Cc2ccc(CN[C@@H]3CCNC3)cc2)cc1,O=c1cc(CCc2ccc(C#Cc3ccc(CNC4CCNC4)cc3)cc2)nc[nH]1,458.56200000000024,2.2995,6,4,True,7.52
CHEMBL5788881,CS(=O)(=O)N[C@@H](Cc1nc[nH]c(=O)c1O)c1ccc(C#Cc2ccc(C3(O)CCNCC3)cc2)cc1,7.52,IC50,30.0,CHEMBL5244,E. coli,LpxC,CS(=O)(=O)N[C@@H](Cc1nc[nH]c(=O)c1O)c1ccc(C#Cc2ccc(C3(O)CCNCC3)cc2)cc1,O=c1cc(CCc2ccc(C#Cc3ccc(C4CCNCC4)cc3)cc2)nc[nH]1,508.60000000000036,1.2792999999999994,7,5,True,7.52
CHEMBL6039908,CS(=O)(=O)N[C@@H](Cc1nc[nH]c(=O)c1O)c1ccc(C#Cc2ccc(CN3CCNC[C@H]3CO)cc2)cc1,7.52,IC50,30.0,CHEMBL5244,E. coli,LpxC,CS(=O)(=O)N[C@@H](Cc1nc[nH]c(=O)c1O)c1ccc(C#Cc2ccc(CN3CCNC[C@H]3CO)cc2)cc1,O=c1cc(CCc2ccc(C#Cc3ccc(CN4CCNCC4)cc3)cc2)nc[nH]1,537.6420000000004,0.4744000000000018,8,5,True,7.52
CHEMBL1956113,C[C@@](CCc1ccc(Sc2ccccc2)cc1)(C(=O)NO)S(C)(=O)=O,7.52,IC50,30.4,CHEMBL3855,P. aeruginosa,LpxC,C[C@@](CCc1ccc(Sc2ccccc2)cc1)(C(=O)NO)S(C)(=O)=O,c1ccc(Sc2ccccc2)cc1,379.5030000000001,3.0791000000000013,5,2,True,7.52
CHEMBL2023133,Cc1cn(CC[C@](C)(C(=O)NO)S(C)(=O)=O)c(=O)cc1-c1ccccc1,7.52,IC50,30.0,CHEMBL3855,P. aeruginosa,LpxC,Cc1cn(CC[C@](C)(C(=O)NO)S(C)(=O)=O)c(=O)cc1-c1ccccc1,O=c1cc(-c2ccccc2)cc[nH]1,378.4500000000001,1.5225199999999997,5,2,True,7.52
CHEMBL1956122,CC(COc1ccc(-c2ccccc2)cc1)(C(=O)NO)S(C)(=O)=O,7.5,IC50,31.4,CHEMBL3855,P. aeruginosa,LpxC,CC(COc1ccc(-c2ccccc2)cc1)(C(=O)NO)S(C)(=O)=O,c1ccc(-c2ccccc2)cc1,349.4080000000001,2.0410999999999992,5,2,True,7.5
CHEMBL3697019,CNC(=O)C(C(=O)NO)N(C)C(=O)c1ccc(/C=C/C#Cc2ccc(CNC3CC3)cc2)cc1,7.48,IC50,33.0,CHEMBL5244,E. coli,LpxC,CNC(=O)C(C(=O)NO)N(C)C(=O)c1ccc(/C=C/C#Cc2ccc(CNC3CC3)cc2)cc1,C(#Cc1ccc(CNC2CC2)cc1)C=Cc1ccccc1,460.5340000000002,1.6955000000000013,5,4,True,7.48
CHEMBL1668434,C[C@@H](O)[C@@H](NC(=O)N1CCC(c2ccc(C#Cc3ccccc3)cc2)C1)C(=O)NO,7.44,IC50,36.0,CHEMBL5244,E. coli,LpxC,C[C@@H](O)[C@@H](NC(=O)N1CCC(c2ccc(C#Cc3ccccc3)cc2)C1)C(=O)NO,C(#Cc1ccc(C2CCNC2)cc1)c1ccccc1,407.4700000000001,1.8400999999999998,4,4,True,7.44
CHEMBL2023142,C[C@@](CCn1ccc(-c2ccncc2)cc1=O)(C(=O)NO)S(C)(=O)=O,7.41,IC50,39.0,CHEMBL3855,P. aeruginosa,LpxC,C[C@@](CCn1ccc(-c2ccncc2)cc1=O)(C(=O)NO)S(C)(=O)=O,O=c1cc(-c2ccncc2)cc[nH]1,365.41100000000006,0.6091000000000001,6,2,True,7.41
CHEMBL4062274,CC(C)(O)[C@H](N[C@H]1CCc2cc(C#Cc3ccc(CN4CCN(CCO)CC4)cc3)ccc21)C(=O)NO,7.39,IC50,41.0,CHEMBL5244,E. coli,LpxC,CC(C)(O)[C@H](N[C@H]1CCc2cc(C#Cc3ccc(CN4CCN(CCO)CC4)cc3)ccc21)C(=O)NO,C(#Cc1ccc2c(c1)CCC2)c1ccc(CN2CCNCC2)cc1,506.64700000000033,1.4181000000000008,7,5,True,7.39
CHEMBL3647209,CC(CCc1ccc(OCCCOc2ccccc2)cc1)(C(=O)NO)S(C)(=O)=O,7.37,IC50,42.5,CHEMBL3855,P. aeruginosa,LpxC,CC(CCc1ccc(OCCCOc2ccccc2)cc1)(C(=O)NO)S(C)(=O)=O,c1ccc(OCCCOc2ccccc2)cc1,421.5150000000001,2.7758000000000003,6,2,True,7.37
CHEMBL3697012,CNC(=O)[C@@](C)(C(=O)NO)N(C)C(=O)c1ccc(C#Cc2ccc(CNC3COC3)cc2)cc1,7.34,IC50,46.0,CHEMBL5244,E. coli,LpxC,CNC(=O)[C@@](C)(C(=O)NO)N(C)C(=O)c1ccc(C#Cc2ccc(CNC3COC3)cc2)cc1,C(#Cc1ccc(CNC2COC2)cc1)c1ccccc1,464.5220000000003,0.6569000000000025,6,4,True,7.34
CHEMBL4750316,CC(O)c1nccn1Cc1cc(C#Cc2ccccc2)on1,7.32,IC50,47.5,CHEMBL3855,P. aeruginosa,LpxC,CC(O)c1nccn1Cc1cc(C#Cc2ccccc2)on1,C(#Cc1cc(Cn2ccnc2)no1)c1ccccc1,293.326,2.3725000000000005,4,1,True,7.32
CHEMBL2023128,CC(CCc1ccc(-c2ccccc2)nc1)(C(=O)NO)S(C)(=O)=O,7.31,IC50,49.0,CHEMBL3855,P. aeruginosa,LpxC,CC(CCc1ccc(-c2ccccc2)nc1)(C(=O)NO)S(C)(=O)=O,c1ccc(-c2ccccn2)cc1,348.4240000000001,1.9898999999999991,5,2,True,7.31
CHEMBL321705,CCCc1cc(C2=NC(C(=O)NO)CO2)cc(OC)c1OC,7.3,IC50,50.0,CHEMBL5244,E. coli,LpxC,CCCc1cc(C2=NC(C(=O)NO)CO2)cc(OC)c1OC,c1ccc(C2=NCCO2)cc1,308.33400000000006,1.3070999999999997,6,2,True,7.3
CHEMBL324231,CCCc1cccc(C2=N[C@@H](C(=O)NO)CO2)c1,7.3,IC50,50.0,CHEMBL5244,E. coli,LpxC,CCCc1cccc(C2=N[C@@H](C(=O)NO)CO2)c1,c1ccc(C2=NCCO2)cc1,248.28199999999995,1.2899,4,2,True,7.3
CHEMBL1668428,C[C@@H](O)[C@H](C(=O)NO)N1Cc2cc(-c3ccc(-c4ccccc4)cc3)ccc2C1=O,7.3,IC50,50.0,CHEMBL5244,E. coli,LpxC,C[C@@H](O)[C@H](C(=O)NO)N1Cc2cc(-c3ccc(-c4ccccc4)cc3)ccc2C1=O,O=C1NCc2cc(-c3ccc(-c4ccccc4)cc3)ccc21,402.4500000000001,3.231200000000002,4,3,True,7.3
CHEMBL4096903,C[C@@H](O)[C@H](N[C@H]1CCc2cc(C#Cc3ccc(CN4CC[C@@H](O)C4)cc3)ccc21)C(=O)NO,7.29,IC50,51.0,CHEMBL5244,E. coli,LpxC,C[C@@H](O)[C@H](N[C@H]1CCc2cc(C#Cc3ccc(CN4CC[C@@H](O)C4)cc3)ccc21)C(=O)NO,C(#Cc1ccc2c(c1)CCC2)c1ccc(CN2CCCC2)cc1,449.5510000000002,1.4846999999999997,6,5,True,7.29
CHEMBL2012194,C[C@@](OCc1ccc(-c2ccccc2)cc1)(C(=O)NO)[C@@H](O)c1ccccc1,7.29,IC50,51.0,CHEMBL3855,P. aeruginosa,LpxC,C[C@@](OCc1ccc(-c2ccccc2)cc1)(C(=O)NO)[C@@H](O)c1ccccc1,c1ccc(CCOCc2ccc(-c3ccccc3)cc2)cc1,377.44000000000005,3.8679000000000014,4,3,True,7.29
CHEMBL4094466,C[C@@H](O)[C@H](N[C@H]1CCc2cc(C#Cc3ccc(CN4CCN(C)CC4)cc3)ccc21)C(=O)NO,7.28,IC50,53.0,CHEMBL5244,E. coli,LpxC,C[C@@H](O)[C@H](N[C@H]1CCc2cc(C#Cc3ccc(CN4CCN(C)CC4)cc3)ccc21)C(=O)NO,C(#Cc1ccc2c(c1)CCC2)c1ccc(CN2CCNCC2)cc1,462.5940000000003,1.6654999999999995,6,4,True,7.28
CHEMBL2023130,CC(CCc1ccc(-c2ccccc2)nc1O)(C(=O)NO)S(C)(=O)=O,7.28,IC50,53.0,CHEMBL3855,P. aeruginosa,LpxC,CC(CCc1ccc(-c2ccccc2)nc1O)(C(=O)NO)S(C)(=O)=O,c1ccc(-c2ccccn2)cc1,364.42300000000006,1.6954999999999996,6,3,True,7.28
CHEMBL3903915,COc1cccc(-c2ccc(CC[C@](C)(C(=O)NO)S(C)(=O)=O)cc2)c1,7.27,IC50,54.0,CHEMBL3855,P. aeruginosa,LpxC,COc1cccc(-c2ccc(CC[C@](C)(C(=O)NO)S(C)(=O)=O)cc2)c1,c1ccc(-c2ccccc2)cc1,377.46200000000005,2.6035000000000004,5,2,True,7.27
CHEMBL3697018,CNC(=O)[C@@](C)(C(=O)NO)N(C)C(=O)c1ccc(/C=C/c2ccc(CN3CCOCC3)cc2)cc1,7.26,IC50,55.0,CHEMBL5244,E. coli,LpxC,CNC(=O)[C@@](C)(C(=O)NO)N(C)C(=O)c1ccc(/C=C/c2ccc(CN3CCOCC3)cc2)cc1,C(=Cc1ccc(CN2CCOCC2)cc1)c1ccccc1,480.56500000000034,1.7713000000000014,6,3,True,7.26
CHEMBL3827305,O=C(NO)[C@@H]1CN(c2ccc(C#CC#CCCCO)cc2)C(=O)O1,7.24,IC50,58.0,CHEMBL5244,E. coli,LpxC,O=C(NO)[C@@H]1CN(c2ccc(C#CC#CCCCO)cc2)C(=O)O1,O=C1OCCN1c1ccccc1,328.324,0.6445999999999994,5,3,True,7.24
CHEMBL2023137,C[C@@](CCn1ccc(-c2ccccc2)nc1=O)(C(=O)NO)S(C)(=O)=O,7.24,IC50,57.0,CHEMBL3855,P. aeruginosa,LpxC,C[C@@](CCn1ccc(-c2ccccc2)nc1=O)(C(=O)NO)S(C)(=O)=O,O=c1nc(-c2ccccc2)cc[nH]1,365.41100000000006,0.6090999999999996,6,2,True,7.24
CHEMBL4100209,CCCC(N[C@H](C(=O)NO)[C@@H](C)O)c1ccc(C#Cc2ccccc2)cc1,7.22,IC50,60.0,CHEMBL5244,E. coli,LpxC,CCCC(N[C@H](C(=O)NO)[C@@H](C)O)c1ccc(C#Cc2ccccc2)cc1,C(#Cc1ccccc1)c1ccccc1,366.46100000000007,2.772000000000001,4,4,True,7.22
CHEMBL2023140,C[C@@](CCn1ccc(-c2ccccn2)cc1=O)(C(=O)NO)S(C)(=O)=O,7.22,IC50,60.0,CHEMBL3855,P. aeruginosa,LpxC,C[C@@](CCn1ccc(-c2ccccn2)cc1=O)(C(=O)NO)S(C)(=O)=O,O=c1cc(-c2ccccn2)cc[nH]1,365.41100000000006,0.6090999999999996,6,2,True,7.22
CHEMBL1668444,C[C@@H](O)[C@@H](NC(=O)N1CCN(c2ccc(C#Cc3cccnc3)cc2)CC1)C(=O)NO,7.2,IC50,63.0,CHEMBL5244,E. coli,LpxC,C[C@@H](O)[C@@H](NC(=O)N1CCN(c2ccc(C#Cc3cccnc3)cc2)CC1)C(=O)NO,C(#Cc1cccnc1)c1ccc(N2CCNCC2)cc1,423.4730000000001,0.5678000000000002,6,4,True,7.2
CHEMBL3103559,O=C(CO[C@H](CO)c1ccc(C#Cc2ccccc2)cc1)NO,7.18,Ki,66.0,CHEMBL5244,E. coli,LpxC,O=C(CO[C@H](CO)c1ccc(C#Cc2ccccc2)cc1)NO,C(#Cc1ccccc1)c1ccccc1,311.337,1.6418,4,3,True,7.18
CHEMBL4091798,C[C@@H](O)[C@H](NCc1ccc(C#Cc2ccccc2)cc1)C(=O)NO,7.17,IC50,67.0,CHEMBL5244,E. coli,LpxC,C[C@@H](O)[C@H](NCc1ccc(C#Cc2ccccc2)cc1)C(=O)NO,C(#Cc1ccccc1)c1ccccc1,324.38000000000005,1.4307999999999998,4,4,True,7.17
CHEMBL2023384,CC(C)(C)c1ccn(CC[C@](C)(C(=O)NO)S(C)(=O)=O)c(=O)c1,7.16,IC50,69.0,CHEMBL3855,P. aeruginosa,LpxC,CC(C)(C)c1ccn(CC[C@](C)(C(=O)NO)S(C)(=O)=O)c(=O)c1,O=c1cccc[nH]1,344.4330000000001,0.8446000000000008,5,2,True,7.16
CHEMBL2012190,CC(C)[C@H](O)[C@](C)(OCc1ccc(-c2ccccc2)cc1)C(=O)NO,7.14,IC50,72.0,CHEMBL3855,P. aeruginosa,LpxC,CC(C)[C@H](O)[C@](C)(OCc1ccc(-c2ccccc2)cc1)C(=O)NO,c1ccc(-c2ccccc2)cc1,343.42300000000006,3.1512000000000002,4,3,True,7.14
CHEMBL1956139,C[C@@](CCc1ccc(-c2ccc(C(=O)O)cc2)cc1)(C(=O)NO)S(C)(=O)=O,7.13,IC50,73.6,CHEMBL3855,P. aeruginosa,LpxC,C[C@@](CCc1ccc(-c2ccc(C(=O)O)cc2)cc1)(C(=O)NO)S(C)(=O)=O,c1ccc(-c2ccccc2)cc1,391.4450000000001,2.2931,5,3,True,7.13
CHEMBL6046102,CNCc1ccc(C#Cc2ccc(C(CO)Cc3nc[nH]c(=O)c3O)cc2)cc1,7.12,IC50,75.0,CHEMBL5244,E. coli,LpxC,CNCc1ccc(C#Cc2ccc(C(CO)Cc3nc[nH]c(=O)c3O)cc2)cc1,O=c1cc(CCc2ccc(C#Cc3ccccc3)cc2)nc[nH]1,389.45500000000004,1.9133,5,4,True,7.12
CHEMBL5872697,O=c1[nH]cnc(CC(CNCCF)c2ccc(C#Cc3cnn(C4COC4)c3)cc2)c1O,7.12,IC50,75.0,CHEMBL5244,E. coli,LpxC,O=c1[nH]cnc(CC(CNCCF)c2ccc(C#Cc3cnn(C4COC4)c3)cc2)c1O,O=c1cc(CCc2ccc(C#Cc3cnn(C4COC4)c3)cc2)nc[nH]1,437.4750000000002,1.5284999999999997,6,3,True,7.12
CHEMBL3697016,CNC(=O)[C@@](C)(C(=O)NO)N(C)C(=O)c1ccc(C#Cc2ccc(CCN3CCOCC3)cc2)cc1,7.11,IC50,78.0,CHEMBL5244,E. coli,LpxC,CNC(=O)[C@@](C)(C(=O)NO)N(C)C(=O)c1ccc(C#Cc2ccc(CCN3CCOCC3)cc2)cc1,C(#Cc1ccc(CCN2CCOCC2)cc1)c1ccccc1,492.5760000000004,1.0432000000000017,6,3,True,7.11
CHEMBL3697020,CNC(=O)C(C(=O)NO)N(C)C(=O)c1ccc(C#C/C=C/c2ccc(CNC3CC3)cc2)cc1,7.11,IC50,78.0,CHEMBL5244,E. coli,LpxC,CNC(=O)C(C(=O)NO)N(C)C(=O)c1ccc(C#C/C=C/c2ccc(CNC3CC3)cc2)cc1,C(#Cc1ccccc1)C=Cc1ccc(CNC2CC2)cc1,460.5340000000002,1.6955000000000013,5,4,True,7.11
CHEMBL4078173,CC(C)(NS(C)(=O)=O)[C@H](NC(=O)c1ccc(-c2cc3ccc(F)cc3o2)cc1)C(=O)NO,7.1,IC50,79.0,CHEMBL5244,E. coli,LpxC,CC(C)(NS(C)(=O)=O)[C@H](NC(=O)c1ccc(-c2cc3ccc(F)cc3o2)cc1)C(=O)NO,c1ccc(-c2cc3ccccc3o2)cc1,463.48700000000014,2.1705,6,4,True,7.1
CHEMBL4061240,CC(C)(NS(C)(=O)=O)[C@H](NC(=O)c1ccc(-c2cc3ccccc3o2)cc1)C(=O)NO,7.09,IC50,81.0,CHEMBL5244,E. coli,LpxC,CC(C)(NS(C)(=O)=O)[C@H](NC(=O)c1ccc(-c2cc3ccccc3o2)cc1)C(=O)NO,c1ccc(-c2cc3ccccc3o2)cc1,445.4970000000001,2.0314,6,4,True,7.09
CHEMBL3697031,CNC(=O)[C@@](C)(C(=O)NO)N(C)C(=O)c1ccc(C#Cc2coc(CNC3CC3)c2)cc1,7.06,IC50,88.0,CHEMBL5244,E. coli,LpxC,CNC(=O)[C@@](C)(C(=O)NO)N(C)C(=O)c1ccc(C#Cc2coc(CNC3CC3)c2)cc1,C(#Cc1coc(CNC2CC2)c1)c1ccccc1,438.48400000000026,1.0135000000000007,6,4,True,7.06
CHEMBL2012192,CCCC[C@H](O)[C@](C)(OCc1ccc(-c2ccccc2)cc1)C(=O)NO,7.05,IC50,90.0,CHEMBL3855,P. aeruginosa,LpxC,CCCC[C@H](O)[C@](C)(OCc1ccc(-c2ccccc2)cc1)C(=O)NO,c1ccc(-c2ccccc2)cc1,357.45000000000005,3.6854000000000013,4,3,True,7.05
CHEMBL4109330,C[C@@](CCc1ccc(-c2ccc(OP(=O)(O)O)cc2)cc1)(C(=O)NO)S(C)(=O)=O,7.05,IC50,88.1,CHEMBL3855,P. aeruginosa,LpxC,C[C@@](CCc1ccc(-c2ccc(OP(=O)(O)O)cc2)cc1)(C(=O)NO)S(C)(=O)=O,c1ccc(-c2ccccc2)cc1,443.4140000000001,2.0664,6,4,True,7.05
CHEMBL1956138,CC(CCc1ccc(OCc2cc[n+]([O-])cc2)cc1)(C(=O)NO)S(C)(=O)=O,7.03,IC50,92.7,CHEMBL3855,P. aeruginosa,LpxC,CC(CCc1ccc(OCc2cc[n+]([O-])cc2)cc1)(C(=O)NO)S(C)(=O)=O,c1ccc(OCc2cc[nH+]cc2)cc1,394.4490000000001,1.1403000000000003,6,2,True,7.03
CHEMBL3103561,O=C(CO[C@H](CO)c1ccc(C#Cc2ccc(CN3CCOCC3)cc2)cc1)NO,7.02,Ki,95.0,CHEMBL5244,E. coli,LpxC,O=C(CO[C@H](CO)c1ccc(C#Cc2ccc(CN3CCOCC3)cc2)cc1)NO,C(#Cc1ccc(CN2CCOCC2)cc1)c1ccccc1,410.47000000000014,1.474,6,3,True,7.02
CHEMBL4076006,CC(N[C@H](C(=O)NO)[C@@H](C)O)c1ccc(C#Cc2ccccc2)cc1,7.02,IC50,96.0,CHEMBL5244,E. coli,LpxC,CC(N[C@H](C(=O)NO)[C@@H](C)O)c1ccc(C#Cc2ccccc2)cc1,C(#Cc1ccccc1)c1ccccc1,338.40700000000004,1.9917999999999998,4,4,True,7.02
CHEMBL2377573,O=C(NC1(C(=O)NO)CCCCC1)c1ccc(C#Cc2ccccc2)cc1,7.01,IC50,98.0,CHEMBL5244,E. coli,LpxC,O=C(NC1(C(=O)NO)CCCCC1)c1ccc(C#Cc2ccccc2)cc1,O=C(NC1CCCCC1)c1ccc(C#Cc2ccccc2)cc1,362.429,3.0245000000000015,3,3,True,7.01
CHEMBL322334,CCCc1cc(C2=NC(C(=O)NO)CO2)cc(O)c1OC,7.0,IC50,100.0,CHEMBL5244,E. coli,LpxC,CCCc1cc(C2=NC(C(=O)NO)CO2)cc(O)c1OC,c1ccc(C2=NCCO2)cc1,294.307,1.0041,6,3,True,7.0
CHEMBL110680,CCCc1ccc(C2=N[C@@H](C(=O)NO)CO2)cc1,7.0,IC50,100.0,CHEMBL5244,E. coli,LpxC,CCCc1ccc(C2=N[C@@H](C(=O)NO)CO2)cc1,c1ccc(C2=NCCO2)cc1,248.28199999999998,1.2899,4,2,True,7.0
CHEMBL3697010,CNC(=O)C(C(=O)NO)N(C)C(=O)c1ccc(C#Cc2ccc(CNC3CC3)cc2)cc1,7.0,IC50,100.0,CHEMBL5244,E. coli,LpxC,CNC(=O)C(C(=O)NO)N(C)C(=O)c1ccc(C#Cc2ccc(CNC3CC3)cc2)cc1,C(#Cc1ccc(CNC2CC2)cc1)c1ccccc1,434.4960000000002,1.0304000000000013,5,4,True,7.0
CHEMBL4064907,CC(C)(NS(C)(=O)=O)[C@H](NC(=O)c1ccc(-c2cc3cc(F)ccc3o2)cc1)C(=O)NO,7.0,IC50,100.0,CHEMBL5244,E. coli,LpxC,CC(C)(NS(C)(=O)=O)[C@H](NC(=O)c1ccc(-c2cc3cc(F)ccc3o2)cc1)C(=O)NO,c1ccc(-c2cc3ccccc3o2)cc1,463.48700000000014,2.1705,6,4,True,7.0
CHEMBL4798122,C[C@H](O)c1nccn1Cc1cc(-c2ccc(C#C[C@@H]3[C@H]4CN(CCCC(=O)O)C[C@@H]34)cc2)on1,7.0,IC50,101.0,CHEMBL5244,E. coli,LpxC,C[C@H](O)c1nccn1Cc1cc(-c2ccc(C#C[C@@H]3[C@H]4CN(CCCC(=O)O)C[C@@H]34)cc2)on1,C(#CC1C2CNCC12)c1ccc(-c2cc(Cn3ccnc3)no2)cc1,460.53400000000033,3.033800000000001,6,2,True,7.0
CHEMBL6145803,CNC(=O)c1ccc(-c2ccc(NCc3oc(S(C)(=O)=O)cc(=O)c3O)cc2)cc1,7.0,IC50,100.0,CHEMBL5244,E. coli,LpxC,CNC(=O)c1ccc(-c2ccc(NCc3oc(S(C)(=O)=O)cc(=O)c3O)cc2)cc1,O=c1ccoc(CNc2ccc(-c3ccccc3)cc2)c1,428.4660000000001,2.3876,7,3,True,7.0
CHEMBL6174346,CS(=O)(=O)c1cc(=O)c(O)c(CNc2ccc(-c3ccc(N4CCOCC4)cc3)cc2)o1,7.0,IC50,100.0,CHEMBL5244,E. coli,LpxC,CS(=O)(=O)c1cc(=O)c(O)c(CNc2ccc(-c3ccc(N4CCOCC4)cc3)cc2)o1,O=c1ccoc(CNc2ccc(-c3ccc(N4CCOCC4)cc3)cc2)c1,456.52000000000027,2.864600000000001,8,2,True,7.0
CHEMBL2377691,O=C(NC1(C(=O)NO)CCNCC1)c1ccc(C#Cc2ccccc2)cc1,6.99,IC50,102.0,CHEMBL5244,E. coli,LpxC,O=C(NC1(C(=O)NO)CCNCC1)c1ccc(C#Cc2ccccc2)cc1,O=C(NC1CCNCC1)c1ccc(C#Cc2ccccc2)cc1,363.41700000000003,1.4438000000000002,4,4,True,6.99
CHEMBL3647210,CC(C)Oc1ccc(CCC(C)(C(=O)NO)S(C)(=O)=O)cc1,6.98,IC50,105.0,CHEMBL3855,P. aeruginosa,LpxC,CC(C)Oc1ccc(CCC(C)(C(=O)NO)S(C)(=O)=O)cc1,c1ccccc1,329.41800000000006,1.7150999999999998,5,2,True,6.98
CHEMBL3926501,CCOC1CN(Cc2ccc(C#Cc3ccc(C(=O)N(C)[C@@](C)(C(=O)NC)C(=O)NO)cc3)cc2)C1,6.97,IC50,108.0,CHEMBL5244,E. coli,LpxC,CCOC1CN(Cc2ccc(C#Cc3ccc(C(=O)N(C)[C@@](C)(C(=O)NC)C(=O)NO)cc3)cc2)C1,C(#Cc1ccc(CN2CCC2)cc1)c1ccccc1,492.57600000000025,1.389200000000002,6,3,True,6.97
CHEMBL3697009,CCOc1ccc(-c2ccc(C(=O)N(C)C(C(=O)NC)C(=O)NO)cc2)cc1,6.96,IC50,109.0,CHEMBL5244,E. coli,LpxC,CCOc1ccc(-c2ccc(C(=O)N(C)C(C(=O)NC)C(=O)NO)cc2)cc1,c1ccc(-c2ccccc2)cc1,385.42,1.4442999999999995,5,3,True,6.96
CHEMBL4103054,C[C@@H](O)[C@H](NC1CCCCc2cc(C#Cc3ccccc3)ccc21)C(=O)NO,6.96,IC50,109.0,CHEMBL5244,E. coli,LpxC,C[C@@H](O)[C@H](NC1CCCCc2cc(C#Cc3ccccc3)ccc21)C(=O)NO,C(#Cc1ccc2c(c1)CCCCC2)c1ccccc1,378.47200000000004,2.6982999999999997,4,4,True,6.96
CHEMBL3697028,CNC(=O)[C@@](C)(C(=O)NO)N(C)C(=O)c1ccc(C#Cc2ccc(CN3CC(OCCF)C3)cc2)cc1,6.94,IC50,115.0,CHEMBL5244,E. coli,LpxC,CNC(=O)[C@@](C)(C(=O)NO)N(C)C(=O)c1ccc(C#Cc2ccc(CN3CC(OCCF)C3)cc2)cc1,C(#Cc1ccc(CN2CCC2)cc1)c1ccccc1,510.5660000000004,1.3388000000000018,6,3,True,6.94
CHEMBL3697008,CNC(=O)C(C(=O)NO)N(C)C(=O)c1ccc(C#Cc2ccc(CN3CCCOCC3)cc2)cc1,6.92,IC50,119.0,CHEMBL5244,E. coli,LpxC,CNC(=O)C(C(=O)NO)N(C)C(=O)c1ccc(C#Cc2ccc(CN3CCCOCC3)cc2)cc1,C(#Cc1ccc(CN2CCCOCC2)cc1)c1ccccc1,478.5490000000004,1.0007000000000013,6,3,True,6.92
CHEMBL3697017,CNC(=O)[C@@](C)(C(=O)NO)N(C)C(=O)c1ccc(CCc2ccc(CN3CCOCC3)cc2)cc1,6.92,IC50,121.0,CHEMBL5244,E. coli,LpxC,CNC(=O)[C@@](C)(C(=O)NO)N(C)C(=O)c1ccc(CCc2ccc(CN3CCOCC3)cc2)cc1,c1ccc(CCc2ccc(CN3CCOCC3)cc2)cc1,482.5810000000004,1.3861000000000014,6,3,True,6.92
CHEMBL3697025,CNC(=O)[C@@](C)(C(=O)NO)N(C)C(=O)c1ccc(C#Cc2ccc(CNCCF)cc2)cc1,6.92,IC50,120.0,CHEMBL5244,E. coli,LpxC,CNC(=O)[C@@](C)(C(=O)NO)N(C)C(=O)c1ccc(C#Cc2ccc(CNCCF)cc2)cc1,C(#Cc1ccccc1)c1ccccc1,454.50200000000024,1.2276000000000016,5,4,True,6.92
CHEMBL105024,C=CCOc1ccc(C2=NC(C(=O)NO)CO2)cc1OC(F)(F)F,6.92,IC50,120.0,CHEMBL3855,P. aeruginosa,LpxC,C=CCOc1ccc(C2=NC(C(=O)NO)CO2)cc1OC(F)(F)F,c1ccc(C2=NCCO2)cc1,346.261,1.8007999999999995,6,2,True,6.92
CHEMBL4089198,C[C@@H](O)[C@H](N[C@H]1CCc2cc(C#Cc3ccc(CN4CC(O)C4)cc3)ccc21)C(=O)NO,6.9,IC50,127.0,CHEMBL5244,E. coli,LpxC,C[C@@H](O)[C@H](N[C@H]1CCc2cc(C#Cc3ccc(CN4CC(O)C4)cc3)ccc21)C(=O)NO,C(#Cc1ccc2c(c1)CCC2)c1ccc(CN2CCC2)cc1,435.52400000000017,1.0945999999999994,6,5,True,6.9
CHEMBL1668423,C[C@@H](O)[C@H](C(=O)NO)N1Cc2cc(C#Cc3ccccc3)ccc2C1=O,6.89,IC50,130.0,CHEMBL5244,E. coli,LpxC,C[C@@H](O)[C@H](C(=O)NO)N1Cc2cc(C#Cc3ccccc3)ccc2C1=O,O=C1NCc2cc(C#Cc3ccccc3)ccc21,350.3740000000001,1.2970000000000006,4,3,True,6.89
CHEMBL3828313,O=C(NO)[C@@H]1CN(c2ccc(C#Cc3ccc(CN4CCOCC4)cc3)cc2)C(=O)O1,6.89,IC50,130.0,CHEMBL5244,E. coli,LpxC,O=C(NO)[C@@H]1CN(c2ccc(C#Cc3ccc(CN4CCOCC4)cc3)cc2)C(=O)O1,O=C1OCCN1c1ccc(C#Cc2ccc(CN3CCOCC3)cc2)cc1,421.45300000000026,1.7491999999999994,6,2,True,6.89
CHEMBL3697011,CNC(=O)[C@@](C)(C(=O)NO)N(C)C(=O)c1ccc(C#Cc2ccc(CN3CCCOCC3)cc2)cc1,6.89,IC50,129.0,CHEMBL5244,E. coli,LpxC,CNC(=O)[C@@](C)(C(=O)NO)N(C)C(=O)c1ccc(C#Cc2ccc(CN3CCCOCC3)cc2)cc1,C(#Cc1ccc(CN2CCCOCC2)cc1)c1ccccc1,492.5760000000004,1.3908000000000011,6,3,True,6.89
CHEMBL1668447,C[C@@H](O)[C@@H](NC(=O)N1CCN(c2ccc(C#Cc3cnccn3)cc2)CC1)C(=O)NO,6.87,IC50,136.0,CHEMBL5244,E. coli,LpxC,C[C@@H](O)[C@@H](NC(=O)N1CCN(c2ccc(C#Cc3cnccn3)cc2)CC1)C(=O)NO,C(#Cc1cnccn1)c1ccc(N2CCNCC2)cc1,424.4610000000001,-0.03719999999999957,7,4,True,6.87
CHEMBL3828674,O=C(NO)[C@@H]1CN(c2ccc(C#CC#CCCO)cc2)C(=O)O1,6.85,IC50,140.0,CHEMBL5244,E. coli,LpxC,O=C(NO)[C@@H]1CN(c2ccc(C#CC#CCCO)cc2)C(=O)O1,O=C1OCCN1c1ccccc1,314.297,0.25449999999999956,5,3,True,6.85
CHEMBL4073507,CC(C)(NS(C)(=O)=O)[C@H](NC(=O)c1ccc(-c2cc3ccc(O)cc3o2)cc1)C(=O)NO,6.85,IC50,140.0,CHEMBL5244,E. coli,LpxC,CC(C)(NS(C)(=O)=O)[C@H](NC(=O)c1ccc(-c2cc3ccc(O)cc3o2)cc1)C(=O)NO,c1ccc(-c2cc3ccccc3o2)cc1,461.49600000000015,1.7369999999999997,7,5,True,6.85
CHEMBL1668435,C[C@@H](O)[C@@H](NC(=O)N1CCC(c2cccc(C#Cc3ccccc3)c2)C1)C(=O)NO,6.83,IC50,146.4,CHEMBL5244,E. coli,LpxC,C[C@@H](O)[C@@H](NC(=O)N1CCC(c2cccc(C#Cc3ccccc3)c2)C1)C(=O)NO,C(#Cc1cccc(C2CCNC2)c1)c1ccccc1,407.4700000000001,1.8400999999999998,4,4,True,6.83
CHEMBL2377695,O=C(CNC(=O)c1ccc(C#Cc2ccccc2)cc1)NO,6.83,IC50,148.0,CHEMBL5244,E. coli,LpxC,O=C(CNC(=O)c1ccc(C#Cc2ccccc2)cc1)NO,C(#Cc1ccccc1)c1ccccc1,294.31,1.3216,3,3,True,6.83
CHEMBL3697024,CNC(=O)[C@@](C)(C(=O)NO)N(C)C(=O)c1ccc(C#Cc2ccc(CNC3CC3)cc2)cc1,6.8,IC50,159.0,CHEMBL5244,E. coli,LpxC,CNC(=O)[C@@](C)(C(=O)NO)N(C)C(=O)c1ccc(C#Cc2ccc(CNC3CC3)cc2)cc1,C(#Cc1ccc(CNC2CC2)cc1)c1ccccc1,448.52300000000025,1.4205000000000012,5,4,True,6.8
CHEMBL108902,COc1ccc(C2=NC(C(=O)NO)CO2)cc1OC(F)(F)F,6.8,IC50,160.0,CHEMBL3855,P. aeruginosa,LpxC,COc1ccc(C2=NC(C(=O)NO)CO2)cc1OC(F)(F)F,c1ccc(C2=NCCO2)cc1,320.22299999999996,1.2445999999999997,6,2,True,6.8
CHEMBL2012191,CC(C)C[C@H](O)[C@](C)(OCc1ccc(-c2ccccc2)cc1)C(=O)NO,6.8,IC50,160.0,CHEMBL3855,P. aeruginosa,LpxC,CC(C)C[C@H](O)[C@](C)(OCc1ccc(-c2ccccc2)cc1)C(=O)NO,c1ccc(-c2ccccc2)cc1,357.45000000000005,3.5413000000000006,4,3,True,6.8
CHEMBL1668463,NC[C@@H](NC(=O)N1CCC(c2ccc(C#Cc3ccccc3)cc2)CC1)C(=O)NO,6.79,IC50,163.1,CHEMBL5244,E. coli,LpxC,NC[C@@H](NC(=O)N1CCC(c2ccc(C#Cc3ccccc3)cc2)CC1)C(=O)NO,C(#Cc1ccc(C2CCNCC2)cc1)c1ccccc1,406.48600000000016,1.8080999999999998,4,4,True,6.79
CHEMBL4794374,CC(O)c1nccn1CCCc1ccc(C#Cc2ccccc2)cc1,6.79,IC50,161.0,CHEMBL3855,P. aeruginosa,LpxC,CC(O)c1nccn1CCCc1ccc(C#Cc2ccccc2)cc1,C(#Cc1ccc(CCCn2ccnc2)cc1)c1ccccc1,330.431,3.969000000000003,2,1,True,6.79
CHEMBL2377572,O=C(NC1(C(=O)NO)CCC1)c1ccc(C#Cc2ccccc2)cc1,6.75,IC50,178.0,CHEMBL5244,E. coli,LpxC,O=C(NC1(C(=O)NO)CCC1)c1ccc(C#Cc2ccccc2)cc1,O=C(NC1CCC1)c1ccc(C#Cc2ccccc2)cc1,334.37499999999994,2.2443,3,3,True,6.75
CHEMBL3639958,CNC(=O)[C@@](C)(C(=O)NO)N(C)C(=O)c1ccc(C#Cc2ccc(CN3CC(OC)C3)cc2)cc1,6.75,IC50,177.0,CHEMBL5244,E. coli,LpxC,CNC(=O)[C@@](C)(C(=O)NO)N(C)C(=O)c1ccc(C#Cc2ccc(CN3CC(OC)C3)cc2)cc1,C(#Cc1ccc(CN2CCC2)cc1)c1ccccc1,478.5490000000003,0.9991000000000019,6,3,True,6.75
CHEMBL104329,CC(C)=CCOc1ccc(C2=NC(C(=O)NO)CO2)cc1OC(F)(F)F,6.72,IC50,190.0,CHEMBL3855,P. aeruginosa,LpxC,CC(C)=CCOc1ccc(C2=NC(C(=O)NO)CO2)cc1OC(F)(F)F,c1ccc(C2=NCCO2)cc1,374.31500000000005,2.5810000000000004,6,2,True,6.72
CHEMBL110810,CCc1ccc(C2=N[C@@H](C(=O)NO)CO2)cc1,6.7,IC50,200.0,CHEMBL5244,E. coli,LpxC,CCc1ccc(C2=N[C@@H](C(=O)NO)CO2)cc1,c1ccc(C2=NCCO2)cc1,234.255,0.8997999999999996,4,2,True,6.7
CHEMBL1668424,C[C@@H](O)[C@H](C(=O)NO)n1[nH]c2cc(C#Cc3ccccc3)ccc2c1=O,6.7,IC50,200.0,CHEMBL5244,E. coli,LpxC,C[C@@H](O)[C@H](C(=O)NO)n1[nH]c2cc(C#Cc3ccccc3)ccc2c1=O,O=c1[nH][nH]c2cc(C#Cc3ccccc3)ccc12,351.3620000000001,1.1566999999999996,4,4,True,6.7
CHEMBL1668432,C[C@@H](O)[C@@H](NC(=O)NCc1ccc(C#Cc2ccccc2)cc1)C(=O)NO,6.7,IC50,201.4,CHEMBL5244,E. coli,LpxC,C[C@@H](O)[C@@H](NC(=O)NCc1ccc(C#Cc2ccccc2)cc1)C(=O)NO,C(#Cc1ccccc1)c1ccccc1,367.40500000000003,1.1404,4,5,True,6.7
CHEMBL3827730,O=C(NO)[C@@H]1CN(c2ccc(C#CC#CC3CC3)cc2F)C(=O)O1,6.7,IC50,200.0,CHEMBL5244,E. coli,LpxC,O=C(NO)[C@@H]1CN(c2ccc(C#CC#CC3CC3)cc2F)C(=O)O1,O=C1OCCN1c1ccc(C#CC#CC2CC2)cc1,328.29900000000004,1.4211999999999996,4,2,True,6.7
CHEMBL3356585,O=C(NO)C1(CSc2ccc(C#Cc3ccc(CN4CCOCC4)cc3)cc2)CCOCC1,6.7,IC50,200.0,CHEMBL3855,P. aeruginosa,LpxC,O=C(NO)C1(CSc2ccc(C#Cc3ccc(CN4CCOCC4)cc3)cc2)CCOCC1,C(#Cc1ccc(SCC2CCOCC2)cc1)c1ccc(CN2CCOCC2)cc1,466.6030000000004,3.3129000000000017,6,2,True,6.7
CHEMBL2377700,O=C(N[C@H](CO)C(=O)NO)c1ccc(C#Cc2ccccc2)cc1,6.69,IC50,206.0,CHEMBL5244,E. coli,LpxC,O=C(N[C@H](CO)C(=O)NO)c1ccc(C#Cc2ccccc2)cc1,C(#Cc1ccccc1)c1ccccc1,324.336,0.6825000000000001,4,4,True,6.69
CHEMBL1668442,C[C@@H](O)[C@@H](NC(=O)N1CCC(C#Cc2ccccc2)CC1)C(=O)NO,6.68,IC50,207.0,CHEMBL5244,E. coli,LpxC,C[C@@H](O)[C@@H](NC(=O)N1CCC(C#Cc2ccccc2)CC1)C(=O)NO,C(#CC1CCNCC1)c1ccccc1,345.3990000000001,0.7144999999999999,4,4,True,6.68
CHEMBL4077329,CCC(N[C@H](C(=O)NO)[C@@H](C)O)c1ccc(C#Cc2ccccc2)cc1,6.67,IC50,215.0,CHEMBL5244,E. coli,LpxC,CCC(N[C@H](C(=O)NO)[C@@H](C)O)c1ccc(C#Cc2ccccc2)cc1,C(#Cc1ccccc1)c1ccccc1,352.434,2.381900000000001,4,4,True,6.67
CHEMBL2377697,CC(C)(NC(=O)c1ccc(C#Cc2ccccc2)cc1)C(=O)NO,6.66,IC50,219.0,CHEMBL5244,E. coli,LpxC,CC(C)(NC(=O)c1ccc(C#Cc2ccccc2)cc1)C(=O)NO,C(#Cc1ccccc1)c1ccccc1,322.36400000000003,2.1002,3,3,True,6.66
CHEMBL3697027,CNC(=O)[C@@](C)(C(=O)NO)N(C)C(=O)c1ccc(C#Cc2ccc(CN3CC(C)(OC)C3)cc2)cc1,6.63,IC50,235.0,CHEMBL5244,E. coli,LpxC,CNC(=O)[C@@](C)(C(=O)NO)N(C)C(=O)c1ccc(C#Cc2ccc(CN3CC(C)(OC)C3)cc2)cc1,C(#Cc1ccc(CN2CCC2)cc1)c1ccccc1,492.57600000000036,1.3892000000000013,6,3,True,6.63
CHEMBL419556,O=C(NO)C1COC(c2ccc(OCc3cccc(F)c3)c(OC(F)(F)F)c2)=N1,6.6,IC50,250.0,CHEMBL3855,P. aeruginosa,LpxC,O=C(NO)C1COC(c2ccc(OCc3cccc(F)c3)c(OC(F)(F)F)c2)=N1,c1ccc(COc2ccc(C3=NCCO3)cc2)cc1,414.31100000000004,2.9541000000000004,6,2,True,6.6
CHEMBL3827891,O=C(NO)[C@H]1CN(c2ccc(C#Cc3ccc(CN4CCOCC4)cc3)cc2)C(=O)O1,6.58,IC50,260.0,CHEMBL5244,E. coli,LpxC,O=C(NO)[C@H]1CN(c2ccc(C#Cc3ccc(CN4CCOCC4)cc3)cc2)C(=O)O1,O=C1OCCN1c1ccc(C#Cc2ccc(CN3CCOCC3)cc2)cc1,421.45300000000026,1.7491999999999994,6,2,True,6.58
CHEMBL3827035,Nc1cc(N2C[C@@H](C(=O)NO)OC2=O)ccc1C#CC#CC1CC1,6.57,IC50,270.0,CHEMBL5244,E. coli,LpxC,Nc1cc(N2C[C@@H](C(=O)NO)OC2=O)ccc1C#CC#CC1CC1,O=C1OCCN1c1ccc(C#CC#CC2CC2)cc1,325.3240000000001,0.8643,5,3,True,6.57
CHEMBL106727,CCCc1ccc(-c2ccc(C3=NC(C(=O)NO)CO3)cc2)cc1,6.55,IC50,280.0,CHEMBL3855,P. aeruginosa,LpxC,CCCc1ccc(-c2ccc(C3=NC(C(=O)NO)CO3)cc2)cc1,c1ccc(-c2ccc(C3=NCCO3)cc2)cc1,324.38000000000005,2.956900000000001,4,2,True,6.55
CHEMBL2012183,CC(CO)(NC(=O)c1ccc(-c2ccccc2)cc1)C(=O)NO,6.54,IC50,286.0,CHEMBL3855,P. aeruginosa,LpxC,CC(CO)(NC(=O)c1ccc(-c2ccccc2)cc1)C(=O)NO,c1ccc(-c2ccccc2)cc1,314.34100000000007,1.3398,4,4,True,6.54
CHEMBL110287,COc1cc(C2=N[C@@H](C(=O)NO)CO2)cc(OC)c1OC,6.52,IC50,300.0,CHEMBL5244,E. coli,LpxC,COc1cc(C2=N[C@@H](C(=O)NO)CO2)cc(OC)c1OC,c1ccc(C2=NCCO2)cc1,296.27900000000005,0.36319999999999975,7,2,True,6.52
CHEMBL322786,COc1ccc(C2=N[C@@H](C(=O)NO)CO2)cc1,6.52,IC50,300.0,CHEMBL5244,E. coli,LpxC,COc1ccc(C2=N[C@@H](C(=O)NO)CO2)cc1,c1ccc(C2=NCCO2)cc1,236.227,0.34599999999999975,5,2,True,6.52
CHEMBL419375,CCCc1cc(C2=NC(C(=O)NO)CO2)ccc1OC,6.52,IC50,300.0,CHEMBL5244,E. coli,LpxC,CCCc1cc(C2=NC(C(=O)NO)CO2)ccc1OC,c1ccc(C2=NCCO2)cc1,278.308,1.2984999999999998,5,2,True,6.52
CHEMBL105614,O=C(NO)C1COC(c2[nH]c3ccc(F)cc3c2Cl)=N1,6.52,IC50,300.0,CHEMBL3855,P. aeruginosa,LpxC,O=C(NO)C1COC(c2[nH]c3ccc(F)cc3c2Cl)=N1,c1ccc2[nH]c(C3=NCCO3)cc2c1,297.673,1.6111999999999995,4,3,True,6.52
CHEMBL2012206,CC(C)(OCc1ccc(-c2ccccc2)cc1)C(=O)NO,6.51,IC50,311.0,CHEMBL3855,P. aeruginosa,LpxC,CC(C)(OCc1ccc(-c2ccccc2)cc1)C(=O)NO,c1ccc(-c2ccccc2)cc1,285.343,3.1542000000000003,3,2,True,6.51
CHEMBL325559,C=CCCOc1ccc(C2=NC(C(=O)NO)CO2)cc1OC(F)(F)F,6.46,IC50,350.0,CHEMBL3855,P. aeruginosa,LpxC,C=CCCOc1ccc(C2=NC(C(=O)NO)CO2)cc1OC(F)(F)F,c1ccc(C2=NCCO2)cc1,360.288,2.1909,6,2,True,6.46
CHEMBL3103548,O=C(NO)[C@H](CO)O[C@H](CO)c1ccc(C#Cc2ccc(CN3CCOCC3)cc2)cc1,6.45,Ki,358.0,CHEMBL5244,E. coli,LpxC,O=C(NO)[C@H](CO)O[C@H](CO)c1ccc(C#Cc2ccc(CN3CCOCC3)cc2)cc1,C(#Cc1ccc(CN2CCOCC2)cc1)c1ccccc1,440.49600000000027,0.8349000000000006,7,4,True,6.45
CHEMBL3356187,O=C(NO)C1(COc2ccc(C#Cc3ccc(CN4CCOCC4)cc3)cc2)CCOCC1,6.45,Ki,352.0,CHEMBL5244,E. coli,LpxC,O=C(NO)C1(COc2ccc(C#Cc3ccc(CN4CCOCC4)cc3)cc2)CCOCC1,C(#Cc1ccc(OCC2CCOCC2)cc1)c1ccc(CN2CCOCC2)cc1,450.53500000000037,2.5995999999999997,6,2,True,6.45
CHEMBL1668436,C[C@@H](O)[C@@H](NC(=O)N1CCCC(c2ccc(C#Cc3ccccc3)cc2)C1)C(=O)NO,6.41,IC50,386.7,CHEMBL5244,E. coli,LpxC,C[C@@H](O)[C@@H](NC(=O)N1CCCC(c2ccc(C#Cc3ccccc3)cc2)C1)C(=O)NO,C(#Cc1ccc(C2CCCNC2)cc1)c1ccccc1,421.49700000000007,2.2302,4,4,True,6.41
CHEMBL2012184,CC(CO)(COc1ccc(-c2ccccc2)cc1)C(=O)NO,6.41,IC50,390.0,CHEMBL3855,P. aeruginosa,LpxC,CC(CO)(COc1ccc(-c2ccccc2)cc1)C(=O)NO,c1ccc(-c2ccccc2)cc1,301.34200000000004,2.2363999999999997,4,3,True,6.41
CHEMBL6169364,O=C(NO)[C@@H](Cc1ccc2ccccc2c1)NS(=O)(=O)c1ccc2cc(Br)ccc2c1,6.4,IC50,400.0,CHEMBL5244,E. coli,LpxC,O=C(NO)[C@@H](Cc1ccc2ccccc2c1)NS(=O)(=O)c1ccc2cc(Br)ccc2c1,O=S(=O)(NCCc1ccc2ccccc2c1)c1ccc2ccccc2c1,499.3860000000002,4.150500000000003,4,3,True,6.4
CHEMBL4083839,CC(C)(NS(C)(=O)=O)[C@H](NC(=O)c1ccc(-c2nc3ccccc3o2)cc1)C(=O)NO,6.39,IC50,410.0,CHEMBL5244,E. coli,LpxC,CC(C)(NS(C)(=O)=O)[C@H](NC(=O)c1ccc(-c2nc3ccccc3o2)cc1)C(=O)NO,c1ccc(-c2nc3ccccc3o2)cc1,446.4850000000001,1.4263999999999997,7,4,True,6.39
CHEMBL4081952,Cc1ccc(-c2ccc(C(=O)N[C@H](C(=O)NO)C(C)(C)NS(C)(=O)=O)cc2)cc1,6.38,IC50,420.0,CHEMBL5244,E. coli,LpxC,Cc1ccc(-c2ccc(C(=O)N[C@H](C(=O)NO)C(C)(C)NS(C)(=O)=O)cc2)cc1,c1ccc(-c2ccccc2)cc1,419.5030000000001,1.5936200000000003,5,4,True,6.38
CHEMBL5415109,CC1(CC(=O)N2CCN(c3ccc(C#Cc4ccccc4)cc3)CC2)NC(=O)NC1=O,6.3,IC50,500.0,CHEMBL5244,E. coli,LpxC,CC1(CC(=O)N2CCN(c3ccc(C#Cc4ccccc4)cc3)CC2)NC(=O)NC1=O,O=C1NC(=O)C(CC(=O)N2CCN(c3ccc(C#Cc4ccccc4)cc3)CC2)N1,416.48100000000017,1.7232,4,2,True,6.3
CHEMBL324666,CCCc1cc(C2=NC(C(=O)NO)CO2)cc(OC(F)(F)F)c1OC,6.3,IC50,500.0,CHEMBL3855,P. aeruginosa,LpxC,CCCc1cc(C2=NC(C(=O)NO)CO2)cc(OC(F)(F)F)c1OC,c1ccc(C2=NCCO2)cc1,362.30400000000003,2.1971,6,2,True,6.3
CHEMBL3827313,O=C(NO)[C@@H]1CN(c2ccc(C#Cc3ccc(CN4CCOCC4)cc3)cc2)C(=O)CO1,6.29,IC50,510.0,CHEMBL5244,E. coli,LpxC,O=C(NO)[C@@H]1CN(c2ccc(C#Cc3ccc(CN4CCOCC4)cc3)cc2)C(=O)CO1,O=C1COCCN1c1ccc(C#Cc2ccc(CN3CCOCC3)cc2)cc1,435.4800000000003,1.1557999999999995,6,2,True,6.29
CHEMBL4076631,CCCCC(N[C@H](C(=O)NO)[C@@H](C)O)c1ccc(C#Cc2ccccc2)cc1,6.27,IC50,534.0,CHEMBL5244,E. coli,LpxC,CCCCC(N[C@H](C(=O)NO)[C@@H](C)O)c1ccc(C#Cc2ccccc2)cc1,C(#Cc1ccccc1)c1ccccc1,380.4880000000001,3.1621000000000024,4,4,True,6.27
CHEMBL5878844,O=C(NCCF)C(Cc1nc[nH]c(=O)c1O)c1ccc(C#Cc2ccc(CN3CCOCC3)cc2)cc1,6.26,IC50,550.0,CHEMBL5244,E. coli,LpxC,O=C(NCCF)C(Cc1nc[nH]c(=O)c1O)c1ccc(C#Cc2ccc(CN3CCOCC3)cc2)cc1,O=c1cc(CCc2ccc(C#Cc3ccc(CN4CCOCC4)cc3)cc2)nc[nH]1,504.5620000000004,2.1194999999999995,6,3,True,6.26
CHEMBL5761446,O=c1[nH]cnc(CC(CO)c2ccc(C#Cc3ccc(CN[C@@H]4CCNC4)cc3)cc2)c1O,6.26,IC50,550.0,CHEMBL5244,E. coli,LpxC,O=c1[nH]cnc(CC(CO)c2ccc(C#Cc3ccc(CN[C@@H]4CCNC4)cc3)cc2)c1O,O=c1cc(CCc2ccc(C#Cc3ccc(CNC4CCNC4)cc3)cc2)nc[nH]1,444.5350000000002,1.6453999999999998,6,5,True,6.26
CHEMBL5959620,NCc1ccc(C#Cc2ccc(C(CO)Cc3nc[nH]c(=O)c3O)cc2)cc1,6.26,IC50,550.0,CHEMBL5244,E. coli,LpxC,NCc1ccc(C#Cc2ccc(C(CO)Cc3nc[nH]c(=O)c3O)cc2)cc1,O=c1cc(CCc2ccc(C#Cc3ccccc3)cc2)nc[nH]1,375.42800000000005,1.6525999999999998,5,4,True,6.26
CHEMBL5749958,CO[C@@H]1CCN(Cc2ccc(C#Cc3ccc(C(CNCC(C)F)Cc4nc[nH]c(=O)c4O)cc3)cc2)C1,6.26,IC50,550.0,CHEMBL5244,E. coli,LpxC,CO[C@@H]1CCN(Cc2ccc(C#Cc3ccc(C(CNCC(C)F)Cc4nc[nH]c(=O)c4O)cc3)cc2)C1,O=c1cc(CCc2ccc(C#Cc3ccc(CN4CCCC4)cc3)cc2)nc[nH]1,518.6330000000002,3.369900000000002,6,3,True,6.26
CHEMBL5916999,NC[C@@H]1CCCN1Cc1ccc(C#Cc2ccc(C(CO)Cc3nc[nH]c(=O)c3O)cc2)cc1,6.26,IC50,550.0,CHEMBL5244,E. coli,LpxC,NC[C@@H]1CCCN1Cc1ccc(C#Cc2ccc(C(CO)Cc3nc[nH]c(=O)c3O)cc2)cc1,O=c1cc(CCc2ccc(C#Cc3ccc(CN4CCCC4)cc3)cc2)nc[nH]1,458.56200000000024,2.116999999999999,6,4,True,6.26
CHEMBL6039591,N=S1(=O)CCC(NCc2ccc(C#Cc3ccc(C(CO)Cc4nc[nH]c(=O)c4O)cc3)cc2)CC1,6.26,IC50,550.0,CHEMBL5244,E. coli,LpxC,N=S1(=O)CCC(NCc2ccc(C#Cc3ccc(C(CO)Cc4nc[nH]c(=O)c4O)cc3)cc2)CC1,N=S1(=O)CCC(NCc2ccc(C#Cc3ccc(CCc4cc(=O)[nH]cn4)cc3)cc2)CC1,506.6280000000003,2.4926700000000004,7,5,True,6.26
CHEMBL5923805,Cn1cc(C#Cc2ccc(C(N)Cc3nc[nH]c(=O)c3O)cc2)cn1,6.26,IC50,550.0,CHEMBL5244,E. coli,LpxC,Cn1cc(C#Cc2ccc(C(N)Cc3nc[nH]c(=O)c3O)cc2)cn1,O=c1cc(CCc2ccc(C#Cc3cn[nH]c3)cc2)nc[nH]1,335.367,0.8513,5,3,True,6.26
CHEMBL5753099,O=C1N(C(CO)Cc2nc[nH]c(=O)c2O)Cc2cc(-c3ccc(CCN4CCOCC4)cc3)cn21,6.26,IC50,550.0,CHEMBL5244,E. coli,LpxC,O=C1N(C(CO)Cc2nc[nH]c(=O)c2O)Cc2cc(-c3ccc(CCN4CCOCC4)cc3)cn21,O=C1N(CCc2cc(=O)[nH]cn2)Cc2cc(-c3ccc(CCN4CCOCC4)cc3)cn21,479.5370000000004,1.2059999999999997,7,3,True,6.26
CHEMBL6022926,O=c1[nH]cnc(CC(CNCCF)c2ccc(C#Cc3cnn(C4CCOCC4)c3)cc2)c1O,6.26,IC50,550.0,CHEMBL5244,E. coli,LpxC,O=c1[nH]cnc(CC(CNCCF)c2ccc(C#Cc3cnn(C4CCOCC4)c3)cc2)c1O,O=c1cc(CCc2ccc(C#Cc3cnn(C4CCOCC4)c3)cc2)nc[nH]1,465.5290000000003,2.3087000000000004,6,3,True,6.26
CHEMBL6012419,O=c1[nH]cnc(CC(CNCCF)c2ccc(C#Cc3cnn(CC4CCOCC4)c3)cc2)c1O,6.26,IC50,550.0,CHEMBL5244,E. coli,LpxC,O=c1[nH]cnc(CC(CNCCF)c2ccc(C#Cc3cnn(CC4CCOCC4)c3)cc2)c1O,O=c1cc(CCc2ccc(C#Cc3cnn(CC4CCOCC4)c3)cc2)nc[nH]1,479.5560000000003,2.3838000000000004,6,3,True,6.26
CHEMBL6014991,O=C(O)C(Cc1nc[nH]c(=O)c1O)N1Cc2cc(-c3ccc(CCN4CCOCC4)cc3)cn2C1=O,6.26,IC50,550.0,CHEMBL5244,E. coli,LpxC,O=C(O)C(Cc1nc[nH]c(=O)c1O)N1Cc2cc(-c3ccc(CCN4CCOCC4)cc3)cn2C1=O,O=C1N(CCc2cc(=O)[nH]cn2)Cc2cc(-c3ccc(CCN4CCOCC4)cc3)cn21,493.5200000000004,1.2983,7,3,True,6.26
CHEMBL5968710,CS(=O)(=O)N[C@H](Cc1nc[nH]c(=O)c1O)c1ccc(-c2ccccc2)cc1,6.26,IC50,550.0,CHEMBL5244,E. coli,LpxC,CS(=O)(=O)N[C@H](Cc1nc[nH]c(=O)c1O)c1ccc(-c2ccccc2)cc1,O=c1cc(CCc2ccc(-c3ccccc3)cc2)nc[nH]1,385.4450000000001,1.9754999999999998,5,3,True,6.26
CHEMBL107152,O=C(NO)C1COC(c2ccc(COc3cccc([N+](=O)[O-])c3)cc2)=N1,6.25,IC50,560.0,CHEMBL3855,P. aeruginosa,LpxC,O=C(NO)C1COC(c2ccc(COc3cccc([N+](=O)[O-])c3)cc2)=N1,c1ccc(OCc2ccc(C3=NCCO3)cc2)cc1,357.32200000000006,1.824599999999999,7,2,True,6.25
CHEMBL5435560,CC1(CC(=O)N2CCC(c3ccc(C#Cc4ccccc4)cc3)CC2)NC(=O)NC1=O,6.22,IC50,600.0,CHEMBL5244,E. coli,LpxC,CC1(CC(=O)N2CCC(c3ccc(C#Cc4ccccc4)cc3)CC2)NC(=O)NC1=O,O=C1NC(=O)C(CC(=O)N2CCC(c3ccc(C#Cc4ccccc4)cc3)CC2)N1,415.49300000000017,2.7805999999999997,3,2,True,6.22
CHEMBL1236446,CCCCCCCCCCCCCC(=O)O[C@@H]1[C@@H](CC(=O)NO)CO[C@H](CO)[C@H]1O,6.19,Ki,650.0,CHEMBL5244,E. coli,LpxC,CCCCCCCCCCCCCC(=O)O[C@@H]1[C@@H](CC(=O)NO)CO[C@H](CO)[C@H]1O,C1CCOCC1,431.57000000000016,2.863,7,4,True,6.19
CHEMBL3828138,O=C(NO)[C@@H]1CN(c2ccc(C#Cc3ccc(CN4CCOCC4)cc3)cc2)C(=O)N1,6.16,IC50,700.0,CHEMBL5244,E. coli,LpxC,O=C(NO)[C@@H]1CN(c2ccc(C#Cc3ccc(CN4CCOCC4)cc3)cc2)C(=O)N1,O=C1NCCN1c1ccc(C#Cc2ccc(CN3CCOCC3)cc2)cc1,420.4690000000002,1.3221999999999994,5,3,True,6.16
CHEMBL5414352,CCC1(CC(=O)N2CCC(c3ccc(C#Cc4ccccc4)cc3)CC2)NC(=O)NC1=O,6.16,IC50,700.0,CHEMBL5244,E. coli,LpxC,CCC1(CC(=O)N2CCC(c3ccc(C#Cc4ccccc4)cc3)CC2)NC(=O)NC1=O,O=C1NC(=O)C(CC(=O)N2CCC(c3ccc(C#Cc4ccccc4)cc3)CC2)N1,429.52000000000015,3.170700000000001,3,2,True,6.16
CHEMBL107950,O=C(NO)C1COC(c2ccc(OCc3cccc(C(F)(F)F)c3)c(F)c2)=N1,6.08,IC50,840.0,CHEMBL3855,P. aeruginosa,LpxC,O=C(NO)C1COC(c2ccc(OCc3cccc(C(F)(F)F)c3)c(F)c2)=N1,c1ccc(COc2ccc(C3=NCCO3)cc2)cc1,398.312,3.074300000000001,5,2,True,6.08
CHEMBL4795750,CC(O)c1nccn1Cc1cc(-c2ccccc2)on1,6.05,IC50,884.0,CHEMBL3855,P. aeruginosa,LpxC,CC(O)c1nccn1Cc1cc(-c2ccccc2)on1,c1ccc(-c2cc(Cn3ccnc3)no2)cc1,269.30400000000003,2.6397000000000004,4,1,True,6.05
CHEMBL321917,CCCc1cc(C2=NC(C(=O)NO)CO2)ccc1F,6.02,IC50,960.0,CHEMBL3855,P. aeruginosa,LpxC,CCCc1cc(C2=NC(C(=O)NO)CO2)ccc1F,c1ccc(C2=NCCO2)cc1,266.272,1.4289999999999998,4,2,True,6.02
CHEMBL1668431,C[C@@H](O)[C@H](C(=O)NO)N1Cc2cc(C#Cc3cccc(-c4ccccc4)c3)ccc2C1=O,6.01,IC50,971.0,CHEMBL5244,E. coli,LpxC,C[C@@H](O)[C@H](C(=O)NO)N1Cc2cc(C#Cc3cccc(-c4ccccc4)c3)ccc2C1=O,O=C1NCc2cc(C#Cc3cccc(-c4ccccc4)c3)ccc21,426.47200000000015,2.964000000000002,4,3,True,6.01
CHEMBL3828670,O=C(NO)c1ccc(=O)n(-c2ccc(C#Cc3ccc(CN4CCOCC4)cc3)cc2)c1,6.0,IC50,1000.0,CHEMBL5244,E. coli,LpxC,O=C(NO)c1ccc(=O)n(-c2ccc(C#Cc3ccc(CN4CCOCC4)cc3)cc2)c1,O=c1ccccn1-c1ccc(C#Cc2ccc(CN3CCOCC3)cc2)cc1,429.4760000000003,2.1885000000000003,5,2,True,6.0
CHEMBL321146,CCOc1cc(C2=NC(C(=O)NO)CO2)ccc1F,6.0,IC50,1000.0,CHEMBL3855,P. aeruginosa,LpxC,CCOc1cc(C2=NC(C(=O)NO)CO2)ccc1F,c1ccc(C2=NCCO2)cc1,268.24399999999997,0.8752,5,2,True,6.0
CHEMBL322102,O=C(NO)C1COC(c2ccc(OCc3cccc([N+](=O)[O-])c3)cc2)=N1,6.0,IC50,1000.0,CHEMBL3855,P. aeruginosa,LpxC,O=C(NO)C1COC(c2ccc(OCc3cccc([N+](=O)[O-])c3)cc2)=N1,c1ccc(COc2ccc(C3=NCCO3)cc2)cc1,357.32200000000006,1.824599999999999,7,2,True,6.0
CHEMBL320092,Cc1cccc(C2=NC(C(=O)NO)CO2)c1,5.96,IC50,1100.0,CHEMBL5244,E. coli,LpxC,Cc1cccc(C2=NC(C(=O)NO)CO2)c1,c1ccc(C2=NCCO2)cc1,220.228,0.64582,4,2,True,5.96
CHEMBL4060048,CC(C)(NS(C)(=O)=O)[C@H](NC(=O)c1ccc(-c2ccccc2)cc1)C(=O)NO,5.92,IC50,1200.0,CHEMBL5244,E. coli,LpxC,CC(C)(NS(C)(=O)=O)[C@H](NC(=O)c1ccc(-c2ccccc2)cc1)C(=O)NO,c1ccc(-c2ccccc2)cc1,405.47600000000006,1.2852,5,4,True,5.92
CHEMBL104043,Cc1cc(C2=NC(C(=O)NO)CO2)ccc1F,5.92,IC50,1200.0,CHEMBL3855,P. aeruginosa,LpxC,Cc1cc(C2=NC(C(=O)NO)CO2)ccc1F,c1ccc(C2=NCCO2)cc1,238.218,0.7849199999999996,4,2,True,5.92
CHEMBL1668433,C[C@@H](O)[C@@H](NC(=O)NCCc1ccc(C#Cc2ccccc2)cc1)C(=O)NO,5.9,IC50,1268.9,CHEMBL5244,E. coli,LpxC,C[C@@H](O)[C@@H](NC(=O)NCCc1ccc(C#Cc2ccccc2)cc1)C(=O)NO,C(#Cc1ccccc1)c1ccccc1,381.432,1.1828999999999996,4,5,True,5.9
CHEMBL321590,O=C(NO)C1COC(c2ccc(F)c(C(F)(F)F)c2)=N1,5.89,IC50,1300.0,CHEMBL3855,P. aeruginosa,LpxC,O=C(NO)C1COC(c2ccc(F)c(C(F)(F)F)c2)=N1,c1ccc(C2=NCCO2)cc1,292.188,1.4952999999999996,4,2,True,5.89
CHEMBL321206,CCCc1cc(C2=NC(C(=O)NO)CO2)cc(OC)c1O,5.85,IC50,1400.0,CHEMBL5244,E. coli,LpxC,CCCc1cc(C2=NC(C(=O)NO)CO2)cc(OC)c1O,c1ccc(C2=NCCO2)cc1,294.307,1.0040999999999998,6,3,True,5.85
CHEMBL4102798,CC(C)(NS(C)(=O)=O)[C@H](NC(=O)c1ccc(-c2cc3ccncc3o2)cc1)C(=O)NO,5.85,IC50,1400.0,CHEMBL5244,E. coli,LpxC,CC(C)(NS(C)(=O)=O)[C@H](NC(=O)c1ccc(-c2cc3ccncc3o2)cc1)C(=O)NO,c1ccc(-c2cc3ccncc3o2)cc1,446.4850000000001,1.4263999999999997,7,4,True,5.85
CHEMBL319642,C=CCOc1ccc(C2=NC(C(=O)NO)CO2)cc1F,5.85,IC50,1400.0,CHEMBL3855,P. aeruginosa,LpxC,C=CCOc1ccc(C2=NC(C(=O)NO)CO2)cc1F,c1ccc(C2=NCCO2)cc1,280.255,1.0413,5,2,True,5.85
CHEMBL4757624,C[C@@H](O)c1nccn1Cc1cc(C#Cc2ccc(CCCO)cc2)on1,5.85,IC50,1400.0,CHEMBL3855,P. aeruginosa,LpxC,C[C@@H](O)c1nccn1Cc1cc(C#Cc2ccc(CCCO)cc2)on1,C(#Cc1cc(Cn2ccnc2)no1)c1ccccc1,351.4060000000001,2.2974000000000006,5,2,True,5.85
CHEMBL3103550,O=C(COCc1ccc(C#Cc2ccc(CN3CCOCC3)cc2)cc1)NO,5.84,Ki,1450.0,CHEMBL5244,E. coli,LpxC,O=C(COCc1ccc(C#Cc2ccc(CN3CCOCC3)cc2)cc1)NO,C(#Cc1ccc(CN2CCOCC2)cc1)c1ccccc1,380.4440000000001,1.9406,5,2,True,5.84
CHEMBL444848,O=C(NO)[C@H]1COC(c2ccccc2)=N1,5.82,IC50,1500.0,CHEMBL5244,E. coli,LpxC,O=C(NO)[C@H]1COC(c2ccccc2)=N1,c1ccc(C2=NCCO2)cc1,206.20100000000002,0.33739999999999926,4,2,True,5.82
CHEMBL4104347,Cc1ccc(-c2ccc(C(=O)N[C@H](C(=O)NO)C(C)(C)NS(C)(=O)=O)cn2)cc1,5.82,IC50,1500.0,CHEMBL5244,E. coli,LpxC,Cc1ccc(-c2ccc(C(=O)N[C@H](C(=O)NO)C(C)(C)NS(C)(=O)=O)cn2)cc1,c1ccc(-c2ccccn2)cc1,420.4910000000001,0.9886200000000005,6,4,True,5.82
CHEMBL108105,CC(F)(F)Oc1ccc(C(=O)NC(CO)C(=O)NO)cc1,5.81,IC50,1540.0,CHEMBL3855,P. aeruginosa,LpxC,CC(F)(F)Oc1ccc(C(=O)NC(CO)C(=O)NO)cc1,c1ccccc1,304.24899999999997,0.2741999999999997,5,4,True,5.81
CHEMBL324440,O=C(NO)C1COC(c2cc3cc(F)ccc3[nH]2)=N1,5.8,IC50,1600.0,CHEMBL3855,P. aeruginosa,LpxC,O=C(NO)C1COC(c2cc3cc(F)ccc3[nH]2)=N1,c1ccc2[nH]c(C3=NCCO3)cc2c1,263.228,0.9577999999999998,4,3,True,5.8
CHEMBL3759386,O=C(NO)[C@@H](CO)OCc1ccc(C#Cc2ccc(CN3CCOCC3)cc2)cc1,5.78,IC50,1660.0,CHEMBL5244,E. coli,LpxC,O=C(NO)[C@@H](CO)OCc1ccc(C#Cc2ccc(CN3CCOCC3)cc2)cc1,C(#Cc1ccc(CN2CCOCC2)cc1)c1ccccc1,410.47000000000025,1.3014999999999997,6,3,True,5.78
CHEMBL321062,Cc1ccc(C2=NC(C(=O)NO)CO2)cc1,5.77,IC50,1700.0,CHEMBL5244,E. coli,LpxC,Cc1ccc(C2=NC(C(=O)NO)CO2)cc1,c1ccc(C2=NCCO2)cc1,220.228,0.6458199999999997,4,2,True,5.77
CHEMBL3356584,O=C(CN1CCN(Cc2ccc(C#Cc3ccc(OCC4(C(=O)NO)CCOCC4)cc3)cc2)CC1)N1CCOCC1,5.77,IC50,1700.0,CHEMBL3855,P. aeruginosa,LpxC,O=C(CN1CCN(Cc2ccc(C#Cc3ccc(OCC4(C(=O)NO)CCOCC4)cc3)cc2)CC1)N1CCOCC1,O=C(CN1CCN(Cc2ccc(C#Cc3ccc(OCC4CCOCC4)cc3)cc2)CC1)N1CCOCC1,576.6940000000002,1.7438000000000022,8,2,True,5.77
CHEMBL3759175,O=C(NO)[C@@H](CO)OCc1ccc(C#Cc2ccccc2)cc1,5.73,IC50,1870.0,CHEMBL5244,E. coli,LpxC,O=C(NO)[C@@H](CO)OCc1ccc(C#Cc2ccccc2)cc1,C(#Cc1ccccc1)c1ccccc1,311.337,1.4692999999999996,4,3,True,5.73
CHEMBL3758267,O=C(NO)[C@H](CO)OCc1ccc(C#Cc2ccccc2)cc1,5.71,IC50,1960.0,CHEMBL5244,E. coli,LpxC,O=C(NO)[C@H](CO)OCc1ccc(C#Cc2ccccc2)cc1,C(#Cc1ccccc1)c1ccccc1,311.337,1.4692999999999996,4,3,True,5.71
CHEMBL3828607,COc1cc(C#CC#CC2CC2)ccc1N1C[C@@H](C(=O)NO)OC1=O,5.7,IC50,2000.0,CHEMBL5244,E. coli,LpxC,COc1cc(C#CC#CC2CC2)ccc1N1C[C@@H](C(=O)NO)OC1=O,O=C1OCCN1c1ccc(C#CC#CC2CC2)cc1,340.33500000000004,1.2907,5,2,True,5.7
CHEMBL3356583,O=C(NO)C1(COc2ccc(C#Cc3ccc(CN4CCN(CCn5ccnc5)CC4)cc3)cc2)CCOCC1,5.7,IC50,2000.0,CHEMBL3855,P. aeruginosa,LpxC,O=C(NO)C1(COc2ccc(C#Cc3ccc(CN4CCN(CCn5ccnc5)CC4)cc3)cc2)CCOCC1,C(#Cc1ccc(OCC2CCOCC2)cc1)c1ccc(CN2CCN(CCn3ccnc3)CC2)cc1,543.6680000000002,2.7817000000000007,7,2,True,5.7
CHEMBL106945,C=CCOc1ccc(C2=NC(C(=O)NO)CO2)cc1C(F)(F)F,5.66,IC50,2200.0,CHEMBL3855,P. aeruginosa,LpxC,C=CCOc1ccc(C2=NC(C(=O)NO)CO2)cc1C(F)(F)F,c1ccc(C2=NCCO2)cc1,330.262,1.9209999999999998,5,2,True,5.66
CHEMBL106912,O=C(NO)C1COC(c2cccc(C(F)(F)F)c2)=N1,5.6,IC50,2500.0,CHEMBL3855,P. aeruginosa,LpxC,O=C(NO)C1COC(c2cccc(C(F)(F)F)c2)=N1,c1ccc(C2=NCCO2)cc1,274.198,1.3561999999999996,4,2,True,5.6
CHEMBL110117,Cc1ccccc1C1=NC(C(=O)NO)CO1,5.58,IC50,2600.0,CHEMBL5244,E. coli,LpxC,Cc1ccccc1C1=NC(C(=O)NO)CO1,c1ccc(C2=NCCO2)cc1,220.228,0.64582,4,2,True,5.58
CHEMBL3356196,C[C@@H]1CN(Cc2ccc(C#Cc3ccc(OCC4(C(=O)NO)CCOCC4)cc3)cc2)C[C@H](C)O1,5.58,IC50,2600.0,CHEMBL3855,P. aeruginosa,LpxC,C[C@@H]1CN(Cc2ccc(C#Cc3ccc(OCC4(C(=O)NO)CCOCC4)cc3)cc2)C[C@H](C)O1,C(#Cc1ccc(OCC2CCOCC2)cc1)c1ccc(CN2CCOCC2)cc1,478.5890000000003,3.3766000000000025,6,2,True,5.58
CHEMBL106647,O=C(NO)C1COC(c2ccc(Br)cc2)=N1,5.57,IC50,2700.0,CHEMBL3855,P. aeruginosa,LpxC,O=C(NO)C1COC(c2ccc(Br)cc2)=N1,c1ccc(C2=NCCO2)cc1,285.097,1.0998999999999997,4,2,True,5.57
CHEMBL3356195,O=C(NO)C1(COc2ccc(C#Cc3ccc(CN4CCN(CCN5CCOCC5)CC4)cc3)cc2)CCOCC1,5.57,IC50,2700.0,CHEMBL3855,P. aeruginosa,LpxC,O=C(NO)C1(COc2ccc(C#Cc3ccc(CN4CCN(CCN5CCOCC5)CC4)cc3)cc2)CCOCC1,C(#Cc1ccc(OCC2CCOCC2)cc1)c1ccc(CN2CCN(CCN3CCOCC3)CC2)cc1,562.7110000000004,2.2172,8,2,True,5.57
CHEMBL3759295,O=C(NO)[C@H](CO)OCc1ccc(C#Cc2ccc(CN3CCOCC3)cc2)cc1,5.55,IC50,2820.0,CHEMBL5244,E. coli,LpxC,O=C(NO)[C@H](CO)OCc1ccc(C#Cc2ccc(CN3CCOCC3)cc2)cc1,C(#Cc1ccc(CN2CCOCC2)cc1)c1ccccc1,410.47000000000025,1.3014999999999997,6,3,True,5.55
CHEMBL108805,O=C(NO)C1COC(c2ccccc2)=N1,5.52,IC50,3000.0,CHEMBL5244,E. coli,LpxC,O=C(NO)C1COC(c2ccccc2)=N1,c1ccc(C2=NCCO2)cc1,206.20100000000002,0.33739999999999926,4,2,True,5.52
CHEMBL3356193,CC(=O)N1CCN(Cc2ccc(C#Cc3ccc(OCC4(C(=O)NO)CCOCC4)cc3)cc2)CC1,5.52,IC50,3000.0,CHEMBL3855,P. aeruginosa,LpxC,CC(=O)N1CCN(Cc2ccc(C#Cc3ccc(OCC4(C(=O)NO)CCOCC4)cc3)cc2)CC1,C(#Cc1ccc(OCC2CCOCC2)cc1)c1ccc(CN2CCNCC2)cc1,491.5880000000004,2.4314999999999998,6,2,True,5.52
CHEMBL3356586,O=C(NO)C1(C[S+]([O-])c2ccc(C#Cc3ccc(CN4CCOCC4)cc3)cc2)CCOCC1,5.51,IC50,3100.0,CHEMBL3855,P. aeruginosa,LpxC,O=C(NO)C1(C[S+]([O-])c2ccc(C#Cc3ccc(CN4CCOCC4)cc3)cc2)CCOCC1,C(#Cc1ccc([SH+]CC2CCOCC2)cc1)c1ccc(CN2CCOCC2)cc1,482.6020000000005,2.3283999999999994,6,2,True,5.51
CHEMBL3667261,CC(C)(N)c1ccc(-c2c(O)ccc3[nH]c(=O)c4sccc4c23)cc1,9.37,IC50,0.43,CHEMBL5855,E. coli,LpxH,CC(C)(N)c1ccc(-c2c(O)ccc3[nH]c(=O)c4sccc4c23)cc1,O=c1[nH]c2cccc(-c3ccccc3)c2c2ccsc12,350.44300000000004,4.309200000000002,4,3,True,9.37
CHEMBL3667249,NCCc1ccc(-c2c(O)ccc3[nH]c(=O)c4sccc4c23)cc1F,9.3,IC50,0.5,CHEMBL5855,E. coli,LpxH,NCCc1ccc(-c2c(O)ccc3[nH]c(=O)c4sccc4c23)cc1F,O=c1[nH]c2cccc(-c3ccccc3)c2c2ccsc12,354.40600000000006,3.755700000000001,4,3,True,9.3
CHEMBL3667248,C[C@@H](N)c1ccc(-c2c(O)ccc3[nH]c(=O)c4sccc4c23)cc1,9.27,IC50,0.54,CHEMBL5855,E. coli,LpxH,C[C@@H](N)c1ccc(-c2c(O)ccc3[nH]c(=O)c4sccc4c23)cc1,O=c1[nH]c2cccc(-c3ccccc3)c2c2ccsc12,336.41600000000005,4.135100000000002,4,3,True,9.27
CHEMBL3667234,NCC1CCN(Cc2ccc(-c3c(O)ccc4[nH]c(=O)c5sccc5c34)cc2F)CC1,9.24,IC50,0.57,CHEMBL5855,E. coli,LpxH,NCC1CCN(Cc2ccc(-c3c(O)ccc4[nH]c(=O)c5sccc5c34)cc2F)CC1,O=c1[nH]c2cccc(-c3ccc(CN4CCCCC4)cc3)c2c2ccsc12,437.54000000000025,4.425200000000003,5,3,True,9.24
CHEMBL3667204,NCc1ccc(-c2c(O)ccc3[nH]c(=O)c4sccc4c23)cc1,9.2,IC50,0.63,CHEMBL5855,E. coli,LpxH,NCc1ccc(-c2c(O)ccc3[nH]c(=O)c4sccc4c23)cc1,O=c1[nH]c2cccc(-c3ccccc3)c2c2ccsc12,322.38900000000007,3.5741000000000014,4,3,True,9.2
CHEMBL3672289,C[C@@H](CN)c1ccc(-c2c(O)ccc3[nH]c(=O)c4sccc4c23)cc1,9.19,IC50,0.64,CHEMBL5855,E. coli,LpxH,C[C@@H](CN)c1ccc(-c2c(O)ccc3[nH]c(=O)c4sccc4c23)cc1,O=c1[nH]c2cccc(-c3ccccc3)c2c2ccsc12,350.44300000000004,4.177600000000002,4,3,True,9.19
CHEMBL3667250,CC(C)(CN)c1ccc(-c2c(O)ccc3[nH]c(=O)c4sccc4c23)cc1,9.17,IC50,0.67,CHEMBL5855,E. coli,LpxH,CC(C)(CN)c1ccc(-c2c(O)ccc3[nH]c(=O)c4sccc4c23)cc1,O=c1[nH]c2cccc(-c3ccccc3)c2c2ccsc12,364.4700000000001,4.351700000000003,4,3,True,9.17
CHEMBL3667224,CC(N)c1ccc(-c2c(O)ccc3[nH]c(=O)c4sccc4c23)cc1,9.14,IC50,0.73,CHEMBL5855,E. coli,LpxH,CC(N)c1ccc(-c2c(O)ccc3[nH]c(=O)c4sccc4c23)cc1,O=c1[nH]c2cccc(-c3ccccc3)c2c2ccsc12,336.41600000000005,4.135100000000002,4,3,True,9.14
CHEMBL3667246,NCCCc1ccc(-c2c(O)ccc3[nH]c(=O)c4sccc4c23)cc1,9.13,IC50,0.74,CHEMBL5855,E. coli,LpxH,NCCCc1ccc(-c2c(O)ccc3[nH]c(=O)c4sccc4c23)cc1,O=c1[nH]c2cccc(-c3ccccc3)c2c2ccsc12,350.44300000000004,4.006700000000002,4,3,True,9.13
CHEMBL3672360,CCC(CN)c1ccc(-c2c(O)ccc3[nH]c(=O)c4sccc4c23)cc1,9.13,IC50,0.74,CHEMBL5855,E. coli,LpxH,CCC(CN)c1ccc(-c2c(O)ccc3[nH]c(=O)c4sccc4c23)cc1,O=c1[nH]c2cccc(-c3ccccc3)c2c2ccsc12,364.4700000000001,4.567700000000003,4,3,True,9.13
CHEMBL5653589,Cc1ccc(C(=O)Nc2cccc(C(F)(F)F)c2)cc1Nc1nc(-c2cccnc2)nc2nn(C)cc12,9.12,Kd,0.753,CHEMBL5855,E. coli,LpxH,Cc1ccc(C(=O)Nc2cccc(C(F)(F)F)c2)cc1Nc1nc(-c2cccnc2)nc2nn(C)cc12,O=C(Nc1ccccc1)c1cccc(Nc2nc(-c3cccnc3)nc3n[nH]cc23)c1,503.48800000000017,5.748420000000004,6,2,True,9.12
CHEMBL3667207,O=c1[nH]c2ccc(O)c(C3=CCNCC3)c2c2ccsc12,9.11,IC50,0.78,CHEMBL5855,E. coli,LpxH,O=c1[nH]c2ccc(O)c(C3=CCNCC3)c2c2ccsc12,O=c1[nH]c2cccc(C3=CCNCC3)c2c2ccsc12,298.36699999999996,2.825100000000001,4,3,True,9.11
CHEMBL3667241,NCc1ccc(-c2c(O)ccc3[nH]c(=O)c4sccc4c23)s1,9.11,IC50,0.78,CHEMBL5855,E. coli,LpxH,NCc1ccc(-c2c(O)ccc3[nH]c(=O)c4sccc4c23)s1,O=c1[nH]c2cccc(-c3cccs3)c2c2ccsc12,328.41800000000006,3.635600000000001,5,3,True,9.11
CHEMBL3667233,C[C@H](N)c1ccc(-c2c(O)ccc3[nH]c(=O)c4sccc4c23)cc1,9.09,IC50,0.81,CHEMBL5855,E. coli,LpxH,C[C@H](N)c1ccc(-c2c(O)ccc3[nH]c(=O)c4sccc4c23)cc1,O=c1[nH]c2cccc(-c3ccccc3)c2c2ccsc12,336.41600000000005,4.135100000000002,4,3,True,9.09
CHEMBL3672235,CCC(N)c1ccc(-c2c(O)ccc3[nH]c(=O)c4sccc4c23)cc1,9.09,IC50,0.82,CHEMBL5855,E. coli,LpxH,CCC(N)c1ccc(-c2c(O)ccc3[nH]c(=O)c4sccc4c23)cc1,O=c1[nH]c2cccc(-c3ccccc3)c2c2ccsc12,350.44300000000004,4.5252000000000026,4,3,True,9.09
CHEMBL3667245,C[C@H](c1ccc(-c2c(O)ccc3[nH]c(=O)c4sccc4c23)cc1)N(C)C,9.06,IC50,0.88,CHEMBL5855,E. coli,LpxH,C[C@H](c1ccc(-c2c(O)ccc3[nH]c(=O)c4sccc4c23)cc1)N(C)C,O=c1[nH]c2cccc(-c3ccccc3)c2c2ccsc12,364.4700000000001,4.738000000000004,4,2,True,9.06
CHEMBL3672269,CC[C@H](N)c1ccc(-c2c(O)ccc3[nH]c(=O)c4sccc4c23)cc1,9.06,IC50,0.88,CHEMBL5855,E. coli,LpxH,CC[C@H](N)c1ccc(-c2c(O)ccc3[nH]c(=O)c4sccc4c23)cc1,O=c1[nH]c2cccc(-c3ccccc3)c2c2ccsc12,350.44300000000004,4.5252000000000026,4,3,True,9.06
CHEMBL3667219,CNCc1ccc(-c2c(O)ccc3[nH]c(=O)c4sccc4c23)cc1,9.05,IC50,0.9,CHEMBL5855,E. coli,LpxH,CNCc1ccc(-c2c(O)ccc3[nH]c(=O)c4sccc4c23)cc1,O=c1[nH]c2cccc(-c3ccccc3)c2c2ccsc12,336.41600000000005,3.834800000000002,4,3,True,9.05
CHEMBL3672246,CC(N)c1ccc(-c2c(O)ccc3[nH]c(=O)c4sccc4c23)cc1F,9.04,IC50,0.92,CHEMBL5855,E. coli,LpxH,CC(N)c1ccc(-c2c(O)ccc3[nH]c(=O)c4sccc4c23)cc1F,O=c1[nH]c2cccc(-c3ccccc3)c2c2ccsc12,354.40600000000006,4.274200000000001,4,3,True,9.04
CHEMBL3667251,O=c1[nH]c2ccc(O)c(-c3ccc(CN4CCC(O)C4)c(F)c3)c2c2ccsc12,9.01,IC50,0.97,CHEMBL5855,E. coli,LpxH,O=c1[nH]c2ccc(O)c(-c3ccc(CN4CCC(O)C4)c(F)c3)c2c2ccsc12,O=c1[nH]c2cccc(-c3ccc(CN4CCCC4)cc3)c2c2ccsc12,410.4700000000001,3.821100000000002,5,3,True,9.01
CHEMBL3672339,CC(C)(CN)c1ccc(-c2c(O)ccc3[nH]c(=O)c4sccc4c23)cc1F,9.0,IC50,1.0,CHEMBL5855,E. coli,LpxH,CC(C)(CN)c1ccc(-c2c(O)ccc3[nH]c(=O)c4sccc4c23)cc1F,O=c1[nH]c2cccc(-c3ccccc3)c2c2ccsc12,382.4600000000001,4.490800000000003,4,3,True,9.0
CHEMBL3672259,CN[C@@H](C)c1ccc(-c2c(O)ccc3[nH]c(=O)c4sccc4c23)cc1,8.96,IC50,1.1,CHEMBL5855,E. coli,LpxH,CN[C@@H](C)c1ccc(-c2c(O)ccc3[nH]c(=O)c4sccc4c23)cc1,O=c1[nH]c2cccc(-c3ccccc3)c2c2ccsc12,350.44300000000004,4.395800000000002,4,3,True,8.96
CHEMBL3667217,NCCc1ccc(-c2c(O)ccc3[nH]c(=O)c4sccc4c23)cc1,8.92,IC50,1.2,CHEMBL5855,E. coli,LpxH,NCCc1ccc(-c2c(O)ccc3[nH]c(=O)c4sccc4c23)cc1,O=c1[nH]c2cccc(-c3ccccc3)c2c2ccsc12,336.41600000000005,3.616600000000001,4,3,True,8.92
CHEMBL3672240,NC1Cc2ccc(-c3c(O)ccc4[nH]c(=O)c5sccc5c34)cc2C1,8.92,IC50,1.2,CHEMBL5855,E. coli,LpxH,NC1Cc2ccc(-c3c(O)ccc4[nH]c(=O)c5sccc5c34)cc2C1,O=c1[nH]c2cccc(-c3ccc4c(c3)CCC4)c2c2ccsc12,348.42700000000013,3.5413000000000014,4,3,True,8.92
CHEMBL3672253,CN[C@H](C)c1ccc(-c2c(O)ccc3[nH]c(=O)c4sccc4c23)cc1,8.89,IC50,1.3,CHEMBL5855,E. coli,LpxH,CN[C@H](C)c1ccc(-c2c(O)ccc3[nH]c(=O)c4sccc4c23)cc1,O=c1[nH]c2cccc(-c3ccccc3)c2c2ccsc12,350.44300000000004,4.395800000000002,4,3,True,8.89
CHEMBL3672263,CC(N)Cc1ccc(-c2c(O)ccc3[nH]c(=O)c4sccc4c23)cc1,8.89,IC50,1.3,CHEMBL5855,E. coli,LpxH,CC(N)Cc1ccc(-c2c(O)ccc3[nH]c(=O)c4sccc4c23)cc1,O=c1[nH]c2cccc(-c3ccccc3)c2c2ccsc12,350.44300000000004,4.005100000000002,4,3,True,8.89
CHEMBL3672266,CC(CN)c1ccc(-c2c(O)ccc3[nH]c(=O)c4sccc4c23)cc1,8.89,IC50,1.3,CHEMBL5855,E. coli,LpxH,CC(CN)c1ccc(-c2c(O)ccc3[nH]c(=O)c4sccc4c23)cc1,O=c1[nH]c2cccc(-c3ccccc3)c2c2ccsc12,350.44300000000004,4.177600000000002,4,3,True,8.89
CHEMBL3672276,CC[C@@H](N)c1ccc(-c2c(O)ccc3[nH]c(=O)c4sccc4c23)cc1,8.89,IC50,1.3,CHEMBL5855,E. coli,LpxH,CC[C@@H](N)c1ccc(-c2c(O)ccc3[nH]c(=O)c4sccc4c23)cc1,O=c1[nH]c2cccc(-c3ccccc3)c2c2ccsc12,350.44300000000004,4.5252000000000026,4,3,True,8.89
CHEMBL3672283,CC[C@H](NC)c1ccc(-c2c(O)ccc3[nH]c(=O)c4sccc4c23)cc1,8.89,IC50,1.3,CHEMBL5855,E. coli,LpxH,CC[C@H](NC)c1ccc(-c2c(O)ccc3[nH]c(=O)c4sccc4c23)cc1,O=c1[nH]c2cccc(-c3ccccc3)c2c2ccsc12,364.4700000000001,4.7859000000000025,4,3,True,8.89
CHEMBL3672292,C[C@H](CN)c1ccc(-c2c(O)ccc3[nH]c(=O)c4sccc4c23)cc1,8.89,IC50,1.3,CHEMBL5855,E. coli,LpxH,C[C@H](CN)c1ccc(-c2c(O)ccc3[nH]c(=O)c4sccc4c23)cc1,O=c1[nH]c2cccc(-c3ccccc3)c2c2ccsc12,350.44300000000004,4.177600000000002,4,3,True,8.89
CHEMBL3672301,CNC[C@H](C)c1ccc(-c2c(O)ccc3[nH]c(=O)c4sccc4c23)cc1,8.89,IC50,1.3,CHEMBL5855,E. coli,LpxH,CNC[C@H](C)c1ccc(-c2c(O)ccc3[nH]c(=O)c4sccc4c23)cc1,O=c1[nH]c2cccc(-c3ccccc3)c2c2ccsc12,364.4700000000001,4.438300000000003,4,3,True,8.89
CHEMBL3672274,CCN[C@H](CC)c1ccc(-c2c(O)ccc3[nH]c(=O)c4sccc4c23)cc1,8.85,IC50,1.4,CHEMBL5855,E. coli,LpxH,CCN[C@H](CC)c1ccc(-c2c(O)ccc3[nH]c(=O)c4sccc4c23)cc1,O=c1[nH]c2cccc(-c3ccccc3)c2c2ccsc12,378.4970000000001,5.176000000000005,4,3,True,8.85
CHEMBL3672329,CC(C)C(CN)c1ccc(-c2c(O)ccc3[nH]c(=O)c4sccc4c23)cc1,8.85,IC50,1.4,CHEMBL5855,E. coli,LpxH,CC(C)C(CN)c1ccc(-c2c(O)ccc3[nH]c(=O)c4sccc4c23)cc1,O=c1[nH]c2cccc(-c3ccccc3)c2c2ccsc12,378.4970000000001,4.813700000000003,4,3,True,8.85
CHEMBL3672297,CC(CN)c1ccc(-c2c(O)ccc3[nH]c(=O)c4sccc4c23)cc1F,8.82,IC50,1.5,CHEMBL5855,E. coli,LpxH,CC(CN)c1ccc(-c2c(O)ccc3[nH]c(=O)c4sccc4c23)cc1F,O=c1[nH]c2cccc(-c3ccccc3)c2c2ccsc12,368.43300000000005,4.316700000000002,4,3,True,8.82
CHEMBL3667221,CC(c1ccc(-c2c(O)ccc3[nH]c(=O)c4sccc4c23)cc1)N(C)C,8.8,IC50,1.6,CHEMBL5855,E. coli,LpxH,CC(c1ccc(-c2c(O)ccc3[nH]c(=O)c4sccc4c23)cc1)N(C)C,O=c1[nH]c2cccc(-c3ccccc3)c2c2ccsc12,364.4700000000001,4.738000000000004,4,2,True,8.8
CHEMBL3667203,NS(=O)(=O)c1ccc(-c2c(O)ccc3[nH]c(=O)c4sccc4c23)cc1,8.74,IC50,1.8,CHEMBL5855,E. coli,LpxH,NS(=O)(=O)c1ccc(-c2c(O)ccc3[nH]c(=O)c4sccc4c23)cc1,O=c1[nH]c2cccc(-c3ccccc3)c2c2ccsc12,372.4270000000001,2.7628000000000004,5,3,True,8.74
CHEMBL3672310,CCC(CC)(CN)c1ccc(-c2c(O)ccc3[nH]c(=O)c4sccc4c23)cc1,8.74,IC50,1.8,CHEMBL5855,E. coli,LpxH,CCC(CC)(CN)c1ccc(-c2c(O)ccc3[nH]c(=O)c4sccc4c23)cc1,O=c1[nH]c2cccc(-c3ccccc3)c2c2ccsc12,392.52400000000017,5.131900000000004,4,3,True,8.74
CHEMBL3667263,CN(C)CCc1ccc(-c2c(O)ccc3[nH]c(=O)c4sccc4c23)cc1F,8.72,IC50,1.9,CHEMBL5855,E. coli,LpxH,CN(C)CCc1ccc(-c2c(O)ccc3[nH]c(=O)c4sccc4c23)cc1F,O=c1[nH]c2cccc(-c3ccccc3)c2c2ccsc12,382.4600000000001,4.358600000000003,4,2,True,8.72
CHEMBL3672238,CCC(c1ccc(-c2c(O)ccc3[nH]c(=O)c4sccc4c23)cc1)N(C)C,8.72,IC50,1.9,CHEMBL5855,E. coli,LpxH,CCC(c1ccc(-c2c(O)ccc3[nH]c(=O)c4sccc4c23)cc1)N(C)C,O=c1[nH]c2cccc(-c3ccccc3)c2c2ccsc12,378.4970000000001,5.128100000000004,4,2,True,8.72
CHEMBL3672242,NCC1(c2ccc(-c3c(O)ccc4[nH]c(=O)c5sccc5c34)cc2)CC1,8.72,IC50,1.9,CHEMBL5855,E. coli,LpxH,NCC1(c2ccc(-c3c(O)ccc4[nH]c(=O)c5sccc5c34)cc2)CC1,O=c1[nH]c2cccc(-c3ccc(C4CC4)cc3)c2c2ccsc12,362.4540000000001,4.1057000000000015,4,3,True,8.72
CHEMBL3672243,CC(c1ccc(-c2c(O)ccc3[nH]c(=O)c4sccc4c23)cc1F)N(C)C,8.72,IC50,1.9,CHEMBL5855,E. coli,LpxH,CC(c1ccc(-c2c(O)ccc3[nH]c(=O)c4sccc4c23)cc1F)N(C)C,O=c1[nH]c2cccc(-c3ccccc3)c2c2ccsc12,382.4600000000001,4.877100000000003,4,2,True,8.72
CHEMBL3667242,CCNCc1ccc(-c2c(O)ccc3[nH]c(=O)c4sccc4c23)cc1,8.7,IC50,2.0,CHEMBL5855,E. coli,LpxH,CCNCc1ccc(-c2c(O)ccc3[nH]c(=O)c4sccc4c23)cc1,O=c1[nH]c2cccc(-c3ccccc3)c2c2ccsc12,350.44300000000004,4.2249000000000025,4,3,True,8.7
CHEMBL3667259,CC(O)c1ccc(-c2c(O)ccc3[nH]c(=O)c4sccc4c23)cc1,8.7,IC50,2.0,CHEMBL5855,E. coli,LpxH,CC(O)c1ccc(-c2c(O)ccc3[nH]c(=O)c4sccc4c23)cc1,O=c1[nH]c2cccc(-c3ccccc3)c2c2ccsc12,337.40000000000003,4.168700000000001,4,3,True,8.7
CHEMBL3672244,O=c1[nH]c2ccc(O)c(-c3ccc4c(c3)CNCC4)c2c2ccsc12,8.7,IC50,2.0,CHEMBL5855,E. coli,LpxH,O=c1[nH]c2ccc(O)c(-c3ccc4c(c3)CNCC4)c2c2ccsc12,O=c1[nH]c2cccc(-c3ccc4c(c3)CNCC4)c2c2ccsc12,348.427,3.7611000000000017,4,3,True,8.7
CHEMBL3672290,COc1ccc2[nH]c(=O)c3sccc3c2c1-c1ccc([C@@H](C)CN)cc1,8.7,IC50,2.0,CHEMBL5855,E. coli,LpxH,COc1ccc2[nH]c(=O)c3sccc3c2c1-c1ccc([C@@H](C)CN)cc1,O=c1[nH]c2cccc(-c3ccccc3)c2c2ccsc12,364.47000000000014,4.480600000000003,4,2,True,8.7
CHEMBL3672275,CC[C@@H](c1ccc(-c2c(O)ccc3[nH]c(=O)c4sccc4c23)cc1)N(C)C,8.66,IC50,2.2,CHEMBL5855,E. coli,LpxH,CC[C@@H](c1ccc(-c2c(O)ccc3[nH]c(=O)c4sccc4c23)cc1)N(C)C,O=c1[nH]c2cccc(-c3ccccc3)c2c2ccsc12,378.4970000000001,5.128100000000004,4,2,True,8.66
CHEMBL3667229,Nc1ccc(-c2c(O)ccc3[nH]c(=O)c4sccc4c23)cc1O,8.64,IC50,2.3,CHEMBL5855,E. coli,LpxH,Nc1ccc(-c2c(O)ccc3[nH]c(=O)c4sccc4c23)cc1O,O=c1[nH]c2cccc(-c3ccccc3)c2c2ccsc12,324.3610000000001,3.4032000000000004,5,4,True,8.64
CHEMBL3667236,NCc1ccc(-c2c(O)cc(F)c3[nH]c(=O)c4sccc4c23)cc1,8.6,IC50,2.5,CHEMBL5855,E. coli,LpxH,NCc1ccc(-c2c(O)cc(F)c3[nH]c(=O)c4sccc4c23)cc1,O=c1[nH]c2cccc(-c3ccccc3)c2c2ccsc12,340.379,3.7132000000000014,4,3,True,8.6
CHEMBL3672255,CN[C@@H](C)c1ccc(-c2c(OC)ccc3[nH]c(=O)c4sccc4c23)cc1,8.6,IC50,2.5,CHEMBL5855,E. coli,LpxH,CN[C@@H](C)c1ccc(-c2c(OC)ccc3[nH]c(=O)c4sccc4c23)cc1,O=c1[nH]c2cccc(-c3ccccc3)c2c2ccsc12,364.4700000000001,4.698800000000003,4,2,True,8.6
CHEMBL3672285,CC[C@H](c1ccc(-c2c(O)ccc3[nH]c(=O)c4sccc4c23)cc1)N(C)C,8.6,IC50,2.5,CHEMBL5855,E. coli,LpxH,CC[C@H](c1ccc(-c2c(O)ccc3[nH]c(=O)c4sccc4c23)cc1)N(C)C,O=c1[nH]c2cccc(-c3ccccc3)c2c2ccsc12,378.4970000000001,5.128100000000004,4,2,True,8.6
CHEMBL3672302,C[C@@H](CN(C)C)c1ccc(-c2c(O)ccc3[nH]c(=O)c4sccc4c23)cc1,8.6,IC50,2.5,CHEMBL5855,E. coli,LpxH,C[C@@H](CN(C)C)c1ccc(-c2c(O)ccc3[nH]c(=O)c4sccc4c23)cc1,O=c1[nH]c2cccc(-c3ccccc3)c2c2ccsc12,378.49700000000007,4.7805000000000035,4,2,True,8.6
CHEMBL3667205,CS(=O)(=O)Nc1ccc(-c2c(O)ccc3[nH]c(=O)c4sccc4c23)cc1,8.59,IC50,2.6,CHEMBL5855,E. coli,LpxH,CS(=O)(=O)Nc1ccc(-c2c(O)ccc3[nH]c(=O)c4sccc4c23)cc1,O=c1[nH]c2cccc(-c3ccccc3)c2c2ccsc12,386.4540000000001,3.486900000000001,5,3,True,8.59
CHEMBL3672295,Cc1cc(O)c(-c2ccc([C@@H](C)CN)cc2)c2c1[nH]c(=O)c1sccc12,8.59,IC50,2.6,CHEMBL5855,E. coli,LpxH,Cc1cc(O)c(-c2ccc([C@@H](C)CN)cc2)c2c1[nH]c(=O)c1sccc12,O=c1[nH]c2cccc(-c3ccccc3)c2c2ccsc12,364.4700000000001,4.486020000000003,4,3,True,8.59
CHEMBL3667223,CC(c1ccc(-c2c(O)ccc3[nH]c(=O)c4sccc4c23)cc1)N1CCCC1,8.55,IC50,2.8,CHEMBL5855,E. coli,LpxH,CC(c1ccc(-c2c(O)ccc3[nH]c(=O)c4sccc4c23)cc1)N1CCCC1,O=c1[nH]c2cccc(-c3ccc(CN4CCCC4)cc3)c2c2ccsc12,390.5080000000002,5.272200000000004,4,2,True,8.55
CHEMBL3667258,CN(C)CC(C)(C)c1ccc(-c2c(O)ccc3[nH]c(=O)c4sccc4c23)cc1,8.55,IC50,2.8,CHEMBL5855,E. coli,LpxH,CN(C)CC(C)(C)c1ccc(-c2c(O)ccc3[nH]c(=O)c4sccc4c23)cc1,O=c1[nH]c2cccc(-c3ccccc3)c2c2ccsc12,392.5240000000001,4.9546000000000054,4,2,True,8.55
CHEMBL3667260,CC(NC1CCCC1)c1ccc(-c2c(O)ccc3[nH]c(=O)c4sccc4c23)cc1,8.55,IC50,2.8,CHEMBL5855,E. coli,LpxH,CC(NC1CCCC1)c1ccc(-c2c(O)ccc3[nH]c(=O)c4sccc4c23)cc1,O=c1[nH]c2cccc(-c3ccc(CNC4CCCC4)cc3)c2c2ccsc12,404.5350000000002,5.708600000000005,4,3,True,8.55
CHEMBL3672307,CNC[C@@H](C)c1ccc(-c2c(O)ccc3[nH]c(=O)c4sccc4c23)cc1,8.55,IC50,2.8,CHEMBL5855,E. coli,LpxH,CNC[C@@H](C)c1ccc(-c2c(O)ccc3[nH]c(=O)c4sccc4c23)cc1,O=c1[nH]c2cccc(-c3ccccc3)c2c2ccsc12,364.4700000000001,4.438300000000003,4,3,True,8.55
CHEMBL3672234,C[C@@H](c1ccc(-c2c(O)ccc3[nH]c(=O)c4sccc4c23)cc1)N(C)C,8.54,IC50,2.9,CHEMBL5855,E. coli,LpxH,C[C@@H](c1ccc(-c2c(O)ccc3[nH]c(=O)c4sccc4c23)cc1)N(C)C,O=c1[nH]c2cccc(-c3ccccc3)c2c2ccsc12,364.4700000000001,4.738000000000004,4,2,True,8.54
CHEMBL3672270,CC[C@H](N)c1ccc(-c2c(OC)ccc3[nH]c(=O)c4sccc4c23)cc1,8.54,IC50,2.9,CHEMBL5855,E. coli,LpxH,CC[C@H](N)c1ccc(-c2c(OC)ccc3[nH]c(=O)c4sccc4c23)cc1,O=c1[nH]c2cccc(-c3ccccc3)c2c2ccsc12,364.4700000000001,4.828200000000003,4,2,True,8.54
CHEMBL3667235,Cc1cc(-c2c(O)ccc3[nH]c(=O)c4sccc4c23)ccc1NS(C)(=O)=O,8.52,IC50,3.0,CHEMBL5855,E. coli,LpxH,Cc1cc(-c2c(O)ccc3[nH]c(=O)c4sccc4c23)ccc1NS(C)(=O)=O,O=c1[nH]c2cccc(-c3ccccc3)c2c2ccsc12,400.4810000000001,3.795320000000002,5,3,True,8.52
CHEMBL3672299,COc1ccc2[nH]c(=O)c3sccc3c2c1-c1ccc(C(C)CN)c(F)c1,8.52,IC50,3.0,CHEMBL5855,E. coli,LpxH,COc1ccc2[nH]c(=O)c3sccc3c2c1-c1ccc(C(C)CN)c(F)c1,O=c1[nH]c2cccc(-c3ccccc3)c2c2ccsc12,382.46000000000015,4.6197000000000035,4,2,True,8.52
CHEMBL3672303,CNC[C@H](C)c1ccc(-c2c(OC)ccc3[nH]c(=O)c4sccc4c23)cc1,8.52,IC50,3.0,CHEMBL5855,E. coli,LpxH,CNC[C@H](C)c1ccc(-c2c(OC)ccc3[nH]c(=O)c4sccc4c23)cc1,O=c1[nH]c2cccc(-c3ccccc3)c2c2ccsc12,378.49700000000007,4.741300000000003,4,2,True,8.52
CHEMBL3672336,Cc1cc(O)c(-c2ccc(CCN)c(Cl)c2)c2c1[nH]c(=O)c1sccc12,8.52,IC50,3.0,CHEMBL5855,E. coli,LpxH,Cc1cc(O)c(-c2ccc(CCN)c(Cl)c2)c2c1[nH]c(=O)c1sccc12,O=c1[nH]c2cccc(-c3ccccc3)c2c2ccsc12,384.88800000000003,4.578420000000002,4,3,True,8.52
CHEMBL3667252,N#CCCc1ccc(-c2c(O)ccc3[nH]c(=O)c4sccc4c23)cc1,8.49,IC50,3.2,CHEMBL5855,E. coli,LpxH,N#CCCc1ccc(-c2c(O)ccc3[nH]c(=O)c4sccc4c23)cc1,O=c1[nH]c2cccc(-c3ccccc3)c2c2ccsc12,346.41100000000006,4.571580000000003,4,2,True,8.49
CHEMBL3667256,C[C@@H](NS(C)(=O)=O)c1ccc(-c2c(O)ccc3[nH]c(=O)c4sccc4c23)cc1,8.49,IC50,3.2,CHEMBL5855,E. coli,LpxH,C[C@@H](NS(C)(=O)=O)c1ccc(-c2c(O)ccc3[nH]c(=O)c4sccc4c23)cc1,O=c1[nH]c2cccc(-c3ccccc3)c2c2ccsc12,414.5080000000001,3.725600000000002,5,3,True,8.49
CHEMBL3672248,COc1ccc2[nH]c(=O)c3sccc3c2c1-c1ccc(C(C)CN)cc1,8.49,IC50,3.2,CHEMBL5855,E. coli,LpxH,COc1ccc2[nH]c(=O)c3sccc3c2c1-c1ccc(C(C)CN)cc1,O=c1[nH]c2cccc(-c3ccccc3)c2c2ccsc12,364.47000000000014,4.480600000000003,4,2,True,8.49
CHEMBL3672267,CC(CN(C)C)c1ccc(-c2c(O)ccc3[nH]c(=O)c4sccc4c23)cc1,8.48,IC50,3.3,CHEMBL5855,E. coli,LpxH,CC(CN(C)C)c1ccc(-c2c(O)ccc3[nH]c(=O)c4sccc4c23)cc1,O=c1[nH]c2cccc(-c3ccccc3)c2c2ccsc12,378.49700000000007,4.7805000000000035,4,2,True,8.48
CHEMBL3667202,O=c1[nH]c2ccc(O)c(-c3ccc4cn[nH]c4c3)c2c2ccsc12,8.46,IC50,3.5,CHEMBL5855,E. coli,LpxH,O=c1[nH]c2ccc(O)c(-c3ccc4cn[nH]c4c3)c2c2ccsc12,O=c1[nH]c2cccc(-c3ccc4cn[nH]c4c3)c2c2ccsc12,333.37200000000007,3.9917000000000007,4,3,True,8.46
CHEMBL3672245,CCN(CC)C(C)c1ccc(-c2c(O)ccc3[nH]c(=O)c4sccc4c23)cc1F,8.44,IC50,3.6,CHEMBL5855,E. coli,LpxH,CCN(CC)C(C)c1ccc(-c2c(O)ccc3[nH]c(=O)c4sccc4c23)cc1F,O=c1[nH]c2cccc(-c3ccccc3)c2c2ccsc12,410.5140000000001,5.657300000000005,4,2,True,8.44
CHEMBL3672249,CN(C)CC1(c2ccc(-c3c(O)ccc4[nH]c(=O)c5sccc5c34)cc2)CC1,8.44,IC50,3.6,CHEMBL5855,E. coli,LpxH,CN(C)CC1(c2ccc(-c3c(O)ccc4[nH]c(=O)c5sccc5c34)cc2)CC1,O=c1[nH]c2cccc(-c3ccc(C4CC4)cc3)c2c2ccsc12,390.50800000000015,4.708600000000003,4,2,True,8.44
CHEMBL3672367,Cc1cc(O)c(-c2ccc([C@@H](C)CN)c(F)c2)c2c1[nH]c(=O)c1sccc12,8.44,IC50,3.6,CHEMBL5855,E. coli,LpxH,Cc1cc(O)c(-c2ccc([C@@H](C)CN)c(F)c2)c2c1[nH]c(=O)c1sccc12,O=c1[nH]c2cccc(-c3ccccc3)c2c2ccsc12,382.46000000000004,4.625120000000002,4,3,True,8.44
CHEMBL3667222,CC(NS(C)(=O)=O)c1ccc(-c2c(O)ccc3[nH]c(=O)c4sccc4c23)cc1,8.43,IC50,3.7,CHEMBL5855,E. coli,LpxH,CC(NS(C)(=O)=O)c1ccc(-c2c(O)ccc3[nH]c(=O)c4sccc4c23)cc1,O=c1[nH]c2cccc(-c3ccccc3)c2c2ccsc12,414.5080000000001,3.725600000000002,5,3,True,8.43
CHEMBL3672237,CCC(c1ccc(-c2c(O)ccc3[nH]c(=O)c4sccc4c23)cc1)N(CC)CC,8.43,IC50,3.7,CHEMBL5855,E. coli,LpxH,CCC(c1ccc(-c2c(O)ccc3[nH]c(=O)c4sccc4c23)cc1)N(CC)CC,O=c1[nH]c2cccc(-c3ccccc3)c2c2ccsc12,406.5510000000002,5.908300000000005,4,2,True,8.43
CHEMBL3672381,Cc1cc(O)c(-c2ccc([C@@H](C)CN)cc2)c2c1[nH]c(=O)c1sc(F)cc12,8.43,IC50,3.7,CHEMBL5855,E. coli,LpxH,Cc1cc(O)c(-c2ccc([C@@H](C)CN)cc2)c2c1[nH]c(=O)c1sc(F)cc12,O=c1[nH]c2cccc(-c3ccccc3)c2c2ccsc12,382.4600000000001,4.625120000000003,4,3,True,8.43
CHEMBL3667240,COc1ccc2[nH]c(=O)c3sccc3c2c1-c1ccc(CCN)c(F)c1,8.42,IC50,3.8,CHEMBL5855,E. coli,LpxH,COc1ccc2[nH]c(=O)c3sccc3c2c1-c1ccc(CCN)c(F)c1,O=c1[nH]c2cccc(-c3ccccc3)c2c2ccsc12,368.43300000000016,4.058700000000003,4,2,True,8.42
CHEMBL3667247,COc1ccc2[nH]c(=O)c3sccc3c2c1-c1ccc([C@@H](C)N)cc1,8.42,IC50,3.8,CHEMBL5855,E. coli,LpxH,COc1ccc2[nH]c(=O)c3sccc3c2c1-c1ccc([C@@H](C)N)cc1,O=c1[nH]c2cccc(-c3ccccc3)c2c2ccsc12,350.4430000000001,4.438100000000003,4,2,True,8.42
CHEMBL3672250,CCNC(C)c1ccc(-c2c(O)ccc3[nH]c(=O)c4sccc4c23)cc1,8.41,IC50,3.9,CHEMBL5855,E. coli,LpxH,CCNC(C)c1ccc(-c2c(O)ccc3[nH]c(=O)c4sccc4c23)cc1,O=c1[nH]c2cccc(-c3ccccc3)c2c2ccsc12,364.4700000000001,4.7859000000000025,4,3,True,8.41
CHEMBL3672338,NCCc1ccc(-c2c(O)cc(Cl)c3[nH]c(=O)c4sccc4c23)cc1Cl,8.41,IC50,3.9,CHEMBL5855,E. coli,LpxH,NCCc1ccc(-c2c(O)cc(Cl)c3[nH]c(=O)c4sccc4c23)cc1Cl,O=c1[nH]c2cccc(-c3ccccc3)c2c2ccsc12,405.30600000000004,4.923400000000003,4,3,True,8.41
CHEMBL3672296,C[C@H](CN(C)C)c1ccc(-c2c(O)ccc3[nH]c(=O)c4sccc4c23)cc1,8.4,IC50,4.0,CHEMBL5855,E. coli,LpxH,C[C@H](CN(C)C)c1ccc(-c2c(O)ccc3[nH]c(=O)c4sccc4c23)cc1,O=c1[nH]c2cccc(-c3ccccc3)c2c2ccsc12,378.49700000000007,4.7805000000000035,4,2,True,8.4
CHEMBL3672375,Cc1cc(O)c(-c2ccc([C@@H](C)CN)cc2)c2c1[nH]c(=O)c1sc(Cl)cc12,8.4,IC50,4.0,CHEMBL5855,E. coli,LpxH,Cc1cc(O)c(-c2ccc([C@@H](C)CN)cc2)c2c1[nH]c(=O)c1sc(Cl)cc12,O=c1[nH]c2cccc(-c3ccccc3)c2c2ccsc12,398.91500000000013,5.139420000000002,4,3,True,8.4
CHEMBL3672330,COc1ccc2[nH]c(=O)c3sccc3c2c1-c1ccc(C(CN)C(C)C)cc1,8.39,IC50,4.1,CHEMBL5855,E. coli,LpxH,COc1ccc2[nH]c(=O)c3sccc3c2c1-c1ccc(C(CN)C(C)C)cc1,O=c1[nH]c2cccc(-c3ccccc3)c2c2ccsc12,392.52400000000017,5.116700000000004,4,2,True,8.39
CHEMBL3639660,CC(C)NCc1ccc(-c2c(O)ccc3[nH]c(=O)c4sccc4c23)cc1,8.38,IC50,4.2,CHEMBL5855,E. coli,LpxH,CC(C)NCc1ccc(-c2c(O)ccc3[nH]c(=O)c4sccc4c23)cc1,O=c1[nH]c2cccc(-c3ccccc3)c2c2ccsc12,364.4700000000001,4.613400000000003,4,3,True,8.38
CHEMBL3667239,CC(c1ccc(-c2c(O)ccc3[nH]c(=O)c4sccc4c23)cc1)N1CCCCC1,8.37,IC50,4.3,CHEMBL5855,E. coli,LpxH,CC(c1ccc(-c2c(O)ccc3[nH]c(=O)c4sccc4c23)cc1)N1CCCCC1,O=c1[nH]c2cccc(-c3ccc(CN4CCCCC4)cc3)c2c2ccsc12,404.53500000000025,5.6623000000000046,4,2,True,8.37
CHEMBL3667209,Cc1cc2c(s1)c(=O)[nH]c1ccc(O)c(-c3ccc(CN)cc3)c12,8.36,IC50,4.4,CHEMBL5855,E. coli,LpxH,Cc1cc2c(s1)c(=O)[nH]c1ccc(O)c(-c3ccc(CN)cc3)c12,O=c1[nH]c2cccc(-c3ccccc3)c2c2ccsc12,336.4160000000001,3.882520000000002,4,3,True,8.36
CHEMBL3672294,C[C@@H](CN)c1ccc(-c2c(O)cc(Cl)c3[nH]c(=O)c4sccc4c23)cc1,8.36,IC50,4.4,CHEMBL5855,E. coli,LpxH,C[C@@H](CN)c1ccc(-c2c(O)cc(Cl)c3[nH]c(=O)c4sccc4c23)cc1,O=c1[nH]c2cccc(-c3ccccc3)c2c2ccsc12,384.8880000000001,4.831000000000003,4,3,True,8.36
CHEMBL3667225,CCN(CC)C(C)c1ccc(-c2c(O)ccc3[nH]c(=O)c4sccc4c23)cc1,8.35,IC50,4.5,CHEMBL5855,E. coli,LpxH,CCN(CC)C(C)c1ccc(-c2c(O)ccc3[nH]c(=O)c4sccc4c23)cc1,O=c1[nH]c2cccc(-c3ccccc3)c2c2ccsc12,392.5240000000001,5.518200000000005,4,2,True,8.35
CHEMBL3672323,NCC(c1ccc(-c2c(O)ccc3[nH]c(=O)c4sccc4c23)cc1)C1CCCC1,8.34,IC50,4.6,CHEMBL5855,E. coli,LpxH,NCC(c1ccc(-c2c(O)ccc3[nH]c(=O)c4sccc4c23)cc1)C1CCCC1,O=c1[nH]c2cccc(-c3ccc(CC4CCCC4)cc3)c2c2ccsc12,404.53500000000025,5.347900000000003,4,3,True,8.34
CHEMBL3672315,Cc1cc(O)c(-c2ccc(CCN)c(F)c2)c2c1[nH]c(=O)c1sccc12,8.33,IC50,4.7,CHEMBL5855,E. coli,LpxH,Cc1cc(O)c(-c2ccc(CCN)c(F)c2)c2c1[nH]c(=O)c1sccc12,O=c1[nH]c2cccc(-c3ccccc3)c2c2ccsc12,368.433,4.064120000000002,4,3,True,8.33
CHEMBL3672304,Cc1cc(O)c(-c2ccc(C(C)CN)c(F)c2)c2c1[nH]c(=O)c1sccc12,8.29,IC50,5.1,CHEMBL5855,E. coli,LpxH,Cc1cc(O)c(-c2ccc(C(C)CN)c(F)c2)c2c1[nH]c(=O)c1sccc12,O=c1[nH]c2cccc(-c3ccccc3)c2c2ccsc12,382.46000000000004,4.625120000000002,4,3,True,8.29
CHEMBL3672236,CCC(N)c1ccc(-c2c(OC)ccc3[nH]c(=O)c4sccc4c23)cc1,8.28,IC50,5.2,CHEMBL5855,E. coli,LpxH,CCC(N)c1ccc(-c2c(OC)ccc3[nH]c(=O)c4sccc4c23)cc1,O=c1[nH]c2cccc(-c3ccccc3)c2c2ccsc12,364.4700000000001,4.828200000000003,4,2,True,8.28
CHEMBL3667208,CN(C)CCc1ccc(-c2c(O)ccc3[nH]c(=O)c4sccc4c23)cc1,8.27,IC50,5.4,CHEMBL5855,E. coli,LpxH,CN(C)CCc1ccc(-c2c(O)ccc3[nH]c(=O)c4sccc4c23)cc1,O=c1[nH]c2cccc(-c3ccccc3)c2c2ccsc12,364.4700000000001,4.219500000000003,4,2,True,8.27
CHEMBL3667227,CS(=O)(=O)NCc1ccc(-c2c(O)ccc3[nH]c(=O)c4sccc4c23)cc1,8.26,IC50,5.5,CHEMBL5855,E. coli,LpxH,CS(=O)(=O)NCc1ccc(-c2c(O)ccc3[nH]c(=O)c4sccc4c23)cc1,O=c1[nH]c2cccc(-c3ccccc3)c2c2ccsc12,400.48100000000017,3.164600000000001,5,3,True,8.26
CHEMBL3672317,NCCc1ccc(-c2c(O)cc(Cl)c3[nH]c(=O)c4sccc4c23)cc1F,8.26,IC50,5.5,CHEMBL5855,E. coli,LpxH,NCCc1ccc(-c2c(O)cc(Cl)c3[nH]c(=O)c4sccc4c23)cc1F,O=c1[nH]c2cccc(-c3ccccc3)c2c2ccsc12,388.85100000000006,4.409100000000001,4,3,True,8.26
CHEMBL3672271,Cc1cc(O)c(-c2ccc([C@@H](C)N)cc2)c2c1[nH]c(=O)c1sccc12,8.23,IC50,5.9,CHEMBL5855,E. coli,LpxH,Cc1cc(O)c(-c2ccc([C@@H](C)N)cc2)c2c1[nH]c(=O)c1sccc12,O=c1[nH]c2cccc(-c3ccccc3)c2c2ccsc12,350.44300000000004,4.443520000000001,4,3,True,8.23
CHEMBL3667243,CCNCc1ccc(-c2c(OC)ccc3[nH]c(=O)c4sccc4c23)cc1,8.22,IC50,6.0,CHEMBL5855,E. coli,LpxH,CCNCc1ccc(-c2c(OC)ccc3[nH]c(=O)c4sccc4c23)cc1,O=c1[nH]c2cccc(-c3ccccc3)c2c2ccsc12,364.4700000000001,4.527900000000003,4,2,True,8.22
CHEMBL3672318,NCCc1cc(Br)c(-c2c(O)ccc3[nH]c(=O)c4sccc4c23)cc1O,8.19,IC50,6.4,CHEMBL5855,E. coli,LpxH,NCCc1cc(Br)c(-c2c(O)ccc3[nH]c(=O)c4sccc4c23)cc1O,O=c1[nH]c2cccc(-c3ccccc3)c2c2ccsc12,431.31100000000015,4.0847000000000016,5,4,True,8.19
CHEMBL3667215,CN(C)Cc1ccc(-c2c(O)ccc3[nH]c(=O)c4sccc4c23)cc1,8.16,IC50,6.9,CHEMBL5855,E. coli,LpxH,CN(C)Cc1ccc(-c2c(O)ccc3[nH]c(=O)c4sccc4c23)cc1,O=c1[nH]c2cccc(-c3ccccc3)c2c2ccsc12,350.44300000000004,4.177000000000003,4,2,True,8.16
CHEMBL3672359,CNC[C@H](C)c1ccc(-c2c(O)cc(C)c3[nH]c(=O)c4sccc4c23)cc1,8.14,IC50,7.3,CHEMBL5855,E. coli,LpxH,CNC[C@H](C)c1ccc(-c2c(O)cc(C)c3[nH]c(=O)c4sccc4c23)cc1,O=c1[nH]c2cccc(-c3ccccc3)c2c2ccsc12,378.49700000000007,4.746720000000003,4,3,True,8.14
CHEMBL3667232,COc1ccc2[nH]c(=O)c3sccc3c2c1-c1ccc([C@H](C)N)cc1,8.13,IC50,7.4,CHEMBL5855,E. coli,LpxH,COc1ccc2[nH]c(=O)c3sccc3c2c1-c1ccc([C@H](C)N)cc1,O=c1[nH]c2cccc(-c3ccccc3)c2c2ccsc12,350.4430000000001,4.438100000000003,4,2,True,8.13
CHEMBL3667218,CCN(CC)Cc1ccc(-c2c(O)ccc3[nH]c(=O)c4sccc4c23)cc1,8.11,IC50,7.7,CHEMBL5855,E. coli,LpxH,CCN(CC)Cc1ccc(-c2c(O)ccc3[nH]c(=O)c4sccc4c23)cc1,O=c1[nH]c2cccc(-c3ccccc3)c2c2ccsc12,378.4970000000001,4.957200000000005,4,2,True,8.11
CHEMBL3667220,CNCc1ccc(-c2c(OC)ccc3[nH]c(=O)c4sccc4c23)cc1,8.11,IC50,7.8,CHEMBL5855,E. coli,LpxH,CNCc1ccc(-c2c(OC)ccc3[nH]c(=O)c4sccc4c23)cc1,O=c1[nH]c2cccc(-c3ccccc3)c2c2ccsc12,350.44300000000004,4.137800000000002,4,2,True,8.11
CHEMBL3672364,CNC[C@H](C)c1ccc(-c2c(O)cc(C)c3[nH]c(=O)c4sccc4c23)cc1F,8.09,IC50,8.1,CHEMBL5855,E. coli,LpxH,CNC[C@H](C)c1ccc(-c2c(O)cc(C)c3[nH]c(=O)c4sccc4c23)cc1F,O=c1[nH]c2cccc(-c3ccccc3)c2c2ccsc12,396.4870000000001,4.885820000000003,4,3,True,8.09
CHEMBL3672370,Cc1cc(O)c(-c2ccc(C(C)(C)N)cc2)c2c1[nH]c(=O)c1sccc12,8.08,IC50,8.3,CHEMBL5855,E. coli,LpxH,Cc1cc(O)c(-c2ccc(C(C)(C)N)cc2)c2c1[nH]c(=O)c1sccc12,O=c1[nH]c2cccc(-c3ccccc3)c2c2ccsc12,364.4700000000001,4.617620000000002,4,3,True,8.08
CHEMBL3672258,C[C@@H](N)c1ccc(-c2c(O)cc(Cl)c3[nH]c(=O)c4sccc4c23)cc1,8.07,IC50,8.6,CHEMBL5855,E. coli,LpxH,C[C@@H](N)c1ccc(-c2c(O)cc(Cl)c3[nH]c(=O)c4sccc4c23)cc1,O=c1[nH]c2cccc(-c3ccccc3)c2c2ccsc12,370.86100000000005,4.788500000000002,4,3,True,8.07
CHEMBL3672280,CC(CN)c1ccc(-c2c(O)cc(Cl)c3[nH]c(=O)c4sccc4c23)cc1,8.07,IC50,8.6,CHEMBL5855,E. coli,LpxH,CC(CN)c1ccc(-c2c(O)cc(Cl)c3[nH]c(=O)c4sccc4c23)cc1,O=c1[nH]c2cccc(-c3ccccc3)c2c2ccsc12,384.8880000000001,4.831000000000003,4,3,True,8.07
CHEMBL3672351,CNCC(C)c1ccc(-c2c(O)cc(C)c3[nH]c(=O)c4sccc4c23)cc1F,8.05,IC50,8.9,CHEMBL5855,E. coli,LpxH,CNCC(C)c1ccc(-c2c(O)cc(C)c3[nH]c(=O)c4sccc4c23)cc1F,O=c1[nH]c2cccc(-c3ccccc3)c2c2ccsc12,396.4870000000001,4.885820000000003,4,3,True,8.05
CHEMBL3672241,CC(c1ccc(-c2cccc3[nH]c(=O)c4sccc4c23)cc1)N(C)C,8.04,IC50,9.2,CHEMBL5855,E. coli,LpxH,CC(c1ccc(-c2cccc3[nH]c(=O)c4sccc4c23)cc1)N(C)C,O=c1[nH]c2cccc(-c3ccccc3)c2c2ccsc12,348.4710000000001,5.032400000000004,3,1,True,8.04
CHEMBL3667211,COc1ccc2[nH]c(=O)c3sccc3c2c1-c1ccc(CN2CCC(CNC(=O)OC(C)(C)C)CC2)cc1,8.03,IC50,9.4,CHEMBL5855,E. coli,LpxH,COc1ccc2[nH]c(=O)c3sccc3c2c1-c1ccc(CN2CCC(CNC(=O)OC(C)(C)C)CC2)cc1,O=c1[nH]c2cccc(-c3ccc(CN4CCCCC4)cc3)c2c2ccsc12,533.6940000000005,6.155100000000006,6,2,True,8.03
CHEMBL3672286,CC[C@H](NC)c1ccc(-c2c(O)cc(Cl)c3[nH]c(=O)c4sccc4c23)cc1,8.03,IC50,9.4,CHEMBL5855,E. coli,LpxH,CC[C@H](NC)c1ccc(-c2c(O)cc(Cl)c3[nH]c(=O)c4sccc4c23)cc1,O=c1[nH]c2cccc(-c3ccccc3)c2c2ccsc12,398.91500000000013,5.439300000000004,4,3,True,8.03
CHEMBL3672331,Cc1cc(O)c(-c2ccc(C3(CN)CC3)cc2)c2c1[nH]c(=O)c1sccc12,8.02,IC50,9.6,CHEMBL5855,E. coli,LpxH,Cc1cc(O)c(-c2ccc(C3(CN)CC3)cc2)c2c1[nH]c(=O)c1sccc12,O=c1[nH]c2cccc(-c3ccc(C4CC4)cc3)c2c2ccsc12,376.481,4.414120000000002,4,3,True,8.02
CHEMBL3672233,CC(C)(N)c1ccc(-c2c(O)cc(Cl)c3[nH]c(=O)c4sccc4c23)cc1,8.0,IC50,10.0,CHEMBL5855,E. coli,LpxH,CC(C)(N)c1ccc(-c2c(O)cc(Cl)c3[nH]c(=O)c4sccc4c23)cc1,O=c1[nH]c2cccc(-c3ccccc3)c2c2ccsc12,384.8880000000001,4.962600000000003,4,3,True,8.0
CHEMBL3672262,O=c1[nH]c2ccc(O)c(-c3ccc(S(=O)(=O)NCCBr)cc3)c2c2c1CCC2,8.0,IC50,10.0,CHEMBL5855,E. coli,LpxH,O=c1[nH]c2ccc(O)c(-c3ccc(S(=O)(=O)NCCBr)cc3)c2c2c1CCC2,O=c1[nH]c2cccc(-c3ccccc3)c2c2c1CCC2,463.3530000000003,3.0626000000000015,4,3,True,8.0
CHEMBL3672344,CC(CN)c1ccc(-c2c(O)ccc3[nH]c(=O)c4sccc4c23)cc1Cl,8.0,IC50,10.0,CHEMBL5855,E. coli,LpxH,CC(CN)c1ccc(-c2c(O)ccc3[nH]c(=O)c4sccc4c23)cc1Cl,O=c1[nH]c2cccc(-c3ccccc3)c2c2ccsc12,384.88800000000003,4.831000000000003,4,3,True,8.0
CHEMBL3667214,COc1ccc2[nH]c(=O)c3sccc3c2c1-c1ccc(CN(C)C)cc1,7.96,IC50,11.0,CHEMBL5855,E. coli,LpxH,COc1ccc2[nH]c(=O)c3sccc3c2c1-c1ccc(CN(C)C)cc1,O=c1[nH]c2cccc(-c3ccccc3)c2c2ccsc12,364.47000000000014,4.480000000000004,4,1,True,7.96
CHEMBL3672376,COc1cc(C)c2[nH]c(=O)c3sc(Cl)cc3c2c1-c1ccc([C@@H](C)CN)cc1,7.96,IC50,11.0,CHEMBL5855,E. coli,LpxH,COc1cc(C)c2[nH]c(=O)c3sc(Cl)cc3c2c1-c1ccc([C@@H](C)CN)cc1,O=c1[nH]c2cccc(-c3ccccc3)c2c2ccsc12,412.9420000000002,5.442420000000005,4,2,True,7.96
CHEMBL3667226,O=c1[nH]c2ccc(O)c(-c3ccc(S(=O)(=O)NCCBr)cc3)c2c2ccsc12,7.95,IC50,11.3,CHEMBL5855,E. coli,LpxH,O=c1[nH]c2ccc(O)c(-c3ccc(S(=O)(=O)NCCBr)cc3)c2c2ccsc12,O=c1[nH]c2cccc(-c3ccccc3)c2c2ccsc12,479.3770000000002,3.7886000000000015,5,3,True,7.95
CHEMBL5087398,COC(=O)c1cccc(-c2cnc3[nH]cc(-c4cccnc4)c3c2)c1,7.94,IC50,11.5,CHEMBL5855,E. coli,LpxH,COC(=O)c1cccc(-c2cnc3[nH]cc(-c4cccnc4)c3c2)c1,c1ccc(-c2cnc3[nH]cc(-c4cccnc4)c3c2)cc1,329.35900000000004,4.078500000000002,4,1,True,7.94
CHEMBL3667206,N#CCc1ccc(-c2c(O)ccc3[nH]c(=O)c4sccc4c23)cc1,7.92,IC50,12.0,CHEMBL5855,E. coli,LpxH,N#CCc1ccc(-c2c(O)ccc3[nH]c(=O)c4sccc4c23)cc1,O=c1[nH]c2cccc(-c3ccccc3)c2c2ccsc12,332.38400000000007,4.181480000000001,4,2,True,7.92
CHEMBL3667210,CS(=O)(=O)N1CCN(c2ccc(-c3c(O)ccc4[nH]c(=O)c5sccc5c34)cc2)CC1,7.92,IC50,12.0,CHEMBL5855,E. coli,LpxH,CS(=O)(=O)N1CCN(c2ccc(-c3c(O)ccc4[nH]c(=O)c5sccc5c34)cc2)CC1,O=c1[nH]c2cccc(-c3ccc(N4CCNCC4)cc3)c2c2ccsc12,455.56100000000026,3.197000000000001,6,2,True,7.92
CHEMBL3672252,CC(N)c1ccc(-c2c(O)cc(Cl)c3[nH]c(=O)c4sccc4c23)cc1,7.92,IC50,12.0,CHEMBL5855,E. coli,LpxH,CC(N)c1ccc(-c2c(O)cc(Cl)c3[nH]c(=O)c4sccc4c23)cc1,O=c1[nH]c2cccc(-c3ccccc3)c2c2ccsc12,370.86100000000005,4.788500000000002,4,3,True,7.92
CHEMBL3672256,Cc1cc(O)c(-c2ccc(C(C)N)cc2)c2c1[nH]c(=O)c1sccc12,7.92,IC50,12.0,CHEMBL5855,E. coli,LpxH,Cc1cc(O)c(-c2ccc(C(C)N)cc2)c2c1[nH]c(=O)c1sccc12,O=c1[nH]c2cccc(-c3ccccc3)c2c2ccsc12,350.44300000000004,4.443520000000001,4,3,True,7.92
CHEMBL3672334,CN[C@H](C)c1ccc(-c2c(O)cc(C)c3[nH]c(=O)c4sccc4c23)cc1,7.92,IC50,12.0,CHEMBL5855,E. coli,LpxH,CN[C@H](C)c1ccc(-c2c(O)cc(C)c3[nH]c(=O)c4sccc4c23)cc1,O=c1[nH]c2cccc(-c3ccccc3)c2c2ccsc12,364.4700000000001,4.704220000000003,4,3,True,7.92
CHEMBL3672371,Cc1cc2c(s1)c(=O)[nH]c1c(C)cc(O)c(-c3ccc([C@@H](C)CN)cc3)c12,7.92,IC50,12.0,CHEMBL5855,E. coli,LpxH,Cc1cc2c(s1)c(=O)[nH]c1c(C)cc(O)c(-c3ccc([C@@H](C)CN)cc3)c12,O=c1[nH]c2cccc(-c3ccccc3)c2c2ccsc12,378.4970000000001,4.794440000000003,4,3,True,7.92
CHEMBL3667254,O=c1[nH]c2ccc(O)c(-c3ccc(S(=O)(=O)NCCBr)c(F)c3)c2c2ccsc12,7.89,IC50,13.0,CHEMBL5855,E. coli,LpxH,O=c1[nH]c2ccc(O)c(-c3ccc(S(=O)(=O)NCCBr)c(F)c3)c2c2ccsc12,O=c1[nH]c2cccc(-c3ccccc3)c2c2ccsc12,497.3670000000002,3.9277000000000015,5,3,True,7.89
CHEMBL3667262,N#Cc1ccc2[nH]c(=O)c3sccc3c2c1-c1ccc(CN)cc1,7.89,IC50,13.0,CHEMBL5855,E. coli,LpxH,N#Cc1ccc2[nH]c(=O)c3sccc3c2c1-c1ccc(CN)cc1,O=c1[nH]c2cccc(-c3ccccc3)c2c2ccsc12,331.4000000000001,3.7401800000000023,4,2,True,7.89
CHEMBL3672282,O=c1[nH]c2ccc(O)c(-c3ccc(S(=O)(=O)NCCCl)cc3)c2c2c1CCC2,7.89,IC50,13.0,CHEMBL5855,E. coli,LpxH,O=c1[nH]c2ccc(O)c(-c3ccc(S(=O)(=O)NCCCl)cc3)c2c2c1CCC2,O=c1[nH]c2cccc(-c3ccccc3)c2c2c1CCC2,418.9020000000003,2.906500000000001,4,3,True,7.89
CHEMBL3672291,CCC(C#N)c1ccc(-c2c(O)ccc3[nH]c(=O)c4sccc4c23)cc1,7.89,IC50,13.0,CHEMBL5855,E. coli,LpxH,CCC(C#N)c1ccc(-c2c(O)ccc3[nH]c(=O)c4sccc4c23)cc1,O=c1[nH]c2cccc(-c3ccccc3)c2c2ccsc12,360.43800000000005,5.1325800000000035,4,2,True,7.89
CHEMBL3672277,CN[C@H](C)c1ccc(-c2c(O)cc(Cl)c3[nH]c(=O)c4sccc4c23)cc1,7.85,IC50,14.0,CHEMBL5855,E. coli,LpxH,CN[C@H](C)c1ccc(-c2c(O)cc(Cl)c3[nH]c(=O)c4sccc4c23)cc1,O=c1[nH]c2cccc(-c3ccccc3)c2c2ccsc12,384.8880000000001,5.0492000000000035,4,3,True,7.85
CHEMBL3672357,Cc1cc(O)c(-c2ccc([C@H](C)CN)c(F)c2)c2c1[nH]c(=O)c1sccc12,7.85,IC50,14.0,CHEMBL5855,E. coli,LpxH,Cc1cc(O)c(-c2ccc([C@H](C)CN)c(F)c2)c2c1[nH]c(=O)c1sccc12,O=c1[nH]c2cccc(-c3ccccc3)c2c2ccsc12,382.46000000000004,4.625120000000002,4,3,True,7.85
CHEMBL3667238,N#CCc1ccc(-c2c(O)ccc3[nH]c(=O)c4sccc4c23)cc1F,7.82,IC50,15.0,CHEMBL5855,E. coli,LpxH,N#CCc1ccc(-c2c(O)ccc3[nH]c(=O)c4sccc4c23)cc1F,O=c1[nH]c2cccc(-c3ccccc3)c2c2ccsc12,350.3740000000001,4.3205800000000005,4,2,True,7.82
CHEMBL3672309,CC(CCl)NS(=O)(=O)c1ccc(-c2c(O)ccc3[nH]c(=O)c4sccc4c23)cc1,7.82,IC50,15.0,CHEMBL5855,E. coli,LpxH,CC(CCl)NS(=O)(=O)c1ccc(-c2c(O)ccc3[nH]c(=O)c4sccc4c23)cc1,O=c1[nH]c2cccc(-c3ccccc3)c2c2ccsc12,448.95300000000015,4.021000000000002,5,3,True,7.82
CHEMBL3672350,CCC(CN)c1ccc(-c2c(O)cc(C)c3[nH]c(=O)c4sccc4c23)cc1,7.82,IC50,15.0,CHEMBL5855,E. coli,LpxH,CCC(CN)c1ccc(-c2c(O)cc(C)c3[nH]c(=O)c4sccc4c23)cc1,O=c1[nH]c2cccc(-c3ccccc3)c2c2ccsc12,378.49700000000007,4.876120000000004,4,3,True,7.82
CHEMBL3672358,COc1cc(C)c2[nH]c(=O)c3sccc3c2c1-c1ccc([C@@H](C)CN)cc1,7.82,IC50,15.0,CHEMBL5855,E. coli,LpxH,COc1cc(C)c2[nH]c(=O)c3sccc3c2c1-c1ccc([C@@H](C)CN)cc1,O=c1[nH]c2cccc(-c3ccccc3)c2c2ccsc12,378.4970000000001,4.789020000000003,4,2,True,7.82
CHEMBL3667264,NCc1ccc(-c2c(O)cc(Cl)c3[nH]c(=O)c4sccc4c23)cc1,7.8,IC50,16.0,CHEMBL5855,E. coli,LpxH,NCc1ccc(-c2c(O)cc(Cl)c3[nH]c(=O)c4sccc4c23)cc1,O=c1[nH]c2cccc(-c3ccccc3)c2c2ccsc12,356.83400000000006,4.227500000000001,4,3,True,7.8
CHEMBL3672261,CCC(N)c1ccc(-c2c(O)cc(Cl)c3[nH]c(=O)c4sccc4c23)cc1,7.8,IC50,16.0,CHEMBL5855,E. coli,LpxH,CCC(N)c1ccc(-c2c(O)cc(Cl)c3[nH]c(=O)c4sccc4c23)cc1,O=c1[nH]c2cccc(-c3ccccc3)c2c2ccsc12,384.8880000000001,5.178600000000003,4,3,True,7.8
CHEMBL3672311,NCCc1cc(Cl)c(-c2c(O)cc(Cl)c3[nH]c(=O)c4sccc4c23)cc1O,7.8,IC50,16.0,CHEMBL5855,E. coli,LpxH,NCCc1cc(Cl)c(-c2c(O)cc(Cl)c3[nH]c(=O)c4sccc4c23)cc1O,O=c1[nH]c2cccc(-c3ccccc3)c2c2ccsc12,421.3050000000001,4.629000000000002,5,4,True,7.8
CHEMBL3672319,Cc1cc(O)c(-c2ccc([C@H](C)N)cc2)c2c1[nH]c(=O)c1sccc12,7.8,IC50,16.0,CHEMBL5855,E. coli,LpxH,Cc1cc(O)c(-c2ccc([C@H](C)N)cc2)c2c1[nH]c(=O)c1sccc12,O=c1[nH]c2cccc(-c3ccccc3)c2c2ccsc12,350.44300000000004,4.443520000000001,4,3,True,7.8
CHEMBL3672322,Cc1cc(O)c(-c2ccc([C@H](C)CN)cc2)c2c1[nH]c(=O)c1sccc12,7.8,IC50,16.0,CHEMBL5855,E. coli,LpxH,Cc1cc(O)c(-c2ccc([C@H](C)CN)cc2)c2c1[nH]c(=O)c1sccc12,O=c1[nH]c2cccc(-c3ccccc3)c2c2ccsc12,364.4700000000001,4.486020000000003,4,3,True,7.8
CHEMBL3672298,C[C@@H](CN)c1ccc(-c2c(O)cc(Br)c3[nH]c(=O)c4sccc4c23)cc1,7.77,IC50,17.0,CHEMBL5855,E. coli,LpxH,C[C@@H](CN)c1ccc(-c2c(O)cc(Br)c3[nH]c(=O)c4sccc4c23)cc1,O=c1[nH]c2cccc(-c3ccccc3)c2c2ccsc12,429.3390000000001,4.940100000000003,4,3,True,7.77
CHEMBL3672352,CNCC(c1ccc(-c2c(O)cc(C)c3[nH]c(=O)c4sccc4c23)cc1F)C(C)C,7.77,IC50,17.0,CHEMBL5855,E. coli,LpxH,CNCC(c1ccc(-c2c(O)cc(C)c3[nH]c(=O)c4sccc4c23)cc1F)C(C)C,O=c1[nH]c2cccc(-c3ccccc3)c2c2ccsc12,424.5410000000001,5.521920000000004,4,3,True,7.77
CHEMBL3672362,Cc1cc(O)c(-c2ccc([C@@H](C)CN(C)C)c(F)c2)c2c1[nH]c(=O)c1sccc12,7.77,IC50,17.0,CHEMBL5855,E. coli,LpxH,Cc1cc(O)c(-c2ccc([C@@H](C)CN(C)C)c(F)c2)c2c1[nH]c(=O)c1sccc12,O=c1[nH]c2cccc(-c3ccccc3)c2c2ccsc12,410.51400000000007,5.228020000000003,4,2,True,7.77
CHEMBL3672287,CC[C@@H](N)c1ccc(-c2c(O)cc(C)c3[nH]c(=O)c4sccc4c23)cc1,7.75,IC50,18.0,CHEMBL5855,E. coli,LpxH,CC[C@@H](N)c1ccc(-c2c(O)cc(C)c3[nH]c(=O)c4sccc4c23)cc1,O=c1[nH]c2cccc(-c3ccccc3)c2c2ccsc12,364.4700000000001,4.8336200000000025,4,3,True,7.75
CHEMBL3672341,Cc1cc(O)c(-c2ccc(C(CN)C(C)C)cc2)c2c1[nH]c(=O)c1sccc12,7.75,IC50,18.0,CHEMBL5855,E. coli,LpxH,Cc1cc(O)c(-c2ccc(C(CN)C(C)C)cc2)c2c1[nH]c(=O)c1sccc12,O=c1[nH]c2cccc(-c3ccccc3)c2c2ccsc12,392.52400000000006,5.122120000000003,4,3,True,7.75
CHEMBL3672260,CN[C@@H](C)c1ccc(-c2c(O)cc(Cl)c3[nH]c(=O)c4sccc4c23)cc1,7.72,IC50,19.0,CHEMBL5855,E. coli,LpxH,CN[C@@H](C)c1ccc(-c2c(O)cc(Cl)c3[nH]c(=O)c4sccc4c23)cc1,O=c1[nH]c2cccc(-c3ccccc3)c2c2ccsc12,384.8880000000001,5.0492000000000035,4,3,True,7.72
CHEMBL3672305,Cc1cc(O)c(-c2ccc(CCN)cc2)c2c1[nH]c(=O)c1sccc12,7.72,IC50,19.0,CHEMBL5855,E. coli,LpxH,Cc1cc(O)c(-c2ccc(CCN)cc2)c2c1[nH]c(=O)c1sccc12,O=c1[nH]c2cccc(-c3ccccc3)c2c2ccsc12,350.44300000000004,3.9250200000000017,4,3,True,7.72
CHEMBL3672312,NCCc1ccc(-c2c(O)cc(Br)c3[nH]c(=O)c4sccc4c23)cc1F,7.72,IC50,19.0,CHEMBL5855,E. coli,LpxH,NCCc1ccc(-c2c(O)cc(Br)c3[nH]c(=O)c4sccc4c23)cc1F,O=c1[nH]c2cccc(-c3ccccc3)c2c2ccsc12,433.3020000000001,4.518200000000001,4,3,True,7.72
CHEMBL3672363,CCC(CN)c1ccc(-c2c(O)cc(Cl)c3[nH]c(=O)c4sccc4c23)cc1,7.72,IC50,19.0,CHEMBL5855,E. coli,LpxH,CCC(CN)c1ccc(-c2c(O)cc(Cl)c3[nH]c(=O)c4sccc4c23)cc1,O=c1[nH]c2cccc(-c3ccccc3)c2c2ccsc12,398.91500000000013,5.221100000000003,4,3,True,7.72
CHEMBL3672278,NCCc1ccc(-c2c(O)cc(Cl)c3[nH]c(=O)c4sccc4c23)cc1,7.7,IC50,20.0,CHEMBL5855,E. coli,LpxH,NCCc1ccc(-c2c(O)cc(Cl)c3[nH]c(=O)c4sccc4c23)cc1,O=c1[nH]c2cccc(-c3ccccc3)c2c2ccsc12,370.86100000000005,4.270000000000001,4,3,True,7.7
CHEMBL3672308,COc1cc(Cl)c2[nH]c(=O)c3sccc3c2c1-c1ccc([C@@H](C)CN)cc1,7.7,IC50,20.0,CHEMBL5855,E. coli,LpxH,COc1cc(Cl)c2[nH]c(=O)c3sccc3c2c1-c1ccc([C@@H](C)CN)cc1,O=c1[nH]c2cccc(-c3ccccc3)c2c2ccsc12,398.9150000000002,5.134000000000004,4,2,True,7.7
CHEMBL3672348,Cc1cc(O)c(-c2ccc(C(CN)C(C)C)c(F)c2)c2c1[nH]c(=O)c1sccc12,7.7,IC50,20.0,CHEMBL5855,E. coli,LpxH,Cc1cc(O)c(-c2ccc(C(CN)C(C)C)c(F)c2)c2c1[nH]c(=O)c1sccc12,O=c1[nH]c2cccc(-c3ccccc3)c2c2ccsc12,410.51400000000007,5.261220000000003,4,3,True,7.7
CHEMBL3667228,COc1ccc2[nH]c(=O)c3sccc3c2c1-c1ccc(C(C)N2CCCC2)cc1,7.68,IC50,21.0,CHEMBL5855,E. coli,LpxH,COc1ccc2[nH]c(=O)c3sccc3c2c1-c1ccc(C(C)N2CCCC2)cc1,O=c1[nH]c2cccc(-c3ccc(CN4CCCC4)cc3)c2c2ccsc12,404.53500000000025,5.575200000000005,4,1,True,7.68
CHEMBL3667216,COc1ccc2[nH]c(=O)c3sccc3c2c1-c1ccc(CCN)cc1,7.66,IC50,22.0,CHEMBL5855,E. coli,LpxH,COc1ccc2[nH]c(=O)c3sccc3c2c1-c1ccc(CCN)cc1,O=c1[nH]c2cccc(-c3ccccc3)c2c2ccsc12,350.44300000000015,3.9196000000000017,4,2,True,7.66
CHEMBL3672268,NCC1(c2ccc(-c3c(O)cc(Cl)c4[nH]c(=O)c5sccc5c34)cc2)CC1,7.66,IC50,22.0,CHEMBL5855,E. coli,LpxH,NCC1(c2ccc(-c3c(O)cc(Cl)c4[nH]c(=O)c5sccc5c34)cc2)CC1,O=c1[nH]c2cccc(-c3ccc(C4CC4)cc3)c2c2ccsc12,396.89900000000017,4.759100000000002,4,3,True,7.66
CHEMBL3672343,Cc1cc(O)c(-c2ccc(C(C)(C)CN)c(F)c2)c2c1[nH]c(=O)c1sccc12,7.66,IC50,22.0,CHEMBL5855,E. coli,LpxH,Cc1cc(O)c(-c2ccc(C(C)(C)CN)c(F)c2)c2c1[nH]c(=O)c1sccc12,O=c1[nH]c2cccc(-c3ccccc3)c2c2ccsc12,396.4870000000001,4.799220000000003,4,3,True,7.66
CHEMBL3672366,COc1cc(C)c2[nH]c(=O)c3sccc3c2c1-c1ccc([C@@H](C)CN)c(F)c1,7.66,IC50,22.0,CHEMBL5855,E. coli,LpxH,COc1cc(C)c2[nH]c(=O)c3sccc3c2c1-c1ccc([C@@H](C)CN)c(F)c1,O=c1[nH]c2cccc(-c3ccccc3)c2c2ccsc12,396.48700000000014,4.928120000000004,4,2,True,7.66
CHEMBL3672379,COc1cc(C)c2[nH]c(=O)c3sc(F)cc3c2c1-c1ccc([C@@H](C)CN)cc1,7.66,IC50,22.0,CHEMBL5855,E. coli,LpxH,COc1cc(C)c2[nH]c(=O)c3sc(F)cc3c2c1-c1ccc([C@@H](C)CN)cc1,O=c1[nH]c2cccc(-c3ccccc3)c2c2ccsc12,396.48700000000014,4.928120000000004,4,2,True,7.66
CHEMBL3667231,CC(c1ccc(-c2c(O)cc(F)c3[nH]c(=O)c4sccc4c23)cc1)N(C)C,7.64,IC50,23.0,CHEMBL5855,E. coli,LpxH,CC(c1ccc(-c2c(O)cc(F)c3[nH]c(=O)c4sccc4c23)cc1)N(C)C,O=c1[nH]c2cccc(-c3ccccc3)c2c2ccsc12,382.4600000000001,4.877100000000004,4,2,True,7.64
CHEMBL3667253,CC(=O)c1ccc(-c2c(O)ccc3[nH]c(=O)c4sccc4c23)cc1,7.64,IC50,23.0,CHEMBL5855,E. coli,LpxH,CC(=O)c1ccc(-c2c(O)ccc3[nH]c(=O)c4sccc4c23)cc1,O=c1[nH]c2cccc(-c3ccccc3)c2c2ccsc12,335.38400000000007,4.318000000000001,4,2,True,7.64
CHEMBL3672231,O=c1[nH]c2ccc(O)c(-c3ccc(S(=O)(=O)NCCCl)cc3)c2c2ccsc12,7.64,IC50,23.0,CHEMBL5855,E. coli,LpxH,O=c1[nH]c2ccc(O)c(-c3ccc(S(=O)(=O)NCCCl)cc3)c2c2ccsc12,O=c1[nH]c2cccc(-c3ccccc3)c2c2ccsc12,434.9260000000002,3.632500000000002,5,3,True,7.64
CHEMBL3672324,COc1ccc2[nH]c(=O)c3sccc3c2c1-c1ccc(C(CN)C2CCCC2)cc1,7.64,IC50,23.0,CHEMBL5855,E. coli,LpxH,COc1ccc2[nH]c(=O)c3sccc3c2c1-c1ccc(C(CN)C2CCCC2)cc1,O=c1[nH]c2cccc(-c3ccc(CC4CCCC4)cc3)c2c2ccsc12,418.5620000000003,5.650900000000005,4,2,True,7.64
CHEMBL3672332,CNCCc1ccc(-c2c(O)cc(C)c3[nH]c(=O)c4sccc4c23)cc1F,7.6,IC50,25.0,CHEMBL5855,E. coli,LpxH,CNCCc1ccc(-c2c(O)cc(C)c3[nH]c(=O)c4sccc4c23)cc1F,O=c1[nH]c2cccc(-c3ccccc3)c2c2ccsc12,382.4600000000001,4.3248200000000026,4,3,True,7.6
CHEMBL3667237,COc1cc(F)c2[nH]c(=O)c3sccc3c2c1-c1ccc(CN)cc1,7.58,IC50,26.0,CHEMBL5855,E. coli,LpxH,COc1cc(F)c2[nH]c(=O)c3sccc3c2c1-c1ccc(CN)cc1,O=c1[nH]c2cccc(-c3ccccc3)c2c2ccsc12,354.4060000000001,4.016200000000002,4,2,True,7.58
CHEMBL3672288,CC[C@@H](N)c1ccc(-c2c(O)cc(Cl)c3[nH]c(=O)c4sccc4c23)cc1,7.58,IC50,26.0,CHEMBL5855,E. coli,LpxH,CC[C@@H](N)c1ccc(-c2c(O)cc(Cl)c3[nH]c(=O)c4sccc4c23)cc1,O=c1[nH]c2cccc(-c3ccccc3)c2c2ccsc12,384.8880000000001,5.178600000000003,4,3,True,7.58
CHEMBL3672279,CN[C@H](C)c1ccc(-c2c(O)cc(Br)c3[nH]c(=O)c4sccc4c23)cc1,7.52,IC50,30.0,CHEMBL5855,E. coli,LpxH,CN[C@H](C)c1ccc(-c2c(O)cc(Br)c3[nH]c(=O)c4sccc4c23)cc1,O=c1[nH]c2cccc(-c3ccccc3)c2c2ccsc12,429.3390000000001,5.158300000000004,4,3,True,7.52
CHEMBL3667213,COc1ccc2[nH]c(=O)c3sccc3c2c1/C=C/CN1CCC(N)CC1,7.51,IC50,31.0,CHEMBL5855,E. coli,LpxH,COc1ccc2[nH]c(=O)c3sccc3c2c1/C=C/CN1CCC(N)CC1,O=c1[nH]c2cccc(C=CCN3CCCCC3)c2c2ccsc12,369.49000000000024,3.1877000000000013,5,2,True,7.51
CHEMBL3667244,NCc1ccc(-c2c(O)cc(Br)c3[nH]c(=O)c4sccc4c23)cc1,7.51,IC50,31.0,CHEMBL5855,E. coli,LpxH,NCc1ccc(-c2c(O)cc(Br)c3[nH]c(=O)c4sccc4c23)cc1,O=c1[nH]c2cccc(-c3ccccc3)c2c2ccsc12,401.28500000000014,4.336600000000002,4,3,True,7.51
CHEMBL3672232,COc1ccc2[nH]c(=O)c3sccc3c2c1-c1ccc(S(=O)(=O)NCCF)cc1,7.51,IC50,31.0,CHEMBL5855,E. coli,LpxH,COc1ccc2[nH]c(=O)c3sccc3c2c1-c1ccc(S(=O)(=O)NCCF)cc1,O=c1[nH]c2cccc(-c3ccccc3)c2c2ccsc12,432.49800000000016,3.6662000000000017,5,2,True,7.51
CHEMBL3672254,CC(CBr)NS(=O)(=O)c1ccc(-c2c(O)ccc3[nH]c(=O)c4sccc4c23)cc1,7.51,IC50,31.0,CHEMBL5855,E. coli,LpxH,CC(CBr)NS(=O)(=O)c1ccc(-c2c(O)ccc3[nH]c(=O)c4sccc4c23)cc1,O=c1[nH]c2cccc(-c3ccccc3)c2c2ccsc12,493.4040000000002,4.177100000000002,5,3,True,7.51
CHEMBL3672247,N#CC1(c2ccc(-c3c(O)ccc4[nH]c(=O)c5sccc5c34)cc2)CC1,7.5,IC50,32.0,CHEMBL5855,E. coli,LpxH,N#CC1(c2ccc(-c3c(O)ccc4[nH]c(=O)c5sccc5c34)cc2)CC1,O=c1[nH]c2cccc(-c3ccc(C4CC4)cc3)c2c2ccsc12,358.42200000000014,4.670580000000002,4,2,True,7.5
CHEMBL3672354,CNC[C@H](C)c1ccc(-c2c(OC)cc(C)c3[nH]c(=O)c4sccc4c23)cc1,7.5,IC50,32.0,CHEMBL5855,E. coli,LpxH,CNC[C@H](C)c1ccc(-c2c(OC)cc(C)c3[nH]c(=O)c4sccc4c23)cc1,O=c1[nH]c2cccc(-c3ccccc3)c2c2ccsc12,392.5240000000001,5.049720000000004,4,2,True,7.5
CHEMBL3672369,Cc1cc(O)c(-c2ccc([C@@H](C)CN(C)C)cc2)c2c1[nH]c(=O)c1sccc12,7.5,IC50,32.0,CHEMBL5855,E. coli,LpxH,Cc1cc(O)c(-c2ccc([C@@H](C)CN(C)C)cc2)c2c1[nH]c(=O)c1sccc12,O=c1[nH]c2cccc(-c3ccccc3)c2c2ccsc12,392.52400000000006,5.088920000000003,4,2,True,7.5
CHEMBL3672264,CC(=O)Oc1ccc2[nH]c(=O)c3sccc3c2c1-c1ccc(C(C)N)cc1,7.48,IC50,33.0,CHEMBL5855,E. coli,LpxH,CC(=O)Oc1ccc2[nH]c(=O)c3sccc3c2c1-c1ccc(C(C)N)cc1,O=c1[nH]c2cccc(-c3ccccc3)c2c2ccsc12,378.45300000000015,4.354800000000003,5,2,True,7.48
CHEMBL3672272,C[C@@H](N)c1ccc(-c2c(O)cc(Br)c3[nH]c(=O)c4sccc4c23)cc1,7.48,IC50,33.0,CHEMBL5855,E. coli,LpxH,C[C@@H](N)c1ccc(-c2c(O)cc(Br)c3[nH]c(=O)c4sccc4c23)cc1,O=c1[nH]c2cccc(-c3ccccc3)c2c2ccsc12,415.31200000000007,4.897600000000003,4,3,True,7.48
CHEMBL3672300,C[C@H](CN)c1ccc(-c2c(O)cc(Cl)c3[nH]c(=O)c4sccc4c23)cc1,7.48,IC50,33.0,CHEMBL5855,E. coli,LpxH,C[C@H](CN)c1ccc(-c2c(O)cc(Cl)c3[nH]c(=O)c4sccc4c23)cc1,O=c1[nH]c2cccc(-c3ccccc3)c2c2ccsc12,384.8880000000001,4.831000000000003,4,3,True,7.48
CHEMBL3672335,COc1cc(C)c2[nH]c(=O)c3sccc3c2c1-c1ccc(CCN)c(Cl)c1,7.48,IC50,33.0,CHEMBL5855,E. coli,LpxH,COc1cc(C)c2[nH]c(=O)c3sccc3c2c1-c1ccc(CCN)c(Cl)c1,O=c1[nH]c2cccc(-c3ccccc3)c2c2ccsc12,398.9150000000002,4.881420000000004,4,2,True,7.48
CHEMBL3672365,CNC[C@H](C)c1ccc(-c2c(OC)cc(C)c3[nH]c(=O)c4sccc4c23)cc1F,7.48,IC50,33.0,CHEMBL5855,E. coli,LpxH,CNC[C@H](C)c1ccc(-c2c(OC)cc(C)c3[nH]c(=O)c4sccc4c23)cc1F,O=c1[nH]c2cccc(-c3ccccc3)c2c2ccsc12,410.5140000000001,5.188820000000004,4,2,True,7.48
CHEMBL3672239,CC(c1ccc(-c2c(O)c(F)c(F)c3[nH]c(=O)c4sccc4c23)cc1)N(C)C,7.47,IC50,34.0,CHEMBL5855,E. coli,LpxH,CC(c1ccc(-c2c(O)c(F)c(F)c3[nH]c(=O)c4sccc4c23)cc1)N(C)C,O=c1[nH]c2cccc(-c3ccccc3)c2c2ccsc12,400.45000000000005,5.016200000000003,4,2,True,7.47
CHEMBL3672325,Cc1cc(O)c(-c2ccc(CC(C)N)cc2)c2c1[nH]c(=O)c1sccc12,7.43,IC50,37.0,CHEMBL5855,E. coli,LpxH,Cc1cc(O)c(-c2ccc(CC(C)N)cc2)c2c1[nH]c(=O)c1sccc12,O=c1[nH]c2cccc(-c3ccccc3)c2c2ccsc12,364.4700000000001,4.313520000000002,4,3,True,7.43
CHEMBL3672372,COc1cc(C)c2[nH]c(=O)c3sc(C)cc3c2c1-c1ccc([C@@H](C)CN)cc1,7.42,IC50,38.0,CHEMBL5855,E. coli,LpxH,COc1cc(C)c2[nH]c(=O)c3sc(C)cc3c2c1-c1ccc([C@@H](C)CN)cc1,O=c1[nH]c2cccc(-c3ccccc3)c2c2ccsc12,392.52400000000017,5.097440000000004,4,2,True,7.42
CHEMBL3672321,Cc1cc(O)c(-c2ccc(C(C)(C)CN)cc2)c2c1[nH]c(=O)c1sccc12,7.41,IC50,39.0,CHEMBL5855,E. coli,LpxH,Cc1cc(O)c(-c2ccc(C(C)(C)CN)cc2)c2c1[nH]c(=O)c1sccc12,O=c1[nH]c2cccc(-c3ccccc3)c2c2ccsc12,378.497,4.660120000000003,4,3,True,7.41
CHEMBL3672340,COc1cc(C)c2[nH]c(=O)c3sccc3c2c1-c1ccc(C(C)CN)c(F)c1,7.4,IC50,40.0,CHEMBL5855,E. coli,LpxH,COc1cc(C)c2[nH]c(=O)c3sccc3c2c1-c1ccc(C(C)CN)c(F)c1,O=c1[nH]c2cccc(-c3ccccc3)c2c2ccsc12,396.48700000000014,4.928120000000004,4,2,True,7.4
CHEMBL3672374,CC[C@@H](CN)c1ccc(-c2c(O)cc(C)c3[nH]c(=O)c4sccc4c23)cc1,7.4,IC50,40.0,CHEMBL5855,E. coli,LpxH,CC[C@@H](CN)c1ccc(-c2c(O)cc(C)c3[nH]c(=O)c4sccc4c23)cc1,O=c1[nH]c2cccc(-c3ccccc3)c2c2ccsc12,378.49700000000007,4.876120000000004,4,3,True,7.4
CHEMBL3672265,CC(N)Cc1ccc(-c2c(O)cc(Cl)c3[nH]c(=O)c4sccc4c23)cc1,7.39,IC50,41.0,CHEMBL5855,E. coli,LpxH,CC(N)Cc1ccc(-c2c(O)cc(Cl)c3[nH]c(=O)c4sccc4c23)cc1,O=c1[nH]c2cccc(-c3ccccc3)c2c2ccsc12,384.8880000000001,4.658500000000002,4,3,True,7.39
CHEMBL3672273,C[C@H](c1ccc(-c2c(O)cc(Cl)c3[nH]c(=O)c4sccc4c23)cc1)N(C)C,7.38,IC50,42.0,CHEMBL5855,E. coli,LpxH,C[C@H](c1ccc(-c2c(O)cc(Cl)c3[nH]c(=O)c4sccc4c23)cc1)N(C)C,O=c1[nH]c2cccc(-c3ccccc3)c2c2ccsc12,398.9150000000001,5.3914000000000035,4,2,True,7.38
CHEMBL3672347,CNCC(C)c1ccc(-c2c(OC)cc(C)c3[nH]c(=O)c4sccc4c23)cc1F,7.37,IC50,43.0,CHEMBL5855,E. coli,LpxH,CNCC(C)c1ccc(-c2c(OC)cc(C)c3[nH]c(=O)c4sccc4c23)cc1F,O=c1[nH]c2cccc(-c3ccccc3)c2c2ccsc12,410.5140000000001,5.188820000000004,4,2,True,7.37
CHEMBL3672373,C[C@@H](CN(C)C)c1ccc(-c2c(O)cc(Cl)c3[nH]c(=O)c4sccc4c23)cc1,7.37,IC50,43.0,CHEMBL5855,E. coli,LpxH,C[C@@H](CN(C)C)c1ccc(-c2c(O)cc(Cl)c3[nH]c(=O)c4sccc4c23)cc1,O=c1[nH]c2cccc(-c3ccccc3)c2c2ccsc12,412.94200000000006,5.433900000000005,4,2,True,7.37
CHEMBL3667257,CN(C)S(=O)(=O)c1ccc(-c2c(O)ccc3[nH]c(=O)c4sccc4c23)cc1,7.35,IC50,45.0,CHEMBL5855,E. coli,LpxH,CN(C)S(=O)(=O)c1ccc(-c2c(O)ccc3[nH]c(=O)c4sccc4c23)cc1,O=c1[nH]c2cccc(-c3ccccc3)c2c2ccsc12,400.48100000000017,3.365700000000002,5,2,True,7.35
CHEMBL3672281,NCCc1ccc(-c2c(O)cc(Br)c3[nH]c(=O)c4sccc4c23)cc1,7.35,IC50,45.0,CHEMBL5855,E. coli,LpxH,NCCc1ccc(-c2c(O)cc(Br)c3[nH]c(=O)c4sccc4c23)cc1,O=c1[nH]c2cccc(-c3ccccc3)c2c2ccsc12,415.31200000000007,4.379100000000001,4,3,True,7.35
CHEMBL3672326,CNCCc1ccc(-c2c(O)cc(Br)c3[nH]c(=O)c4sccc4c23)cc1F,7.35,IC50,45.0,CHEMBL5855,E. coli,LpxH,CNCCc1ccc(-c2c(O)cc(Br)c3[nH]c(=O)c4sccc4c23)cc1F,O=c1[nH]c2cccc(-c3ccccc3)c2c2ccsc12,447.3290000000001,4.778900000000003,4,3,True,7.35
CHEMBL3672306,Cc1cc(O)c(-c2ccc(C(C)CN(C)C)c(F)c2)c2c1[nH]c(=O)c1sccc12,7.34,IC50,46.0,CHEMBL5855,E. coli,LpxH,Cc1cc(O)c(-c2ccc(C(C)CN(C)C)c(F)c2)c2c1[nH]c(=O)c1sccc12,O=c1[nH]c2cccc(-c3ccccc3)c2c2ccsc12,410.51400000000007,5.228020000000003,4,2,True,7.34
CHEMBL3667212,CCN(CC)CCNCCCOc1ccc(-c2c(OC)ccc3[nH]c(=O)c4sccc4c23)cc1,7.33,IC50,47.0,CHEMBL5855,E. coli,LpxH,CCN(CC)CCNCCCOc1ccc(-c2c(OC)ccc3[nH]c(=O)c4sccc4c23)cc1,O=c1[nH]c2cccc(-c3ccccc3)c2c2ccsc12,479.6460000000002,5.118700000000004,6,2,True,7.33
CHEMBL3672251,CC(N)c1ccc(-c2c(O)cc(Br)c3[nH]c(=O)c4sccc4c23)cc1,7.33,IC50,47.0,CHEMBL5855,E. coli,LpxH,CC(N)c1ccc(-c2c(O)cc(Br)c3[nH]c(=O)c4sccc4c23)cc1,O=c1[nH]c2cccc(-c3ccccc3)c2c2ccsc12,415.31200000000007,4.897600000000003,4,3,True,7.33
CHEMBL3672284,CC[C@@H](N)c1ccc(-c2c(O)cc(Br)c3[nH]c(=O)c4sccc4c23)cc1,7.33,IC50,47.0,CHEMBL5855,E. coli,LpxH,CC[C@@H](N)c1ccc(-c2c(O)cc(Br)c3[nH]c(=O)c4sccc4c23)cc1,O=c1[nH]c2cccc(-c3ccccc3)c2c2ccsc12,429.3390000000001,5.287700000000004,4,3,True,7.33
CHEMBL3672345,COc1cc(C)c2[nH]c(=O)c3sccc3c2c1-c1ccc(C(CN)C(C)C)c(F)c1,7.33,IC50,47.0,CHEMBL5855,E. coli,LpxH,COc1cc(C)c2[nH]c(=O)c3sccc3c2c1-c1ccc(C(CN)C(C)C)c(F)c1,O=c1[nH]c2cccc(-c3ccccc3)c2c2ccsc12,424.54100000000017,5.564220000000005,4,2,True,7.33
CHEMBL3672346,CNCC(c1ccc(-c2c(O)cc(C)c3[nH]c(=O)c4sccc4c23)cc1)C(C)C,7.3,IC50,50.0,CHEMBL5855,E. coli,LpxH,CNCC(c1ccc(-c2c(O)cc(C)c3[nH]c(=O)c4sccc4c23)cc1)C(C)C,O=c1[nH]c2cccc(-c3ccccc3)c2c2ccsc12,406.5510000000001,5.382820000000004,4,3,True,7.3
CHEMBL3672385,NCC1(c2ccc(-c3c(O)cc(Br)c4[nH]c(=O)c5sccc5c34)cc2)CC1,7.29,IC50,51.0,CHEMBL5855,E. coli,LpxH,NCC1(c2ccc(-c3c(O)cc(Br)c4[nH]c(=O)c5sccc5c34)cc2)CC1,O=c1[nH]c2cccc(-c3ccc(C4CC4)cc3)c2c2ccsc12,441.3500000000002,4.868200000000002,4,3,True,7.29
CHEMBL3672361,COc1cc(C)c2[nH]c(=O)c3sccc3c2c1-c1ccc([C@H](C)CN)c(F)c1,7.27,IC50,54.0,CHEMBL5855,E. coli,LpxH,COc1cc(C)c2[nH]c(=O)c3sccc3c2c1-c1ccc([C@H](C)CN)c(F)c1,O=c1[nH]c2cccc(-c3ccccc3)c2c2ccsc12,396.48700000000014,4.928120000000004,4,2,True,7.27
CHEMBL3672328,COc1cc(C)c2[nH]c(=O)c3sccc3c2c1-c1ccc(C2(CN)CC2)cc1,7.26,IC50,55.0,CHEMBL5855,E. coli,LpxH,COc1cc(C)c2[nH]c(=O)c3sccc3c2c1-c1ccc(C2(CN)CC2)cc1,O=c1[nH]c2cccc(-c3ccc(C4CC4)cc3)c2c2ccsc12,390.5080000000002,4.717120000000004,4,2,True,7.26
CHEMBL3672377,CNCCc1ccc(-c2c(O)cc(C)c3[nH]c(=O)c4sccc4c23)cc1,7.26,IC50,55.0,CHEMBL5855,E. coli,LpxH,CNCCc1ccc(-c2c(O)cc(C)c3[nH]c(=O)c4sccc4c23)cc1,O=c1[nH]c2cccc(-c3ccccc3)c2c2ccsc12,364.4700000000001,4.1857200000000025,4,3,True,7.26
CHEMBL3672293,CNCCc1ccc(-c2c(O)cc(Cl)c3[nH]c(=O)c4sccc4c23)cc1,7.24,IC50,58.0,CHEMBL5855,E. coli,LpxH,CNCCc1ccc(-c2c(O)cc(Cl)c3[nH]c(=O)c4sccc4c23)cc1,O=c1[nH]c2cccc(-c3ccccc3)c2c2ccsc12,384.8880000000001,4.530700000000002,4,3,True,7.24
CHEMBL3672314,COc1cc(C)c2[nH]c(=O)c3sccc3c2c1-c1ccc(CCN)c(F)c1,7.24,IC50,57.0,CHEMBL5855,E. coli,LpxH,COc1cc(C)c2[nH]c(=O)c3sccc3c2c1-c1ccc(CCN)c(F)c1,O=c1[nH]c2cccc(-c3ccccc3)c2c2ccsc12,382.46000000000015,4.367120000000003,4,2,True,7.24
CHEMBL3672383,Cc1cc(O)c(-c2ccc([C@H](C)CN(C)C)c(F)c2)c2c1[nH]c(=O)c1sccc12,7.24,IC50,58.0,CHEMBL5855,E. coli,LpxH,Cc1cc(O)c(-c2ccc([C@H](C)CN(C)C)c(F)c2)c2c1[nH]c(=O)c1sccc12,O=c1[nH]c2cccc(-c3ccccc3)c2c2ccsc12,410.51400000000007,5.228020000000003,4,2,True,7.24
CHEMBL3672313,CNC[C@@H](C)c1ccc(-c2c(O)cc(C)c3[nH]c(=O)c4sccc4c23)cc1,7.22,IC50,60.0,CHEMBL5855,E. coli,LpxH,CNC[C@@H](C)c1ccc(-c2c(O)cc(C)c3[nH]c(=O)c4sccc4c23)cc1,O=c1[nH]c2cccc(-c3ccccc3)c2c2ccsc12,378.49700000000007,4.746720000000003,4,3,True,7.22
CHEMBL3672384,Cc1cc(O)c(-c2ccc(N(C)CCN)cc2)c2c1[nH]c(=O)c1sccc12,7.22,IC50,60.0,CHEMBL5855,E. coli,LpxH,Cc1cc(O)c(-c2ccc(N(C)CCN)cc2)c2c1[nH]c(=O)c1sccc12,O=c1[nH]c2cccc(-c3ccccc3)c2c2ccsc12,379.485,3.8187200000000017,5,3,True,7.22
CHEMBL3672342,CCC(CN)c1ccc(-c2c(OC)cc(C)c3[nH]c(=O)c4sccc4c23)cc1,7.2,IC50,63.0,CHEMBL5855,E. coli,LpxH,CCC(CN)c1ccc(-c2c(OC)cc(C)c3[nH]c(=O)c4sccc4c23)cc1,O=c1[nH]c2cccc(-c3ccccc3)c2c2ccsc12,392.5240000000001,5.179120000000005,4,2,True,7.2
CHEMBL5082392,COC(=O)c1cccc(-c2cnc3[nH]cc(-c4cncnc4)c3c2)c1,7.2,IC50,62.5,CHEMBL5855,E. coli,LpxH,COC(=O)c1cccc(-c2cnc3[nH]cc(-c4cncnc4)c3c2)c1,c1ccc(-c2cnc3[nH]cc(-c4cncnc4)c3c2)cc1,330.34700000000004,3.4735000000000014,5,1,True,7.2
CHEMBL3672337,CN[C@H](C)c1ccc(-c2c(OC)cc(C)c3[nH]c(=O)c4sccc4c23)cc1,7.17,IC50,67.0,CHEMBL5855,E. coli,LpxH,CN[C@H](C)c1ccc(-c2c(OC)cc(C)c3[nH]c(=O)c4sccc4c23)cc1,O=c1[nH]c2cccc(-c3ccccc3)c2c2ccsc12,378.49700000000007,5.007220000000004,4,2,True,7.17
CHEMBL3639711,COc1ccc2[nH]c(=O)c3sccc3c2c1-c1ccc(S(=O)(=O)NCCCl)cc1,7.16,IC50,70.0,CHEMBL5855,E. coli,LpxH,COc1ccc2[nH]c(=O)c3sccc3c2c1-c1ccc(S(=O)(=O)NCCCl)cc1,O=c1[nH]c2cccc(-c3ccccc3)c2c2ccsc12,448.9530000000002,3.935500000000002,5,2,True,7.16
CHEMBL3672382,COc1cc(Br)c2[nH]c(=O)c3sccc3c2c1-c1ccc(C2(CN)CC2)cc1,7.16,IC50,70.0,CHEMBL5855,E. coli,LpxH,COc1cc(Br)c2[nH]c(=O)c3sccc3c2c1-c1ccc(C2(CN)CC2)cc1,O=c1[nH]c2cccc(-c3ccc(C4CC4)cc3)c2c2ccsc12,455.3770000000003,5.171200000000004,4,2,True,7.16
CHEMBL3672327,CC(C)(CN)c1ccc(-c2c(O)cc(Br)c3[nH]c(=O)c4sccc4c23)cc1,7.14,IC50,72.0,CHEMBL5855,E. coli,LpxH,CC(C)(CN)c1ccc(-c2c(O)cc(Br)c3[nH]c(=O)c4sccc4c23)cc1,O=c1[nH]c2cccc(-c3ccccc3)c2c2ccsc12,443.36600000000016,5.114200000000004,4,3,True,7.14
CHEMBL3672257,CC(C)OC(=O)Oc1ccc2[nH]c(=O)c3sccc3c2c1-c1ccc(C(C)N)cc1,7.12,IC50,76.0,CHEMBL5855,E. coli,LpxH,CC(C)OC(=O)Oc1ccc2[nH]c(=O)c3sccc3c2c1-c1ccc(C(C)N)cc1,O=c1[nH]c2cccc(-c3ccccc3)c2c2ccsc12,422.5060000000002,5.353300000000004,6,2,True,7.12
CHEMBL3672333,CC(C)(CN)c1ccc(-c2c(O)cc(Cl)c3[nH]c(=O)c4sccc4c23)cc1,7.12,IC50,75.0,CHEMBL5855,E. coli,LpxH,CC(C)(CN)c1ccc(-c2c(O)cc(Cl)c3[nH]c(=O)c4sccc4c23)cc1,O=c1[nH]c2cccc(-c3ccccc3)c2c2ccsc12,398.91500000000013,5.005100000000003,4,3,True,7.12
CHEMBL3672356,Cc1cc(O)c(-c2ccc(C3CCCNC3)cc2)c2c1[nH]c(=O)c1sccc12,7.12,IC50,75.0,CHEMBL5855,E. coli,LpxH,Cc1cc(O)c(-c2ccc(C3CCCNC3)cc2)c2c1[nH]c(=O)c1sccc12,O=c1[nH]c2cccc(-c3ccc(C4CCCNC4)cc3)c2c2ccsc12,390.50800000000004,4.890820000000002,4,3,True,7.12
CHEMBL3639712,CCN(C)C[C@H](C)c1ccc(-c2c(O)cc(C)c3[nH]c(=O)c4sccc4c23)cc1,7.12,IC50,76.0,CHEMBL5855,E. coli,LpxH,CCN(C)C[C@H](C)c1ccc(-c2c(O)cc(C)c3[nH]c(=O)c4sccc4c23)cc1,O=c1[nH]c2cccc(-c3ccccc3)c2c2ccsc12,406.5510000000001,5.4790200000000056,4,2,True,7.12
CHEMBL3667201,N[C@H]1CCN(c2ccc3[nH]c(=O)c4sc(-c5ccc(O)cc5)cc4c3c2)C1,7.11,IC50,78.0,CHEMBL5855,E. coli,LpxH,N[C@H]1CCN(c2ccc3[nH]c(=O)c4sc(-c5ccc(O)cc5)cc4c3c2)C1,O=c1[nH]c2ccc(N3CCCC3)cc2c2cc(-c3ccccc3)sc12,377.4690000000001,3.652800000000002,5,3,True,7.11
CHEMBL3667230,COc1cc(F)c2[nH]c(=O)c3sccc3c2c1-c1ccc(CCN(C)C)cc1,7.09,IC50,82.0,CHEMBL5855,E. coli,LpxH,COc1cc(F)c2[nH]c(=O)c3sccc3c2c1-c1ccc(CCN(C)C)cc1,O=c1[nH]c2cccc(-c3ccccc3)c2c2ccsc12,396.4870000000002,4.661600000000004,4,1,True,7.09
CHEMBL3672386,Cc1cc(O)c(-c2ccc(C(C)CS(N)(=O)=O)cc2)c2c1[nH]c(=O)c1sccc12,7.09,IC50,82.0,CHEMBL5855,E. coli,LpxH,Cc1cc(O)c(-c2ccc(C(C)CS(N)(=O)=O)cc2)c2c1[nH]c(=O)c1sccc12,O=c1[nH]c2cccc(-c3ccccc3)c2c2ccsc12,428.5350000000001,3.8158200000000013,5,3,True,7.09
CHEMBL3667255,CN(C)C1CCCN(CCCc2c(O)ccc3[nH]c(=O)c4sccc4c23)C1,7.08,IC50,83.0,CHEMBL5855,E. coli,LpxH,CN(C)C1CCCN(CCCc2c(O)ccc3[nH]c(=O)c4sccc4c23)C1,O=c1[nH]c2cccc(CCCN3CCCCC3)c2c2ccsc12,385.5330000000002,3.407000000000002,5,2,True,7.08
CHEMBL3672380,CC[C@@H](CNC)c1ccc(-c2c(O)cc(C)c3[nH]c(=O)c4sccc4c23)cc1,7.07,IC50,85.0,CHEMBL5855,E. coli,LpxH,CC[C@@H](CNC)c1ccc(-c2c(O)cc(C)c3[nH]c(=O)c4sccc4c23)cc1,O=c1[nH]c2cccc(-c3ccccc3)c2c2ccsc12,392.5240000000001,5.136820000000004,4,3,True,7.07
CHEMBL3672316,COc1cc(Cl)c2[nH]c(=O)c3sccc3c2c1-c1ccc(CCN)c(F)c1,7.06,IC50,87.0,CHEMBL5855,E. coli,LpxH,COc1cc(Cl)c2[nH]c(=O)c3sccc3c2c1-c1ccc(CCN)c(F)c1,O=c1[nH]c2cccc(-c3ccccc3)c2c2ccsc12,402.8780000000002,4.712100000000003,4,2,True,7.06
CHEMBL3672320,Cc1cc(O)c(-c2ccc(CCC#N)cc2)c2c1[nH]c(=O)c1sccc12,7.04,IC50,92.0,CHEMBL5855,E. coli,LpxH,Cc1cc(O)c(-c2ccc(CCC#N)cc2)c2c1[nH]c(=O)c1sccc12,O=c1[nH]c2cccc(-c3ccccc3)c2c2ccsc12,360.43800000000005,4.880000000000003,4,2,True,7.04
CHEMBL5091645,COC(=O)c1cccc(-c2cnc3[nH]cc(-c4ccccc4)c3c2)c1,6.91,IC50,123.0,CHEMBL5855,E. coli,LpxH,COC(=O)c1cccc(-c2cnc3[nH]cc(-c4ccccc4)c3c2)c1,c1ccc(-c2cnc3[nH]cc(-c4ccccc4)c3c2)cc1,328.37100000000004,4.683500000000003,3,1,True,6.91
CHEMBL5091627,N#Cc1cccc(-c2cnc3[nH]cc(-c4cccnc4)c3c2)c1,6.89,IC50,129.0,CHEMBL5855,E. coli,LpxH,N#Cc1cccc(-c2cnc3[nH]cc(-c4cccnc4)c3c2)c1,c1ccc(-c2cnc3[nH]cc(-c4cccnc4)c3c2)cc1,296.333,4.163580000000001,3,1,True,6.89
CHEMBL5082440,COC(=O)c1cccc(-c2cnc3[nH]cc(-c4ccncc4)c3c2)c1,6.85,IC50,140.0,CHEMBL5855,E. coli,LpxH,COC(=O)c1cccc(-c2cnc3[nH]cc(-c4ccncc4)c3c2)c1,c1ccc(-c2cnc3[nH]cc(-c4ccncc4)c3c2)cc1,329.35900000000004,4.078500000000002,4,1,True,6.85
CHEMBL5086489,COC(=O)c1cccc(-c2cnc3[nH]cc(-c4cccc(OC)c4)c3c2)c1,6.78,IC50,166.0,CHEMBL5855,E. coli,LpxH,COC(=O)c1cccc(-c2cnc3[nH]cc(-c4cccc(OC)c4)c3c2)c1,c1ccc(-c2cnc3[nH]cc(-c4ccccc4)c3c2)cc1,358.3970000000001,4.6921000000000035,4,1,True,6.78
CHEMBL1276848,COc1cc(-c2cnc(N)c(N3CC[C@@H](C(=O)O)[C@@H](C)[C@H]3C)n2)cc(OC)c1OC,6.77,IC50,170.0,CHEMBL5855,E. coli,LpxH,COc1cc(-c2cnc(N)c(N3CC[C@@H](C(=O)O)[C@@H](C)[C@H]3C)n2)cc(OC)c1OC,c1ccc(-c2cncc(N3CCCCC3)n2)cc1,416.4780000000002,2.687100000000001,8,2,True,6.77
CHEMBL475251,COc1cc(Nc2ncc(F)c(Nc3ccc4c(n3)NC(=O)C(C)(C)O4)n2)cc(OC)c1OC,6.77,Kd,170.0,CHEMBL5855,E. coli,LpxH,COc1cc(Nc2ncc(F)c(Nc3ccc4c(n3)NC(=O)C(C)(C)O4)n2)cc(OC)c1OC,O=C1COc2ccc(Nc3ccnc(Nc4ccccc4)n3)nc2N1,470.4610000000003,3.6332000000000013,10,3,True,6.77
CHEMBL5201686,O=S(=O)(N[C@@H](CO)Cc1c[nH]c2ccccc12)c1ccc(-c2ccnc3[nH]ccc23)cc1,6.48,IC50,330.0,CHEMBL5855,E. coli,LpxH,O=S(=O)(N[C@@H](CO)Cc1c[nH]c2ccccc12)c1ccc(-c2ccnc3[nH]ccc23)cc1,O=S(=O)(NCCc1c[nH]c2ccccc12)c1ccc(-c2ccnc3[nH]ccc23)cc1,446.53200000000015,3.5931000000000015,4,4,True,6.48
CHEMBL2180604,Cc1cc(C(=O)Nc2cc(Oc3ccc4nc(NC(=O)C5CC5)cn4n3)ccc2C)n(C)n1,6.44,Kd,365.0,CHEMBL5855,E. coli,LpxH,Cc1cc(C(=O)Nc2cc(Oc3ccc4nc(NC(=O)C5CC5)cn4n3)ccc2C)n(C)n1,O=C(Nc1cccc(Oc2ccc3nc(NC(=O)C4CC4)cn3n2)c1)c1ccn[nH]1,445.48300000000023,3.4727400000000017,6,2,True,6.44
CHEMBL3683258,CN[C@@H]1CC2OC([C@@H]1OC)n1c3ccccc3c3c4c(c5c6ccccc6n2c5c31)C(=O)NC4,6.36,IC50,432.6,CHEMBL5855,E. coli,LpxH,CN[C@@H]1CC2OC([C@@H]1OC)n1c3ccccc3c3c4c(c5c6ccccc6n2c5c31)C(=O)NC4,O=C1NCc2c1c1c3ccccc3n3c1c1c2c2ccccc2n1C1CCCC3O1,452.51400000000024,4.179900000000003,4,2,True,6.36
CHEMBL2028663,CC(C)(C)c1nc(-c2cccc(NS(=O)(=O)c3c(F)cccc3F)c2F)c(-c2ccnc(N)n2)s1,6.32,Kd,477.0,CHEMBL5855,E. coli,LpxH,CC(C)(C)c1nc(-c2cccc(NS(=O)(=O)c3c(F)cccc3F)c2F)c(-c2ccnc(N)n2)s1,O=S(=O)(Nc1cccc(-c2ncsc2-c2ccncn2)c1)c1ccccc1,519.5740000000002,5.364900000000003,7,2,True,6.32
CHEMBL574646,O=C1/C(=C/c2ccccn2)CNC/C1=C\c1ccccn1,6.3,IC50,500.0,CHEMBL5855,E. coli,LpxH,O=C1/C(=C/c2ccccn2)CNC/C1=C\c1ccccn1,O=C1C(=Cc2ccccn2)CNCC1=Cc1ccccn1,277.32699999999994,2.1159,4,1,True,6.3
CHEMBL3745885,Cn1c(=O)c(S(=O)(=O)c2ccc(F)cc2F)cc2cnc(Nc3ccc4[nH]ccc4c3)nc21,6.2,IC50,630.0,CHEMBL5855,E. coli,LpxH,Cn1c(=O)c(S(=O)(=O)c2ccc(F)cc2F)cc2cnc(Nc3ccc4[nH]ccc4c3)nc21,O=c1[nH]c2nc(Nc3ccc4[nH]ccc4c3)ncc2cc1S(=O)(=O)c1ccccc1,467.4570000000001,3.6644000000000014,6,2,True,6.2
CHEMBL388978,CN[C@@H]1C[C@H]2O[C@@](C)([C@@H]1OC)n1c3ccccc3c3c4c(c5c6ccccc6n2c5c31)C(=O)NC4,6.07,Kd,860.0,CHEMBL5855,E. coli,LpxH,CN[C@@H]1C[C@H]2O[C@@](C)([C@@H]1OC)n1c3ccccc3c3c4c(c5c6ccccc6n2c5c31)C(=O)NC4,O=C1NCc2c1c1c3ccccc3n3c1c1c2c2ccccc2n1C1CCCC3O1,466.5410000000003,4.354000000000003,4,2,True,6.07
CHEMBL4454763,c1ccc(Nc2nccc(Nc3cc(C4CC4)[nH]n3)n2)cc1,6.07,IC50,850.0,CHEMBL5855,E. coli,LpxH,c1ccc(Nc2nccc(Nc3cc(C4CC4)[nH]n3)n2)cc1,c1ccc(Nc2nccc(Nc3cc(C4CC4)[nH]n3)n2)cc1,292.346,3.5643000000000002,5,3,True,6.07
CHEMBL4088216,CN1C(=O)[C@@H](N2CCc3cn(Cc4ccccc4)nc3C2=O)COc2ccccc21,6.0,IC50,1000.0,CHEMBL5855,E. coli,LpxH,CN1C(=O)[C@@H](N2CCc3cn(Cc4ccccc4)nc3C2=O)COc2ccccc21,O=C1Nc2ccccc2OCC1N1CCc2cn(Cc3ccccc3)nc2C1=O,402.45400000000024,2.353699999999999,4,0,True,6.0
CHEMBL4549667,CN1C(=O)[C@@H](N2CCc3c(nn(Cc4ccccc4)c3Br)C2=O)COc2ccccc21,6.0,IC50,1000.0,CHEMBL5855,E. coli,LpxH,CN1C(=O)[C@@H](N2CCc3c(nn(Cc4ccccc4)c3Br)C2=O)COc2ccccc21,O=C1Nc2ccccc2OCC1N1CCc2cn(Cc3ccccc3)nc2C1=O,481.3500000000002,3.116200000000001,4,0,True,6.0
CHEMBL4097778,CN1C(=O)[C@@H](N2CCc3cn(CC4CCS(=O)(=O)CC4)nc3C2=O)COc2ccccc21,6.0,IC50,1000.0,CHEMBL5855,E. coli,LpxH,CN1C(=O)[C@@H](N2CCc3cn(CC4CCS(=O)(=O)CC4)nc3C2=O)COc2ccccc21,O=C1Nc2ccccc2OCC1N1CCc2cn(CC3CCS(=O)(=O)CC3)nc2C1=O,458.5400000000003,1.1301999999999994,6,0,True,6.0
CHEMBL5206874,O=S(=O)(N[C@H](CO)Cc1c[nH]c2ccccc12)c1ccc(-c2ccnc3[nH]ccc23)cc1,6.0,IC50,990.0,CHEMBL5855,E. coli,LpxH,O=S(=O)(N[C@H](CO)Cc1c[nH]c2ccccc12)c1ccc(-c2ccnc3[nH]ccc23)cc1,O=S(=O)(NCCc1c[nH]c2ccccc12)c1ccc(-c2ccnc3[nH]ccc23)cc1,446.53200000000015,3.5931000000000015,4,4,True,6.0
CHEMBL482967,Cc1nc(N)sc1-c1ccnc(Nc2ccc(N3CCOCC3)cc2)n1,5.96,Kd,1099.0,CHEMBL5855,E. coli,LpxH,Cc1nc(N)sc1-c1ccnc(Nc2ccc(N3CCOCC3)cc2)n1,c1cc(-c2cncs2)nc(Nc2ccc(N3CCOCC3)cc2)n1,368.46600000000024,3.070920000000001,8,2,True,5.96
CHEMBL5189609,O=S(=O)(N[C@@H](CO)Cc1ccccc1)c1ccc(-c2ccnc3[nH]ccc23)cc1,5.89,IC50,1300.0,CHEMBL5855,E. coli,LpxH,O=S(=O)(N[C@@H](CO)Cc1ccccc1)c1ccc(-c2ccnc3[nH]ccc23)cc1,O=S(=O)(NCCc1ccccc1)c1ccc(-c2ccnc3[nH]ccc23)cc1,407.4950000000001,3.1118000000000006,4,3,True,5.89
CHEMBL3752910,Cc1ccc(C(=O)Nc2cccc(C(F)(F)F)c2)cc1Nc1nc(-c2cccnc2)nc2c1cnn2C,5.81,Kd,1545.07,CHEMBL5855,E. coli,LpxH,Cc1ccc(C(=O)Nc2cccc(C(F)(F)F)c2)cc1Nc1nc(-c2cccnc2)nc2c1cnn2C,O=C(Nc1ccccc1)c1cccc(Nc2nc(-c3cccnc3)nc3[nH]ncc23)c1,503.48800000000017,5.748420000000004,6,2,True,5.81
CHEMBL5200819,O=S(=O)(N[C@@H](CO)Cc1ccc(O)cc1)c1ccc(-c2ccnc3[nH]ccc23)cc1,5.8,IC50,1600.0,CHEMBL5855,E. coli,LpxH,O=S(=O)(N[C@@H](CO)Cc1ccc(O)cc1)c1ccc(-c2ccnc3[nH]ccc23)cc1,O=S(=O)(NCCc1ccccc1)c1ccc(-c2ccnc3[nH]ccc23)cc1,423.4940000000001,2.8174,5,4,True,5.8
CHEMBL1908394,C[C@@H](Oc1cc(-n2cnc3ccc(CN4CCN(C)CC4)cc32)sc1C(N)=O)c1ccccc1C(F)(F)F,5.75,Kd,1800.0,CHEMBL5855,E. coli,LpxH,C[C@@H](Oc1cc(-n2cnc3ccc(CN4CCN(C)CC4)cc32)sc1C(N)=O)c1ccccc1C(F)(F)F,c1ccc(COc2csc(-n3cnc4ccc(CN5CCNCC5)cc43)c2)cc1,543.6150000000004,5.092100000000005,6,1,True,5.75
CHEMBL5174141,O=S(=O)(N[C@H](CO)Cc1ccccc1)c1ccc(-c2ccnc3[nH]ccc23)cc1,5.72,IC50,1900.0,CHEMBL5855,E. coli,LpxH,O=S(=O)(N[C@H](CO)Cc1ccccc1)c1ccc(-c2ccnc3[nH]ccc23)cc1,O=S(=O)(NCCc1ccccc1)c1ccc(-c2ccnc3[nH]ccc23)cc1,407.4950000000001,3.1118000000000006,4,3,True,5.72
CHEMBL5197597,O=S(=O)(NCCO)c1ccc(-c2ccnc3[nH]ccc23)cc1,5.7,IC50,2000.0,CHEMBL5855,E. coli,LpxH,O=S(=O)(NCCO)c1ccc(-c2ccnc3[nH]ccc23)cc1,c1ccc(-c2ccnc3[nH]ccc23)cc1,317.37000000000006,1.5005,4,3,True,5.7
CHEMBL5182208,O=S(=O)(N[C@H](CO)Cc1ccc(O)cc1)c1ccc(-c2ccnc3[nH]ccc23)cc1,5.7,IC50,2000.0,CHEMBL5855,E. coli,LpxH,O=S(=O)(N[C@H](CO)Cc1ccc(O)cc1)c1ccc(-c2ccnc3[nH]ccc23)cc1,O=S(=O)(NCCc1ccccc1)c1ccc(-c2ccnc3[nH]ccc23)cc1,423.4940000000001,2.8174,5,4,True,5.7
CHEMBL2140408,Cc1csc(-c2nnc(Nc3ccc(Oc4ncccc4-c4ccnc(N)n4)cc3)c3ccccc23)c1,5.62,Kd,2381.0,CHEMBL5855,E. coli,LpxH,Cc1csc(-c2nnc(Nc3ccc(Oc4ncccc4-c4ccnc(N)n4)cc3)c3ccccc23)c1,c1csc(-c2nnc(Nc3ccc(Oc4ncccc4-c4ccncn4)cc3)c3ccccc23)c1,503.59100000000024,6.6368200000000055,9,2,True,5.62
CHEMBL603469,C[C@]12O[C@H](C[C@]1(O)CO)n1c3ccccc3c3c4c(c5c6ccccc6n2c5c31)CNC4=O,5.6,Kd,2500.0,CHEMBL5855,E. coli,LpxH,C[C@]12O[C@H](C[C@]1(O)CO)n1c3ccccc3c3c4c(c5c6ccccc6n2c5c31)CNC4=O,O=C1NCc2c1c1c3ccccc3n3c1c1c2c2ccccc2n1C1CCC3O1,439.47100000000023,3.474400000000002,4,3,True,5.6
CHEMBL1231522,COc1cc(-c2cnc(N)c(N3CCC(C(=O)O)CC3)n2)cc(OC)c1OC,5.58,IC50,2600.0,CHEMBL5855,E. coli,LpxH,COc1cc(-c2cnc(N)c(N3CCC(C(=O)O)CC3)n2)cc(OC)c1OC,c1ccc(-c2cncc(N3CCCCC3)n2)cc1,388.4240000000002,2.0526,8,2,True,5.58
CHEMBL5182549,CN(CCO)S(=O)(=O)c1ccc(-c2ccnc3[nH]ccc23)cc1,5.57,IC50,2700.0,CHEMBL5855,E. coli,LpxH,CN(CCO)S(=O)(=O)c1ccc(-c2ccnc3[nH]ccc23)cc1,c1ccc(-c2ccnc3[nH]ccc23)cc1,331.397,1.8426999999999996,4,2,True,5.57
CHEMBL1908397,O=C(c1ccc(/C=C/c2n[nH]c3ccccc23)cc1)N1CCNCC1,5.51,Kd,3100.0,CHEMBL5855,E. coli,LpxH,O=C(c1ccc(/C=C/c2n[nH]c3ccccc23)cc1)N1CCNCC1,O=C(c1ccc(C=Cc2n[nH]c3ccccc23)cc1)N1CCNCC1,332.40700000000015,2.7787000000000006,3,2,True,5.51
CHEMBL198030,O=C1O/C(=C\c2ccc(-c3cc(Cl)cc(Cl)c3)cc2)C(O)=C1c1cc(Cl)cc(Cl)c1,9.0,IC50,1.0,CHEMBL1984,E. coli,MurA,O=C1O/C(=C\c2ccc(-c3cc(Cl)cc(Cl)c3)cc2)C(O)=C1c1cc(Cl)cc(Cl)c1,O=C1OC(=Cc2ccc(-c3ccccc3)cc2)C=C1c1ccccc1,478.15800000000013,7.834200000000004,3,1,True,9.0
CHEMBL370421,O=C1O/C(=C\c2cc(C(F)(F)F)ccc2F)C(O)=C1c1ccc(-c2ccccc2)c(F)c1,9.0,IC50,1.0,CHEMBL1984,E. coli,MurA,O=C1O/C(=C\c2cc(C(F)(F)F)ccc2F)C(O)=C1c1ccc(-c2ccccc2)c(F)c1,O=C1OC(=Cc2ccccc2)C=C1c1ccc(-c2ccccc2)cc1,444.3550000000001,6.517600000000004,3,1,True,9.0
CHEMBL199629,O=C1O/C(=C\c2cccc(C(F)(F)F)c2Cl)C(O)=C1c1ccc(-c2ccccc2)c(F)c1,9.0,IC50,1.0,CHEMBL1984,E. coli,MurA,O=C1O/C(=C\c2cccc(C(F)(F)F)c2Cl)C(O)=C1c1ccc(-c2ccccc2)c(F)c1,O=C1OC(=Cc2ccccc2)C=C1c1ccc(-c2ccccc2)cc1,460.8100000000001,7.031900000000005,3,1,True,9.0
CHEMBL382328,O=C1O/C(=C\c2cccc(-c3cc(Cl)cc(Cl)c3)c2)C(O)=C1c1cc(Cl)cc(Cl)c1,8.698970004336019,IC50,2.0,CHEMBL1984,E. coli,MurA,O=C1O/C(=C\c2cccc(-c3cc(Cl)cc(Cl)c3)c2)C(O)=C1c1cc(Cl)cc(Cl)c1,O=C1OC(=Cc2cccc(-c3ccccc3)c2)C=C1c1ccccc1,478.15800000000013,7.834200000000003,3,1,True,8.698970004336019
CHEMBL200097,Cc1ccccc1-c1ccc(/C=C2\OC(O)=C(c3cc(Cl)cc(Cl)c3)C2=O)cc1C,8.698970004336019,IC50,2.0,CHEMBL1984,E. coli,MurA,Cc1ccccc1-c1ccc(/C=C2\OC(O)=C(c3cc(Cl)cc(Cl)c3)C2=O)cc1C,O=C1C(=Cc2ccc(-c3ccccc3)cc2)OC=C1c1ccccc1,437.3220000000002,7.144240000000005,3,1,True,8.698970004336019
CHEMBL426651,O=C1O/C(=C\c2ccccc2-c2ccc(Cl)c(Cl)c2)C(O)=C1c1ccc(Cl)c(Cl)c1,8.522878745280337,IC50,3.0,CHEMBL1984,E. coli,MurA,O=C1O/C(=C\c2ccccc2-c2ccc(Cl)c(Cl)c2)C(O)=C1c1ccc(Cl)c(Cl)c1,O=C1OC(=Cc2ccccc2-c2ccccc2)C=C1c1ccccc1,478.15800000000013,7.834200000000003,3,1,True,8.522878745280337
CHEMBL199812,O=C1O/C(=C\c2cc(C(F)(F)F)ccc2Cl)C(O)=C1c1ccc(-c2ccccc2)c(F)c1,8.522878745280337,IC50,3.0,CHEMBL1984,E. coli,MurA,O=C1O/C(=C\c2cc(C(F)(F)F)ccc2Cl)C(O)=C1c1ccc(-c2ccccc2)c(F)c1,O=C1OC(=Cc2ccccc2)C=C1c1ccc(-c2ccccc2)cc1,460.8100000000001,7.031900000000005,3,1,True,8.522878745280337
CHEMBL199511,COc1cc(/C=C2\OC(O)=C(c3cc(Cl)cc(Cl)c3)C2=O)ccc1-c1ccccc1C(F)(F)F,8.397940008672037,IC50,4.0,CHEMBL1984,E. coli,MurA,COc1cc(/C=C2\OC(O)=C(c3cc(Cl)cc(Cl)c3)C2=O)ccc1-c1ccccc1C(F)(F)F,O=C1C(=Cc2ccc(-c3ccccc3)cc2)OC=C1c1ccccc1,507.29100000000017,7.554800000000005,4,1,True,8.397940008672037
CHEMBL199320,Cc1cc(/C=C2\OC(O)=C(c3cccc(Cl)c3)C2=O)ccc1-c1ccccc1C(F)(F)F,8.397940008672037,IC50,4.0,CHEMBL1984,E. coli,MurA,Cc1cc(/C=C2\OC(O)=C(c3cccc(Cl)c3)C2=O)ccc1-c1ccccc1C(F)(F)F,O=C1C(=Cc2ccc(-c3ccccc3)cc2)OC=C1c1ccccc1,456.84700000000015,7.2012200000000055,3,1,True,8.397940008672037
CHEMBL382202,O=C1O/C(=C\c2cccc(-c3cccc(Cl)c3)c2)C(O)=C1c1cccc(Cl)c1,8.301029995663981,IC50,5.0,CHEMBL1984,E. coli,MurA,O=C1O/C(=C\c2cccc(-c3cccc(Cl)c3)c2)C(O)=C1c1cccc(Cl)c1,O=C1OC(=Cc2cccc(-c3ccccc3)c2)C=C1c1ccccc1,409.26800000000014,6.527400000000004,3,1,True,8.301029995663981
CHEMBL199553,O=C1O/C(=C\c2cccc(C(F)(F)F)c2)C(O)=C1c1ccc(-c2ccccc2)c(F)c1,8.0,IC50,10.0,CHEMBL1984,E. coli,MurA,O=C1O/C(=C\c2cccc(C(F)(F)F)c2)C(O)=C1c1ccc(-c2ccccc2)c(F)c1,O=C1OC(=Cc2ccccc2)C=C1c1ccc(-c2ccccc2)cc1,426.36500000000007,6.378500000000004,3,1,True,8.0
CHEMBL199674,O=C1O/C(=C\c2cccc(C(F)(F)F)c2)C(O)=C1c1ccc(Cl)cc1,7.853871964321762,IC50,14.0,CHEMBL1984,E. coli,MurA,O=C1O/C(=C\c2cccc(C(F)(F)F)c2)C(O)=C1c1ccc(Cl)cc1,O=C1OC(=Cc2ccccc2)C=C1c1ccccc1,366.722,5.225800000000002,3,1,True,7.853871964321762
CHEMBL197817,O=C1O/C(=C\c2ccc(-c3ccccc3)cc2)C(O)=C1c1cccc2ccccc12,7.795880017344075,IC50,16.0,CHEMBL1984,E. coli,MurA,O=C1O/C(=C\c2ccc(-c3ccccc3)cc2)C(O)=C1c1cccc2ccccc12,O=C1OC(=Cc2ccc(-c3ccccc3)cc2)C=C1c1cccc2ccccc12,390.4380000000001,6.373800000000005,3,1,True,7.795880017344075
CHEMBL199757,O=C1O/C(=C\c2cccc(C(F)(F)F)c2)C(O)=C1c1ccc(-c2ccccc2)cc1,7.769551078621726,IC50,17.0,CHEMBL1984,E. coli,MurA,O=C1O/C(=C\c2cccc(C(F)(F)F)c2)C(O)=C1c1ccc(-c2ccccc2)cc1,O=C1OC(=Cc2ccccc2)C=C1c1ccc(-c2ccccc2)cc1,408.37500000000006,6.239400000000004,3,1,True,7.769551078621726
CHEMBL381006,COc1ccccc1-c1ccc(/C=C2\OC(O)=C(c3cc(Cl)cc(Cl)c3)C2=O)cc1OC,7.769551078621726,IC50,17.0,CHEMBL1984,E. coli,MurA,COc1ccccc1-c1ccc(/C=C2\OC(O)=C(c3cc(Cl)cc(Cl)c3)C2=O)cc1OC,O=C1C(=Cc2ccc(-c3ccccc3)cc2)OC=C1c1ccccc1,469.3200000000002,6.544600000000004,5,1,True,7.769551078621726
CHEMBL199580,O=C1O/C(=C\c2cccc(C(F)(F)F)c2)C(O)=C1c1ccc2ccccc2c1,7.698970004336019,IC50,20.0,CHEMBL1984,E. coli,MurA,O=C1O/C(=C\c2cccc(C(F)(F)F)c2)C(O)=C1c1ccc2ccccc2c1,O=C1OC(=Cc2ccccc2)C=C1c1ccc2ccccc2c1,382.33700000000005,5.725600000000004,3,1,True,7.698970004336019
CHEMBL381445,O=C1O/C(=C\c2cccc3ccccc23)C(O)=C1c1cccc(C(F)(F)F)c1,7.6020599913279625,IC50,25.0,CHEMBL1984,E. coli,MurA,O=C1O/C(=C\c2cccc3ccccc23)C(O)=C1c1cccc(C(F)(F)F)c1,O=C1OC(=Cc2cccc3ccccc23)C=C1c1ccccc1,382.337,5.725600000000003,3,1,True,7.6020599913279625
CHEMBL372594,O=C1O/C(=C\c2ccc3ccccc3c2)C(O)=C1c1cccc(C(F)(F)F)c1,7.6020599913279625,IC50,25.0,CHEMBL1984,E. coli,MurA,O=C1O/C(=C\c2ccc3ccccc3c2)C(O)=C1c1cccc(C(F)(F)F)c1,O=C1OC(=Cc2ccc3ccccc3c2)C=C1c1ccccc1,382.337,5.725600000000003,3,1,True,7.6020599913279625
CHEMBL199962,O=C1O/C(=C\c2ccc(Cl)cc2)C(O)=C1c1ccc(-c2ccccc2)cc1,7.6020599913279625,IC50,25.0,CHEMBL1984,E. coli,MurA,O=C1O/C(=C\c2ccc(Cl)cc2)C(O)=C1c1ccc(-c2ccccc2)cc1,O=C1OC(=Cc2ccccc2)C=C1c1ccc(-c2ccccc2)cc1,374.82300000000004,5.874000000000004,3,1,True,7.6020599913279625
CHEMBL380784,O=C1O/C(=C\C2CCCCC2)C(O)=C1c1ccc2ccccc2c1,7.6020599913279625,IC50,25.0,CHEMBL1984,E. coli,MurA,O=C1O/C(=C\C2CCCCC2)C(O)=C1c1ccc2ccccc2c1,O=C1OC(=CC2CCCCC2)C=C1c1ccc2ccccc2c1,320.388,5.129900000000004,3,1,True,7.6020599913279625
CHEMBL199929,O=C1O/C(=C\c2ccc(-c3ccccc3)cc2)C(O)=C1c1ccc2ccccc2c1,7.6020599913279625,IC50,25.0,CHEMBL1984,E. coli,MurA,O=C1O/C(=C\c2ccc(-c3ccccc3)cc2)C(O)=C1c1ccc2ccccc2c1,O=C1OC(=Cc2ccc(-c3ccccc3)cc2)C=C1c1ccc2ccccc2c1,390.4380000000001,6.373800000000005,3,1,True,7.6020599913279625
CHEMBL381658,O=C1O/C(=C\c2cccc(C(F)(F)F)c2)C(O)=C1c1cccc2ccccc12,7.6020599913279625,IC50,25.0,CHEMBL1984,E. coli,MurA,O=C1O/C(=C\c2cccc(C(F)(F)F)c2)C(O)=C1c1cccc2ccccc12,O=C1OC(=Cc2ccccc2)C=C1c1cccc2ccccc12,382.33700000000005,5.725600000000004,3,1,True,7.6020599913279625
CHEMBL197865,O=C1O/C(=C\c2cccc3ccccc23)C(O)=C1c1ccc(Cl)cc1,7.6020599913279625,IC50,25.0,CHEMBL1984,E. coli,MurA,O=C1O/C(=C\c2cccc3ccccc23)C(O)=C1c1ccc(Cl)cc1,O=C1OC(=Cc2cccc3ccccc23)C=C1c1ccccc1,348.78499999999997,5.360200000000003,3,1,True,7.6020599913279625
CHEMBL382548,COc1ccc(C2=C(O)O/C(=C\c3cccc(C(F)(F)F)c3)C2=O)cc1,7.6020599913279625,IC50,25.0,CHEMBL1984,E. coli,MurA,COc1ccc(C2=C(O)O/C(=C\c3cccc(C(F)(F)F)c3)C2=O)cc1,O=C1C(=Cc2ccccc2)OC=C1c1ccccc1,362.30300000000005,4.581000000000002,4,1,True,7.6020599913279625
CHEMBL199546,O=C1O/C(=C\C2CCCCC2)C(O)=C1c1cccc(C(F)(F)F)c1,7.6020599913279625,IC50,25.0,CHEMBL1984,E. coli,MurA,O=C1O/C(=C\C2CCCCC2)C(O)=C1c1cccc(C(F)(F)F)c1,O=C1OC(=CC2CCCCC2)C=C1c1ccccc1,338.325,4.995500000000003,3,1,True,7.6020599913279625
CHEMBL199457,COc1ccc(C2=C(O)O/C(=C\c3cccc4ccccc34)C2=O)cc1,7.6020599913279625,IC50,25.0,CHEMBL1984,E. coli,MurA,COc1ccc(C2=C(O)O/C(=C\c3cccc4ccccc34)C2=O)cc1,O=C1C(=Cc2cccc3ccccc23)OC=C1c1ccccc1,344.3660000000001,4.715400000000003,4,1,True,7.6020599913279625
CHEMBL380752,O=C1O/C(=C\c2cc(C(F)(F)F)ccc2Cl)C(O)=C1c1ccc(N2CCOCC2)c(F)c1,7.6020599913279625,IC50,25.0,CHEMBL1984,E. coli,MurA,O=C1O/C(=C\c2cc(C(F)(F)F)ccc2Cl)C(O)=C1c1ccc(N2CCOCC2)c(F)c1,O=C1OC(=Cc2ccccc2)C=C1c1ccc(N2CCOCC2)cc1,469.81800000000027,5.201500000000004,5,1,True,7.6020599913279625
CHEMBL2335230,O=[N+]([O-])/C(Br)=C/c1ccc(Br)o1,5.55,IC50,2800.0,CHEMBL1984,E. coli,MurA,O=[N+]([O-])/C(Br)=C/c1ccc(Br)o1,c1ccoc1,296.90200000000004,3.0121,3,0,True,5.55
CHEMBL5219390,CC(C)(C)OC(=O)C1=C(O)C(=O)N(c2nc3ccccc3s2)C1c1ccc(-c2ccc(Cl)cc2)o1,5.35,IC50,4500.0,CHEMBL1984,E. coli,MurA,CC(C)(C)OC(=O)C1=C(O)C(=O)N(c2nc3ccccc3s2)C1c1ccc(-c2ccc(Cl)cc2)o1,O=C1C=CC(c2ccc(-c3ccccc3)o2)N1c1nc2ccccc2s1,508.9830000000002,6.451400000000005,7,1,True,5.35
CHEMBL5219133,CCOC(=O)C1=C(O)C(=O)N(c2nc3ccc(C)cc3s2)C1c1ccc(-c2ccc(C(F)(F)F)cc2Cl)o1,5.32,IC50,4800.0,CHEMBL1984,E. coli,MurA,CCOC(=O)C1=C(O)C(=O)N(c2nc3ccc(C)cc3s2)C1c1ccc(-c2ccc(C(F)(F)F)cc2Cl)o1,O=C1C=CC(c2ccc(-c3ccccc3)o2)N1c1nc2ccccc2s1,562.9530000000002,7.000020000000004,7,1,True,5.32
CHEMBL5220418,CCOC(=O)C1=C(O)C(=O)N(c2nc3ccc(Cl)cc3s2)C1c1ccc(-c2ccccc2)cc1,5.29,IC50,5100.0,CHEMBL1984,E. coli,MurA,CCOC(=O)C1=C(O)C(=O)N(c2nc3ccc(Cl)cc3s2)C1c1ccc(-c2ccccc2)cc1,O=C1C=CC(c2ccc(-c3ccccc3)cc2)N1c1nc2ccccc2s1,490.9680000000002,6.079800000000005,6,1,True,5.29
CHEMBL5219463,CCOC(=O)C1=C(O)C(=O)N(c2nc3cc(C)c(C)cc3s2)C1c1ccc(-c2ccccc2)cc1,5.24,IC50,5800.0,CHEMBL1984,E. coli,MurA,CCOC(=O)C1=C(O)C(=O)N(c2nc3cc(C)c(C)cc3s2)C1c1ccc(-c2ccccc2)cc1,O=C1C=CC(c2ccc(-c3ccccc3)cc2)N1c1nc2ccccc2s1,484.57700000000017,6.043240000000005,6,1,True,5.24
CHEMBL5220390,CCOC(=O)C1=C(O)C(=O)N(c2nc3ccc(C(F)(F)F)cc3s2)C1c1ccc(-c2ccccc2)cc1,5.21,IC50,6100.0,CHEMBL1984,E. coli,MurA,CCOC(=O)C1=C(O)C(=O)N(c2nc3ccc(C(F)(F)F)cc3s2)C1c1ccc(-c2ccccc2)cc1,O=C1C=CC(c2ccc(-c3ccccc3)cc2)N1c1nc2ccccc2s1,524.5200000000002,6.445200000000005,6,1,True,5.21
CHEMBL5218906,CCOC(=O)C1=C(O)C(=O)N(c2nc3c(Cl)cccc3s2)C1c1ccc(-c2ccccc2)cc1,5.16,IC50,7000.0,CHEMBL1984,E. coli,MurA,CCOC(=O)C1=C(O)C(=O)N(c2nc3c(Cl)cccc3s2)C1c1ccc(-c2ccccc2)cc1,O=C1C=CC(c2ccc(-c3ccccc3)cc2)N1c1nc2ccccc2s1,490.96800000000013,6.079800000000005,6,1,True,5.16
CHEMBL5219031,CCOC(=O)C1=C(O)C(=O)N(c2nc3c(F)cc(F)cc3s2)C1c1ccc(-c2ccccc2)cc1,5.12,IC50,7500.0,CHEMBL1984,E. coli,MurA,CCOC(=O)C1=C(O)C(=O)N(c2nc3c(F)cc(F)cc3s2)C1c1ccc(-c2ccccc2)cc1,O=C1C=CC(c2ccc(-c3ccccc3)cc2)N1c1nc2ccccc2s1,492.50300000000016,5.704600000000005,6,1,True,5.12
CHEMBL193276,O=C(CC1C(=O)N(c2ccc(Cl)cc2)N(c2ccc(Cl)cc2)C1=O)c1ccc(F)cc1,5.08,IC50,8400.0,CHEMBL1984,E. coli,MurA,O=C(CC1C(=O)N(c2ccc(Cl)cc2)N(c2ccc(Cl)cc2)C1=O)c1ccc(F)cc1,O=C(CC1C(=O)N(c2ccccc2)N(c2ccccc2)C1=O)c1ccccc1,457.2880000000001,5.316500000000004,3,0,True,5.08
CHEMBL5219880,CCOC(=O)C1=C(O)C(=O)N(c2nc3ccc(C)cc3s2)C1c1ccc(-c2ccccc2)cc1,5.07,IC50,8500.0,CHEMBL1984,E. coli,MurA,CCOC(=O)C1=C(O)C(=O)N(c2nc3ccc(C)cc3s2)C1c1ccc(-c2ccccc2)cc1,O=C1C=CC(c2ccc(-c3ccccc3)cc2)N1c1nc2ccccc2s1,470.5500000000001,5.7348200000000045,6,1,True,5.07
CHEMBL363799,O=C(CC1(CC(=O)c2ccc(F)cc2F)C(=O)N(c2ccc(Cl)cc2)N(c2ccc(Cl)cc2)C1=O)c1ccc(F)cc1F,5.02,IC50,9600.0,CHEMBL1984,E. coli,MurA,O=C(CC1(CC(=O)c2ccc(F)cc2F)C(=O)N(c2ccc(Cl)cc2)N(c2ccc(Cl)cc2)C1=O)c1ccc(F)cc1F,O=C(CC1(CC(=O)c2ccccc2)C(=O)N(c2ccccc2)N(c2ccccc2)C1=O)c1ccccc1,629.3930000000001,7.377000000000005,4,0,True,5.02
CHEMBL5220379,CCOC(=O)C1=C(O)C(=O)N(c2nc3ccc(C)cc3s2)C1c1ccc(OC)c2ccccc12,5.02,IC50,9500.0,CHEMBL1984,E. coli,MurA,CCOC(=O)C1=C(O)C(=O)N(c2nc3ccc(C)cc3s2)C1c1ccc(OC)c2ccccc12,O=C1C=CC(c2cccc3ccccc23)N1c1nc2ccccc2s1,474.5380000000002,5.229620000000004,7,1,True,5.02
CHEMBL365364,O=C1C(CCSCc2ccccc2)C(=O)N(c2ccc(Cl)cc2)N1c1ccc(Cl)cc1,5.01,IC50,9800.0,CHEMBL1984,E. coli,MurA,O=C1C(CCSCc2ccccc2)C(=O)N(c2ccc(Cl)cc2)N1c1ccc(Cl)cc1,O=C1C(CCSCc2ccccc2)C(=O)N(c2ccccc2)N1c1ccccc1,471.4090000000002,6.227900000000004,3,0,True,5.01
CHEMBL189528,O=C1N(c2ccc(Cl)cc2)N(c2ccc(Cl)cc2)C(=O)C1(CCCCCCc1ccccc1)CCCCCCc1ccccc1,5.0,IC50,9900.0,CHEMBL1984,E. coli,MurA,O=C1N(c2ccc(Cl)cc2)N(c2ccc(Cl)cc2)C(=O)C1(CCCCCCc1ccccc1)CCCCCCc1ccccc1,O=C1N(c2ccccc2)N(c2ccccc2)C(=O)C1(CCCCCCc1ccccc1)CCCCCCc1ccccc1,641.6830000000002,10.66099999999999,2,0,True,5.0
CHEMBL5220137,CCOC(=O)C1=C(O)C(=O)N(c2nc3ccc(C)cc3s2)C1c1ccc(-c2ccc(Cl)cc2)o1,5.0,IC50,9900.0,CHEMBL1984,E. coli,MurA,CCOC(=O)C1=C(O)C(=O)N(c2nc3ccc(C)cc3s2)C1c1ccc(-c2ccc(Cl)cc2)o1,O=C1C=CC(c2ccc(-c3ccccc3)o2)N1c1nc2ccccc2s1,494.95600000000013,5.981220000000004,7,1,True,5.0
CHEMBL5220464,CCOC(=O)C1=C(O)C(=O)N(c2nc3ccc(C)cc3s2)C1c1cc(-c2ccccc2)cs1,5.0,IC50,9900.0,CHEMBL1984,E. coli,MurA,CCOC(=O)C1=C(O)C(=O)N(c2nc3ccc(C)cc3s2)C1c1cc(-c2ccccc2)cs1,O=C1C=CC(c2cc(-c3ccccc3)cs2)N1c1nc2ccccc2s1,476.5790000000001,5.796320000000004,7,1,True,5.0
CHEMBL5219585,Cc1cccc2sc(N3C(=O)C(O)=C(C(=O)OC(C)(C)C)C3c3ccccc3)nc12,4.96,IC50,11000.0,CHEMBL1984,E. coli,MurA,Cc1cccc2sc(N3C(=O)C(O)=C(C(=O)OC(C)(C)C)C3c3ccccc3)nc12,O=C1C=CC(c2ccccc2)N1c1nc2ccccc2s1,422.50600000000014,4.846420000000004,6,1,True,4.96
CHEMBL5184555,CNC(=O)[C@@H](Cc1cn(C(=O)OC(C)(C)C)c2ccccc12)NCc1ccc(-n2ccnc2)c(-c2ccc(-c3cc(C(=O)O)c4ccccc4n3)cc2)c1,4.85,IC50,14100.0,CHEMBL1984,E. coli,MurA,CNC(=O)[C@@H](Cc1cn(C(=O)OC(C)(C)C)c2ccccc12)NCc1ccc(-n2ccnc2)c(-c2ccc(-c3cc(C(=O)O)c4ccccc4n3)cc2)c1,c1ccc2nc(-c3ccc(-c4cc(CNCCc5c[nH]c6ccccc56)ccc4-n4ccnc4)cc3)ccc2c1,720.8300000000002,7.637500000000007,7,3,True,4.85
CHEMBL5219288,CCOC(=O)C1=C(O)C(=O)N(c2nc3ccc(C)cc3s2)C1c1cccc2ccccc12,4.82,IC50,15000.0,CHEMBL1984,E. coli,MurA,CCOC(=O)C1=C(O)C(=O)N(c2nc3ccc(C)cc3s2)C1c1cccc2ccccc12,O=C1C=CC(c2cccc3ccccc23)N1c1nc2ccccc2s1,444.5120000000001,5.221020000000004,6,1,True,4.82
CHEMBL5199836,CNC(=O)[C@@H](Cc1c[nH]c2ccccc12)NCc1ccc(-n2ccnc2)c(-c2ccc(-c3cc(C(=O)O)c4ccccc4n3)cc2)c1,4.81,IC50,15500.0,CHEMBL1984,E. coli,MurA,CNC(=O)[C@@H](Cc1c[nH]c2ccccc12)NCc1ccc(-n2ccnc2)c(-c2ccc(-c3cc(C(=O)O)c4ccccc4n3)cc2)c1,c1ccc2nc(-c3ccc(-c4cc(CNCCc5c[nH]c6ccccc56)ccc4-n4ccnc4)cc3)ccc2c1,620.7130000000002,6.380900000000004,5,4,True,4.81
CHEMBL5219036,COC(=O)C1=C(O)C(=O)N(c2nc3ccc(C)cc3s2)C1c1ccc(-c2ccc(Cl)cc2)o1,4.8,IC50,16000.0,CHEMBL1984,E. coli,MurA,COC(=O)C1=C(O)C(=O)N(c2nc3ccc(C)cc3s2)C1c1ccc(-c2ccc(Cl)cc2)o1,O=C1C=CC(c2ccc(-c3ccccc3)o2)N1c1nc2ccccc2s1,480.9290000000002,5.591120000000004,7,1,True,4.8
CHEMBL1257707,C=C1C(=O)O[C@@H]2/C=C(\CO)CC/C=C(\C)C[C@H](OC(=O)C(=C)[C@H](O)CO)[C@@H]12,4.78,IC50,16700.0,CHEMBL1984,E. coli,MurA,C=C1C(=O)O[C@@H]2/C=C(\CO)CC/C=C(\C)C[C@H](OC(=O)C(=C)[C@H](O)CO)[C@@H]12,C=C1C(=O)OC2C=CCCC=CCCC12,378.4210000000001,0.9542999999999997,7,3,True,4.78
CHEMBL5220749,CCOC(=O)C1=C(O)C(=O)N(c2nc3ccc(Oc4ccccc4)cc3s2)C1c1ccccc1,4.77,IC50,17000.0,CHEMBL1984,E. coli,MurA,CCOC(=O)C1=C(O)C(=O)N(c2nc3ccc(Oc4ccccc4)cc3s2)C1c1ccccc1,O=C1C=CC(c2ccccc2)N1c1nc2ccc(Oc3ccccc3)cc2s1,472.5220000000001,5.551700000000005,7,1,True,4.77
CHEMBL5221132,CCOC(=O)C1=C(O)C(=O)N(c2nc3ccc(C)cc3s2)C1c1ccccc1-c1ccccc1,4.77,IC50,17000.0,CHEMBL1984,E. coli,MurA,CCOC(=O)C1=C(O)C(=O)N(c2nc3ccc(C)cc3s2)C1c1ccccc1-c1ccccc1,O=C1C=CC(c2ccccc2-c2ccccc2)N1c1nc2ccccc2s1,470.5500000000001,5.7348200000000045,6,1,True,4.77
CHEMBL374146,C=C(CO)C(=O)O[C@H]1CC(=C)[C@@H]2C[C@H](O)C(=C)[C@@H]2[C@H]2OC(=O)C(=C)[C@@H]21,4.71,IC50,19500.0,CHEMBL1984,E. coli,MurA,C=C(CO)C(=O)O[C@H]1CC(=C)[C@@H]2C[C@H](O)C(=C)[C@@H]2[C@H]2OC(=O)C(=C)[C@@H]21,C=C1C(=O)OC2C1CCC(=C)C1CCC(=C)C12,346.3790000000001,1.0575999999999999,6,2,True,4.71
CHEMBL370703,O=C1N(c2ccc(Cl)cc2)N(c2ccc(Cl)cc2)C(=O)C1(CCOCc1ccccc1)CCOCc1ccccc1,4.7,IC50,20100.0,CHEMBL1984,E. coli,MurA,O=C1N(c2ccc(Cl)cc2)N(c2ccc(Cl)cc2)C(=O)C1(CCOCc1ccccc1)CCOCc1ccccc1,O=C1N(c2ccccc2)N(c2ccccc2)C(=O)C1(CCOCc1ccccc1)CCOCc1ccccc1,589.5190000000003,7.4884000000000075,4,0,True,4.7
CHEMBL5220784,CCOC(=O)C1=C(O)C(=O)N(c2nc3ccc(Br)cc3s2)C1c1ccc(-c2ccccc2)cc1,4.68,IC50,21000.0,CHEMBL1984,E. coli,MurA,CCOC(=O)C1=C(O)C(=O)N(c2nc3ccc(Br)cc3s2)C1c1ccc(-c2ccccc2)cc1,O=C1C=CC(c2ccc(-c3ccccc3)cc2)N1c1nc2ccccc2s1,535.4190000000002,6.188900000000005,6,1,True,4.68
CHEMBL5219614,CCOC(=O)C1=C(O)C(=O)N(c2nc3ccc(OC)cc3s2)C1c1ccc(-c2ccccc2)cc1,4.66,IC50,22000.0,CHEMBL1984,E. coli,MurA,CCOC(=O)C1=C(O)C(=O)N(c2nc3ccc(OC)cc3s2)C1c1ccc(-c2ccccc2)cc1,O=C1C=CC(c2ccc(-c3ccccc3)cc2)N1c1nc2ccccc2s1,486.54900000000015,5.435000000000005,7,1,True,4.66
CHEMBL5219147,CCOC(=O)C1=C(O)C(=O)N(c2nc3ccc(C)cc3s2)C1c1ccccc1-c1cccs1,4.66,IC50,22000.0,CHEMBL1984,E. coli,MurA,CCOC(=O)C1=C(O)C(=O)N(c2nc3ccc(C)cc3s2)C1c1ccccc1-c1cccs1,O=C1C=CC(c2ccccc2-c2cccs2)N1c1nc2ccccc2s1,476.5790000000001,5.796320000000004,7,1,True,4.66
CHEMBL371783,O=C1C(CCCCc2ccccc2)C(=O)N(c2ccc(Cl)cc2)N1c1ccc(Cl)cc1,4.62,IC50,23800.0,CHEMBL1984,E. coli,MurA,O=C1C(CCCCc2ccccc2)C(=O)N(c2ccc(Cl)cc2)N1c1ccc(Cl)cc1,O=C1C(CCCCc2ccccc2)C(=O)N(c2ccccc2)N1c1ccccc1,453.36900000000014,6.3174000000000055,2,0,True,4.62
CHEMBL2335231,O=[N+]([O-])/C=C/c1ccc(Br)o1,4.62,IC50,23800.0,CHEMBL1984,E. coli,MurA,O=[N+]([O-])/C=C/c1ccc(Br)o1,c1ccoc1,218.00599999999997,2.2895000000000003,3,0,True,4.62
CHEMBL5219885,CCOC(=O)C1=C(O)C(=O)N(c2nc3c(OC)cccc3s2)C1c1ccc(-c2ccccc2)cc1,4.6,IC50,25000.0,CHEMBL1984,E. coli,MurA,CCOC(=O)C1=C(O)C(=O)N(c2nc3c(OC)cccc3s2)C1c1ccc(-c2ccccc2)cc1,O=C1C=CC(c2ccc(-c3ccccc3)cc2)N1c1nc2ccccc2s1,486.54900000000015,5.435000000000005,7,1,True,4.6
CHEMBL370034,O=C(CCCC1C(=O)N(c2ccc(Cl)cc2)N(c2ccc(Cl)cc2)C1=O)c1ccc(F)cc1,4.49,IC50,32400.0,CHEMBL1984,E. coli,MurA,O=C(CCCC1C(=O)N(c2ccc(Cl)cc2)N(c2ccc(Cl)cc2)C1=O)c1ccc(F)cc1,O=C(CCCC1C(=O)N(c2ccccc2)N(c2ccccc2)C1=O)c1ccccc1,485.3420000000002,6.096700000000005,3,0,True,4.49
CHEMBL221283,C=C1C(=O)O[C@@H]2/C=C(\C)CC/C=C(/C)C[C@@H](OC(=O)/C(=C/CO)CO)[C@@H]12,4.49,IC50,32700.0,CHEMBL1984,E. coli,MurA,C=C1C(=O)O[C@@H]2/C=C(\C)CC/C=C(/C)C[C@@H](OC(=O)/C(=C/CO)CO)[C@@H]12,C=C1C(=O)OC2C=CCCC=CCCC12,362.4220000000001,1.9834999999999996,6,2,True,4.49
CHEMBL195732,O=C1C(CCOCc2ccccc2)C(=O)N(c2ccc(Cl)cc2)N1c1ccc(Cl)cc1,4.48,IC50,33400.0,CHEMBL1984,E. coli,MurA,O=C1C(CCOCc2ccccc2)C(=O)N(c2ccc(Cl)cc2)N1c1ccc(Cl)cc1,O=C1C(CCOCc2ccccc2)C(=O)N(c2ccccc2)N1c1ccccc1,455.3410000000001,5.511300000000004,3,0,True,4.48
CHEMBL373076,O=C1C(CCCCCCc2ccccc2)C(=O)N(c2ccc(Cl)cc2)N1c1ccc(Cl)cc1,4.46,IC50,34900.0,CHEMBL1984,E. coli,MurA,O=C1C(CCCCCCc2ccccc2)C(=O)N(c2ccc(Cl)cc2)N1c1ccc(Cl)cc1,O=C1C(CCCCCCc2ccccc2)C(=O)N(c2ccccc2)N1c1ccccc1,481.42300000000023,7.097600000000006,2,0,True,4.46
CHEMBL371841,O=C1C(CCCCCc2ccccc2)C(=O)N(c2ccc(Cl)cc2)N1c1ccc(Cl)cc1,4.37,IC50,42300.0,CHEMBL1984,E. coli,MurA,O=C1C(CCCCCc2ccccc2)C(=O)N(c2ccc(Cl)cc2)N1c1ccc(Cl)cc1,O=C1C(CCCCCc2ccccc2)C(=O)N(c2ccccc2)N1c1ccccc1,467.3960000000002,6.707500000000006,2,0,True,4.37
CHEMBL364475,O=C1C(CCCc2ccccc2)C(=O)N(c2ccc(Cl)cc2)N1c1ccc(Cl)cc1,4.35,IC50,44300.0,CHEMBL1984,E. coli,MurA,O=C1C(CCCc2ccccc2)C(=O)N(c2ccc(Cl)cc2)N1c1ccc(Cl)cc1,O=C1C(CCCc2ccccc2)C(=O)N(c2ccccc2)N1c1ccccc1,439.3420000000001,5.927300000000005,2,0,True,4.35
CHEMBL195098,O=C(CCC1C(=O)N(c2ccc(Cl)cc2)N(c2ccc(Cl)cc2)C1=O)c1ccc(F)cc1,4.33,IC50,46900.0,CHEMBL1984,E. coli,MurA,O=C(CCC1C(=O)N(c2ccc(Cl)cc2)N(c2ccc(Cl)cc2)C1=O)c1ccc(F)cc1,O=C(CCC1C(=O)N(c2ccccc2)N(c2ccccc2)C1=O)c1ccccc1,471.31500000000017,5.706600000000004,3,0,True,4.33
CHEMBL190330,CCC(CC)CC1C(=O)N(c2ccc(Cl)cc2)N(c2ccc(Cl)cc2)C1=O,4.301029995663981,IC50,50000.0,CHEMBL1984,E. coli,MurA,CCC(CC)CC1C(=O)N(c2ccc(Cl)cc2)N(c2ccc(Cl)cc2)C1=O,O=C1CC(=O)N(c2ccccc2)N1c1ccccc1,405.3250000000001,5.730700000000005,2,0,True,4.301029995663981
CHEMBL440384,CCCCCCCC1C(=O)N(c2ccc(Cl)cc2)N(c2ccc(Cl)cc2)C1=O,4.301029995663981,IC50,50000.0,CHEMBL1984,E. coli,MurA,CCCCCCCC1C(=O)N(c2ccc(Cl)cc2)N(c2ccc(Cl)cc2)C1=O,O=C1CC(=O)N(c2ccccc2)N1c1ccccc1,419.35200000000015,6.264900000000005,2,0,True,4.301029995663981
CHEMBL363183,O=C1C(Cc2ccccc2)C(=O)N(c2ccc(Cl)cc2)N1c1ccc(Cl)cc1,4.301029995663981,IC50,50000.0,CHEMBL1984,E. coli,MurA,O=C1C(Cc2ccccc2)C(=O)N(c2ccc(Cl)cc2)N1c1ccc(Cl)cc1,O=C1C(Cc2ccccc2)C(=O)N(c2ccccc2)N1c1ccccc1,411.2880000000001,5.147100000000004,2,0,True,4.301029995663981
CHEMBL194656,O=C1C(CCc2ccccc2)C(=O)N(c2ccc(Cl)cc2)N1c1ccc(Cl)cc1,4.301029995663981,IC50,50000.0,CHEMBL1984,E. coli,MurA,O=C1C(CCc2ccccc2)C(=O)N(c2ccc(Cl)cc2)N1c1ccc(Cl)cc1,O=C1C(CCc2ccccc2)C(=O)N(c2ccccc2)N1c1ccccc1,425.31500000000005,5.537200000000004,2,0,True,4.301029995663981
CHEMBL189679,CC1(CCCCCCc2ccccc2)C(=O)N(c2ccc(Cl)cc2)N(c2ccc(Cl)cc2)C1=O,4.301029995663981,IC50,50000.0,CHEMBL1984,E. coli,MurA,CC1(CCCCCCc2ccccc2)C(=O)N(c2ccc(Cl)cc2)N(c2ccc(Cl)cc2)C1=O,O=C1C(CCCCCCc2ccccc2)C(=O)N(c2ccccc2)N1c1ccccc1,495.4500000000002,7.4877000000000065,2,0,True,4.301029995663981
CHEMBL365523,CCN(CCC1C(=O)N(c2ccc(Cl)cc2)N(c2ccc(Cl)cc2)C1=O)Cc1ccccc1,4.301029995663981,IC50,50000.0,CHEMBL1984,E. coli,MurA,CCN(CCC1C(=O)N(c2ccc(Cl)cc2)N(c2ccc(Cl)cc2)C1=O)Cc1ccccc1,O=C1C(CCNCc2ccccc2)C(=O)N(c2ccccc2)N1c1ccccc1,482.4110000000002,5.816600000000006,3,0,True,4.301029995663981
CHEMBL191952,CC1(CCOCc2ccccc2)C(=O)N(c2ccc(Cl)cc2)N(c2ccc(Cl)cc2)C1=O,4.301029995663981,IC50,50000.0,CHEMBL1984,E. coli,MurA,CC1(CCOCc2ccccc2)C(=O)N(c2ccc(Cl)cc2)N(c2ccc(Cl)cc2)C1=O,O=C1C(CCOCc2ccccc2)C(=O)N(c2ccccc2)N1c1ccccc1,469.3680000000001,5.901400000000005,3,0,True,4.301029995663981
CHEMBL194333,O=C1C(Cc2ccccc2Cl)C(=O)N(c2ccc(Cl)cc2)N1c1ccc(Cl)cc1,4.301029995663981,IC50,50000.0,CHEMBL1984,E. coli,MurA,O=C1C(Cc2ccccc2Cl)C(=O)N(c2ccc(Cl)cc2)N1c1ccc(Cl)cc1,O=C1C(Cc2ccccc2)C(=O)N(c2ccccc2)N1c1ccccc1,445.73300000000006,5.800500000000004,2,0,True,4.301029995663981
CHEMBL195808,O=C1C(Cc2cccc(C(F)(F)F)c2)C(=O)N(c2ccc(Cl)cc2)N1c1ccc(Cl)cc1,4.301029995663981,IC50,50000.0,CHEMBL1984,E. coli,MurA,O=C1C(Cc2cccc(C(F)(F)F)c2)C(=O)N(c2ccc(Cl)cc2)N1c1ccc(Cl)cc1,O=C1C(Cc2ccccc2)C(=O)N(c2ccccc2)N1c1ccccc1,479.2850000000001,6.165900000000003,2,0,True,4.301029995663981
CHEMBL191919,O=C1C(Cc2ccc(Cl)cc2Cl)C(=O)N(c2ccc(Cl)cc2)N1c1ccc(Cl)cc1,4.301029995663981,IC50,50000.0,CHEMBL1984,E. coli,MurA,O=C1C(Cc2ccc(Cl)cc2Cl)C(=O)N(c2ccc(Cl)cc2)N1c1ccc(Cl)cc1,O=C1C(Cc2ccccc2)C(=O)N(c2ccccc2)N1c1ccccc1,480.1780000000001,6.4539000000000035,2,0,True,4.301029995663981
CHEMBL192191,O=C1C(Cc2cc(C(F)(F)F)cc(C(F)(F)F)c2)C(=O)N(c2ccc(Cl)cc2)N1c1ccc(Cl)cc1,4.301029995663981,IC50,50000.0,CHEMBL1984,E. coli,MurA,O=C1C(Cc2cc(C(F)(F)F)cc(C(F)(F)F)c2)C(=O)N(c2ccc(Cl)cc2)N1c1ccc(Cl)cc1,O=C1C(Cc2ccccc2)C(=O)N(c2ccccc2)N1c1ccccc1,547.2820000000002,7.184700000000004,2,0,True,4.301029995663981
CHEMBL195201,N#CC1(c2ccc(CC3C(=O)N(c4ccc(Cl)cc4)N(c4ccc(Cl)cc4)C3=O)cc2)C=CC=CC1,4.301029995663981,IC50,50000.0,CHEMBL1984,E. coli,MurA,N#CC1(c2ccc(CC3C(=O)N(c4ccc(Cl)cc4)N(c4ccc(Cl)cc4)C3=O)cc2)C=CC=CC1,O=C1C(Cc2ccc(C3C=CC=CC3)cc2)C(=O)N(c2ccccc2)N1c1ccccc1,514.4120000000001,6.424580000000004,3,0,True,4.301029995663981
CHEMBL362995,CC1(CC(=O)c2ccc(F)cc2F)C(=O)N(c2ccc(Cl)cc2)N(c2ccc(Cl)cc2)C1=O,4.301029995663981,IC50,50000.0,CHEMBL1984,E. coli,MurA,CC1(CC(=O)c2ccc(F)cc2F)C(=O)N(c2ccc(Cl)cc2)N(c2ccc(Cl)cc2)C1=O,O=C(CC1C(=O)N(c2ccccc2)N(c2ccccc2)C1=O)c1ccccc1,489.3050000000001,5.8457000000000034,3,0,True,4.301029995663981
CHEMBL363203,CC1C(=O)N(c2ccc(Cl)cc2)N(c2ccc(Cl)cc2)C1OCC(=O)c1ccc(F)cc1F,4.301029995663981,IC50,50000.0,CHEMBL1984,E. coli,MurA,CC1C(=O)N(c2ccc(Cl)cc2)N(c2ccc(Cl)cc2)C1OCC(=O)c1ccc(F)cc1F,O=C(COC1CC(=O)N(c2ccccc2)N1c1ccccc1)c1ccccc1,491.3210000000002,5.901500000000004,4,0,True,4.301029995663981
CHEMBL365149,COc1cccc(CC2C(=O)N(c3ccc(Cl)cc3)N(c3ccc(Cl)cc3)C2=O)c1,4.301029995663981,IC50,50000.0,CHEMBL1984,E. coli,MurA,COc1cccc(CC2C(=O)N(c3ccc(Cl)cc3)N(c3ccc(Cl)cc3)C2=O)c1,O=C1C(Cc2ccccc2)C(=O)N(c2ccccc2)N1c1ccccc1,441.31400000000014,5.155700000000004,3,0,True,4.301029995663981
CHEMBL194444,CCN(CC)CCC1C(=O)N(c2ccc(Cl)cc2)N(c2ccc(Cl)cc2)C1=O,4.301029995663981,IC50,50000.0,CHEMBL1984,E. coli,MurA,CCN(CC)CCC1C(=O)N(c2ccc(Cl)cc2)N(c2ccc(Cl)cc2)C1=O,O=C1CC(=O)N(c2ccccc2)N1c1ccccc1,420.3400000000001,4.636300000000005,3,0,True,4.301029995663981
CHEMBL86416,C=C1C(=O)O[C@@H]2/C=C(\C)CC/C=C(\C)CC[C@@H]12,4.301029995663981,IC50,50000.0,CHEMBL1984,E. coli,MurA,C=C1C(=O)O[C@@H]2/C=C(\C)CC/C=C(\C)CC[C@@H]12,C=C1C(=O)OC2C=CCCC=CCCC12,232.32299999999992,3.5508000000000024,2,0,True,4.301029995663981
CHEMBL218788,C=C1C(=O)O[C@@H]2[C@@H]1CC[C@]1(C)CCC=C(C)[C@@H]21,4.301029995663981,IC50,50000.0,CHEMBL1984,E. coli,MurA,C=C1C(=O)O[C@@H]2[C@@H]1CC[C@]1(C)CCC=C(C)[C@@H]21,C=C1C(=O)OC2C1CCC1CCC=CC12,232.32299999999995,3.2406000000000024,2,0,True,4.301029995663981
CHEMBL88985,C=C1CC[C@H]2C(=C)CC[C@H]3C(=C)C(=O)O[C@@H]3[C@@H]12,4.301029995663981,IC50,50000.0,CHEMBL1984,E. coli,MurA,C=C1CC[C@H]2C(=C)CC[C@H]3C(=C)C(=O)O[C@@H]3[C@@H]12,C=C1C(=O)OC2C1CCC(=C)C1CCC(=C)C12,230.307,3.0166000000000013,2,0,True,4.301029995663981
CHEMBL136356,C=C1C(=O)O[C@@H]2C[C@@]3(C)CCC[C@H](C)C3=C[C@H]12,4.301029995663981,IC50,50000.0,CHEMBL1984,E. coli,MurA,C=C1C(=O)O[C@@H]2C[C@@]3(C)CCC[C@H](C)C3=C[C@H]12,C=C1C(=O)OC2CC3CCCCC3=CC12,232.32299999999995,3.2406000000000024,2,0,True,4.301029995663981
CHEMBL4298697,C=C1C(=O)O[C@@H]2C3O[C@]3(C)CC/C=C(\C)CC[C@@H]12,4.301029995663981,IC50,50000.0,CHEMBL1984,E. coli,MurA,C=C1C(=O)O[C@@H]2C3O[C@]3(C)CC/C=C(\C)CC[C@@H]12,C=C1C(=O)OC2C1CCC=CCCC1OC12,248.32199999999992,2.7620000000000013,3,0,True,4.301029995663981
CHEMBL5193378,O=C(O)c1cc(-c2ccc(/C=C/c3ccccc3)cc2)nc2ccccc12,4.11,IC50,78300.0,CHEMBL1984,E. coli,MurA,O=C(O)c1cc(-c2ccc(/C=C/c3ccccc3)cc2)nc2ccccc12,C(=Cc1ccc(-c2ccc3ccccc3n2)cc1)c1ccccc1,351.4050000000001,5.770400000000004,2,1,True,4.11
CHEMBL5195475,O=C(O)C(=O)Nc1ncc(Br)s1,3.96,IC50,109000.0,CHEMBL1984,E. coli,MurA,O=C(O)C(=O)Nc1ncc(Br)s1,c1cscn1,251.061,0.9286999999999996,4,2,True,3.96
CHEMBL5174817,Cc1nc(Br)sc1C(=O)O,3.85,IC50,141000.0,CHEMBL1984,E. coli,MurA,Cc1nc(Br)sc1C(=O)O,c1cscn1,222.063,1.9122200000000003,3,1,True,3.85
CHEMBL5172087,O=C(O)c1csc(Nc2cccc3ncccc23)n1,3.85,IC50,142000.0,CHEMBL1984,E. coli,MurA,O=C(O)c1csc(Nc2cccc3ncccc23)n1,c1cc(Nc2nccs2)c2cccnc2c1,271.30100000000004,3.1331000000000007,5,2,True,3.85
CHEMBL5171747,COC(=O)CC(=O)Nc1ncc(C#N)s1,3.82,IC50,151000.0,CHEMBL1984,E. coli,MurA,COC(=O)CC(=O)Nc1ncc(C#N)s1,c1cscn1,225.229,0.5163799999999998,6,1,True,3.82
CHEMBL5203880,CCOC(=O)Cc1csc(Br)n1,3.66,IC50,217000.0,CHEMBL1984,E. coli,MurA,CCOC(=O)Cc1csc(Br)n1,c1cscn1,250.117,2.0112,4,0,True,3.66
CHEMBL5198380,COC(=O)C(=O)Nc1ncc(Br)s1,3.63,IC50,235000.0,CHEMBL1984,E. coli,MurA,COC(=O)C(=O)Nc1ncc(Br)s1,c1cscn1,265.08799999999997,1.0170999999999994,5,1,True,3.63
CHEMBL426651,O=C1O/C(=C\c2ccccc2-c2ccc(Cl)c(Cl)c2)C(O)=C1c1ccc(Cl)c(Cl)c1,8.301029995663981,IC50,5.0,CHEMBL4841,S. aureus,MurC,O=C1O/C(=C\c2ccccc2-c2ccc(Cl)c(Cl)c2)C(O)=C1c1ccc(Cl)c(Cl)c1,O=C1OC(=Cc2ccccc2-c2ccccc2)C=C1c1ccccc1,478.15800000000013,7.834200000000003,3,1,True,8.301029995663981
CHEMBL198030,O=C1O/C(=C\c2ccc(-c3cc(Cl)cc(Cl)c3)cc2)C(O)=C1c1cc(Cl)cc(Cl)c1,8.221848749616356,IC50,6.0,CHEMBL4732,E. coli,MurC,O=C1O/C(=C\c2ccc(-c3cc(Cl)cc(Cl)c3)cc2)C(O)=C1c1cc(Cl)cc(Cl)c1,O=C1OC(=Cc2ccc(-c3ccccc3)cc2)C=C1c1ccccc1,478.15800000000013,7.834200000000004,3,1,True,8.221848749616356
CHEMBL382202,O=C1O/C(=C\c2cccc(-c3cccc(Cl)c3)c2)C(O)=C1c1cccc(Cl)c1,8.221848749616356,IC50,6.0,CHEMBL4732,E. coli,MurC,O=C1O/C(=C\c2cccc(-c3cccc(Cl)c3)c2)C(O)=C1c1cccc(Cl)c1,O=C1OC(=Cc2cccc(-c3ccccc3)c2)C=C1c1ccccc1,409.26800000000014,6.527400000000004,3,1,True,8.221848749616356
CHEMBL370421,O=C1O/C(=C\c2cc(C(F)(F)F)ccc2F)C(O)=C1c1ccc(-c2ccccc2)c(F)c1,8.221848749616356,IC50,6.0,CHEMBL4732,E. coli,MurC,O=C1O/C(=C\c2cc(C(F)(F)F)ccc2F)C(O)=C1c1ccc(-c2ccccc2)c(F)c1,O=C1OC(=Cc2ccccc2)C=C1c1ccc(-c2ccccc2)cc1,444.3550000000001,6.517600000000004,3,1,True,8.221848749616356
CHEMBL382328,O=C1O/C(=C\c2cccc(-c3cc(Cl)cc(Cl)c3)c2)C(O)=C1c1cc(Cl)cc(Cl)c1,8.221848749616356,IC50,6.0,CHEMBL4841,S. aureus,MurC,O=C1O/C(=C\c2cccc(-c3cc(Cl)cc(Cl)c3)c2)C(O)=C1c1cc(Cl)cc(Cl)c1,O=C1OC(=Cc2cccc(-c3ccccc3)c2)C=C1c1ccccc1,478.15800000000013,7.834200000000003,3,1,True,8.221848749616356
CHEMBL86525,Oc1c2c(nn1-c1cccc(Cl)c1)CCS2,8.080921907623926,IC50,8.3,CHEMBL4841,S. aureus,MurC,Oc1c2c(nn1-c1cccc(Cl)c1)CCS2,c1ccc(-n2cc3c(n2)CCS3)cc1,252.72599999999997,2.879500000000001,3,1,True,8.080921907623926
CHEMBL199812,O=C1O/C(=C\c2cc(C(F)(F)F)ccc2Cl)C(O)=C1c1ccc(-c2ccccc2)c(F)c1,8.045757490560675,IC50,9.0,CHEMBL4732,E. coli,MurC,O=C1O/C(=C\c2cc(C(F)(F)F)ccc2Cl)C(O)=C1c1ccc(-c2ccccc2)c(F)c1,O=C1OC(=Cc2ccccc2)C=C1c1ccc(-c2ccccc2)cc1,460.8100000000001,7.031900000000005,3,1,True,8.045757490560675
CHEMBL87262,Oc1c2c(nn1-c1ccc(Br)cc1)CCS2,8.045757490560675,IC50,9.0,CHEMBL4841,S. aureus,MurC,Oc1c2c(nn1-c1ccc(Br)cc1)CCS2,c1ccc(-n2cc3c(n2)CCS3)cc1,297.177,2.9886000000000017,3,1,True,8.045757490560675
CHEMBL200097,Cc1ccccc1-c1ccc(/C=C2\OC(O)=C(c3cc(Cl)cc(Cl)c3)C2=O)cc1C,8.045757490560675,IC50,9.0,CHEMBL4841,S. aureus,MurC,Cc1ccccc1-c1ccc(/C=C2\OC(O)=C(c3cc(Cl)cc(Cl)c3)C2=O)cc1C,O=C1C(=Cc2ccc(-c3ccccc3)cc2)OC=C1c1ccccc1,437.3220000000002,7.144240000000005,3,1,True,8.045757490560675
CHEMBL86526,O=[N+]([O-])c1cccc(-n2nc3c(c2O)SCC3)c1,8.040958607678906,IC50,9.1,CHEMBL4841,S. aureus,MurC,O=[N+]([O-])c1cccc(-n2nc3c(c2O)SCC3)c1,c1ccc(-n2cc3c(n2)CCS3)cc1,263.27799999999996,2.1342999999999996,5,1,True,8.040958607678906
CHEMBL313078,O=[N+]([O-])c1ccc(-n2nc3c(c2O)SCC3)cc1,8.022276394711152,IC50,9.5,CHEMBL4841,S. aureus,MurC,O=[N+]([O-])c1ccc(-n2nc3c(c2O)SCC3)cc1,c1ccc(-n2cc3c(n2)CCS3)cc1,263.27799999999996,2.1342999999999996,5,1,True,8.022276394711152
CHEMBL327438,N#Cc1cccc(-n2nc3c(c2O)SCC3)c1,7.943095148663527,IC50,11.4,CHEMBL4841,S. aureus,MurC,N#Cc1cccc(-n2nc3c(c2O)SCC3)c1,c1ccc(-n2cc3c(n2)CCS3)cc1,243.29099999999997,2.0977799999999993,4,1,True,7.943095148663527
CHEMBL85772,Oc1c2c(nn1-c1ccc(Cl)cc1)CCS2,7.939302159646388,IC50,11.5,CHEMBL4841,S. aureus,MurC,Oc1c2c(nn1-c1ccc(Cl)cc1)CCS2,c1ccc(-n2cc3c(n2)CCS3)cc1,252.72599999999997,2.879500000000001,3,1,True,7.939302159646388
CHEMBL84684,N#Cc1ccc(-n2nc3c(c2O)SCC3)cc1,7.920818753952375,IC50,12.0,CHEMBL4841,S. aureus,MurC,N#Cc1ccc(-n2nc3c(c2O)SCC3)cc1,c1ccc(-n2cc3c(n2)CCS3)cc1,243.291,2.0977799999999993,4,1,True,7.920818753952375
CHEMBL199320,Cc1cc(/C=C2\OC(O)=C(c3cccc(Cl)c3)C2=O)ccc1-c1ccccc1C(F)(F)F,7.920818753952375,IC50,12.0,CHEMBL4841,S. aureus,MurC,Cc1cc(/C=C2\OC(O)=C(c3cccc(Cl)c3)C2=O)ccc1-c1ccccc1C(F)(F)F,O=C1C(=Cc2ccc(-c3ccccc3)cc2)OC=C1c1ccccc1,456.84700000000015,7.2012200000000055,3,1,True,7.920818753952375
CHEMBL87126,Oc1c2c(nn1-c1ccc(C(F)(F)F)cc1)CCS2,7.910094888560602,IC50,12.3,CHEMBL4841,S. aureus,MurC,Oc1c2c(nn1-c1ccc(C(F)(F)F)cc1)CCS2,c1ccc(-n2cc3c(n2)CCS3)cc1,286.2779999999999,3.2449000000000012,3,1,True,7.910094888560602
CHEMBL420601,NC(=O)c1cccc(-n2nc3c(c2O)SCC3)c1,7.903089986991944,IC50,12.5,CHEMBL4841,S. aureus,MurC,NC(=O)c1cccc(-n2nc3c(c2O)SCC3)c1,c1ccc(-n2cc3c(n2)CCS3)cc1,261.3059999999999,1.3249999999999997,4,2,True,7.903089986991944
CHEMBL87521,Oc1c2c(nn1-c1ccc(Cl)c(Cl)c1)CCS2,7.853871964321762,IC50,14.0,CHEMBL4841,S. aureus,MurC,Oc1c2c(nn1-c1ccc(Cl)c(Cl)c1)CCS2,c1ccc(-n2cc3c(n2)CCS3)cc1,287.17099999999994,3.5329000000000015,3,1,True,7.853871964321762
CHEMBL5879031,Nc1nc(N)c(CC(=O)Nc2cnc(C(=O)N[C@@H](CCC(=O)O)C(=O)O)c(F)c2)c(=O)[nH]1,7.8,IC50,16.0,CHEMBL2541,E. coli MurF,MurC,Nc1nc(N)c(CC(=O)Nc2cnc(C(=O)N[C@@H](CCC(=O)O)C(=O)O)c(F)c2)c(=O)[nH]1,O=C(Cc1cnc[nH]c1=O)Nc1cccnc1,451.37100000000027,-1.3025999999999984,9,7,True,7.8
CHEMBL199629,O=C1O/C(=C\c2cccc(C(F)(F)F)c2Cl)C(O)=C1c1ccc(-c2ccccc2)c(F)c1,7.795880017344075,IC50,16.0,CHEMBL4732,E. coli,MurC,O=C1O/C(=C\c2cccc(C(F)(F)F)c2Cl)C(O)=C1c1ccc(-c2ccccc2)c(F)c1,O=C1OC(=Cc2ccccc2)C=C1c1ccc(-c2ccccc2)cc1,460.8100000000001,7.031900000000005,3,1,True,7.795880017344075
CHEMBL199511,COc1cc(/C=C2\OC(O)=C(c3cc(Cl)cc(Cl)c3)C2=O)ccc1-c1ccccc1C(F)(F)F,7.769551078621726,IC50,17.0,CHEMBL4841,S. aureus,MurC,COc1cc(/C=C2\OC(O)=C(c3cc(Cl)cc(Cl)c3)C2=O)ccc1-c1ccccc1C(F)(F)F,O=C1C(=Cc2ccc(-c3ccccc3)cc2)OC=C1c1ccccc1,507.29100000000017,7.554800000000005,4,1,True,7.769551078621726
CHEMBL87584,CC1Cc2nn(-c3ccc(Cl)cc3)c(O)c2S1,7.767003889607846,IC50,17.1,CHEMBL4841,S. aureus,MurC,CC1Cc2nn(-c3ccc(Cl)cc3)c(O)c2S1,c1ccc(-n2cc3c(n2)CCS3)cc1,266.753,3.268000000000002,3,1,True,7.767003889607846
CHEMBL315316,Oc1c2c(nn1-c1cccc(C(F)(F)F)c1)CCS2,7.71669877129645,IC50,19.2,CHEMBL4841,S. aureus,MurC,Oc1c2c(nn1-c1cccc(C(F)(F)F)c1)CCS2,c1ccc(-n2cc3c(n2)CCS3)cc1,286.2779999999999,3.2449000000000012,3,1,True,7.71669877129645
CHEMBL87821,Oc1c2c(nn1-c1ccccc1)CCS2,7.684029654543082,IC50,20.7,CHEMBL4841,S. aureus,MurC,Oc1c2c(nn1-c1ccccc1)CCS2,c1ccc(-n2cc3c(n2)CCS3)cc1,218.28099999999998,2.2260999999999997,3,1,True,7.684029654543082
CHEMBL91242,N#Cc1c(NC(=O)c2cc(S(=O)(=O)N3CCOCC3)c(Cl)cc2Cl)sc2c1CCC(c1ccc(O)cc1)C2,7.66,IC50,22.0,CHEMBL4319,S. pneumoniae MurF,MurC,N#Cc1c(NC(=O)c2cc(S(=O)(=O)N3CCOCC3)c(Cl)cc2Cl)sc2c1CCC(c1ccc(O)cc1)C2,O=C(Nc1cc2c(s1)CC(c1ccccc1)CC2)c1cccc(S(=O)(=O)N2CCOCC2)c1,592.5260000000003,5.177880000000005,7,2,True,7.66
CHEMBL272818,N#Cc1c(NC(=O)c2cc(S(=O)(=O)N3CCOCC3)c(Cl)cc2Cl)sc2c1CC(c1ccc(O)cc1)CC2,7.66,IC50,22.0,CHEMBL4319,S. pneumoniae MurF,MurC,N#Cc1c(NC(=O)c2cc(S(=O)(=O)N3CCOCC3)c(Cl)cc2Cl)sc2c1CC(c1ccc(O)cc1)CC2,O=C(Nc1cc2c(s1)CCC(c1ccccc1)C2)c1cccc(S(=O)(=O)N2CCOCC2)c1,592.5260000000002,5.177880000000005,7,2,True,7.66
CHEMBL200015,Cc1cc(/C=C2\OC(O)=C(c3cc(Cl)cc(Cl)c3)C2=O)ccc1-c1ccccc1C(F)(F)F,7.619788758288394,IC50,24.0,CHEMBL4841,S. aureus,MurC,Cc1cc(/C=C2\OC(O)=C(c3cc(Cl)cc(Cl)c3)C2=O)ccc1-c1ccccc1C(F)(F)F,O=C1C(=Cc2ccc(-c3ccccc3)cc2)OC=C1c1ccccc1,491.29200000000014,7.854620000000005,3,1,True,7.619788758288394
CHEMBL83021,Oc1c2c(nn1-c1ccc(Cl)cc1)CC(c1ccccc1)S2,7.610833915635467,IC50,24.5,CHEMBL4841,S. aureus,MurC,Oc1c2c(nn1-c1ccc(Cl)cc1)CC(c1ccccc1)S2,c1ccc(C2Cc3nn(-c4ccccc4)cc3S2)cc1,328.824,4.620800000000003,3,1,True,7.610833915635467
CHEMBL381445,O=C1O/C(=C\c2cccc3ccccc23)C(O)=C1c1cccc(C(F)(F)F)c1,7.6020599913279625,IC50,25.0,CHEMBL4732,E. coli,MurC,O=C1O/C(=C\c2cccc3ccccc23)C(O)=C1c1cccc(C(F)(F)F)c1,O=C1OC(=Cc2cccc3ccccc23)C=C1c1ccccc1,382.337,5.725600000000003,3,1,True,7.6020599913279625
CHEMBL372594,O=C1O/C(=C\c2ccc3ccccc3c2)C(O)=C1c1cccc(C(F)(F)F)c1,7.6020599913279625,IC50,25.0,CHEMBL4732,E. coli,MurC,O=C1O/C(=C\c2ccc3ccccc3c2)C(O)=C1c1cccc(C(F)(F)F)c1,O=C1OC(=Cc2ccc3ccccc3c2)C=C1c1ccccc1,382.337,5.725600000000003,3,1,True,7.6020599913279625
CHEMBL199962,O=C1O/C(=C\c2ccc(Cl)cc2)C(O)=C1c1ccc(-c2ccccc2)cc1,7.6020599913279625,IC50,25.0,CHEMBL4732,E. coli,MurC,O=C1O/C(=C\c2ccc(Cl)cc2)C(O)=C1c1ccc(-c2ccccc2)cc1,O=C1OC(=Cc2ccccc2)C=C1c1ccc(-c2ccccc2)cc1,374.82300000000004,5.874000000000004,3,1,True,7.6020599913279625
CHEMBL199757,O=C1O/C(=C\c2cccc(C(F)(F)F)c2)C(O)=C1c1ccc(-c2ccccc2)cc1,7.6020599913279625,IC50,25.0,CHEMBL4732,E. coli,MurC,O=C1O/C(=C\c2cccc(C(F)(F)F)c2)C(O)=C1c1ccc(-c2ccccc2)cc1,O=C1OC(=Cc2ccccc2)C=C1c1ccc(-c2ccccc2)cc1,408.37500000000006,6.239400000000004,3,1,True,7.6020599913279625
CHEMBL380784,O=C1O/C(=C\C2CCCCC2)C(O)=C1c1ccc2ccccc2c1,7.6020599913279625,IC50,25.0,CHEMBL4732,E. coli,MurC,O=C1O/C(=C\C2CCCCC2)C(O)=C1c1ccc2ccccc2c1,O=C1OC(=CC2CCCCC2)C=C1c1ccc2ccccc2c1,320.388,5.129900000000004,3,1,True,7.6020599913279625
CHEMBL199929,O=C1O/C(=C\c2ccc(-c3ccccc3)cc2)C(O)=C1c1ccc2ccccc2c1,7.6020599913279625,IC50,25.0,CHEMBL4732,E. coli,MurC,O=C1O/C(=C\c2ccc(-c3ccccc3)cc2)C(O)=C1c1ccc2ccccc2c1,O=C1OC(=Cc2ccc(-c3ccccc3)cc2)C=C1c1ccc2ccccc2c1,390.4380000000001,6.373800000000005,3,1,True,7.6020599913279625
CHEMBL199580,O=C1O/C(=C\c2cccc(C(F)(F)F)c2)C(O)=C1c1ccc2ccccc2c1,7.6020599913279625,IC50,25.0,CHEMBL4732,E. coli,MurC,O=C1O/C(=C\c2cccc(C(F)(F)F)c2)C(O)=C1c1ccc2ccccc2c1,O=C1OC(=Cc2ccccc2)C=C1c1ccc2ccccc2c1,382.33700000000005,5.725600000000004,3,1,True,7.6020599913279625
CHEMBL197817,O=C1O/C(=C\c2ccc(-c3ccccc3)cc2)C(O)=C1c1cccc2ccccc12,7.6020599913279625,IC50,25.0,CHEMBL4732,E. coli,MurC,O=C1O/C(=C\c2ccc(-c3ccccc3)cc2)C(O)=C1c1cccc2ccccc12,O=C1OC(=Cc2ccc(-c3ccccc3)cc2)C=C1c1cccc2ccccc12,390.4380000000001,6.373800000000005,3,1,True,7.6020599913279625
CHEMBL381658,O=C1O/C(=C\c2cccc(C(F)(F)F)c2)C(O)=C1c1cccc2ccccc12,7.6020599913279625,IC50,25.0,CHEMBL4732,E. coli,MurC,O=C1O/C(=C\c2cccc(C(F)(F)F)c2)C(O)=C1c1cccc2ccccc12,O=C1OC(=Cc2ccccc2)C=C1c1cccc2ccccc12,382.33700000000005,5.725600000000004,3,1,True,7.6020599913279625
CHEMBL197865,O=C1O/C(=C\c2cccc3ccccc23)C(O)=C1c1ccc(Cl)cc1,7.6020599913279625,IC50,25.0,CHEMBL4732,E. coli,MurC,O=C1O/C(=C\c2cccc3ccccc23)C(O)=C1c1ccc(Cl)cc1,O=C1OC(=Cc2cccc3ccccc23)C=C1c1ccccc1,348.78499999999997,5.360200000000003,3,1,True,7.6020599913279625
CHEMBL382548,COc1ccc(C2=C(O)O/C(=C\c3cccc(C(F)(F)F)c3)C2=O)cc1,7.6020599913279625,IC50,25.0,CHEMBL4732,E. coli,MurC,COc1ccc(C2=C(O)O/C(=C\c3cccc(C(F)(F)F)c3)C2=O)cc1,O=C1C(=Cc2ccccc2)OC=C1c1ccccc1,362.30300000000005,4.581000000000002,4,1,True,7.6020599913279625
CHEMBL199674,O=C1O/C(=C\c2cccc(C(F)(F)F)c2)C(O)=C1c1ccc(Cl)cc1,7.6020599913279625,IC50,25.0,CHEMBL4732,E. coli,MurC,O=C1O/C(=C\c2cccc(C(F)(F)F)c2)C(O)=C1c1ccc(Cl)cc1,O=C1OC(=Cc2ccccc2)C=C1c1ccccc1,366.722,5.225800000000002,3,1,True,7.6020599913279625
CHEMBL199546,O=C1O/C(=C\C2CCCCC2)C(O)=C1c1cccc(C(F)(F)F)c1,7.6020599913279625,IC50,25.0,CHEMBL4732,E. coli,MurC,O=C1O/C(=C\C2CCCCC2)C(O)=C1c1cccc(C(F)(F)F)c1,O=C1OC(=CC2CCCCC2)C=C1c1ccccc1,338.325,4.995500000000003,3,1,True,7.6020599913279625
CHEMBL199457,COc1ccc(C2=C(O)O/C(=C\c3cccc4ccccc34)C2=O)cc1,7.6020599913279625,IC50,25.0,CHEMBL4732,E. coli,MurC,COc1ccc(C2=C(O)O/C(=C\c3cccc4ccccc34)C2=O)cc1,O=C1C(=Cc2cccc3ccccc23)OC=C1c1ccccc1,344.3660000000001,4.715400000000003,4,1,True,7.6020599913279625
CHEMBL199553,O=C1O/C(=C\c2cccc(C(F)(F)F)c2)C(O)=C1c1ccc(-c2ccccc2)c(F)c1,7.6020599913279625,IC50,25.0,CHEMBL4732,E. coli,MurC,O=C1O/C(=C\c2cccc(C(F)(F)F)c2)C(O)=C1c1ccc(-c2ccccc2)c(F)c1,O=C1OC(=Cc2ccccc2)C=C1c1ccc(-c2ccccc2)cc1,426.36500000000007,6.378500000000004,3,1,True,7.6020599913279625
CHEMBL381006,COc1ccccc1-c1ccc(/C=C2\OC(O)=C(c3cc(Cl)cc(Cl)c3)C2=O)cc1OC,7.6020599913279625,IC50,25.0,CHEMBL4732,E. coli,MurC,COc1ccccc1-c1ccc(/C=C2\OC(O)=C(c3cc(Cl)cc(Cl)c3)C2=O)cc1OC,O=C1C(=Cc2ccc(-c3ccccc3)cc2)OC=C1c1ccccc1,469.3200000000002,6.544600000000004,5,1,True,7.6020599913279625
CHEMBL89482,Oc1c2c(nn1-c1cc(C(F)(F)F)cc(C(F)(F)F)c1)CCS2,7.6020599913279625,IC50,25.0,CHEMBL4841,S. aureus,MurC,Oc1c2c(nn1-c1cc(C(F)(F)F)cc(C(F)(F)F)c1)CCS2,c1ccc(-n2cc3c(n2)CCS3)cc1,354.27500000000003,4.263700000000001,3,1,True,7.6020599913279625
CHEMBL87044,Oc1c2c(nn1-c1ccccc1C(F)(F)F)CCS2,7.6020599913279625,IC50,25.0,CHEMBL4841,S. aureus,MurC,Oc1c2c(nn1-c1ccccc1C(F)(F)F)CCS2,c1ccc(-n2cc3c(n2)CCS3)cc1,286.2779999999999,3.2449000000000012,3,1,True,7.6020599913279625
CHEMBL315456,CC(C)c1ccc(-n2nc3c(c2O)SCC3)cc1,7.6020599913279625,IC50,25.0,CHEMBL4841,S. aureus,MurC,CC(C)c1ccc(-n2nc3c(c2O)SCC3)cc1,c1ccc(-n2cc3c(n2)CCS3)cc1,260.36199999999997,3.3495000000000026,3,1,True,7.6020599913279625
CHEMBL86990,Oc1c2c(nn1-c1ccc(F)cc1)CCS2,7.6020599913279625,IC50,25.0,CHEMBL4841,S. aureus,MurC,Oc1c2c(nn1-c1ccc(F)cc1)CCS2,c1ccc(-n2cc3c(n2)CCS3)cc1,236.27099999999996,2.3651999999999997,3,1,True,7.6020599913279625
CHEMBL86851,CC(C)(C)c1ccc(-n2nc3c(c2O)SCC3)cc1,7.6020599913279625,IC50,25.0,CHEMBL4841,S. aureus,MurC,CC(C)(C)c1ccc(-n2nc3c(c2O)SCC3)cc1,c1ccc(-n2cc3c(n2)CCS3)cc1,274.38899999999995,3.523600000000002,3,1,True,7.6020599913279625
CHEMBL380752,O=C1O/C(=C\c2cc(C(F)(F)F)ccc2Cl)C(O)=C1c1ccc(N2CCOCC2)c(F)c1,7.6020599913279625,IC50,25.0,CHEMBL4841,S. aureus,MurC,O=C1O/C(=C\c2cc(C(F)(F)F)ccc2Cl)C(O)=C1c1ccc(N2CCOCC2)c(F)c1,O=C1OC(=Cc2ccccc2)C=C1c1ccc(N2CCOCC2)cc1,469.81800000000027,5.201500000000004,5,1,True,7.6020599913279625
CHEMBL91324,CCN(CC)S(=O)(=O)c1ccc(Cl)c(C(=O)Nc2sc3c(c2C#N)CCC(c2ccc(O)cc2)C3)c1,7.27,IC50,54.0,CHEMBL4319,S. pneumoniae MurF,MurC,CCN(CC)S(=O)(=O)c1ccc(Cl)c(C(=O)Nc2sc3c(c2C#N)CCC(c2ccc(O)cc2)C3)c1,O=C(Nc1cc2c(s1)CC(c1ccccc1)CC2)c1ccccc1,544.0980000000003,5.534080000000006,6,2,True,7.27
CHEMBL272248,CCN(CC)S(=O)(=O)c1ccc(Cl)c(C(=O)Nc2sc3c(c2C#N)CC(c2ccc(O)cc2)CC3)c1,7.27,IC50,54.0,CHEMBL4319,S. pneumoniae MurF,MurC,CCN(CC)S(=O)(=O)c1ccc(Cl)c(C(=O)Nc2sc3c(c2C#N)CC(c2ccc(O)cc2)CC3)c1,O=C(Nc1cc2c(s1)CCC(c1ccccc1)C2)c1ccccc1,544.0980000000002,5.534080000000006,6,2,True,7.27
CHEMBL93913,CCN(CC)S(=O)(=O)c1cc(C(=O)Nc2sc3c(c2C#N)CCC(c2ccc(O)cc2)C3)c(Cl)cc1Cl,7.17,IC50,67.0,CHEMBL4319,S. pneumoniae MurF,MurC,CCN(CC)S(=O)(=O)c1cc(C(=O)Nc2sc3c(c2C#N)CCC(c2ccc(O)cc2)C3)c(Cl)cc1Cl,O=C(Nc1cc2c(s1)CC(c1ccccc1)CC2)c1ccccc1,578.5430000000002,6.187480000000005,6,2,True,7.17
CHEMBL271972,CCN(CC)S(=O)(=O)c1cc(C(=O)Nc2sc3c(c2C#N)CC(c2ccc(O)cc2)CC3)c(Cl)cc1Cl,7.17,IC50,67.0,CHEMBL4319,S. pneumoniae MurF,MurC,CCN(CC)S(=O)(=O)c1cc(C(=O)Nc2sc3c(c2C#N)CC(c2ccc(O)cc2)CC3)c(Cl)cc1Cl,O=C(Nc1cc2c(s1)CCC(c1ccccc1)C2)c1ccccc1,578.5430000000002,6.187480000000005,6,2,True,7.17
CHEMBL329389,N#Cc1c(NC(=O)c2cc(S(=O)(=O)N3CCOCC3)c(Cl)cc2Cl)sc2c1CCC(c1ccccc1)C2,7.16,IC50,70.0,CHEMBL4319,S. pneumoniae MurF,MurC,N#Cc1c(NC(=O)c2cc(S(=O)(=O)N3CCOCC3)c(Cl)cc2Cl)sc2c1CCC(c1ccccc1)C2,O=C(Nc1cc2c(s1)CC(c1ccccc1)CC2)c1cccc(S(=O)(=O)N2CCOCC2)c1,576.5270000000003,5.472280000000005,6,1,True,7.16
CHEMBL411672,N#Cc1c(NC(=O)c2cc(S(=O)(=O)N3CCOCC3)c(Cl)cc2Cl)sc2c1CC(c1ccccc1)CC2,7.16,IC50,70.0,CHEMBL4319,S. pneumoniae MurF,MurC,N#Cc1c(NC(=O)c2cc(S(=O)(=O)N3CCOCC3)c(Cl)cc2Cl)sc2c1CC(c1ccccc1)CC2,O=C(Nc1cc2c(s1)CCC(c1ccccc1)C2)c1cccc(S(=O)(=O)N2CCOCC2)c1,576.5270000000002,5.472280000000005,6,1,True,7.16
CHEMBL5653589,Cc1ccc(C(=O)Nc2cccc(C(F)(F)F)c2)cc1Nc1nc(-c2cccnc2)nc2nn(C)cc12,7.06,Kd,87.14,CHEMBL2541,E. coli MurF,MurC,Cc1ccc(C(=O)Nc2cccc(C(F)(F)F)c2)cc1Nc1nc(-c2cccnc2)nc2nn(C)cc12,O=C(Nc1ccccc1)c1cccc(Nc2nc(-c3cccnc3)nc3n[nH]cc23)c1,503.48800000000017,5.748420000000004,6,2,True,7.06
CHEMBL1233930,Nc1nc(O)c2c(n1)NC[C@@H]1CN(c3ccc(C(=O)N[C@@H](CCC(=O)O)C(=O)O)cc3)C(=O)N21,7.02,IC50,96.0,CHEMBL2541,E. coli MurF,MurC,Nc1nc(O)c2c(n1)NC[C@@H]1CN(c3ccc(C(=O)N[C@@H](CCC(=O)O)C(=O)O)cc3)C(=O)N21,O=C1N(c2ccccc2)CC2CNc3ncncc3N12,471.43000000000023,0.05289999999999939,9,6,True,7.02
CHEMBL6133989,Nc1nc(N)c(NC(=O)Nc2ccc(C(=O)N[C@@H](CCc3nnn[nH]3)C(=O)O)cc2)c(=O)[nH]1,6.92,IC50,120.0,CHEMBL2541,E. coli MurF,MurC,Nc1nc(N)c(NC(=O)Nc2ccc(C(=O)N[C@@H](CCc3nnn[nH]3)C(=O)O)cc2)c(=O)[nH]1,O=C(Nc1ccc(C(=O)NCCCc2nnn[nH]2)cc1)Nc1cnc[nH]c1=O,457.41100000000023,-1.092799999999999,10,8,True,6.92
CHEMBL6103492,Nc1nc(N)c(NC(=O)Nc2ccc(C(=O)N[C@@H](CCc3nnn[nH]3)C(=O)O)cc2Cl)c(=O)[nH]1,6.64,IC50,230.0,CHEMBL2541,E. coli MurF,MurC,Nc1nc(N)c(NC(=O)Nc2ccc(C(=O)N[C@@H](CCc3nnn[nH]3)C(=O)O)cc2Cl)c(=O)[nH]1,O=C(Nc1ccc(C(=O)NCCCc2nnn[nH]2)cc1)Nc1cnc[nH]c1=O,491.8560000000003,-0.4394000000000004,10,8,True,6.64
CHEMBL92119,N#Cc1c(NC(=O)c2cc(S(=O)(=O)N3CCOCC3)c(Cl)cc2Cl)sc2c1CCC2,6.52,IC50,300.0,CHEMBL4319,S. pneumoniae MurF,MurC,N#Cc1c(NC(=O)c2cc(S(=O)(=O)N3CCOCC3)c(Cl)cc2Cl)sc2c1CCC2,O=C(Nc1cc2c(s1)CCC2)c1cccc(S(=O)(=O)N2CCOCC2)c1,486.40200000000027,3.688480000000003,6,1,True,6.52
CHEMBL6102567,Nc1nc(N)c(NC(=O)Nc2ccc(C(=O)N[C@@H](CCc3nnn[nH]3)c3nnn[nH]3)cc2)c(=O)[nH]1,6.42,IC50,380.0,CHEMBL2541,E. coli MurF,MurC,Nc1nc(N)c(NC(=O)Nc2ccc(C(=O)N[C@@H](CCc3nnn[nH]3)c3nnn[nH]3)cc2)c(=O)[nH]1,O=C(Nc1ccc(C(=O)NC(CCc2nnn[nH]2)c2nnn[nH]2)cc1)Nc1cnc[nH]c1=O,481.4410000000002,-1.2915999999999994,12,8,True,6.42
CHEMBL4463968,Cc1c(N2CCN(C)[C@@H](C)C2)ccc2c3c(c(=O)oc12)CN(C(=O)c1ccc(NS(C)(=O)=O)c(OC(F)(F)F)c1)CC3,6.24,IC50,570.0,CHEMBL2541,E. coli MurF,MurC,Cc1c(N2CCN(C)[C@@H](C)C2)ccc2c3c(c(=O)oc12)CN(C(=O)c1ccc(NS(C)(=O)=O)c(OC(F)(F)F)c1)CC3,O=C(c1ccccc1)N1CCc2c(c(=O)oc3cc(N4CCNCC4)ccc23)C1,608.6390000000002,3.710320000000003,8,1,True,6.24
CHEMBL6102973,Nc1nc(N)c(NC(=O)Nc2ccc(C(=O)N[C@@H](CCC(=O)O)C(=O)O)cc2F)c(=O)[nH]1,6.23,IC50,590.0,CHEMBL2541,E. coli MurF,MurC,Nc1nc(N)c(NC(=O)Nc2ccc(C(=O)N[C@@H](CCC(=O)O)C(=O)O)cc2F)c(=O)[nH]1,O=C(Nc1ccccc1)Nc1cnc[nH]c1=O,451.37100000000027,-0.2348000000000005,8,8,True,6.23
CHEMBL3622702,Nc1nc(N)c(NC(=O)Nc2ccc(C(=O)N[C@@H](CCC(=O)O)C(=O)O)cc2)c(=O)[nH]1,6.2,IC50,630.0,CHEMBL2541,E. coli MurF,MurC,Nc1nc(N)c(NC(=O)Nc2ccc(C(=O)N[C@@H](CCC(=O)O)C(=O)O)cc2)c(=O)[nH]1,O=C(Nc1ccccc1)Nc1cnc[nH]c1=O,433.38100000000026,-0.3739000000000005,8,8,True,6.2
CHEMBL6134698,NC(=O)CC[C@H](NC(=O)c1ccc(NC(=O)Nc2c(N)nc(N)[nH]c2=O)cc1)C(=O)O,6.1,IC50,790.0,CHEMBL2541,E. coli MurF,MurC,NC(=O)CC[C@H](NC(=O)c1ccc(NC(=O)Nc2c(N)nc(N)[nH]c2=O)cc1)C(=O)O,O=C(Nc1ccccc1)Nc1cnc[nH]c1=O,432.3970000000002,-0.973199999999999,8,8,True,6.1
CHEMBL327236,N#Cc1c(NC(=O)c2cc(S(=O)(=O)N3CCOCC3)c(Cl)cc2Cl)sc2c1CCCC2,6.0,IC50,1000.0,CHEMBL4319,S. pneumoniae MurF,MurC,N#Cc1c(NC(=O)c2cc(S(=O)(=O)N3CCOCC3)c(Cl)cc2Cl)sc2c1CCCC2,O=C(Nc1cc2c(s1)CCCC2)c1cccc(S(=O)(=O)N2CCOCC2)c1,500.4290000000003,4.078580000000003,6,1,True,6.0
CHEMBL4470947,Cc1c(N2CCN(C)[C@@H](C)C2)ccc2c3c(c(=O)oc12)CN(C(=O)c1ccc(NS(C)(=O)=O)c(Cl)c1)CC3,5.96,IC50,1100.0,CHEMBL2541,E. coli MurF,MurC,Cc1c(N2CCN(C)[C@@H](C)C2)ccc2c3c(c(=O)oc12)CN(C(=O)c1ccc(NS(C)(=O)=O)c(Cl)c1)CC3,O=C(c1ccccc1)N1CCc2c(c(=O)oc3cc(N4CCNCC4)ccc23)C1,559.0880000000001,3.4651200000000024,7,1,True,5.96
CHEMBL88614,CCN(CC)S(=O)(=O)c1ccc(Cl)c(C(=O)Nc2sc3c(c2C#N)CCCC3)c1,5.85,IC50,1400.0,CHEMBL4319,S. pneumoniae MurF,MurC,CCN(CC)S(=O)(=O)c1ccc(Cl)c(C(=O)Nc2sc3c(c2C#N)CCCC3)c1,O=C(Nc1cc2c(s1)CCCC2)c1ccccc1,452.0010000000003,4.4347800000000035,5,1,True,5.85
CHEMBL315584,N#Cc1c(NC(=O)c2cc(S(=O)(=O)N3CCOCC3)ccc2Cl)sc2c1CCCC2,5.77,IC50,1700.0,CHEMBL4319,S. pneumoniae MurF,MurC,N#Cc1c(NC(=O)c2cc(S(=O)(=O)N3CCOCC3)ccc2Cl)sc2c1CCCC2,O=C(Nc1cc2c(s1)CCCC2)c1cccc(S(=O)(=O)N2CCOCC2)c1,465.98400000000026,3.425180000000002,6,1,True,5.77
CHEMBL6159806,Nc1nc(N)c(NC(=O)Nc2ccc(C(=O)N[C@@H](CCC(=O)O)C(=O)O)cc2Cl)c(=O)[nH]1,5.75,IC50,1790.0,CHEMBL2541,E. coli MurF,MurC,Nc1nc(N)c(NC(=O)Nc2ccc(C(=O)N[C@@H](CCC(=O)O)C(=O)O)cc2Cl)c(=O)[nH]1,O=C(Nc1ccccc1)Nc1cnc[nH]c1=O,467.8260000000003,0.2794999999999996,8,8,True,5.75
CHEMBL457526,N#Cc1ccc(COc2ccc3cc(S(=O)(=O)N[C@H](CCC(=O)O)C(=O)O)ccc3c2)c(F)c1,5.66,Kd,2200.0,CHEMBL4732,E. coli,MurC,N#Cc1ccc(COc2ccc3cc(S(=O)(=O)N[C@H](CCC(=O)O)C(=O)O)ccc3c2)c(F)c1,c1ccc(COc2ccc3ccccc3c2)cc1,486.4770000000002,3.025880000000001,6,3,True,5.66
CHEMBL6102503,Nc1ncc(NC(=O)Nc2ccc(C(=O)N[C@@H](CCC(=O)O)C(=O)O)cc2)c(=O)[nH]1,5.66,IC50,2200.0,CHEMBL2541,E. coli MurF,MurC,Nc1ncc(NC(=O)Nc2ccc(C(=O)N[C@@H](CCC(=O)O)C(=O)O)cc2)c(=O)[nH]1,O=C(Nc1ccccc1)Nc1cnc[nH]c1=O,418.36600000000016,0.043900000000000494,7,7,True,5.66
CHEMBL258811,N#Cc1c(NC(=O)c2cc(S(=O)(=O)N3CCCCC3)ccc2Cl)sc2c1CCC2,5.6,IC50,2500.0,CHEMBL4319,S. pneumoniae MurF,MurC,N#Cc1c(NC(=O)c2cc(S(=O)(=O)N3CCCCC3)ccc2Cl)sc2c1CCC2,O=C(Nc1cc2c(s1)CCC2)c1cccc(S(=O)(=O)N2CCCCC2)c1,449.98500000000024,4.188780000000003,5,1,True,5.6
CHEMBL4483030,Cc1c(N2CCN(C)CC2)ccc2c3c(c(=O)oc12)CN(C(=O)c1ccc(NS(C)(=O)=O)c(OC(F)(F)F)c1)CC3,5.54,IC50,2900.0,CHEMBL2541,E. coli MurF,MurC,Cc1c(N2CCN(C)CC2)ccc2c3c(c(=O)oc12)CN(C(=O)c1ccc(NS(C)(=O)=O)c(OC(F)(F)F)c1)CC3,O=C(c1ccccc1)N1CCc2c(c(=O)oc3cc(N4CCNCC4)ccc23)C1,594.6120000000003,3.3218200000000024,8,1,True,5.54
CHEMBL433177,CCN(CC)S(=O)(=O)c1ccc(Cl)c(C(=O)Nc2sc3c(c2C#N)CCCCC3)c1,5.47,IC50,3400.0,CHEMBL4319,S. pneumoniae MurF,MurC,CCN(CC)S(=O)(=O)c1ccc(Cl)c(C(=O)Nc2sc3c(c2C#N)CCCCC3)c1,O=C(Nc1cc2c(s1)CCCCC2)c1ccccc1,466.02800000000036,4.824880000000005,5,1,True,5.47
CHEMBL93651,N#Cc1c(NC(=O)c2cc(S(=O)(=O)N3CCOCC3)ccc2Cl)sc2c1CCCCC2,5.38,IC50,4200.0,CHEMBL4319,S. pneumoniae MurF,MurC,N#Cc1c(NC(=O)c2cc(S(=O)(=O)N3CCOCC3)ccc2Cl)sc2c1CCCCC2,O=C(Nc1cc2c(s1)CCCCC2)c1cccc(S(=O)(=O)N2CCOCC2)c1,480.0110000000003,3.815280000000003,6,1,True,5.38
CHEMBL91333,N#Cc1c(NC(=O)c2cc(S(=O)(=O)N3CCOCC3)ccc2Br)sc2c1CCC2,5.38,IC50,4200.0,CHEMBL4319,S. pneumoniae MurF,MurC,N#Cc1c(NC(=O)c2cc(S(=O)(=O)N3CCOCC3)ccc2Br)sc2c1CCC2,O=C(Nc1cc2c(s1)CCC2)c1cccc(S(=O)(=O)N2CCOCC2)c1,496.40800000000024,3.144180000000002,6,1,True,5.38
CHEMBL4542665,Cc1c(N2CCN(C)CC2)ccc2c3c(c(=O)oc12)CN(C(=O)c1ccc(NS(C)(=O)=O)c(Br)c1)CC3,5.38,IC50,4200.0,CHEMBL2541,E. coli MurF,MurC,Cc1c(N2CCN(C)CC2)ccc2c3c(c(=O)oc12)CN(C(=O)c1ccc(NS(C)(=O)=O)c(Br)c1)CC3,O=C(c1ccccc1)N1CCc2c(c(=O)oc3cc(N4CCNCC4)ccc23)C1,589.5120000000002,3.1857200000000017,7,1,True,5.38
CHEMBL6152791,Nc1nc(N)c(NC(=O)Nc2ccc(C(=O)N[C@@H](CCC(=O)O)C(=O)O)cn2)c(=O)[nH]1,5.38,IC50,4140.0,CHEMBL2541,E. coli MurF,MurC,Nc1nc(N)c(NC(=O)Nc2ccc(C(=O)N[C@@H](CCC(=O)O)C(=O)O)cn2)c(=O)[nH]1,O=C(Nc1ccccn1)Nc1cnc[nH]c1=O,434.36900000000026,-0.978899999999999,9,8,True,5.38
CHEMBL4584730,Cc1c(N2C[C@@H](C)N(C)[C@@H](C)C2)ccc2c3c(c(=O)oc12)CN(C(=O)c1ccc(NS(C)(=O)=O)c(Cl)c1)CC3,5.31,IC50,4900.0,CHEMBL2541,E. coli MurF,MurC,Cc1c(N2C[C@@H](C)N(C)[C@@H](C)C2)ccc2c3c(c(=O)oc12)CN(C(=O)c1ccc(NS(C)(=O)=O)c(Cl)c1)CC3,O=C(c1ccccc1)N1CCc2c(c(=O)oc3cc(N4CCNCC4)ccc23)C1,573.1150000000001,3.853620000000003,7,1,True,5.31
CHEMBL4441993,Cc1c(OCCN(C)C)ccc2c3c(c(=O)oc12)CN(C(=O)c1ccc(C(=O)O)cc1)CC3.Cl,5.3,IC50,5000.0,CHEMBL2541,E. coli MurF,MurC,Cc1c(OCCN(C)C)ccc2c3c(c(=O)oc12)CN(C(=O)c1ccc(C(=O)O)cc1)CC3.Cl,O=C(c1ccccc1)N1CCc2c(c(=O)oc3ccccc23)C1,486.9520000000003,3.360320000000002,6,1,True,5.3
CHEMBL6149895,Cc1cc(C(=O)N[C@@H](CCC(=O)O)C(=O)O)ccc1NC(=O)Nc1c(N)nc(N)[nH]c1=O,5.29,IC50,5160.0,CHEMBL2541,E. coli MurF,MurC,Cc1cc(C(=O)N[C@@H](CCC(=O)O)C(=O)O)ccc1NC(=O)Nc1c(N)nc(N)[nH]c1=O,O=C(Nc1ccccc1)Nc1cnc[nH]c1=O,447.4080000000002,-0.06547999999999848,8,8,True,5.29
CHEMBL90847,CCN(CC)S(=O)(=O)c1cc(C(=O)Nc2sc3c(c2C#N)CCC3)c(Cl)cc1Cl,5.28,IC50,5200.0,CHEMBL4319,S. pneumoniae MurF,MurC,CCN(CC)S(=O)(=O)c1cc(C(=O)Nc2sc3c(c2C#N)CCC3)c(Cl)cc1Cl,O=C(Nc1cc2c(s1)CCC2)c1ccccc1,472.4190000000003,4.698080000000004,5,1,True,5.28
CHEMBL4534641,Cc1c(N2CCN(C)CC2)ccc2c3c(c(=O)oc12)CN(C(=O)c1ccc2c(c1)CS(=O)(=O)N2)CC3.O=C(O)C(F)(F)F,5.28,IC50,5200.0,CHEMBL2541,E. coli MurF,MurC,Cc1c(N2CCN(C)CC2)ccc2c3c(c(=O)oc12)CN(C(=O)c1ccc2c(c1)CS(=O)(=O)N2)CC3.O=C(O)C(F)(F)F,O=C(c1ccc2c(c1)CS(=O)(=O)N2)N1CCc2c(c(=O)oc3cc(N4CCNCC4)ccc23)C1,622.6220000000005,2.9403200000000007,8,2,True,5.28
CHEMBL4441792,CN(C)c1ccc(-c2ccc3c4c(c(=O)oc3c2)CN(C(=O)c2ccc(C(=O)O)cc2)CC4)cc1,5.27,IC50,5400.0,CHEMBL2541,E. coli MurF,MurC,CN(C)c1ccc(-c2ccc3c4c(c(=O)oc3c2)CN(C(=O)c2ccc(C(=O)O)cc2)CC4)cc1,O=C(c1ccccc1)N1CCc2c(c(=O)oc3cc(-c4ccccc4)ccc23)C1,468.5090000000002,4.422700000000003,5,1,True,5.27
CHEMBL90151,CCOC(=O)C1CCc2c(sc(NC(=O)c3cc(S(=O)(=O)N(CC)CC)ccc3Cl)c2C#N)C1,5.22,IC50,6000.0,CHEMBL4319,S. pneumoniae MurF,MurC,CCOC(=O)C1CCc2c(sc(NC(=O)c3cc(S(=O)(=O)N(CC)CC)ccc3Cl)c2C#N)C1,O=C(Nc1cc2c(s1)CCCC2)c1ccccc1,524.0640000000003,4.223980000000004,7,1,True,5.22
CHEMBL271135,CCOC(=O)C1CCc2sc(NC(=O)c3cc(S(=O)(=O)N(CC)CC)ccc3Cl)c(C#N)c2C1,5.22,IC50,6000.0,CHEMBL4319,S. pneumoniae MurF,MurC,CCOC(=O)C1CCc2sc(NC(=O)c3cc(S(=O)(=O)N(CC)CC)ccc3Cl)c(C#N)c2C1,O=C(Nc1cc2c(s1)CCCC2)c1ccccc1,524.0640000000002,4.223980000000004,7,1,True,5.22
CHEMBL409244,N#Cc1cc(CCc2ccncc2)sc1NC(=O)c1cc(S(=O)(=O)N2CCOCC2)ccc1Cl,5.22,IC50,6000.0,CHEMBL4319,S. pneumoniae MurF,MurC,N#Cc1cc(CCc2ccncc2)sc1NC(=O)c1cc(S(=O)(=O)N2CCOCC2)ccc1Cl,O=C(Nc1ccc(CCc2ccncc2)s1)c1cccc(S(=O)(=O)N2CCOCC2)c1,517.0320000000004,3.726580000000002,7,1,True,5.22
CHEMBL328961,N#Cc1c(NC(=O)c2cc(S(=O)(=O)N3CCOCC3)c(F)cc2Cl)sc2c1CCC2,5.19,IC50,6400.0,CHEMBL4319,S. pneumoniae MurF,MurC,N#Cc1c(NC(=O)c2cc(S(=O)(=O)N3CCOCC3)c(F)cc2Cl)sc2c1CCC2,O=C(Nc1cc2c(s1)CCC2)c1cccc(S(=O)(=O)N2CCOCC2)c1,469.94700000000023,3.1741800000000016,6,1,True,5.19
CHEMBL4546647,Cc1c(N2CCN(C)CC2)ccc2c3c(c(=O)oc12)CN(C(=O)c1ccc(NS(C)(=O)=O)c(Cl)c1)CC3,5.19,IC50,6400.0,CHEMBL2541,E. coli MurF,MurC,Cc1c(N2CCN(C)CC2)ccc2c3c(c(=O)oc12)CN(C(=O)c1ccc(NS(C)(=O)=O)c(Cl)c1)CC3,O=C(c1ccccc1)N1CCc2c(c(=O)oc3cc(N4CCNCC4)ccc23)C1,545.0610000000001,3.076620000000002,7,1,True,5.19
CHEMBL329363,CCN(CC)S(=O)(=O)c1ccc(Cl)c(C(=O)Nc2sc3c(c2C#N)CCC3)c1,5.1,IC50,8000.0,CHEMBL4319,S. pneumoniae MurF,MurC,CCN(CC)S(=O)(=O)c1ccc(Cl)c(C(=O)Nc2sc3c(c2C#N)CCC3)c1,O=C(Nc1cc2c(s1)CCC2)c1ccccc1,437.9740000000003,4.044680000000003,5,1,True,5.1
CHEMBL328495,N#Cc1c(NC(=O)c2cc(S(=O)(=O)NCCCO)ccc2Cl)sc2c1CCC2,5.1,IC50,8000.0,CHEMBL4319,S. pneumoniae MurF,MurC,N#Cc1c(NC(=O)c2cc(S(=O)(=O)NCCCO)ccc2Cl)sc2c1CCC2,O=C(Nc1cc2c(s1)CCC2)c1ccccc1,439.94600000000014,2.674880000000001,6,3,True,5.1
CHEMBL4538356,Cc1c(N2CCN(C)CC2)ccc2c3c(c(=O)oc12)CN(C(=O)c1ccc(NS(C)(=O)=O)c(F)c1)CC3,5.1,IC50,8000.0,CHEMBL2541,E. coli MurF,MurC,Cc1c(N2CCN(C)CC2)ccc2c3c(c(=O)oc12)CN(C(=O)c1ccc(NS(C)(=O)=O)c(F)c1)CC3,O=C(c1ccccc1)N1CCc2c(c(=O)oc3cc(N4CCNCC4)ccc23)C1,528.6060000000001,2.5623200000000006,7,1,True,5.1
CHEMBL4460077,Cc1c(OCCN(C)C)ccc2c3c(c(=O)oc12)CN(C(=O)c1ccc2c(c1)CS(=O)(=O)N2)CC3.O=C(O)C(F)(F)F,5.08,IC50,8400.0,CHEMBL2541,E. coli MurF,MurC,Cc1c(OCCN(C)C)ccc2c3c(c(=O)oc12)CN(C(=O)c1ccc2c(c1)CS(=O)(=O)N2)CC3.O=C(O)C(F)(F)F,O=C(c1ccc2c(c1)CS(=O)(=O)N2)N1CCc2c(c(=O)oc3ccccc23)C1,611.5950000000005,3.128920000000001,8,2,True,5.08
CHEMBL316314,N#Cc1c(NC(=O)c2cc(S(=O)(=O)N3CCOCC3)ccc2Cl)sc2c1CCC2,5.05,IC50,9000.0,CHEMBL4319,S. pneumoniae MurF,MurC,N#Cc1c(NC(=O)c2cc(S(=O)(=O)N3CCOCC3)ccc2Cl)sc2c1CCC2,O=C(Nc1cc2c(s1)CCC2)c1cccc(S(=O)(=O)N2CCOCC2)c1,451.9570000000002,3.0350800000000016,6,1,True,5.05
CHEMBL5077748,Cn1c(N[C@H]2CC[C@H](O)CC2)nc2c1c(=O)n(Cc1ccc(Cl)c(Cl)c1)c(=O)n2C,5.0,IC50,10000.0,CHEMBL2541,E. coli MurF,MurC,Cn1c(N[C@H]2CC[C@H](O)CC2)nc2c1c(=O)n(Cc1ccc(Cl)c(Cl)c1)c(=O)n2C,O=c1[nH]c2nc(NC3CCCCC3)[nH]c2c(=O)n1Cc1ccccc1,452.34200000000016,2.5042,5,2,True,5.0
CHEMBL5090659,Cc1cc(Nc2nc3c(c(=O)n(Cc4cc5c(Cl)cccc5[nH]4)c(=O)n3C)n2C)nc(CCC(=O)O)n1,5.0,IC50,10000.0,CHEMBL2541,E. coli MurF,MurC,Cc1cc(Nc2nc3c(c(=O)n(Cc4cc5c(Cl)cccc5[nH]4)c(=O)n3C)n2C)nc(CCC(=O)O)n1,O=c1[nH]c2nc(Nc3ccncn3)[nH]c2c(=O)n1Cc1cc2ccccc2[nH]1,522.9530000000002,2.4759199999999995,7,3,True,5.0
CHEMBL5075801,Cn1c(Nc2ccc(C(=O)O)cc2)nc2c1c(=O)n(Cc1ccc(Cl)c(Cl)c1)c(=O)n2C,5.0,IC50,10000.0,CHEMBL2541,E. coli MurF,MurC,Cn1c(Nc2ccc(C(=O)O)cc2)nc2c1c(=O)n(Cc1ccc(Cl)c(Cl)c1)c(=O)n2C,O=c1[nH]c2nc(Nc3ccccc3)[nH]c2c(=O)n1Cc1ccccc1,474.30400000000026,3.2306000000000017,5,2,True,5.0
CHEMBL5084848,Cn1c(Nc2ccc(C(=O)N[C@@H](CC(=O)O)C(=O)O)cc2)nc2c1c(=O)n(Cc1ccc(Cl)c(Cl)c1)c(=O)n2C,5.0,IC50,10000.0,CHEMBL2541,E. coli MurF,MurC,Cn1c(Nc2ccc(C(=O)N[C@@H](CC(=O)O)C(=O)O)cc2)nc2c1c(=O)n(Cc1ccc(Cl)c(Cl)c1)c(=O)n2C,O=c1[nH]c2nc(Nc3ccccc3)[nH]c2c(=O)n1Cc1ccccc1,589.3920000000002,2.1900999999999993,7,4,True,5.0
CHEMBL5093943,Cn1c(Nc2ccc(C(=O)N[C@@H](CCC(=O)O)C(=O)O)cc2)nc2c1c(=O)n(Cc1ccc(Cl)c(Cl)c1)c(=O)n2C,5.0,IC50,10000.0,CHEMBL2541,E. coli MurF,MurC,Cn1c(Nc2ccc(C(=O)N[C@@H](CCC(=O)O)C(=O)O)cc2)nc2c1c(=O)n(Cc1ccc(Cl)c(Cl)c1)c(=O)n2C,O=c1[nH]c2nc(Nc3ccccc3)[nH]c2c(=O)n1Cc1ccccc1,603.4190000000002,2.5802000000000005,7,4,True,5.0
CHEMBL5076176,Cn1c(Nc2ccc(C(=O)N[C@@H](CCC(=O)O)C(=O)O)cc2)nc2c1c(=O)n(Cc1cc3c(Cl)cccc3[nH]1)c(=O)n2C,5.0,IC50,10000.0,CHEMBL2541,E. coli MurF,MurC,Cn1c(Nc2ccc(C(=O)N[C@@H](CCC(=O)O)C(=O)O)cc2)nc2c1c(=O)n(Cc1cc3c(Cl)cccc3[nH]1)c(=O)n2C,O=c1[nH]c2nc(Nc3ccccc3)[nH]c2c(=O)n1Cc1cc2ccccc2[nH]1,608.0110000000001,2.4081,7,5,True,5.0
CHEMBL5094059,Cn1c(Nc2ccc(C(=O)N[C@@H](CC(=O)O)C(=O)O)cc2)nc2c1c(=O)n(Cc1ccccc1)c(=O)n2C,5.0,IC50,10000.0,CHEMBL2541,E. coli MurF,MurC,Cn1c(Nc2ccc(C(=O)N[C@@H](CC(=O)O)C(=O)O)cc2)nc2c1c(=O)n(Cc1ccccc1)c(=O)n2C,O=c1[nH]c2nc(Nc3ccccc3)[nH]c2c(=O)n1Cc1ccccc1,520.5020000000002,0.8832999999999991,7,4,True,5.0
CHEMBL5082640,Cn1c(Nc2ccc(C(=O)N[C@@H](CCC(=O)O)C(=O)O)cc2)nc2c1c(=O)n(Cc1ccccc1)c(=O)n2C,5.0,IC50,10000.0,CHEMBL2541,E. coli MurF,MurC,Cn1c(Nc2ccc(C(=O)N[C@@H](CCC(=O)O)C(=O)O)cc2)nc2c1c(=O)n(Cc1ccccc1)c(=O)n2C,O=c1[nH]c2nc(Nc3ccccc3)[nH]c2c(=O)n1Cc1ccccc1,534.5290000000002,1.2733999999999999,7,4,True,5.0
CHEMBL5077920,Cn1c(NC(=O)Nc2ccc(C(=O)O)cc2)cc(=O)n(Cc2ccc(Cl)c(Cl)c2)c1=O,5.0,IC50,10000.0,CHEMBL2541,E. coli MurF,MurC,Cn1c(NC(=O)Nc2ccc(C(=O)O)cc2)cc(=O)n(Cc2ccc(Cl)c(Cl)c2)c1=O,O=C(Nc1ccccc1)Nc1cc(=O)n(Cc2ccccc2)c(=O)[nH]1,463.2770000000002,3.244300000000001,4,3,True,5.0
CHEMBL5085594,Cn1c(NC(=O)Nc2ccc(C(=O)N[C@@H](CCC(=O)O)C(=O)O)cc2)cc(=O)n(Cc2ccc(Cl)c(Cl)c2)c1=O,5.0,IC50,10000.0,CHEMBL2541,E. coli MurF,MurC,Cn1c(NC(=O)Nc2ccc(C(=O)N[C@@H](CCC(=O)O)C(=O)O)cc2)cc(=O)n(Cc2ccc(Cl)c(Cl)c2)c1=O,O=C(Nc1ccccc1)Nc1cc(=O)n(Cc2ccccc2)c(=O)[nH]1,592.3920000000002,2.5938999999999997,6,5,True,5.0
CHEMBL5074925,Cn1c(=O)n(Cc2ccc(Cl)c(Cl)c2)c(=O)c2cc(C(=O)N[C@@H](CCC(=O)O)C(=O)O)ccc21,5.0,IC50,10000.0,CHEMBL2541,E. coli MurF,MurC,Cn1c(=O)n(Cc2ccc(Cl)c(Cl)c2)c(=O)c2cc(C(=O)N[C@@H](CCC(=O)O)C(=O)O)ccc21,O=c1[nH]c2ccccc2c(=O)n1Cc1ccccc1,508.3140000000003,2.1030999999999995,5,3,True,5.0
CHEMBL1232461,CCNC(=O)C[C@@H]1N=C(c2ccc(Cl)cc2)c2cc(OC)ccc2-n2c(C)nnc21,5.0,IC50,10000.0,CHEMBL2541,E. coli MurF,MurC,CCNC(=O)C[C@@H]1N=C(c2ccc(Cl)cc2)c2cc(OC)ccc2-n2c(C)nnc21,c1ccc(C2=NCc3nncn3-c3ccccc32)cc1,423.90400000000017,3.6560200000000025,5,1,True,5.0
CHEMBL6102684,Nc1nc(N)c(NC(=O)Nc2ccc([N+](=O)[O-])cc2)c(=O)[nH]1,5.0,IC50,10000.0,CHEMBL2541,E. coli MurF,MurC,Nc1nc(N)c(NC(=O)Nc2ccc([N+](=O)[O-])cc2)c(=O)[nH]1,O=C(Nc1ccccc1)Nc1cnc[nH]c1=O,305.254,0.48649999999999943,7,5,True,5.0
CHEMBL6146862,Nc1nc(N)c(NC(=O)Nc2ccc(S(=O)(=O)N[C@@H](CCC(=O)O)C(=O)O)cc2)c(=O)[nH]1,5.0,IC50,10000.0,CHEMBL2541,E. coli MurF,MurC,Nc1nc(N)c(NC(=O)Nc2ccc(S(=O)(=O)N[C@@H](CCC(=O)O)C(=O)O)cc2)c(=O)[nH]1,O=C(Nc1ccccc1)Nc1cnc[nH]c1=O,469.4360000000002,-0.825399999999999,9,8,True,5.0
CHEMBL6143020,Nc1nc(N)c(NC(=O)Cc2ccc(C(=O)N[C@@H](CCC(=O)O)C(=O)O)cc2)c(=O)[nH]1,5.0,IC50,10000.0,CHEMBL2541,E. coli MurF,MurC,Nc1nc(N)c(NC(=O)Cc2ccc(C(=O)N[C@@H](CCC(=O)O)C(=O)O)cc2)c(=O)[nH]1,O=C(Cc1ccccc1)Nc1cnc[nH]c1=O,432.3930000000002,-0.8366999999999993,8,7,True,5.0
CHEMBL6144483,Nc1nc(O)c(NC(=O)Nc2ccc(C(=O)N[C@@H](CCC(=O)O)C(=O)O)cc2)c(=O)[nH]1,5.0,IC50,10000.0,CHEMBL2541,E. coli MurF,MurC,Nc1nc(O)c(NC(=O)Nc2ccc(C(=O)N[C@@H](CCC(=O)O)C(=O)O)cc2)c(=O)[nH]1,O=C(Nc1ccccc1)Nc1cnc[nH]c1=O,434.36500000000024,-0.25049999999999945,8,8,True,5.0
CHEMBL6161635,Nc1[nH]c(=O)[nH]c(=O)c1NC(=O)Nc1ccc(C(=O)N[C@@H](CCC(=O)O)C(=O)O)cc1,5.0,IC50,10000.0,CHEMBL2541,E. coli MurF,MurC,Nc1[nH]c(=O)[nH]c(=O)c1NC(=O)Nc1ccc(C(=O)N[C@@H](CCC(=O)O)C(=O)O)cc1,O=C(Nc1ccccc1)Nc1c[nH]c(=O)[nH]c1=O,434.3650000000002,-0.6628000000000005,7,8,True,5.0
CHEMBL6102848,Nc1nc[nH]c(=O)c1NC(=O)Nc1ccc(C(=O)N[C@@H](CCC(=O)O)C(=O)O)cc1,5.0,IC50,10000.0,CHEMBL2541,E. coli MurF,MurC,Nc1nc[nH]c(=O)c1NC(=O)Nc1ccc(C(=O)N[C@@H](CCC(=O)O)C(=O)O)cc1,O=C(Nc1ccccc1)Nc1cnc[nH]c1=O,418.36600000000016,0.04389999999999955,7,7,True,5.0
CHEMBL4474051,Cc1c(N2CCN(C)[C@H](C)C2)ccc2c3c(c(=O)oc12)CN(C(=O)c1ccc(NS(C)(=O)=O)c(Cl)c1)CC3,4.92,IC50,12000.0,CHEMBL2541,E. coli MurF,MurC,Cc1c(N2CCN(C)[C@H](C)C2)ccc2c3c(c(=O)oc12)CN(C(=O)c1ccc(NS(C)(=O)=O)c(Cl)c1)CC3,O=C(c1ccccc1)N1CCc2c(c(=O)oc3cc(N4CCNCC4)ccc23)C1,559.0880000000001,3.4651200000000024,7,1,True,4.92
CHEMBL271618,CCN(CC)S(=O)(=O)c1ccc(Cl)c(C(=O)Nc2sc(Br)cc2C#N)c1,4.9,IC50,12600.0,CHEMBL4319,S. pneumoniae MurF,MurC,CCN(CC)S(=O)(=O)c1ccc(Cl)c(C(=O)Nc2sc(Br)cc2C#N)c1,O=C(Nc1cccs1)c1ccccc1,476.8050000000001,4.318480000000004,5,1,True,4.9
CHEMBL90979,CNS(=O)(=O)c1ccc(Cl)c(C(=O)Nc2sc3c(c2C#N)CCC3)c1,4.82,IC50,15000.0,CHEMBL4319,S. pneumoniae MurF,MurC,CNS(=O)(=O)c1ccc(Cl)c(C(=O)Nc2sc3c(c2C#N)CCC3)c1,O=C(Nc1cc2c(s1)CCC2)c1ccccc1,395.8930000000002,2.9222800000000015,5,2,True,4.82
CHEMBL4458187,CN(C)CCCOc1ccc2c3c(c(=O)oc2c1)CN(C(=O)c1ccc(C(=O)O)cc1)CC3,4.73,IC50,18700.0,CHEMBL2541,E. coli MurF,MurC,CN(C)CCCOc1ccc2c3c(c(=O)oc2c1)CN(C(=O)c1ccc(C(=O)O)cc1)CC3,O=C(c1ccccc1)N1CCc2c(c(=O)oc3ccccc23)C1,450.49100000000027,3.020200000000001,6,1,True,4.73
CHEMBL258599,N#Cc1c(NC(=O)c2cc(S(=O)(=O)NCCCCO)ccc2Cl)sc2c1CCC2,4.66,IC50,22000.0,CHEMBL4319,S. pneumoniae MurF,MurC,N#Cc1c(NC(=O)c2cc(S(=O)(=O)NCCCCO)ccc2Cl)sc2c1CCC2,O=C(Nc1cc2c(s1)CCC2)c1ccccc1,453.9730000000002,3.064980000000002,6,3,True,4.66
CHEMBL4460238,CN(C)Cc1ccc(-c2ccc3c4c(c(=O)oc3c2)CN(C(=O)c2ccc(C(=O)O)cc2)CC4)cc1,4.64,IC50,23000.0,CHEMBL2541,E. coli MurF,MurC,CN(C)Cc1ccc(-c2ccc3c4c(c(=O)oc3c2)CN(C(=O)c2ccc(C(=O)O)cc2)CC4)cc1,O=C(c1ccccc1)N1CCc2c(c(=O)oc3cc(-c4ccccc4)ccc23)C1,482.5360000000003,4.418300000000004,5,1,True,4.64
CHEMBL420804,N#Cc1c(NC(=O)c2cc(S(=O)(=O)Nc3ccccc3)ccc2Cl)sc2c1CCC2,4.58,IC50,26000.0,CHEMBL4319,S. pneumoniae MurF,MurC,N#Cc1c(NC(=O)c2cc(S(=O)(=O)Nc3ccccc3)ccc2Cl)sc2c1CCC2,O=C(Nc1cc2c(s1)CCC2)c1cccc(S(=O)(=O)Nc2ccccc2)c1,457.96400000000017,4.814980000000003,5,2,True,4.58
CHEMBL4472668,CN1CCC(Oc2ccc3c4c(c(=O)oc3c2)CN(C(=O)c2ccc(C(=O)O)cc2)CC4)CC1,4.57,IC50,27000.0,CHEMBL2541,E. coli MurF,MurC,CN1CCC(Oc2ccc3c4c(c(=O)oc3c2)CN(C(=O)c2ccc(C(=O)O)cc2)CC4)CC1,O=C(c1ccccc1)N1CCc2c(c(=O)oc3cc(OC4CCNCC4)ccc23)C1,462.5020000000003,3.162700000000002,6,1,True,4.57
CHEMBL4526400,CN(C)CCOc1ccc2c3c(c(=O)oc2c1)CN(C(=O)c1ccc(C(=O)O)cc1)CC3,4.522878745280337,IC50,30000.0,CHEMBL2541,E. coli MurF,MurC,CN(C)CCOc1ccc2c3c(c(=O)oc2c1)CN(C(=O)c1ccc(C(=O)O)cc1)CC3,O=C(c1ccccc1)N1CCc2c(c(=O)oc3ccccc23)C1,436.46400000000017,2.6301000000000005,6,1,True,4.522878745280337
CHEMBL4467997,CN1CCN(c2ccc3c4c(c(=O)oc3c2)CN(C(=O)c2ccc(C(=O)O)cc2)CC4)CC1,4.522878745280337,IC50,30000.0,CHEMBL2541,E. coli MurF,MurC,CN1CCN(c2ccc3c4c(c(=O)oc3c2)CN(C(=O)c2ccc(C(=O)O)cc2)CC4)CC1,O=C(c1ccccc1)N1CCc2c(c(=O)oc3cc(N4CCNCC4)ccc23)C1,447.49100000000027,2.4415000000000004,6,1,True,4.522878745280337
CHEMBL4436668,Cc1cccc2oc(=O)c3c(c12)CCN(C(=O)c1ccc(C(=O)O)cc1)C3,4.522878745280337,IC50,30000.0,CHEMBL2541,E. coli MurF,MurC,Cc1cccc2oc(=O)c3c(c12)CCN(C(=O)c1ccc(C(=O)O)cc1)C3,O=C(c1ccccc1)N1CCc2c(c(=O)oc3ccccc23)C1,363.3690000000001,2.998120000000001,4,1,True,4.522878745280337
CHEMBL4473116,Cc1cc2c3c(c(=O)oc2cc1OCCN(C)C)CN(C(=O)c1ccc(C(=O)O)cc1)CC3.Cl,4.522878745280337,IC50,30000.0,CHEMBL2541,E. coli MurF,MurC,Cc1cc2c3c(c(=O)oc2cc1OCCN(C)C)CN(C(=O)c1ccc(C(=O)O)cc1)CC3.Cl,O=C(c1ccccc1)N1CCc2c(c(=O)oc3ccccc23)C1,486.9520000000003,3.360320000000002,6,1,True,4.522878745280337
CHEMBL4451401,Cc1c(N2CCN(C)CC2)ccc2c3c(c(=O)oc12)CN(C(=O)c1ccc(NS(C)(=O)=O)cc1)CC3,4.522878745280337,IC50,30000.0,CHEMBL2541,E. coli MurF,MurC,Cc1c(N2CCN(C)CC2)ccc2c3c(c(=O)oc12)CN(C(=O)c1ccc(NS(C)(=O)=O)cc1)CC3,O=C(c1ccccc1)N1CCc2c(c(=O)oc3cc(N4CCNCC4)ccc23)C1,510.6160000000003,2.4232200000000006,7,1,True,4.522878745280337
CHEMBL4592118,Cc1cc(C(=O)N2CCc3c(c(=O)oc4c(C)c(N5CCN(C)CC5)ccc34)C2)ccc1NS(C)(=O)=O,4.522878745280337,IC50,30000.0,CHEMBL2541,E. coli MurF,MurC,Cc1cc(C(=O)N2CCc3c(c(=O)oc4c(C)c(N5CCN(C)CC5)ccc34)C2)ccc1NS(C)(=O)=O,O=C(c1ccccc1)N1CCc2c(c(=O)oc3cc(N4CCNCC4)ccc23)C1,524.6430000000004,2.7316400000000005,7,1,True,4.522878745280337
CHEMBL4438430,COc1cc(C(=O)N2CCc3c(c(=O)oc4c(C)c(N5CCN(C)CC5)ccc34)C2)ccc1NS(C)(=O)=O,4.522878745280337,IC50,30000.0,CHEMBL2541,E. coli MurF,MurC,COc1cc(C(=O)N2CCc3c(c(=O)oc4c(C)c(N5CCN(C)CC5)ccc34)C2)ccc1NS(C)(=O)=O,O=C(c1ccccc1)N1CCc2c(c(=O)oc3cc(N4CCNCC4)ccc23)C1,540.6420000000003,2.43182,8,1,True,4.522878745280337
CHEMBL4551634,Cc1c(N2CCN(C)CC2)ccc2c3c(c(=O)oc12)CN(C(=O)c1cc(Cl)cc(NS(C)(=O)=O)c1)CC3,4.522878745280337,IC50,30000.0,CHEMBL2541,E. coli MurF,MurC,Cc1c(N2CCN(C)CC2)ccc2c3c(c(=O)oc12)CN(C(=O)c1cc(Cl)cc(NS(C)(=O)=O)c1)CC3,O=C(c1ccccc1)N1CCc2c(c(=O)oc3cc(N4CCNCC4)ccc23)C1,545.0610000000001,3.076620000000002,7,1,True,4.522878745280337
CHEMBL4459818,CC1CN(C(=O)c2ccc(C(=O)O)cc2)Cc2c1nc(-c1ccccc1)[nH]c2=O,4.522878745280337,IC50,30000.0,CHEMBL2541,E. coli MurF,MurC,CC1CN(C(=O)c2ccc(C(=O)O)cc2)Cc2c1nc(-c1ccccc1)[nH]c2=O,O=C(c1ccccc1)N1CCc2nc(-c3ccccc3)[nH]c(=O)c2C1,389.41100000000006,2.8946000000000005,4,2,True,4.522878745280337
CHEMBL4440948,Cn1c(-c2ccccc2)nc2c(c1=O)CN(C(=O)c1ccc(C(=O)O)cc1)CC2,4.522878745280337,IC50,30000.0,CHEMBL2541,E. coli MurF,MurC,Cn1c(-c2ccccc2)nc2c(c1=O)CN(C(=O)c1ccc(C(=O)O)cc1)CC2,O=C(c1ccccc1)N1CCc2nc(-c3ccccc3)[nH]c(=O)c2C1,389.41100000000006,2.3440000000000003,4,1,True,4.522878745280337
CHEMBL4530832,O=C(O)c1ccc(C(=O)N2CCc3nc(-c4ccccc4)[nH]c(=O)c3C2)cc1,4.522878745280337,IC50,30000.0,CHEMBL2541,E. coli MurF,MurC,O=C(O)c1ccc(C(=O)N2CCc3nc(-c4ccccc4)[nH]c(=O)c3C2)cc1,O=C(c1ccccc1)N1CCc2nc(-c3ccccc3)[nH]c(=O)c2C1,375.38400000000007,2.3336000000000006,4,2,True,4.522878745280337
CHEMBL4547499,O=C(O)c1ccc(C(=O)N2CCc3nc4n(c(=O)c3C2)CCCC4)cc1,4.522878745280337,IC50,30000.0,CHEMBL2541,E. coli MurF,MurC,O=C(O)c1ccc(C(=O)N2CCc3nc4n(c(=O)c3C2)CCCC4)cc1,O=C(c1ccccc1)N1CCc2nc3n(c(=O)c2C1)CCCC3,353.37800000000016,1.4762999999999997,4,1,True,4.522878745280337
CHEMBL4543120,Cn1c2c(c(=O)n1C)CN(C(=O)c1ccc(C(=O)O)cc1)CC2,4.522878745280337,IC50,30000.0,CHEMBL2541,E. coli MurF,MurC,Cn1c2c(c(=O)n1C)CN(C(=O)c1ccc(C(=O)O)cc1)CC2,O=C(c1ccccc1)N1CCc2[nH][nH]c(=O)c2C1,315.32900000000006,0.6204999999999998,3,1,True,4.522878745280337
CHEMBL4469262,O=C(O)c1ccc(C(=O)N2CCc3c(c(=O)n4n3CCC4)C2)cc1,4.522878745280337,IC50,30000.0,CHEMBL2541,E. coli MurF,MurC,O=C(O)c1ccc(C(=O)N2CCc3c(c(=O)n4n3CCC4)C2)cc1,O=C(c1ccccc1)N1CCc2c(c(=O)n3n2CCC3)C1,327.3400000000001,0.9501999999999997,3,1,True,4.522878745280337
CHEMBL4465667,O=C(O)c1ccc(C(=O)N2CCc3c(c(=O)n4n3CCCC4)C2)cc1,4.522878745280337,IC50,30000.0,CHEMBL2541,E. coli MurF,MurC,O=C(O)c1ccc(C(=O)N2CCc3c(c(=O)n4n3CCCC4)C2)cc1,O=C(c1ccccc1)N1CCc2c(c(=O)n3n2CCCC3)C1,341.36700000000013,1.3402999999999996,3,1,True,4.522878745280337
CHEMBL4448164,Cn1c(-c2ccccc2)cc(=O)c2c1CCN(C(=O)c1ccc(C(=O)O)cc1)C2,4.522878745280337,IC50,30000.0,CHEMBL2541,E. coli MurF,MurC,Cn1c(-c2ccccc2)cc(=O)c2c1CCN(C(=O)c1ccc(C(=O)O)cc1)C2,O=C(c1ccccc1)N1CCc2[nH]c(-c3ccccc3)cc(=O)c2C1,388.42300000000006,2.9490000000000007,3,1,True,4.522878745280337
CHEMBL4474283,O=C(O)c1ccc(C(=O)N2CCc3c(c(=O)oc4ccccc34)C2)cc1,4.522878745280337,IC50,30000.0,CHEMBL2541,E. coli MurF,MurC,O=C(O)c1ccc(C(=O)N2CCc3c(c(=O)oc4ccccc34)C2)cc1,O=C(c1ccccc1)N1CCc2c(c(=O)oc3ccccc23)C1,349.342,2.689700000000001,4,1,True,4.522878745280337
CHEMBL4538051,O=C(O)c1ccc(C(=O)N2CCc3c(c(=O)[nH]c4ccccc34)C2)cc1,4.522878745280337,IC50,30000.0,CHEMBL2541,E. coli MurF,MurC,O=C(O)c1ccc(C(=O)N2CCc3c(c(=O)[nH]c4ccccc34)C2)cc1,O=C(c1ccccc1)N1CCc2c(c(=O)[nH]c3ccccc23)C1,348.358,2.4248000000000003,3,2,True,4.522878745280337
CHEMBL3752910,Cc1ccc(C(=O)Nc2cccc(C(F)(F)F)c2)cc1Nc1nc(-c2cccnc2)nc2c1cnn2C,4.52,Kd,30341.2,CHEMBL2541,E. coli MurF,MurC,Cc1ccc(C(=O)Nc2cccc(C(F)(F)F)c2)cc1Nc1nc(-c2cccnc2)nc2c1cnn2C,O=C(Nc1ccccc1)c1cccc(Nc2nc(-c3cccnc3)nc3[nH]ncc23)c1,503.48800000000017,5.748420000000004,6,2,True,4.52
CHEMBL12213,CN1c2c([nH]c(N)nc2=O)NCC1CCNc1ccc(C(=O)N[C@@H](CCC(=O)O)C(=O)O)cc1,4.39,Ki,41000.0,CHEMBL2541,E. coli MurF,MurC,CN1c2c([nH]c(N)nc2=O)NCC1CCNc1ccc(C(=O)N[C@@H](CCC(=O)O)C(=O)O)cc1,O=c1nc[nH]c2c1NC(CCNc1ccccc1)CN2,473.49000000000024,0.13240000000000263,9,7,True,4.39
CHEMBL3310464,Cc1cc(/C=C2/S/C(=N/c3ccc(Cl)cc3)NC2=O)c(C)n1-c1cc(C(=O)O)cc(C(=O)O)c1,4.22,IC50,60000.0,CHEMBL4732,E. coli,MurC,Cc1cc(/C=C2/S/C(=N/c3ccc(Cl)cc3)NC2=O)c(C)n1-c1cc(C(=O)O)cc(C(=O)O)c1,O=C1NC(=Nc2ccccc2)SC1=Cc1ccn(-c2ccccc2)c1,495.9440000000003,5.035540000000005,5,3,True,4.22
CHEMBL419502,CNc1cc(Cl)c(C(=O)Nc2sc3c(c2C#N)CCC3)cc1S(=O)(=O)N1CCOCC1,4.21,IC50,62000.0,CHEMBL4319,S. pneumoniae MurF,MurC,CNc1cc(Cl)c(C(=O)Nc2sc3c(c2C#N)CCC3)cc1S(=O)(=O)N1CCOCC1,O=C(Nc1cc2c(s1)CCC2)c1cccc(S(=O)(=O)N2CCOCC2)c1,480.9990000000004,3.076780000000001,7,2,True,4.21
CHEMBL3310465,Cc1cc(/C=C2/S/C(=N/c3ccc(Br)cc3)NC2=O)c(C)n1-c1cc(C(=O)O)cc(C(=O)O)c1,4.18,IC50,66000.0,CHEMBL4732,E. coli,MurC,Cc1cc(/C=C2/S/C(=N/c3ccc(Br)cc3)NC2=O)c(C)n1-c1cc(C(=O)O)cc(C(=O)O)c1,O=C1NC(=Nc2ccccc2)SC1=Cc1ccn(-c2ccccc2)c1,540.3950000000003,5.144640000000004,5,3,True,4.18
CHEMBL90038,CCN(CC)S(=O)(=O)c1ccc(Cl)c(C(=O)Nc2sc3c(c2C(N)=O)CCC3)c1,4.18,IC50,66000.0,CHEMBL4319,S. pneumoniae MurF,MurC,CCN(CC)S(=O)(=O)c1ccc(Cl)c(C(=O)Nc2sc3c(c2C(N)=O)CCC3)c1,O=C(Nc1cc2c(s1)CCC2)c1ccccc1,455.9890000000003,3.2719000000000014,5,2,True,4.18
CHEMBL431263,CN(C)CCCNc1ccc(S(=O)(=O)N2CCOCC2)cc1C(=O)Nc1sc2c(c1C#N)CCC2,4.13,IC50,74000.0,CHEMBL4319,S. pneumoniae MurF,MurC,CN(C)CCCNc1ccc(S(=O)(=O)N2CCOCC2)cc1C(=O)Nc1sc2c(c1C#N)CCC2,O=C(Nc1cc2c(s1)CCC2)c1cccc(S(=O)(=O)N2CCOCC2)c1,517.6770000000004,2.745280000000002,8,2,True,4.13
CHEMBL199290,CC(NC(=O)[C@@H](C)NS(=O)(=O)Cc1ccc([N+](=O)[O-])cc1)P(=O)(O)CC(CCC(=O)O)C(=O)O,4.11,IC50,78000.0,CHEMBL4732,E. coli,MurC,CC(NC(=O)[C@@H](C)NS(=O)(=O)Cc1ccc([N+](=O)[O-])cc1)P(=O)(O)CC(CCC(=O)O)C(=O)O,c1ccccc1,523.4570000000003,0.7009,8,5,True,4.11
CHEMBL271836,N#Cc1c(NC(=O)c2cc(S(N)(=O)=O)ccc2Cl)sc2c1CCC2,4.11,IC50,78000.0,CHEMBL4319,S. pneumoniae MurF,MurC,N#Cc1c(NC(=O)c2cc(S(N)(=O)=O)ccc2Cl)sc2c1CCC2,O=C(Nc1cc2c(s1)CCC2)c1ccccc1,381.86600000000016,2.6615800000000007,5,2,True,4.11
CHEMBL198026,CC(NC(=O)/C=C/c1ccc2c(c1)OCO2)P(=O)(O)CC(CCC(=O)O)C(=O)O,4.02,IC50,95000.0,CHEMBL4732,E. coli,MurC,CC(NC(=O)/C=C/c1ccc2c(c1)OCO2)P(=O)(O)CC(CCC(=O)O)C(=O)O,c1ccc2c(c1)OCO2,427.3460000000002,1.7266999999999997,6,4,True,4.02
CHEMBL3310459,Cc1cc(/C=C2/SC(=S)NC2=O)c(C)n1-c1cc(C(=O)O)cc(C(=O)O)c1,4.02,IC50,95000.0,CHEMBL4732,E. coli,MurC,Cc1cc(/C=C2/SC(=S)NC2=O)c(C)n1-c1cc(C(=O)O)cc(C(=O)O)c1,O=C1NC(=S)SC1=Cc1ccn(-c2ccccc2)c1,402.45300000000015,2.9793400000000005,5,3,True,4.02
CHEMBL3288597,O=C1Nc2ccc([N+](=O)[O-])cc2/C1=C1/SC(=S)N(NC(=O)c2cccnc2)C1=O,4.01,Kd,98000.0,CHEMBL4732,E. coli,MurC,O=C1Nc2ccc([N+](=O)[O-])cc2/C1=C1/SC(=S)N(NC(=O)c2cccnc2)C1=O,O=C1Nc2ccccc2C1=C1SC(=S)N(NC(=O)c2cccnc2)C1=O,427.4230000000001,1.8582999999999998,8,2,True,4.01
CHEMBL313359,CCN(CC)S(=O)(=O)c1ccc(Cl)c(C(=O)Nc2sc3c(c2CN)CCC3)c1,4.0,IC50,100000.0,CHEMBL4319,S. pneumoniae MurF,MurC,CCN(CC)S(=O)(=O)c1ccc(Cl)c(C(=O)Nc2sc3c(c2CN)CCC3)c1,O=C(Nc1cc2c(s1)CCC2)c1ccccc1,442.0060000000003,3.631700000000002,5,2,True,4.0
CHEMBL93340,N#Cc1c(NC(=O)c2cccc(S(=O)(=O)N3CCOCC3)c2)sc2c1CCC2,4.0,IC50,100000.0,CHEMBL4319,S. pneumoniae MurF,MurC,N#Cc1c(NC(=O)c2cccc(S(=O)(=O)N3CCOCC3)c2)sc2c1CCC2,O=C(Nc1cc2c(s1)CCC2)c1cccc(S(=O)(=O)N2CCOCC2)c1,417.5120000000003,2.3816800000000002,6,1,True,4.0
CHEMBL91833,CN(C)c1ccc(S(=O)(=O)N2CCOCC2)cc1C(=O)Nc1sc2c(c1C#N)CCC2,4.0,IC50,100000.0,CHEMBL4319,S. pneumoniae MurF,MurC,CN(C)c1ccc(S(=O)(=O)N2CCOCC2)cc1C(=O)Nc1sc2c(c1C#N)CCC2,O=C(Nc1cc2c(s1)CCC2)c1cccc(S(=O)(=O)N2CCOCC2)c1,460.58100000000024,2.44768,7,1,True,4.0
CHEMBL327929,CN(C)CCCNS(=O)(=O)c1ccc(Cl)c(C(=O)Nc2sc3c(c2C#N)CCC3)c1,4.0,IC50,100000.0,CHEMBL4319,S. pneumoniae MurF,MurC,CN(C)CCCNS(=O)(=O)c1ccc(Cl)c(C(=O)Nc2sc3c(c2C#N)CCC3)c1,O=C(Nc1cc2c(s1)CCC2)c1ccccc1,467.0160000000003,3.244180000000002,6,2,True,4.0
CHEMBL91682,CCN(CC)S(=O)(=O)c1ccc(Cl)c(C(C)Nc2sc3c(c2C#N)CCC3)c1,4.0,IC50,100000.0,CHEMBL4319,S. pneumoniae MurF,MurC,CCN(CC)S(=O)(=O)c1ccc(Cl)c(C(C)Nc2sc3c(c2C#N)CCC3)c1,c1ccc(CNc2cc3c(s2)CCC3)cc1,438.01800000000026,4.965480000000005,5,1,True,4.0
CHEMBL91823,CCOc1ccc(S(=O)(=O)N2CCOCC2)cc1C(=O)Nc1sc2c(c1C#N)CCC2,4.0,IC50,100000.0,CHEMBL4319,S. pneumoniae MurF,MurC,CCOc1ccc(S(=O)(=O)N2CCOCC2)cc1C(=O)Nc1sc2c(c1C#N)CCC2,O=C(Nc1cc2c(s1)CCC2)c1cccc(S(=O)(=O)N2CCOCC2)c1,461.5650000000002,2.780380000000001,7,1,True,4.0
CHEMBL89936,CC(COc1ccc(S(=O)(=O)N2CCOCC2)cc1C(=O)Nc1sc2c(c1C#N)CCC2)c1ccccc1,4.0,IC50,100000.0,CHEMBL4319,S. pneumoniae MurF,MurC,CC(COc1ccc(S(=O)(=O)N2CCOCC2)cc1C(=O)Nc1sc2c(c1C#N)CCC2)c1ccccc1,O=C(Nc1cc2c(s1)CCC2)c1cc(S(=O)(=O)N2CCOCC2)ccc1OCCc1ccccc1,551.6900000000004,4.564180000000005,7,1,True,4.0
CHEMBL328899,CCOC(=O)c1c(NC(=O)c2cc(S(=O)(=O)N(CC)CC)ccc2Cl)sc2c1CCC2,4.0,IC50,100000.0,CHEMBL4319,S. pneumoniae MurF,MurC,CCOC(=O)c1c(NC(=O)c2cc(S(=O)(=O)N(CC)CC)ccc2Cl)sc2c1CCC2,O=C(Nc1cc2c(s1)CCC2)c1ccccc1,485.0270000000004,4.349700000000004,6,1,True,4.0
CHEMBL330337,N#Cc1c(NC(=O)c2cc(S(=O)(=O)N3CCOCC3)c(NCCCO)cc2Cl)sc2c1CCC2,4.0,IC50,100000.0,CHEMBL4319,S. pneumoniae MurF,MurC,N#Cc1c(NC(=O)c2cc(S(=O)(=O)N3CCOCC3)c(NCCCO)cc2Cl)sc2c1CCC2,O=C(Nc1cc2c(s1)CCC2)c1cccc(S(=O)(=O)N2CCOCC2)c1,525.0520000000002,2.8293800000000005,8,3,True,4.0
CHEMBL91099,CN(C)CCCNc1cc(Cl)c(C(=O)Nc2sc3c(c2C#N)CCC3)cc1S(=O)(=O)N1CCOCC1,4.0,IC50,100000.0,CHEMBL4319,S. pneumoniae MurF,MurC,CN(C)CCCNc1cc(Cl)c(C(=O)Nc2sc3c(c2C#N)CCC3)cc1S(=O)(=O)N1CCOCC1,O=C(Nc1cc2c(s1)CCC2)c1cccc(S(=O)(=O)N2CCOCC2)c1,552.1220000000003,3.3986800000000024,8,2,True,4.0
CHEMBL90131,CCN(CC)S(=O)(=O)c1ccc(Cl)c(C(=O)Nc2sc3c(c2CNC(C)=O)CCC3)c1,4.0,IC50,100000.0,CHEMBL4319,S. pneumoniae MurF,MurC,CCN(CC)S(=O)(=O)c1ccc(Cl)c(C(=O)Nc2sc3c(c2CNC(C)=O)CCC3)c1,O=C(Nc1cc2c(s1)CCC2)c1ccccc1,484.04300000000035,3.8091000000000026,5,2,True,4.0
CHEMBL88510,CCN(CC)S(=O)(=O)c1ccc(Cl)c(C(=O)N(C)c2sc3c(c2C#N)CCC3)c1,4.0,IC50,100000.0,CHEMBL4319,S. pneumoniae MurF,MurC,CCN(CC)S(=O)(=O)c1ccc(Cl)c(C(=O)N(C)c2sc3c(c2C#N)CCC3)c1,O=C(Nc1cc2c(s1)CCC2)c1ccccc1,452.0010000000003,4.068980000000003,5,0,True,4.0
CHEMBL315917,CCN(CC)S(=O)(=O)c1ccc(Cl)c(CNc2sc3c(c2C#N)CCC3)c1,4.0,IC50,100000.0,CHEMBL4319,S. pneumoniae MurF,MurC,CCN(CC)S(=O)(=O)c1ccc(Cl)c(CNc2sc3c(c2C#N)CCC3)c1,c1ccc(CNc2cc3c(s2)CCC3)cc1,423.9910000000002,4.404480000000004,5,1,True,4.0
CHEMBL4063104,O=c1[nH]ccc2cc(F)c(NS(=O)(=O)c3ccc(N4CC[C@@H](O)C4)s3)cc12,4.0,IC50,100000.0,CHEMBL2541,E. coli MurF,MurC,O=c1[nH]ccc2cc(F)c(NS(=O)(=O)c3ccc(N4CC[C@@H](O)C4)s3)cc12,O=c1[nH]ccc2ccc(NS(=O)(=O)c3ccc(N4CCCC4)s3)cc12,409.4640000000002,2.1005000000000003,6,3,True,4.0
CHEMBL4520035,O=C(c1ccc2c(c1)CS(=O)(=O)N2)N1CCc2nc(-c3ccccc3)[nH]c(=O)c2C1,4.0,IC50,100000.0,CHEMBL2541,E. coli MurF,MurC,O=C(c1ccc2c(c1)CS(=O)(=O)N2)N1CCc2nc(-c3ccccc3)[nH]c(=O)c2C1,O=C(c1ccc2c(c1)CS(=O)(=O)N2)N1CCc2nc(-c3ccccc3)[nH]c(=O)c2C1,422.4660000000001,1.8906999999999998,5,2,True,4.0
CHEMBL4636498,CNCCN1CCC(c2ccc3[nH]c(-c4ccc(OC)c(OC)c4)c(C(C)C)c3c2)CC1,7.6,EC50,25.0,CHEMBL6128,S. aureus PBP2,PBP2a,CNCCN1CCC(c2ccc3[nH]c(-c4ccc(OC)c(OC)c4)c(C(C)C)c3c2)CC1,c1ccc(-c2cc3cc(C4CCNCC4)ccc3[nH]2)cc1,435.6120000000003,5.374300000000005,4,2,True,7.6
CHEMBL4792072,Cc1cc(-c2ccc(OCC34CCC(N)(CC3)CC4)c(F)c2)c2cnc(N)nn12,6.34,IC50,460.0,CHEMBL6128,S. aureus PBP2,PBP2a,Cc1cc(-c2ccc(OCC34CCC(N)(CC3)CC4)c(F)c2)c2cnc(N)nn12,c1ncc2c(-c3ccc(OCC45CCC(CC4)CC5)cc3)ccn2n1,395.482,3.8565200000000006,5,2,True,6.34
CHEMBL4740820,Cn1ncc2c(-c3ccc(OCC45CCC(N)(CC4)CC5)c(F)c3)nc(N)nc21,6.1,IC50,800.0,CHEMBL6128,S. aureus PBP2,PBP2a,Cn1ncc2c(-c3ccc(OCC45CCC(N)(CC4)CC5)c(F)c3)nc(N)nc21,c1nc(-c2ccc(OCC34CCC(CC3)CC4)cc2)c2cn[nH]c2n1,396.4700000000001,3.182100000000001,6,2,True,6.1
CHEMBL4748638,Cn1nc(-c2ccc(OCC34CCC(N)(CC3)CC4)c(F)c2)c2cnc(N)nc21,6.08,IC50,840.0,CHEMBL6128,S. aureus PBP2,PBP2a,Cn1nc(-c2ccc(OCC34CCC(N)(CC3)CC4)c(F)c2)c2cnc(N)nc21,c1ncc2c(-c3ccc(OCC45CCC(CC4)CC5)cc3)n[nH]c2n1,396.47,3.182100000000001,6,2,True,6.08
CHEMBL4796453,Cn1nc(-c2ccc(OCC3C[C@H]4CC[C@@H](C3)N4)c(F)c2)c2cnc(N)nc21,5.92,IC50,1200.0,CHEMBL6128,S. aureus PBP2,PBP2a,Cn1nc(-c2ccc(OCC3C[C@H]4CC[C@@H](C3)N4)c(F)c2)c2cnc(N)nc21,c1ncc2c(-c3ccc(OCC4CC5CCC(C4)N5)cc3)n[nH]c2n1,382.44300000000004,2.6609999999999996,6,2,True,5.92
CHEMBL4761527,Cn1nc(-c2ccc(OCC3CC4(CNC4)C3)c(F)c2)c2cnc(N)nc21,5.92,IC50,1200.0,CHEMBL6128,S. aureus PBP2,PBP2a,Cn1nc(-c2ccc(OCC3CC4(CNC4)C3)c(F)c2)c2cnc(N)nc21,c1ncc2c(-c3ccc(OCC4CC5(CNC5)C4)cc3)n[nH]c2n1,368.41600000000005,2.13,6,2,True,5.92
CHEMBL4782200,Cn1nc(-c2ccc(OC[C@H]3CC[C@@H](N)CC3)c(F)c2)c2cnc(N)nc21,5.92,IC50,1200.0,CHEMBL6128,S. aureus PBP2,PBP2a,Cn1nc(-c2ccc(OC[C@H]3CC[C@@H](N)CC3)c(F)c2)c2cnc(N)nc21,c1ncc2c(-c3ccc(OCC4CCCCC4)cc3)n[nH]c2n1,370.432,2.6479,6,2,True,5.92
CHEMBL4634860,Cc1cc(-c2ccnc3[nH]ncc23)cnc1OCC12CCC(N)(CC1)CC2,5.92,IC50,1200.0,CHEMBL6128,S. aureus PBP2,PBP2a,Cc1cc(-c2ccnc3[nH]ncc23)cnc1OCC12CCC(N)(CC1)CC2,c1cc(-c2ccc(OCC34CCC(CC3)CC4)nc2)c2cn[nH]c2n1,363.46500000000026,3.758820000000001,5,2,True,5.92
CHEMBL4755173,Cn1nc(-c2ccc(OCCCC3CCNCC3)c(F)c2)c2cnc(N)nc21,5.89,IC50,1300.0,CHEMBL6128,S. aureus PBP2,PBP2a,Cn1nc(-c2ccc(OCCCC3CCNCC3)c(F)c2)c2cnc(N)nc21,c1ncc2c(-c3ccc(OCCCC4CCNCC4)cc3)n[nH]c2n1,384.459,2.9102000000000006,6,2,True,5.89
CHEMBL4783510,Cn1nc(-c2ccc(OC[C@H]3CC[C@H](N)CC3)c(F)c2)c2cnc(N)nc21,5.72,IC50,1900.0,CHEMBL6128,S. aureus PBP2,PBP2a,Cn1nc(-c2ccc(OC[C@H]3CC[C@H](N)CC3)c(F)c2)c2cnc(N)nc21,c1ncc2c(-c3ccc(OCC4CCCCC4)cc3)n[nH]c2n1,370.432,2.6479,6,2,True,5.72
CHEMBL4776103,Cn1nc(-c2ccc(OCC3CCNCC3)c(F)c2)c2cnc(N)nc21,5.7,IC50,2000.0,CHEMBL6128,S. aureus PBP2,PBP2a,Cn1nc(-c2ccc(OCC3CCNCC3)c(F)c2)c2cnc(N)nc21,c1ncc2c(-c3ccc(OCC4CCNCC4)cc3)n[nH]c2n1,356.40500000000003,2.13,6,2,True,5.7
CHEMBL4743698,CN1CCN(CCCOc2ccc(-c3nn(C)c4nc(N)ncc34)cc2F)CC1,5.7,IC50,2000.0,CHEMBL6128,S. aureus PBP2,PBP2a,CN1CCN(CCCOc2ccc(-c3nn(C)c4nc(N)ncc34)cc2F)CC1,c1ncc2c(-c3ccc(OCCCN4CCNCC4)cc3)n[nH]c2n1,399.47400000000016,1.7678999999999996,7,1,True,5.7
CHEMBL4745239,Cn1nc(-c2ccc(OCC34CCC(O)(CC3)CC4)c(F)c2)c2cnc(N)nc21,5.55,IC50,2800.0,CHEMBL6128,S. aureus PBP2,PBP2a,Cn1nc(-c2ccc(OCC34CCC(O)(CC3)CC4)c(F)c2)c2cnc(N)nc21,c1ncc2c(-c3ccc(OCC45CCC(CC4)CC5)cc3)n[nH]c2n1,397.45400000000006,3.215700000000001,6,2,True,5.55
CHEMBL332565,C[C@]1(/C=C\c2cncs2)[C@H](C(=O)[O-])N2C(=O)C[C@H]2S1(=O)=O.[Na+],4.85,IC50,14000.0,CHEMBL2549,S. aureus PBP4,PBP2a,C[C@]1(/C=C\c2cncs2)[C@H](C(=O)[O-])N2C(=O)C[C@H]2S1(=O)=O.[Na+],O=C1CC2N1CC(C=Cc1cncs1)S2(=O)=O,350.353,-3.975699999999997,7,0,True,4.85
CHEMBL121924,C[C@]1(/C=C\c2ccccn2)[C@H](C(=O)[O-])N2C(=O)C[C@H]2S1(=O)=O.[Na+],4.82,IC50,15000.0,CHEMBL2549,S. aureus PBP4,PBP2a,C[C@]1(/C=C\c2ccccn2)[C@H](C(=O)[O-])N2C(=O)C[C@H]2S1(=O)=O.[Na+],O=C1CC2N1CC(C=Cc1ccccn1)S2(=O)=O,344.324,-4.037199999999998,6,0,True,4.82
CHEMBL123481,C[C@]1(/C=C/C[n+]2ccccc2)[C@H](C(=O)O)N2C(=O)C[C@H]2S1(=O)=O.O=S(=O)([O-])C(F)(F)F,4.82,IC50,15000.0,CHEMBL2549,S. aureus PBP4,PBP2a,C[C@]1(/C=C/C[n+]2ccccc2)[C@H](C(=O)O)N2C(=O)C[C@H]2S1(=O)=O.O=S(=O)([O-])C(F)(F)F,O=C1CC2N1CC(C=CC[n+]1ccccc1)S2(=O)=O,486.4460000000002,-0.21959999999999913,7,1,True,4.82
CHEMBL6461,C[C@]1(/C=C/C#N)[C@H](C(=O)[O-])N2C(=O)C[C@H]2S1(=O)=O.[Na+],4.77,IC50,17000.0,CHEMBL2549,S. aureus PBP4,PBP2a,C[C@]1(/C=C/C#N)[C@H](C(=O)[O-])N2C(=O)C[C@H]2S1(=O)=O.[Na+],O=C1CC2N1CCS2(=O)=O,292.248,-5.065819999999998,6,0,True,4.77
CHEMBL236921,CO[C@H]1/C=C/O[C@@]2(C)Oc3c(C)c(O)c4c(c3C2=O)C(=O)C=C(NC(=O)/C(C)=C\C=C\[C@H](C)[C@H](O)[C@@H](C)[C@@H](O)[C@@H](C)[C@H](OC(C)=O)[C@@H]1C)C4=O,11.0,IC50,10.0,CHEMBL2006,Mycobacterium tuberculosis,RpoB,CO[C@H]1/C=C/O[C@@]2(C)Oc3c(C)c(O)c4c(c3C2=O)C(=O)C=C(NC(=O)/C(C)=C\C=C\[C@H](C)[C@H](O)[C@@H](C)[C@@H](O)[C@@H](C)[C@H](OC(C)=O)[C@@H]1C)C4=O,O=C1C=CC=CCCCCCCCCC=COC2Oc3ccc4c(c3C2=O)C(=O)C=C(N1)C4=O,695.7620000000003,3.630320000000003,12,4,True,11.0
CHEMBL374478,CO[C@H]1/C=C/O[C@@]2(C)Oc3c(C)c(O)c4c(O)c(c(/C=N/N5CCN(C)CC5)c(O)c4c3C2=O)NC(=O)/C(C)=C\C=C\[C@H](C)[C@H](O)[C@@H](C)[C@@H](O)[C@@H](C)[C@H](OC(C)=O)[C@@H]1C,11.0,IC50,10.0,CHEMBL2006,Mycobacterium tuberculosis,RpoB,CO[C@H]1/C=C/O[C@@]2(C)Oc3c(C)c(O)c4c(O)c(c(/C=N/N5CCN(C)CC5)c(O)c4c3C2=O)NC(=O)/C(C)=C\C=C\[C@H](C)[C@H](O)[C@@H](C)[C@@H](O)[C@@H](C)[C@H](OC(C)=O)[C@@H]1C,O=C1C=CC=CCCCCCCCCC=COC2Oc3ccc4cc(c(C=NN5CCNCC5)cc4c3C2=O)N1,822.9530000000003,4.335420000000004,15,6,True,11.0
CHEMBL1909658,CO[C@H]1/C=C/O[C@@]2(C)Oc3c(C)c(O)c4c(c3C2=O)C(=O)C(/C=N/N2CCN(C)CC2)=C(NC(=O)/C(C)=C\C=C\[C@H](C)[C@H](O)[C@@H](C)[C@@H](O)[C@@H](C)[C@H](OC(C)=O)[C@@H]1C)C4=O,7.89,IC50,13.0,CHEMBL2006,Mycobacterium tuberculosis,RpoB,CO[C@H]1/C=C/O[C@@]2(C)Oc3c(C)c(O)c4c(c3C2=O)C(=O)C(/C=N/N2CCN(C)CC2)=C(NC(=O)/C(C)=C\C=C\[C@H](C)[C@H](O)[C@@H](C)[C@@H](O)[C@@H](C)[C@H](OC(C)=O)[C@@H]1C)C4=O,O=C1C=CC=CCCCCCCCCC=COC2Oc3ccc4c(c3C2=O)C(=O)C(C=NN2CCNCC2)=C(N1)C4=O,820.9370000000005,3.2337200000000017,15,4,True,7.89
CHEMBL1911296,CO[C@H]1/C=C/O[C@@]2(C)Oc3c(C)c(SC)c4c(c3C2=O)C(=O)C=C(NC(=O)/C(C)=C\C=C\[C@H](C)[C@H](O)[C@@H](C)[C@@H](O)[C@@H](C)[C@H](OC(C)=O)[C@@H]1C)C4=O,7.82,IC50,15.0,CHEMBL2006,Mycobacterium tuberculosis,RpoB,CO[C@H]1/C=C/O[C@@]2(C)Oc3c(C)c(SC)c4c(c3C2=O)C(=O)C=C(NC(=O)/C(C)=C\C=C\[C@H](C)[C@H](O)[C@@H](C)[C@@H](O)[C@@H](C)[C@H](OC(C)=O)[C@@H]1C)C4=O,O=C1C=CC=CCCCCCCCCC=COC2Oc3ccc4c(c3C2=O)C(=O)C=C(N1)C4=O,725.8570000000002,4.646620000000005,12,3,True,7.82
CHEMBL1911286,CO[C@H]1/C=C/O[C@@]2(C)Oc3c(C)c(OS(=O)(=O)c4ccc(C)cc4)c4c(c3C2=O)C(=O)C=C(NC(=O)/C(C)=C\C=C\[C@H](C)[C@H](O)[C@@H](C)[C@@H](O)[C@@H](C)[C@H](OC(C)=O)[C@@H]1C)C4=O,7.68,IC50,21.0,CHEMBL2006,Mycobacterium tuberculosis,RpoB,CO[C@H]1/C=C/O[C@@]2(C)Oc3c(C)c(OS(=O)(=O)c4ccc(C)cc4)c4c(c3C2=O)C(=O)C=C(NC(=O)/C(C)=C\C=C\[C@H](C)[C@H](O)[C@@H](C)[C@@H](O)[C@@H](C)[C@H](OC(C)=O)[C@@H]1C)C4=O,O=C1C=CC=CCCCCCCCCC=COC2Oc3cc(OS(=O)(=O)c4ccccc4)c4c(c3C2=O)C(=O)C=C(N1)C4=O,849.9520000000003,5.0008400000000055,14,3,True,7.68
CHEMBL174670,CC(=O)Nc1ccc2[nH]cc(C[C@H](NC(=O)c3ccc4c(c3)nc(-c3ccoc3)n4C3CCCCC3)C(=O)O)c2c1,6.903,IC50,125000.0,CHEMBL1852,Escherichia coli K-12,RpoB,CC(=O)Nc1ccc2[nH]cc(C[C@H](NC(=O)c3ccc4c(c3)nc(-c3ccoc3)n4C3CCCCC3)C(=O)O)c2c1,O=C(NCCc1c[nH]c2ccccc12)c1ccc2c(c1)nc(-c1ccoc1)n2C1CCCCC1,553.6190000000004,5.666900000000004,5,4,True,6.903
CHEMBL1911306,CO[C@H]1/C=C/O[C@@]2(C)Oc3c(c4c5c(nn(CCO)c5c3C)C(=C(/C=N/N3CCN(C)CC3)C4=O)NC(=O)/C(C)=C\C=C\[C@H](C)[C@H](O)[C@@H](C)[C@@H](O)[C@@H](C)[C@H](OC(C)=O)[C@@H]1C)C2=O,6.86,IC50,139.0,CHEMBL2006,Mycobacterium tuberculosis,RpoB,CO[C@H]1/C=C/O[C@@]2(C)Oc3c(c4c5c(nn(CCO)c5c3C)C(=C(/C=N/N3CCN(C)CC3)C4=O)NC(=O)/C(C)=C\C=C\[C@H](C)[C@H](O)[C@@H](C)[C@@H](O)[C@@H](C)[C@H](OC(C)=O)[C@@H]1C)C2=O,O=C1C=CC=CCCCCCCCCC=COC2Oc3cc4[nH]nc5c4c(c3C2=O)C(=O)C(C=NN2CCNCC2)=C5N1,861.0060000000003,3.1444200000000038,15,4,True,6.86
CHEMBL1911298,CO[C@H]1/C=C/O[C@@]2(C)Oc3c(C)c(OS(=O)(=O)c4ccccc4)c4c(c3C2=O)C(=O)C(/C=N/N2CCN(C)CC2)=C(NC(=O)/C(C)=C\C=C\[C@H](C)[C@H](O)[C@@H](C)[C@@H](O)[C@@H](C)[C@H](OC(C)=O)[C@@H]1C)C4=O,6.85,IC50,142.0,CHEMBL2006,Mycobacterium tuberculosis,RpoB,CO[C@H]1/C=C/O[C@@]2(C)Oc3c(C)c(OS(=O)(=O)c4ccccc4)c4c(c3C2=O)C(=O)C(/C=N/N2CCN(C)CC2)=C(NC(=O)/C(C)=C\C=C\[C@H](C)[C@H](O)[C@@H](C)[C@@H](O)[C@@H](C)[C@H](OC(C)=O)[C@@H]1C)C4=O,O=C1C=CC=CCCCCCCCCC=COC2Oc3cc(OS(=O)(=O)c4ccccc4)c4c(c3C2=O)C(=O)C(C=NN2CCNCC2)=C(N1)C4=O,961.1,4.2958200000000035,17,3,True,6.85
CHEMBL369000,CC(C)(Oc1ccc2[nH]cc(C[C@H](NC(=O)c3ccc4c(c3)nc(-c3ccoc3)n4C3CCCCC3)C(=O)O)c2c1)C(=O)O,6.699,IC50,200000.0,CHEMBL1852,Escherichia coli K-12,RpoB,CC(C)(Oc1ccc2[nH]cc(C[C@H](NC(=O)c3ccc4c(c3)nc(-c3ccoc3)n4C3CCCCC3)C(=O)O)c2c1)C(=O)O,O=C(NCCc1c[nH]c2ccccc12)c1ccc2c(c1)nc(-c1ccoc1)n2C1CCCCC1,598.6560000000005,5.950500000000004,6,4,True,6.699
CHEMBL366574,O=C(O)COc1ccc2[nH]cc(C[C@H](NC(=O)c3ccc4c(c3)nc(-c3ccoc3)n4C3CCCCC3)C(=O)O)c2c1,6.699,IC50,200000.0,CHEMBL1852,Escherichia coli K-12,RpoB,O=C(O)COc1ccc2[nH]cc(C[C@H](NC(=O)c3ccc4c(c3)nc(-c3ccoc3)n4C3CCCCC3)C(=O)O)c2c1,O=C(NCCc1c[nH]c2ccccc12)c1ccc2c(c1)nc(-c1ccoc1)n2C1CCCCC1,570.6020000000004,5.171900000000004,6,4,True,6.699
CHEMBL353549,O=C(N[C@@H](Cc1c[nH]c2ccccc12)C(=O)O)c1ccc2c(c1)nc(-c1ccoc1)n2C1CCCCC1,6.699,IC50,200000.0,CHEMBL1852,Escherichia coli K-12,RpoB,O=C(N[C@@H](Cc1c[nH]c2ccccc12)C(=O)O)c1ccc2c(c1)nc(-c1ccoc1)n2C1CCCCC1,O=C(NCCc1c[nH]c2ccccc12)c1ccc2c(c1)nc(-c1ccoc1)n2C1CCCCC1,496.5670000000004,5.708500000000004,4,3,True,6.699
CHEMBL366575,O=C(N[C@@H](Cc1c[nH]c2ccc(C3N=NN=N3)cc12)C(=O)O)c1ccc2c(c1)nc(-c1ccoc1)n2C1CCCCC1,6.699,IC50,200000.0,CHEMBL1852,Escherichia coli K-12,RpoB,O=C(N[C@@H](Cc1c[nH]c2ccc(C3N=NN=N3)cc12)C(=O)O)c1ccc2c(c1)nc(-c1ccoc1)n2C1CCCCC1,O=C(NCCc1c[nH]c2ccc(C3N=NN=N3)cc12)c1ccc2c(c1)nc(-c1ccoc1)n2C1CCCCC1,564.6060000000001,6.540100000000004,8,3,True,6.699
CHEMBL367225,O=C(N[C@@H](Cc1c[nH]c2ccc(O)cc12)C(=O)O)c1ccc2c(c1)nc(-c1ccoc1)n2C1CCCCC1,6.699,IC50,200000.0,CHEMBL1852,Escherichia coli K-12,RpoB,O=C(N[C@@H](Cc1c[nH]c2ccc(O)cc12)C(=O)O)c1ccc2c(c1)nc(-c1ccoc1)n2C1CCCCC1,O=C(NCCc1c[nH]c2ccccc12)c1ccc2c(c1)nc(-c1ccoc1)n2C1CCCCC1,512.5660000000004,5.414100000000004,5,4,True,6.699
CHEMBL176905,O=C(O)c1ccc2[nH]cc(C[C@H](NC(=O)c3ccc4c(c3)nc(-c3ccoc3)n4C3CCCCC3)C(=O)O)c2c1,6.699,IC50,200000.0,CHEMBL1852,Escherichia coli K-12,RpoB,O=C(O)c1ccc2[nH]cc(C[C@H](NC(=O)c3ccc4c(c3)nc(-c3ccoc3)n4C3CCCCC3)C(=O)O)c2c1,O=C(NCCc1c[nH]c2ccccc12)c1ccc2c(c1)nc(-c1ccoc1)n2C1CCCCC1,540.5760000000004,5.406700000000004,5,4,True,6.699
CHEMBL424769,NC(=O)c1ccc2[nH]cc(C[C@H](NC(=O)c3ccc4c(c3)nc(-c3ccoc3)n4C3CCCCC3)C(=O)O)c2c1,6.699,IC50,200000.0,CHEMBL1852,Escherichia coli K-12,RpoB,NC(=O)c1ccc2[nH]cc(C[C@H](NC(=O)c3ccc4c(c3)nc(-c3ccoc3)n4C3CCCCC3)C(=O)O)c2c1,O=C(NCCc1c[nH]c2ccccc12)c1ccc2c(c1)nc(-c1ccoc1)n2C1CCCCC1,539.5920000000003,4.807400000000004,5,4,True,6.699
CHEMBL173466,O=C(O)C(=O)Nc1ccc2[nH]cc(C[C@H](NC(=O)c3ccc4c(c3)nc(-c3ccoc3)n4C3CCCCC3)C(=O)O)c2c1,6.602,IC50,250000.0,CHEMBL1852,Escherichia coli K-12,RpoB,O=C(O)C(=O)Nc1ccc2[nH]cc(C[C@H](NC(=O)c3ccc4c(c3)nc(-c3ccoc3)n4C3CCCCC3)C(=O)O)c2c1,O=C(NCCc1c[nH]c2ccccc12)c1ccc2c(c1)nc(-c1ccoc1)n2C1CCCCC1,583.6010000000003,4.731600000000003,6,5,True,6.602
CHEMBL368852,O=C(N[C@@H](Cc1c[nH]c2ccc(NS(=O)(=O)C(F)(F)F)cc12)C(=O)O)c1ccc2c(c1)nc(-c1ccoc1)n2C1CCCCC1,6.602,IC50,250000.0,CHEMBL1852,Escherichia coli K-12,RpoB,O=C(N[C@@H](Cc1c[nH]c2ccc(NS(=O)(=O)C(F)(F)F)cc12)C(=O)O)c1ccc2c(c1)nc(-c1ccoc1)n2C1CCCCC1,O=C(NCCc1c[nH]c2ccccc12)c1ccc2c(c1)nc(-c1ccoc1)n2C1CCCCC1,643.6439999999999,5.970000000000004,6,4,True,6.602
CHEMBL184023,CCCC/C(C)=C/C=C(\C)C(=O)c1c(O)cc(CCC/C=C/NC(=O)OC)oc1=O,6.47,IC50,340.0,CHEMBL1852,Escherichia coli K-12,RpoB,CCCC/C(C)=C/C=C(\C)C(=O)c1c(O)cc(CCC/C=C/NC(=O)OC)oc1=O,O=c1cccco1,417.5020000000002,4.803300000000004,6,2,True,6.47
CHEMBL174629,O=C(O)c1ccc2c(c1)nc(-c1cccs1)n2C1CCCCC1,6.301,IC50,500000.0,CHEMBL1852,Escherichia coli K-12,RpoB,O=C(O)c1ccc2c(c1)nc(-c1cccs1)n2C1CCCCC1,c1csc(-c2nc3ccccc3n2C2CCCCC2)c1,326.4210000000002,4.968200000000003,3,1,True,6.301
CHEMBL174836,O=C(O)c1ccc2c(c1)nc(-c1ccncc1)n2C1CCCCC1,6.301,IC50,500000.0,CHEMBL1852,Escherichia coli K-12,RpoB,O=C(O)c1ccc2c(c1)nc(-c1ccncc1)n2C1CCCCC1,c1ccc2c(c1)nc(-c1ccncc1)n2C1CCCCC1,321.3800000000002,4.301700000000003,3,1,True,6.301
CHEMBL362058,O=C(O)c1ccc2c(c1)nc(-c1ccco1)n2C1CCCCC1,6.301,IC50,500000.0,CHEMBL1852,Escherichia coli K-12,RpoB,O=C(O)c1ccc2c(c1)nc(-c1ccco1)n2C1CCCCC1,c1coc(-c2nc3ccccc3n2C2CCCCC2)c1,310.3530000000001,4.4997000000000025,3,1,True,6.301
CHEMBL426227,O=C(O)c1ccc2c(c1)nc(-c1ncc[nH]1)n2C1CCCCC1,6.301,IC50,500000.0,CHEMBL1852,Escherichia coli K-12,RpoB,O=C(O)c1ccc2c(c1)nc(-c1ncc[nH]1)n2C1CCCCC1,c1ccc2c(c1)nc(-c1ncc[nH]1)n2C1CCCCC1,310.35700000000014,3.629800000000002,3,2,True,6.301
CHEMBL175177,O=C(O)c1ccc2c(c1)nc(-c1ccoc1)n2C1CCCCC1,6.301,IC50,500000.0,CHEMBL1852,Escherichia coli K-12,RpoB,O=C(O)c1ccc2c(c1)nc(-c1ccoc1)n2C1CCCCC1,c1ccc2c(c1)nc(-c1ccoc1)n2C1CCCCC1,310.3530000000001,4.4997000000000025,3,1,True,6.301
CHEMBL368168,Cn1cccc1-c1nc2cc(C(=O)O)ccc2n1C1CCCCC1,6.301,IC50,500000.0,CHEMBL1852,Escherichia coli K-12,RpoB,Cn1cccc1-c1nc2cc(C(=O)O)ccc2n1C1CCCCC1,c1c[nH]c(-c2nc3ccccc3n2C2CCCCC2)c1,323.39600000000024,4.245200000000003,2,1,True,6.301
CHEMBL174683,O=C(O)c1ccc2c(c1)nc(-c1ccccn1)n2C1CCCCC1,6.301,IC50,500000.0,CHEMBL1852,Escherichia coli K-12,RpoB,O=C(O)c1ccc2c(c1)nc(-c1ccccn1)n2C1CCCCC1,c1ccc(-c2nc3ccccc3n2C2CCCCC2)nc1,321.3800000000002,4.301700000000003,3,1,True,6.301
CHEMBL176662,O=C(O)c1ccc2c(c1)nc(-c1ccc[nH]1)n2C1CCCCC1,6.301,IC50,500000.0,CHEMBL1852,Escherichia coli K-12,RpoB,O=C(O)c1ccc2c(c1)nc(-c1ccc[nH]1)n2C1CCCCC1,c1c[nH]c(-c2nc3ccccc3n2C2CCCCC2)c1,309.36900000000014,4.234800000000003,2,2,True,6.301
CHEMBL361434,O=C(O)c1ccc2c(c1)nc(-c1ccccc1)n2C1CCCCC1,6.301,IC50,500000.0,CHEMBL1852,Escherichia coli K-12,RpoB,O=C(O)c1ccc2c(c1)nc(-c1ccccc1)n2C1CCCCC1,c1ccc(-c2nc3ccccc3n2C2CCCCC2)cc1,320.3920000000002,4.906700000000003,2,1,True,6.301
CHEMBL174564,O=C(O)c1ccc2c(c1)nc(-c1ccsc1)n2C1CCCCC1,6.301,IC50,500000.0,CHEMBL1852,Escherichia coli K-12,RpoB,O=C(O)c1ccc2c(c1)nc(-c1ccsc1)n2C1CCCCC1,c1ccc2c(c1)nc(-c1ccsc1)n2C1CCCCC1,326.4210000000002,4.968200000000003,3,1,True,6.301
CHEMBL434136,O=C(O)c1ccc2c(c1)nc(-c1nccs1)n2C1CCCCC1,6.301,IC50,500000.0,CHEMBL1852,Escherichia coli K-12,RpoB,O=C(O)c1ccc2c(c1)nc(-c1nccs1)n2C1CCCCC1,c1ccc2c(c1)nc(-c1nccs1)n2C1CCCCC1,327.4090000000002,4.363200000000003,4,1,True,6.301
CHEMBL174838,O=C(O)c1ccc2c(c1)nc(-c1cccnc1)n2C1CCCCC1,6.301,IC50,500000.0,CHEMBL1852,Escherichia coli K-12,RpoB,O=C(O)c1ccc2c(c1)nc(-c1cccnc1)n2C1CCCCC1,c1cncc(-c2nc3ccccc3n2C2CCCCC2)c1,321.3800000000002,4.301700000000003,3,1,True,6.301
CHEMBL175002,Nc1ccc2[nH]cc(C[C@H](NC(=O)c3ccc4c(c3)nc(-c3ccoc3)n4C3CCCCC3)C(=O)O)c2c1,6.301,IC50,500000.0,CHEMBL1852,Escherichia coli K-12,RpoB,Nc1ccc2[nH]cc(C[C@H](NC(=O)c3ccc4c(c3)nc(-c3ccoc3)n4C3CCCCC3)C(=O)O)c2c1,O=C(NCCc1c[nH]c2ccccc12)c1ccc2c(c1)nc(-c1ccoc1)n2C1CCCCC1,511.5820000000004,5.290700000000005,5,4,True,6.301
CHEMBL177073,CS(=O)(=O)Nc1ccc2[nH]cc(C[C@H](NC(=O)c3ccc4c(c3)nc(-c3ccoc3)n4C3CCCCC3)C(=O)O)c2c1,6.301,IC50,500000.0,CHEMBL1852,Escherichia coli K-12,RpoB,CS(=O)(=O)Nc1ccc2[nH]cc(C[C@H](NC(=O)c3ccc4c(c3)nc(-c3ccoc3)n4C3CCCCC3)C(=O)O)c2c1,O=C(NCCc1c[nH]c2ccccc12)c1ccc2c(c1)nc(-c1ccoc1)n2C1CCCCC1,589.6740000000003,5.0800000000000045,6,4,True,6.301
CHEMBL1911289,CO[C@H]1/C=C/O[C@@]2(C)Oc3c(C)c(N(C)C)c4c(c3C2=O)C(=O)C=C(NC(=O)/C(C)=C\C=C\[C@H](C)[C@H](O)[C@@H](C)[C@@H](O)[C@@H](C)[C@H](OC(C)=O)[C@@H]1C)C4=O,6.3,IC50,503.0,CHEMBL2006,Mycobacterium tuberculosis,RpoB,CO[C@H]1/C=C/O[C@@]2(C)Oc3c(C)c(N(C)C)c4c(c3C2=O)C(=O)C=C(NC(=O)/C(C)=C\C=C\[C@H](C)[C@H](O)[C@@H](C)[C@@H](O)[C@@H](C)[C@H](OC(C)=O)[C@@H]1C)C4=O,O=C1C=CC=CCCCCCCCCC=COC2Oc3ccc4c(c3C2=O)C(=O)C=C(N1)C4=O,722.8320000000002,3.990720000000003,12,3,True,6.3
CHEMBL186014,CCCC/C(C)=C/C=C(\C)C(=O)c1c(O)cc(C(C)CC/C=C/NC(=O)OC)oc1=O,6.04,IC50,920.0,CHEMBL1852,Escherichia coli K-12,RpoB,CCCC/C(C)=C/C=C(\C)C(=O)c1c(O)cc(C(C)CC/C=C/NC(=O)OC)oc1=O,O=c1cccco1,431.5290000000002,5.3643000000000045,6,2,True,6.04
CHEMBL185900,CCCC/C=C/C=C(\C)C(=O)c1c(O)cc(C(C)CC/C=C/NC(=O)OC)oc1=O,5.98,IC50,1040.0,CHEMBL1852,Escherichia coli K-12,RpoB,CCCC/C=C/C=C(\C)C(=O)c1c(O)cc(C(C)CC/C=C/NC(=O)OC)oc1=O,O=c1cccco1,417.5020000000002,4.974200000000004,6,2,True,5.98
CHEMBL186013,CCCC/C(C)=C/C=C(\C)C(=O)c1c(O)cc(C(C)CC/C=C\NC(=O)OC)oc1=O,5.9,IC50,1260.0,CHEMBL1852,Escherichia coli K-12,RpoB,CCCC/C(C)=C/C=C(\C)C(=O)c1c(O)cc(C(C)CC/C=C\NC(=O)OC)oc1=O,O=c1cccco1,431.5290000000002,5.3643000000000045,6,2,True,5.9
CHEMBL185761,CCCC/C(C)=C\C=C(\C)C(=O)c1c(O)cc(C(C)CC/C=C/NC(=O)OC)oc1=O,5.6,IC50,2500.0,CHEMBL1852,Escherichia coli K-12,RpoB,CCCC/C(C)=C\C=C(\C)C(=O)c1c(O)cc(C(C)CC/C=C/NC(=O)OC)oc1=O,O=c1cccco1,431.5290000000002,5.3643000000000045,6,2,True,5.6
CHEMBL185927,CCCC/C(C)=C/C=C(\C)C(=O)c1c(O)cc(C(C)CCCCNC(=O)OC)oc1=O,5.4,IC50,4000.0,CHEMBL1852,Escherichia coli K-12,RpoB,CCCC/C(C)=C/C=C(\C)C(=O)c1c(O)cc(C(C)CCCCNC(=O)OC)oc1=O,O=c1cccco1,433.5450000000003,5.240700000000005,6,2,True,5.4
CHEMBL185050,CCCC/C(C)=C/C=C(\C)C(=O)c1c(OC)cc(C(C)CC/C=C/NC(=O)OC)oc1=O,5.38,IC50,4200.0,CHEMBL1852,Escherichia coli K-12,RpoB,CCCC/C(C)=C/C=C(\C)C(=O)c1c(OC)cc(C(C)CC/C=C/NC(=O)OC)oc1=O,O=c1cccco1,445.5560000000002,5.667300000000005,6,1,True,5.38
CHEMBL1911287,CO[C@H]1/C=C/O[C@@]2(C)Oc3c(C)c(N)c4c(c3C2=O)C(=O)C=C(NC(=O)/C(C)=C\C=C\[C@H](C)[C@H](O)[C@@H](C)[C@@H](O)[C@@H](C)[C@H](OC(C)=O)[C@@H]1C)C4=O,5.36,IC50,4400.0,CHEMBL2006,Mycobacterium tuberculosis,RpoB,CO[C@H]1/C=C/O[C@@]2(C)Oc3c(C)c(N)c4c(c3C2=O)C(=O)C=C(NC(=O)/C(C)=C\C=C\[C@H](C)[C@H](O)[C@@H](C)[C@@H](O)[C@@H](C)[C@H](OC(C)=O)[C@@H]1C)C4=O,O=C1C=CC=CCCCCCCCCC=COC2Oc3ccc4c(c3C2=O)C(=O)C=C(N1)C4=O,694.7780000000002,3.506920000000002,12,4,True,5.36
CHEMBL1911295,CO[C@H]1/C=C/O[C@@]2(C)Oc3c(C)c(NC4CCCCCC4)c4c(c3C2=O)C(=O)C=C(NC(=O)/C(C)=C\C=C\[C@H](C)[C@H](O)[C@@H](C)[C@@H](O)[C@@H](C)[C@H](OC(C)=O)[C@@H]1C)C4=O,4.81,IC50,15400.0,CHEMBL2006,Mycobacterium tuberculosis,RpoB,CO[C@H]1/C=C/O[C@@]2(C)Oc3c(C)c(NC4CCCCCC4)c4c(c3C2=O)C(=O)C=C(NC(=O)/C(C)=C\C=C\[C@H](C)[C@H](O)[C@@H](C)[C@@H](O)[C@@H](C)[C@H](OC(C)=O)[C@@H]1C)C4=O,O=C1C=CC=CCCCCCCCCC=COC2Oc3cc(NC4CCCCCC4)c4c(c3C2=O)C(=O)C=C(N1)C4=O,790.9510000000004,6.059420000000008,12,4,True,4.81
CHEMBL4283208,CCNC(=O)Nc1cc(-c2nc(C3CC3)cs2)c(-c2cc(-c3n[nH]c(=O)o3)cnc2N2C3CCC2CN(C)C3)cn1,8.52,IC50,3.0,CHEMBL3329081,E. coli ParE,TopoIV,CCNC(=O)Nc1cc(-c2nc(C3CC3)cs2)c(-c2cc(-c3n[nH]c(=O)o3)cnc2N2C3CCC2CN(C)C3)cn1,O=c1[nH]nc(-c2cnc(N3C4CCC3CNC4)c(-c3cnccc3-c3nc(C4CC4)cs3)c2)o1,573.6830000000001,3.9120000000000035,10,3,True,8.52
CHEMBL4294467,CCNC(=O)Nc1cc(-c2nc(C(F)(F)F)cs2)c(-c2cc(-c3n[nH]c(=O)o3)cnc2N2C3CCC2CN(C)C3)cn1,8.4,IC50,4.0,CHEMBL3329081,E. coli ParE,TopoIV,CCNC(=O)Nc1cc(-c2nc(C(F)(F)F)cs2)c(-c2cc(-c3n[nH]c(=O)o3)cnc2N2C3CCC2CN(C)C3)cn1,O=c1[nH]nc(-c2cnc(N3C4CCC3CNC4)c(-c3cnccc3-c3nccs3)c2)o1,601.615,4.0534000000000034,10,3,True,8.4
CHEMBL4289998,CCNC(=O)Nc1cc(-c2nc(C(F)(F)F)cs2)c(-c2cc(-c3nnn[nH]3)cnc2N2C3CCC2CN(C)C3)cn1,8.4,IC50,4.0,CHEMBL3329081,E. coli ParE,TopoIV,CCNC(=O)Nc1cc(-c2nc(C(F)(F)F)cs2)c(-c2cc(-c3nnn[nH]3)cnc2N2C3CCC2CN(C)C3)cn1,c1cc(-c2nccs2)c(-c2cc(-c3nnn[nH]3)cnc2N2C3CCC2CNC3)cn1,585.6199999999999,3.8902000000000028,10,3,True,8.4
CHEMBL5288212,Cc1[nH]c(C(=O)Nc2nc3c(N4CCOCC4)cc(C(=O)O)cc3s2)c(Cl)c1Cl,8.1,IC50,8.0,CHEMBL3038508,S. aureus complex,TopoIV,Cc1[nH]c(C(=O)Nc2nc3c(N4CCOCC4)cc(C(=O)O)cc3s2)c(Cl)c1Cl,O=C(Nc1nc2c(N3CCOCC3)cccc2s1)c1ccc[nH]1,455.3230000000001,4.026720000000002,6,3,True,8.1
CHEMBL4281775,CCNC(=O)Nc1cc(-c2nc(C(F)(F)F)cs2)c(-c2cc(C(=O)O)cnc2N2C3CCC2CN(C)C3)cn1,8.1,IC50,8.0,CHEMBL3329081,E. coli ParE,TopoIV,CCNC(=O)Nc1cc(-c2nc(C(F)(F)F)cs2)c(-c2cc(C(=O)O)cnc2N2C3CCC2CN(C)C3)cn1,c1cnc(N2C3CCC2CNC3)c(-c2cnccc2-c2nccs2)c1,561.5900000000001,4.408300000000004,8,3,True,8.1
CHEMBL4279313,CCNC(=O)Nc1cc(-c2nc(C(F)(F)F)cs2)c(-c2cc(C(=O)NS(C)(=O)=O)cnc2N2C3CCC2CN(C)C3)cn1,8.05,IC50,9.0,CHEMBL3329081,E. coli ParE,TopoIV,CCNC(=O)Nc1cc(-c2nc(C(F)(F)F)cs2)c(-c2cc(C(=O)NS(C)(=O)=O)cnc2N2C3CCC2CN(C)C3)cn1,c1cnc(N2C3CCC2CNC3)c(-c2cnccc2-c2nccs2)c1,638.6979999999998,3.3995000000000024,10,3,True,8.05
CHEMBL4289650,CCNC(=O)Nc1cc(-c2nc(C(F)(F)F)cs2)c(-c2cc(C(=O)O)ccc2N2C3CCC2CN(C)C3)cn1,8.0,IC50,10.0,CHEMBL3329081,E. coli ParE,TopoIV,CCNC(=O)Nc1cc(-c2nc(C(F)(F)F)cs2)c(-c2cc(C(=O)O)ccc2N2C3CCC2CN(C)C3)cn1,c1ccc(N2C3CCC2CNC3)c(-c2cnccc2-c2nccs2)c1,560.6020000000001,5.0133000000000045,7,3,True,8.0
CHEMBL2220900,CCNC(=O)Nc1nc2cc(-c3cnc(C(C)(C)O)nc3)c(F)c([C@H]3CCCO3)c2[nH]1,7.92,Ki,12.0,CHEMBL3038508,S. aureus complex,TopoIV,CCNC(=O)Nc1nc2cc(-c3cnc(C(C)(C)O)nc3)c(F)c([C@H]3CCCO3)c2[nH]1,c1ncc(-c2cc(C3CCCO3)c3[nH]cnc3c2)cn1,428.4680000000002,3.3793000000000015,6,4,True,7.92
CHEMBL4291061,CCNC(=O)Nc1cc(-c2nc(C(F)(F)F)cs2)c(-c2cc(-c3n[nH]c(=O)o3)cnc2N2[C@@H]3CC[C@H]2C[C@@H](N)C3)cn1,7.92,IC50,12.0,CHEMBL3329081,E. coli ParE,TopoIV,CCNC(=O)Nc1cc(-c2nc(C(F)(F)F)cs2)c(-c2cc(-c3n[nH]c(=O)o3)cnc2N2[C@@H]3CC[C@H]2C[C@@H](N)C3)cn1,O=c1[nH]nc(-c2cnc(N3C4CCCC3CC4)c(-c3cnccc3-c3nccs3)c2)o1,601.615,4.2291000000000025,10,4,True,7.92
CHEMBL95777,Clc1cccc(-n2nc(C3CCNCC3)cc2/C=C/c2c[nH]c3ccc(Cl)cc23)c1,7.856985199745905,IC50,13.9,CHEMBL1895,E. coli ParC,TopoIV,Clc1cccc(-n2nc(C3CCNCC3)cc2/C=C/c2c[nH]c3ccc(Cl)cc23)c1,C(=Cc1cc(C2CCNCC2)nn1-c1ccccc1)c1c[nH]c2ccccc12,437.3740000000001,6.297800000000003,2,2,True,7.856985199745905
CHEMBL4279382,CCNC(=O)Nc1cc(-c2nc(C(F)(F)F)cs2)c(-c2cc3ncccc3nc2N2C3CCC2CN(C)C3)cn1,7.85,IC50,14.0,CHEMBL3329081,E. coli ParE,TopoIV,CCNC(=O)Nc1cc(-c2nc(C(F)(F)F)cs2)c(-c2cc3ncccc3nc2N2C3CCC2CN(C)C3)cn1,c1cnc2cc(-c3cnccc3-c3nccs3)c(N3C4CCC3CNC4)nc2c1,568.629,5.2583000000000055,8,2,True,7.85
CHEMBL95778,Cn1cc(/C=C/c2cc(C3CCNCC3)nn2-c2cccc(Cl)c2)c2cc(Cl)ccc21,7.795880017344075,IC50,16.0,CHEMBL1895,E. coli ParC,TopoIV,Cn1cc(/C=C/c2cc(C3CCNCC3)nn2-c2cccc(Cl)c2)c2cc(Cl)ccc21,C(=Cc1cc(C2CCNCC2)nn1-c1ccccc1)c1c[nH]c2ccccc12,451.401,6.308200000000005,2,1,True,7.795880017344075
CHEMBL6123382,CC(C)C(=O)c1c2c(c(OCCN3CCCC3)c3c1OC1=C(C(=O)C(C)(C)C(=O)C1(C)C)[C@@H]3C(C)C)[C@H](C(C)C)C1=C(O2)C(C)(C)C(=O)C(C)(C)C1=O,7.68,IC50,21.0,CHEMBL3038508,S. aureus complex,TopoIV,CC(C)C(=O)c1c2c(c(OCCN3CCCC3)c3c1OC1=C(C(=O)C(C)(C)C(=O)C1(C)C)[C@@H]3C(C)C)[C@H](C(C)C)C1=C(O2)C(C)(C)C(=O)C(C)(C)C1=O,O=C1CC(=O)C2=C(C1)Oc1cc3c(c(OCCN4CCCC4)c1C2)CC1=C(CC(=O)CC1=O)O3,729.955,8.18050000000001,9,0,True,7.68
CHEMBL4278317,CCNC(=O)Nc1cc(-c2nc(C(F)(F)F)cs2)c(-c2cc3ncccc3nc2N2CC3CCC2CN3)cn1,7.68,IC50,21.0,CHEMBL3329081,E. coli ParE,TopoIV,CCNC(=O)Nc1cc(-c2nc(C(F)(F)F)cs2)c(-c2cc3ncccc3nc2N2CC3CCC2CN3)cn1,c1cnc2cc(-c3cnccc3-c3nccs3)c(N3CC4CCC3CN4)nc2c1,554.6020000000002,4.916100000000005,8,3,True,7.68
CHEMBL4286573,CCNC(=O)Nc1cc(-c2nc(C(F)(F)F)cs2)c(-c2cc(-c3n[nH]c(=O)o3)cnc2N2CCC(N)CC2)cn1,7.64,IC50,23.0,CHEMBL3329081,E. coli ParE,TopoIV,CCNC(=O)Nc1cc(-c2nc(C(F)(F)F)cs2)c(-c2cc(-c3n[nH]c(=O)o3)cnc2N2CCC(N)CC2)cn1,O=c1[nH]nc(-c2cnc(N3CCCCC3)c(-c3cnccc3-c3nccs3)c2)o1,575.577,3.698100000000003,10,4,True,7.64
CHEMBL4295081,CCNC(=O)Nc1cc(-c2nc(C(F)(F)F)cs2)c(-c2cc3ncccc3nc2N2[C@@H]3CC[C@H]2C[C@@H](N)C3)cn1,7.62,IC50,24.0,CHEMBL3329081,E. coli ParE,TopoIV,CCNC(=O)Nc1cc(-c2nc(C(F)(F)F)cs2)c(-c2cc3ncccc3nc2N2[C@@H]3CC[C@H]2C[C@@H](N)C3)cn1,c1cnc2cc(-c3cnccc3-c3nccs3)c(N3C4CCCC3CC4)nc2c1,568.629,5.4340000000000055,8,3,True,7.62
CHEMBL4286232,CCNC(=O)Nc1cc(-c2nc(C(F)(F)F)cs2)c(-c2cc3ncccc3nc2N2CC3CCCC(C2)N3)cn1,7.6,IC50,25.0,CHEMBL3329081,E. coli ParE,TopoIV,CCNC(=O)Nc1cc(-c2nc(C(F)(F)F)cs2)c(-c2cc3ncccc3nc2N2CC3CCCC(C2)N3)cn1,c1cnc2cc(-c3cnccc3-c3nccs3)c(N3CC4CCCC(C3)N4)nc2c1,568.6290000000001,5.306200000000005,8,3,True,7.6
CHEMBL194702,Clc1ccc(COc2ccc(/C=C/c3cc(C4CCNCC4)[nH]n3)cc2)cc1Cl,7.555955204081924,IC50,27.8,CHEMBL1895,E. coli ParC,TopoIV,Clc1ccc(COc2ccc(/C=C/c3cc(C4CCNCC4)[nH]n3)cc2)cc1Cl,C(=Cc1cc(C2CCNCC2)[nH]n1)c1ccc(OCc2ccccc2)cc1,428.36300000000017,5.932900000000004,3,2,True,7.555955204081924
CHEMBL4293447,CCNC(=O)Nc1cc(-c2nc(C(F)(F)F)cs2)c(-c2cc3ncccc3nc2N2CCC(N)CC2)cn1,7.31,IC50,49.0,CHEMBL3329081,E. coli ParE,TopoIV,CCNC(=O)Nc1cc(-c2nc(C(F)(F)F)cs2)c(-c2cc3ncccc3nc2N2CCC(N)CC2)cn1,c1cnc2cc(-c3cnccc3-c3nccs3)c(N3CCCCC3)nc2c1,542.5910000000001,4.903000000000004,8,3,True,7.31
CHEMBL4873479,COc1ccc2nccc(CCN3CCC(NCc4cc(F)c(Br)c(F)c4)CC3)c2n1,7.3,IC50,50.0,CHEMBL3038508,S. aureus complex,TopoIV,COc1ccc2nccc(CCN3CCC(NCc4cc(F)c(Br)c(F)c4)CC3)c2n1,c1ccc(CNC2CCN(CCc3ccnc4cccnc34)CC2)cc1,491.3800000000001,4.475800000000004,5,1,True,7.3
CHEMBL5441103,COc1ccc2nccc(CCN3CCC(NC(=O)c4cc(F)c(Br)c(F)c4)CC3)c2n1,7.08,IC50,84.0,CHEMBL3038508,S. aureus complex,TopoIV,COc1ccc2nccc(CCN3CCC(NC(=O)c4cc(F)c(Br)c(F)c4)CC3)c2n1,O=C(NC1CCN(CCc2ccnc3cccnc23)CC1)c1ccccc1,505.36300000000017,4.116000000000003,5,1,True,7.08
CHEMBL6078483,CC(C)C(=O)c1c2c(c(OCCCN3CCOCC3)c3c1OC1=C(C(=O)C(C)(C)C(=O)C1(C)C)[C@@H]3C(C)C)[C@H](C(C)C)C1=C(O2)C(C)(C)C(=O)C(C)(C)C1=O,7.07,IC50,85.0,CHEMBL3038508,S. aureus complex,TopoIV,CC(C)C(=O)c1c2c(c(OCCCN3CCOCC3)c3c1OC1=C(C(=O)C(C)(C)C(=O)C1(C)C)[C@@H]3C(C)C)[C@H](C(C)C)C1=C(O2)C(C)(C)C(=O)C(C)(C)C1=O,O=C1CC(=O)C2=C(C1)Oc1cc3c(c(OCCCN4CCOCC4)c1C2)CC1=C(CC(=O)CC1=O)O3,759.981,7.80700000000001,10,0,True,7.07
CHEMBL4879265,COc1ccc2nccc(CCN3CCC(NCc4ccc(I)c(F)c4)CC3)c2n1,7.05,IC50,90.0,CHEMBL3038508,S. aureus complex,TopoIV,COc1ccc2nccc(CCN3CCC(NCc4ccc(I)c(F)c4)CC3)c2n1,c1ccc(CNC2CCN(CCc3ccnc4cccnc34)CC2)cc1,520.3900000000001,4.178800000000003,5,1,True,7.05
CHEMBL4583368,O=c1nc(NCC(O)CN2CCN(c3nc(F)cc4ccc(F)cc34)CC2)c2cc(F)ccc2o1,7.0,IC50,100.0,CHEMBL1895,E. coli ParC,TopoIV,O=c1nc(NCC(O)CN2CCN(c3nc(F)cc4ccc(F)cc34)CC2)c2cc(F)ccc2o1,O=c1nc(NCCCN2CCN(c3nccc4ccccc34)CC2)c2ccccc2o1,485.4660000000002,2.7485,8,2,True,7.0
CHEMBL4541988,O=c1nc(NCC(O)CN2CCN(c3nccc4ccc(F)cc34)CC2)c2cc(F)ccc2o1,7.0,IC50,100.0,CHEMBL1895,E. coli ParC,TopoIV,O=c1nc(NCC(O)CN2CCN(c3nccc4ccc(F)cc34)CC2)c2cc(F)ccc2o1,O=c1nc(NCCCN2CCN(c3nccc4ccccc34)CC2)c2ccccc2o1,467.47600000000017,2.6094,8,2,True,7.0
CHEMBL4574863,COc1ccc2cc(F)nc(N3CCN(CC(O)CNc4cc(=O)oc5ccc(F)cc45)CC3)c2c1,7.0,IC50,100.0,CHEMBL1895,E. coli ParC,TopoIV,COc1ccc2cc(F)nc(N3CCN(CC(O)CNc4cc(=O)oc5ccc(F)cc45)CC3)c2c1,O=c1cc(NCCCN2CCN(c3nccc4ccccc34)CC2)c2ccccc2o1,496.5140000000003,3.2230000000000016,8,2,True,7.0
CHEMBL6151172,CC(C)C(=O)c1c2c(c(OCCN3CCCCC3)c3c1OC1=C(C(=O)C(C)(C)C(=O)C1(C)C)[C@@H]3C(C)C)[C@H](C(C)C)C1=C(O2)C(C)(C)C(=O)C(C)(C)C1=O,6.96,IC50,110.0,CHEMBL3038508,S. aureus complex,TopoIV,CC(C)C(=O)c1c2c(c(OCCN3CCCCC3)c3c1OC1=C(C(=O)C(C)(C)C(=O)C1(C)C)[C@@H]3C(C)C)[C@H](C(C)C)C1=C(O2)C(C)(C)C(=O)C(C)(C)C1=O,O=C1CC(=O)C2=C(C1)Oc1cc3c(c(OCCN4CCCCC4)c1C2)CC1=C(CC(=O)CC1=O)O3,743.982,8.570600000000008,9,0,True,6.96
CHEMBL6091789,CC(C)C(=O)c1c2c(c(OCCCN3CCCCC3)c3c1OC1=C(C(=O)C(C)(C)C(=O)C1(C)C)[C@@H]3C(C)C)[C@H](C(C)C)C1=C(O2)C(C)(C)C(=O)C(C)(C)C1=O,6.92,IC50,120.0,CHEMBL3038508,S. aureus complex,TopoIV,CC(C)C(=O)c1c2c(c(OCCCN3CCCCC3)c3c1OC1=C(C(=O)C(C)(C)C(=O)C1(C)C)[C@@H]3C(C)C)[C@H](C(C)C)C1=C(O2)C(C)(C)C(=O)C(C)(C)C1=O,O=C1CC(=O)C2=C(C1)Oc1cc3c(c(OCCCN4CCCCC4)c1C2)CC1=C(CC(=O)CC1=O)O3,758.009,8.960700000000005,9,0,True,6.92
CHEMBL2424893,COc1ccc2nccc(NC(=O)[C@H]3CC[C@H](NCc4ccc5c(n4)NC(=O)CS5)CC3)c2n1,6.9,IC50,125.0,CHEMBL3038508,S. aureus complex,TopoIV,COc1ccc2nccc(NC(=O)[C@H]3CC[C@H](NCc4ccc5c(n4)NC(=O)CS5)CC3)c2n1,O=C1CSc2ccc(CNC3CCC(C(=O)Nc4ccnc5cccnc45)CC3)nc2N1,478.5780000000003,3.364700000000002,8,3,True,6.9
CHEMBL6102177,CC(C)C(=O)c1c2c(c(OCCN3CCCCCC3)c3c1OC1=C(C(=O)C(C)(C)C(=O)C1(C)C)[C@@H]3C(C)C)[C@H](C(C)C)C1=C(O2)C(C)(C)C(=O)C(C)(C)C1=O,6.89,IC50,130.0,CHEMBL3038508,S. aureus complex,TopoIV,CC(C)C(=O)c1c2c(c(OCCN3CCCCCC3)c3c1OC1=C(C(=O)C(C)(C)C(=O)C1(C)C)[C@@H]3C(C)C)[C@H](C(C)C)C1=C(O2)C(C)(C)C(=O)C(C)(C)C1=O,O=C1CC(=O)C2=C(C1)Oc1cc3c(c(OCCN4CCCCCC4)c1C2)CC1=C(CC(=O)CC1=O)O3,758.009,8.960700000000005,9,0,True,6.89
CHEMBL6078201,CC(C)C(=O)c1c2c(c(O)c3c1OC1=C(C(=O)C(C)(C)C(=O)C1(C)C)[C@@H]3C(C)C)[C@H](C(C)C)C1=C(O2)C(C)(C)C(=O)C(C)(C)C1=O,6.82,IC50,150.0,CHEMBL3038508,S. aureus complex,TopoIV,CC(C)C(=O)c1c2c(c(O)c3c1OC1=C(C(=O)C(C)(C)C(=O)C1(C)C)[C@@H]3C(C)C)[C@H](C(C)C)C1=C(O2)C(C)(C)C(=O)C(C)(C)C1=O,O=C1CC(=O)C2=C(C1)Oc1cc3c(cc1C2)CC1=C(CC(=O)CC1=O)O3,632.7940000000001,7.411500000000008,8,1,True,6.82
CHEMBL6145847,CCCCN(CCCC)CCCOc1c2c(c(C(=O)C(C)C)c3c1[C@@H](C(C)C)C1=C(O3)C(C)(C)C(=O)C(C)(C)C1=O)OC1=C(C(=O)C(C)(C)C(=O)C1(C)C)[C@H]2C(C)C,6.8,IC50,160.0,CHEMBL3038508,S. aureus complex,TopoIV,CCCCN(CCCC)CCCOc1c2c(c(C(=O)C(C)C)c3c1[C@@H](C(C)C)C1=C(O3)C(C)(C)C(=O)C(C)(C)C1=O)OC1=C(C(=O)C(C)(C)C(=O)C1(C)C)[C@H]2C(C)C,O=C1CC(=O)C2=C(C1)Oc1cc3c(cc1C2)CC1=C(CC(=O)CC1=O)O3,802.106,10.376999999999997,9,0,True,6.8
CHEMBL6103064,CCN(CC)CCOc1c2c(c(C(=O)C(C)C)c3c1[C@@H](C(C)C)C1=C(O3)C(C)(C)C(=O)C(C)(C)C1=O)OC1=C(C(=O)C(C)(C)C(=O)C1(C)C)[C@H]2C(C)C,6.77,IC50,170.0,CHEMBL3038508,S. aureus complex,TopoIV,CCN(CC)CCOc1c2c(c(C(=O)C(C)C)c3c1[C@@H](C(C)C)C1=C(O3)C(C)(C)C(=O)C(C)(C)C1=O)OC1=C(C(=O)C(C)(C)C(=O)C1(C)C)[C@H]2C(C)C,O=C1CC(=O)C2=C(C1)Oc1cc3c(cc1C2)CC1=C(CC(=O)CC1=O)O3,731.9710000000001,8.426500000000008,9,0,True,6.77
CHEMBL5395597,COc1ccc2nccc(CCN3CCC(NC(=O)c4cc(F)c(Cl)c(F)c4)CC3)c2n1,6.75,IC50,177.0,CHEMBL3038508,S. aureus complex,TopoIV,COc1ccc2nccc(CCN3CCC(NC(=O)c4cc(F)c(Cl)c(F)c4)CC3)c2n1,O=C(NC1CCN(CCc2ccnc3cccnc23)CC1)c1ccccc1,460.91200000000015,4.006900000000003,5,1,True,6.75
CHEMBL4787821,COc1ccc2nccc(CC[C@H]3OC[C@H](NC(=O)c4ccc5c(n4)NC(=O)CO5)CO3)c2c1,6.72,IC50,190.0,CHEMBL3038508,S. aureus complex,TopoIV,COc1ccc2nccc(CC[C@H]3OC[C@H](NC(=O)c4ccc5c(n4)NC(=O)CO5)CO3)c2c1,O=C1COc2ccc(C(=O)NC3COC(CCc4ccnc5ccccc45)OC3)nc2N1,464.47800000000024,2.0733999999999995,8,2,True,6.72
CHEMBL4533152,O=c1cc(NCC(O)CN2CCN(c3nccc4ncccc34)CC2)c2cc(F)ccc2o1,6.7,IC50,200.0,CHEMBL1895,E. coli ParC,TopoIV,O=c1cc(NCC(O)CN2CCN(c3nccc4ncccc34)CC2)c2cc(F)ccc2o1,O=c1cc(NCCCN2CCN(c3nccc4ncccc34)CC2)c2ccccc2o1,449.4860000000002,2.470300000000001,8,2,True,6.7
CHEMBL4290062,CCNC(=O)Nc1cc(-c2nc(C(F)(F)F)cs2)c(-c2cc3ncccc3nc2N2C3CC2CN(C)C3)cn1,6.7,IC50,200.0,CHEMBL3329081,E. coli ParE,TopoIV,CCNC(=O)Nc1cc(-c2nc(C(F)(F)F)cs2)c(-c2cc3ncccc3nc2N2C3CC2CN(C)C3)cn1,c1cnc2cc(-c3cnccc3-c3nccs3)c(N3C4CNCC3C4)nc2c1,554.6020000000001,4.868200000000005,8,2,True,6.7
CHEMBL4879088,COc1ccc2nccc(CCN3CCC(NCc4cc(F)c(Cl)c(F)c4)CC3)c2n1,6.67,IC50,215.0,CHEMBL3038508,S. aureus complex,TopoIV,COc1ccc2nccc(CCN3CCC(NCc4cc(F)c(Cl)c(F)c4)CC3)c2n1,c1ccc(CNC2CCN(CCc3ccnc4cccnc34)CC2)cc1,446.9290000000001,4.366700000000003,5,1,True,6.67
CHEMBL5090088,O=C(CCN1CCN(c2cc3c(cc2F)c(=O)c(C(=O)O)cn3C2CC2)CC1)Nc1ccc(S(=O)(=O)Nc2cnc3ccccc3n2)cc1,6.64,IC50,230.0,CHEMBL3038508,S. aureus complex,TopoIV,O=C(CCN1CCN(c2cc3c(cc2F)c(=O)c(C(=O)O)cn3C2CC2)CC1)Nc1ccc(S(=O)(=O)Nc2cnc3ccccc3n2)cc1,O=C(CCN1CCN(c2ccc3c(=O)ccn(C4CC4)c3c2)CC1)Nc1ccc(S(=O)(=O)Nc2cnc3ccccc3n2)cc1,685.738,4.068500000000002,9,3,True,6.64
CHEMBL4868908,COc1ccc2nccc(CCN3CCC(NCc4ccc(Br)c(F)c4)CC3)c2n1,6.62,IC50,241.0,CHEMBL3038508,S. aureus complex,TopoIV,COc1ccc2nccc(CCN3CCC(NCc4ccc(Br)c(F)c4)CC3)c2n1,c1ccc(CNC2CCN(CCc3ccnc4cccnc34)CC2)cc1,473.3900000000001,4.336700000000004,5,1,True,6.62
CHEMBL5420593,COc1ccc2nccc(CCN3CCC(NC(=O)c4ccc(I)c(F)c4)CC3)c2n1,6.58,IC50,261.0,CHEMBL3038508,S. aureus complex,TopoIV,COc1ccc2nccc(CCN3CCC(NC(=O)c4ccc(I)c(F)c4)CC3)c2n1,O=C(NC1CCN(CCc2ccnc3cccnc23)CC1)c1ccccc1,534.373,3.8190000000000026,5,1,True,6.58
CHEMBL6078484,CCN(CC)CCCOc1c2c(c(C(=O)C(C)C)c3c1[C@@H](C(C)C)C1=C(O3)C(C)(C)C(=O)C(C)(C)C1=O)OC1=C(C(=O)C(C)(C)C(=O)C1(C)C)[C@H]2C(C)C,6.55,IC50,280.0,CHEMBL3038508,S. aureus complex,TopoIV,CCN(CC)CCCOc1c2c(c(C(=O)C(C)C)c3c1[C@@H](C(C)C)C1=C(O3)C(C)(C)C(=O)C(C)(C)C1=O)OC1=C(C(=O)C(C)(C)C(=O)C1(C)C)[C@H]2C(C)C,O=C1CC(=O)C2=C(C1)Oc1cc3c(cc1C2)CC1=C(CC(=O)CC1=O)O3,745.998,8.816600000000006,9,0,True,6.55
CHEMBL6102529,CC(C)C(=O)c1c2c(c(OCCCN3CCN(C)CC3)c3c1OC1=C(C(=O)C(C)(C)C(=O)C1(C)C)[C@@H]3C(C)C)[C@H](C(C)C)C1=C(O2)C(C)(C)C(=O)C(C)(C)C1=O,6.55,IC50,280.0,CHEMBL3038508,S. aureus complex,TopoIV,CC(C)C(=O)c1c2c(c(OCCCN3CCN(C)CC3)c3c1OC1=C(C(=O)C(C)(C)C(=O)C1(C)C)[C@@H]3C(C)C)[C@H](C(C)C)C1=C(O2)C(C)(C)C(=O)C(C)(C)C1=O,O=C1CC(=O)C2=C(C1)Oc1cc3c(c(OCCCN4CCNCC4)c1C2)CC1=C(CC(=O)CC1=O)O3,773.024,7.72220000000001,10,0,True,6.55
CHEMBL4752708,Cc1[nH]c(C(=O)Nc2nc3ccc(NC(=O)C(=O)O)cc3s2)c(Cl)c1Cl,6.54,IC50,290.0,CHEMBL3038508,S. aureus complex,TopoIV,Cc1[nH]c(C(=O)Nc2nc3ccc(NC(=O)C(=O)O)cc3s2)c(Cl)c1Cl,O=C(Nc1nc2ccccc2s1)c1ccc[nH]1,413.2420000000001,3.5150200000000007,5,4,True,6.54
CHEMBL4793192,Cc1[nH]c(C(=O)Nc2nc3ccc(NC(=O)CCN)cc3s2)c(Cl)c1Cl.Cl,6.54,IC50,290.0,CHEMBL3038508,S. aureus complex,TopoIV,Cc1[nH]c(C(=O)Nc2nc3ccc(NC(=O)CCN)cc3s2)c(Cl)c1Cl.Cl,O=C(Nc1nc2ccccc2s1)c1ccc[nH]1,448.7630000000001,4.201020000000002,5,4,True,6.54
CHEMBL2158050,COc1ccc2ncc(F)c([C@@H](O)CC[C@@H]3CCN(CCSc4cccs4)C[C@@H]3C(=O)O)c2c1,6.52,IC50,300.0,CHEMBL3038508,S. aureus complex,TopoIV,COc1ccc2ncc(F)c([C@@H](O)CC[C@@H]3CCN(CCSc4cccs4)C[C@@H]3C(=O)O)c2c1,c1csc(SCCN2CCC(CCCc3ccnc4ccccc34)CC2)c1,504.6490000000002,5.072600000000004,7,2,True,6.52
CHEMBL4787145,COc1ccc2nccc(CC[C@H]3OC[C@H](NC(=O)c4ccc5c(n4)NC(=O)CS5)CO3)c2c1,6.52,IC50,300.0,CHEMBL3038508,S. aureus complex,TopoIV,COc1ccc2nccc(CC[C@H]3OC[C@H](NC(=O)c4ccc5c(n4)NC(=O)CS5)CO3)c2c1,O=C1CSc2ccc(C(=O)NC3COC(CCc4ccnc5ccccc45)OC3)nc2N1,480.5460000000002,2.7867000000000006,8,2,True,6.52
CHEMBL6168808,N#Cc1ccc2ccc(=O)n(CCN3CCC(NCc4ccc5c(c4)NC(=O)CS5)CC3)c2c1,6.52,IC50,300.0,CHEMBL3038508,S. aureus complex,TopoIV,N#Cc1ccc2ccc(=O)n(CCN3CCC(NCc4ccc5c(c4)NC(=O)CS5)CC3)c2c1,O=C1CSc2ccc(CNC3CCN(CCn4c(=O)ccc5ccccc54)CC3)cc2N1,473.60200000000026,3.1715800000000005,6,2,True,6.52
CHEMBL4875924,COc1ccc2ncc(F)c(C[C@H](O)[C@H]3OC[C@H](NCc4cc5c(cn4)SCC(=O)N5)CO3)c2n1,6.51,IC50,310.0,CHEMBL3038508,S. aureus complex,TopoIV,COc1ccc2ncc(F)c(C[C@H](O)[C@H]3OC[C@H](NCc4cc5c(cn4)SCC(=O)N5)CO3)c2n1,O=C1CSc2cnc(CNC3COC(CCc4ccnc5cccnc45)OC3)cc2N1,501.54000000000025,1.6513999999999995,10,3,True,6.51
CHEMBL4869929,COc1ccc2ncc(F)c(C[C@H](O)[C@H]3OC[C@H](NCc4cc5c(cn4)OCC(=O)N5)CO3)c2n1,6.5,IC50,320.0,CHEMBL3038508,S. aureus complex,TopoIV,COc1ccc2ncc(F)c(C[C@H](O)[C@H]3OC[C@H](NCc4cc5c(cn4)OCC(=O)N5)CO3)c2n1,O=C1COc2cnc(CNC3COC(CCc4ccnc5cccnc45)OC3)cc2N1,485.47200000000026,0.9380999999999998,10,3,True,6.5
CHEMBL5406927,COc1ccc2nccc(OC[C@@H]3CC[C@@H](NC(=O)c4cc(F)c(Br)c(F)c4)CO3)c2n1,6.47,IC50,341.0,CHEMBL3038508,S. aureus complex,TopoIV,COc1ccc2nccc(OC[C@@H]3CC[C@@H](NC(=O)c4cc(F)c(Br)c(F)c4)CO3)c2n1,O=C(NC1CCC(COc2ccnc3cccnc23)OC1)c1ccccc1,508.31900000000013,4.0355000000000025,6,1,True,6.47
CHEMBL5086095,O=C(CN1CCN(c2cc3c(cc2F)c(=O)c(C(=O)O)cn3C2CC2)CC1)Nc1ccc(S(=O)(=O)Nc2cnc3ccccc3n2)cc1,6.46,IC50,350.0,CHEMBL3038508,S. aureus complex,TopoIV,O=C(CN1CCN(c2cc3c(cc2F)c(=O)c(C(=O)O)cn3C2CC2)CC1)Nc1ccc(S(=O)(=O)Nc2cnc3ccccc3n2)cc1,O=C(CN1CCN(c2ccc3c(=O)ccn(C4CC4)c3c2)CC1)Nc1ccc(S(=O)(=O)Nc2cnc3ccccc3n2)cc1,671.7110000000001,3.6784000000000017,9,3,True,6.46
CHEMBL6078286,CC(C)C(=O)c1c2c(c(OCc3c(F)c(F)c(F)c(F)c3F)c3c1OC1=C(C(=O)C(C)(C)C(=O)C1(C)C)[C@@H]3C(C)C)[C@H](C(C)C)C1=C(O2)C(C)(C)C(=O)C(C)(C)C1=O,6.46,IC50,350.0,CHEMBL3038508,S. aureus complex,TopoIV,CC(C)C(=O)c1c2c(c(OCc3c(F)c(F)c(F)c(F)c3F)c3c1OC1=C(C(=O)C(C)(C)C(=O)C1(C)C)[C@@H]3C(C)C)[C@H](C(C)C)C1=C(O2)C(C)(C)C(=O)C(C)(C)C1=O,O=C1CC(=O)C2=C(C1)Oc1cc3c(c(OCc4ccccc4)c1C2)CC1=C(CC(=O)CC1=O)O3,812.8689999999999,9.980399999999994,8,0,True,6.46
CHEMBL6150913,COCCOCOc1c2c(c(C(=O)C(C)C)c3c1[C@@H](C(C)C)C1=C(O3)C(C)(C)C(=O)C(C)(C)C1=O)OC1=C(C(=O)C(C)(C)C(=O)C1(C)C)[C@H]2C(C)C,6.43,IC50,370.0,CHEMBL3038508,S. aureus complex,TopoIV,COCCOCOc1c2c(c(C(=O)C(C)C)c3c1[C@@H](C(C)C)C1=C(O3)C(C)(C)C(=O)C(C)(C)C1=O)OC1=C(C(=O)C(C)(C)C(=O)C1(C)C)[C@H]2C(C)C,O=C1CC(=O)C2=C(C1)Oc1cc3c(cc1C2)CC1=C(CC(=O)CC1=O)O3,720.9000000000001,7.70520000000001,10,0,True,6.43
CHEMBL4867964,COc1ccc2ncc(F)c(C[C@H](O)[C@H]3OC[C@H](NCc4ccc5c(c4)OCCO5)CO3)c2n1,6.42,IC50,380.0,CHEMBL3038508,S. aureus complex,TopoIV,COc1ccc2ncc(F)c(C[C@H](O)[C@H]3OC[C@H](NCc4ccc5c(c4)OCCO5)CO3)c2n1,c1cnc2c(CCC3OCC(NCc4ccc5c(c4)OCCO5)CO3)ccnc2c1,471.4850000000003,1.9833999999999998,9,2,True,6.42
CHEMBL5087299,Cc1cc(NS(=O)(=O)c2ccc(NC(=O)C(C)N3CCN(c4cc5c(cc4F)c(=O)c(C(=O)O)cn5C4CC4)CC3)cc2)no1,6.41,IC50,390.0,CHEMBL3038508,S. aureus complex,TopoIV,Cc1cc(NS(=O)(=O)c2ccc(NC(=O)C(C)N3CCN(c4cc5c(cc4F)c(=O)c(C(=O)O)cn5C4CC4)CC3)cc2)no1,O=C(CN1CCN(c2ccc3c(=O)ccn(C4CC4)c3c2)CC1)Nc1ccc(S(=O)(=O)Nc2ccon2)cc1,638.678,3.4201200000000025,9,3,True,6.41
CHEMBL4530328,O=c1nc(NC[C@@H](O)CN2CCN(c3nccc4ccc(F)cc34)CC2)c2ccccc2o1,6.4,IC50,400.0,CHEMBL1895,E. coli ParC,TopoIV,O=c1nc(NC[C@@H](O)CN2CCN(c3nccc4ccc(F)cc34)CC2)c2ccccc2o1,O=c1nc(NCCCN2CCN(c3nccc4ccccc34)CC2)c2ccccc2o1,449.48600000000016,2.4703,8,2,True,6.4
CHEMBL4294536,CCNC(=O)Nc1cc(-c2nc(C(F)(F)F)cs2)c(-c2cc3ncccc3nc2N2CCN(C)CC2)cn1,6.4,IC50,400.0,CHEMBL3329081,E. coli ParE,TopoIV,CCNC(=O)Nc1cc(-c2nc(C(F)(F)F)cs2)c(-c2cc3ncccc3nc2N2CCN(C)CC2)cn1,c1cnc2cc(-c3cnccc3-c3nccs3)c(N3CCNCC3)nc2c1,542.5910000000001,4.727300000000004,8,2,True,6.4
CHEMBL5196889,COc1ccc2ncc(F)c(C[C@H](O)[C@H]3OC[C@H](NC(=O)c4ccc5c(n4)NC(=O)CS5)CO3)c2n1,6.38,IC50,420.0,CHEMBL3038508,S. aureus complex,TopoIV,COc1ccc2ncc(F)c(C[C@H](O)[C@H]3OC[C@H](NC(=O)c4ccc5c(n4)NC(=O)CS5)CO3)c2n1,O=C1CSc2ccc(C(=O)NC3COC(CCc4ccnc5cccnc45)OC3)nc2N1,515.5230000000003,1.2915999999999999,10,3,True,6.38
CHEMBL4856026,COc1ccc2ncc(F)c(C[C@H](O)[C@H]3OC[C@H](NCc4cc5c(cn4)OCS5)CO3)c2n1,6.37,IC50,430.0,CHEMBL3038508,S. aureus complex,TopoIV,COc1ccc2ncc(F)c(C[C@H](O)[C@H]3OC[C@H](NCc4cc5c(cn4)OCS5)CO3)c2n1,c1cnc2c(CCC3OCC(NCc4cc5c(cn4)OCS5)CO3)ccnc2c1,474.51400000000024,2.0491999999999995,10,2,True,6.37
CHEMBL5075535,O=C(CCN1CCN(c2cc3c(cc2F)c(=O)c(C(=O)O)cn3C2CC2)CC1)Nc1ccc(S(=O)(=O)Nc2cncc(Cl)n2)cc1,6.36,IC50,440.0,CHEMBL3038508,S. aureus complex,TopoIV,O=C(CCN1CCN(c2cc3c(cc2F)c(=O)c(C(=O)O)cn3C2CC2)CC1)Nc1ccc(S(=O)(=O)Nc2cncc(Cl)n2)cc1,O=C(CCN1CCN(c2ccc3c(=O)ccn(C4CC4)c3c2)CC1)Nc1ccc(S(=O)(=O)Nc2cnccn2)cc1,670.123,3.5687000000000015,9,3,True,6.36
CHEMBL6103430,CC(C)C(=O)Oc1c2c(c(C(=O)C(C)C)c3c1[C@@H](C(C)C)C1=C(O3)C(C)(C)C(=O)C(C)(C)C1=O)OC1=C(C(=O)C(C)(C)C(=O)C1(C)C)[C@H]2C(C)C,6.32,IC50,480.0,CHEMBL3038508,S. aureus complex,TopoIV,CC(C)C(=O)Oc1c2c(c(C(=O)C(C)C)c3c1[C@@H](C(C)C)C1=C(O3)C(C)(C)C(=O)C(C)(C)C1=O)OC1=C(C(=O)C(C)(C)C(=O)C1(C)C)[C@H]2C(C)C,O=C1CC(=O)C2=C(C1)Oc1cc3c(cc1C2)CC1=C(CC(=O)CC1=O)O3,702.8850000000001,8.267300000000008,9,0,True,6.32
CHEMBL2424833,COc1ccc2ncc(F)c([C@@H](O)[C@H](O)[C@@H]3CC[C@@H](NCc4ccc5c(n4)NC(=O)CS5)CO3)c2n1,6.3,IC50,500.0,CHEMBL3038508,S. aureus complex,TopoIV,COc1ccc2ncc(F)c([C@@H](O)[C@H](O)[C@@H]3CC[C@@H](NCc4ccc5c(n4)NC(=O)CS5)CO3)c2n1,O=C1CSc2ccc(CNC3CCC(CCc4ccnc5cccnc45)OC3)nc2N1,515.5670000000002,1.9484,10,4,True,6.3
CHEMBL2424891,COc1cnc2cccc([C@@H](O)[C@H](O)[C@@H]3CC[C@@H](NCc4ccc5c(n4)NC(=O)CS5)CO3)c2c1,6.3,IC50,500.0,CHEMBL3038508,S. aureus complex,TopoIV,COc1cnc2cccc([C@@H](O)[C@H](O)[C@@H]3CC[C@@H](NCc4ccc5c(n4)NC(=O)CS5)CO3)c2c1,O=C1CSc2ccc(CNC3CCC(CCc4cccc5ncccc45)OC3)nc2N1,496.5890000000003,2.4143,9,4,True,6.3
CHEMBL2424890,COc1ccc2cccc([C@@H](O)[C@H](O)[C@@H]3CC[C@@H](NCc4ccc5c(n4)NC(=O)CS5)CO3)c2n1,6.3,IC50,500.0,CHEMBL3038508,S. aureus complex,TopoIV,COc1ccc2cccc([C@@H](O)[C@H](O)[C@@H]3CC[C@@H](NCc4ccc5c(n4)NC(=O)CS5)CO3)c2n1,O=C1CSc2ccc(CNC3CCC(CCc4cccc5cccnc45)OC3)nc2N1,496.5890000000003,2.4143,9,4,True,6.3
CHEMBL2424885,COc1ccc2nccc([C@@H](O)[C@H](O)[C@@H]3CC[C@@H](NCc4ccc5c(n4)NC(=O)CS5)CO3)c2n1,6.3,IC50,500.0,CHEMBL3038508,S. aureus complex,TopoIV,COc1ccc2nccc([C@@H](O)[C@H](O)[C@@H]3CC[C@@H](NCc4ccc5c(n4)NC(=O)CS5)CO3)c2n1,O=C1CSc2ccc(CNC3CCC(CCc4ccnc5cccnc45)OC3)nc2N1,497.5770000000003,1.8092999999999997,10,4,True,6.3
CHEMBL2424883,COc1ccc2nccc(CC[C@@H]3CC[C@@H](NCc4ccc5c(n4)NC(=O)CS5)CO3)c2n1,6.3,IC50,500.0,CHEMBL3038508,S. aureus complex,TopoIV,COc1ccc2nccc(CC[C@@H]3CC[C@@H](NCc4ccc5c(n4)NC(=O)CS5)CO3)c2n1,O=C1CSc2ccc(CNC3CCC(CCc4ccnc5cccnc45)OC3)nc2N1,465.5790000000002,3.3476000000000017,8,2,True,6.3
CHEMBL5267495,C=C1CC[C@@H](O[C@H]2C[C@@](O)([C@H](C)NC(=O)c3[nH]c(C)c(Cl)c3Cl)[C@H](O)[C@@H](C)O2)[C@@H]2CC[C@H](C)[C@H](/C(O)=C3\C(=O)[C@H](C(C)C)N([C@@H]4O[C@@H](C)[C@@H](OC(N)=O)[C@@H](OC(C)=O)[C@H]4OC)C3=O)[C@@H]12,6.3,IC50,500.0,CHEMBL3038508,S. aureus complex,TopoIV,C=C1CC[C@@H](O[C@H]2C[C@@](O)([C@H](C)NC(=O)c3[nH]c(C)c(Cl)c3Cl)[C@H](O)[C@@H](C)O2)[C@@H]2CC[C@H](C)[C@H](/C(O)=C3\C(=O)[C@H](C(C)C)N([C@@H]4O[C@@H](C)[C@@H](OC(N)=O)[C@@H](OC(C)=O)[C@H]4OC)C3=O)[C@@H]12,C=C1CCC(OC2CC(CNC(=O)c3ccc[nH]3)CCO2)C2CCCC(C=C3C(=O)CN(C4CCCCO4)C3=O)C12,941.9000000000001,4.3922200000000045,14,6,True,6.3
CHEMBL5200272,O=c1ccc2ncc(F)c3c2n1CC3C[C@H]1OC[C@H](NCc2ccc3c(c2)OCCO3)CO1,6.27,IC50,540.0,CHEMBL3038508,S. aureus complex,TopoIV,O=c1ccc2ncc(F)c3c2n1CC3C[C@H]1OC[C@H](NCc2ccc3c(c2)OCCO3)CO1,O=c1ccc2nccc3c2n1CC3CC1OCC(NCc2ccc3c(c2)OCCO3)CO1,453.4700000000003,2.3254,7,1,True,6.27
CHEMBL6102411,CC(C)C(=O)c1c2c(c(OCCN3C(=O)c4ccccc4C3=O)c3c1OC1=C(C(=O)C(C)(C)C(=O)C1(C)C)[C@@H]3C(C)C)[C@H](C(C)C)C1=C(O2)C(C)(C)C(=O)C(C)(C)C1=O,6.27,IC50,540.0,CHEMBL3038508,S. aureus complex,TopoIV,CC(C)C(=O)c1c2c(c(OCCN3C(=O)c4ccccc4C3=O)c3c1OC1=C(C(=O)C(C)(C)C(=O)C1(C)C)[C@@H]3C(C)C)[C@H](C(C)C)C1=C(O2)C(C)(C)C(=O)C(C)(C)C1=O,O=C1CC(=O)C2=C(C1)Oc1cc3c(c(OCCN4C(=O)c5ccccc5C4=O)c1C2)CC1=C(CC(=O)CC1=O)O3,805.965,8.380900000000008,10,0,True,6.27
CHEMBL8,O=C(O)c1cn(C2CC2)c2cc(N3CCNCC3)c(F)cc2c1=O,6.26,IC50,550.0,CHEMBL3038508,S. aureus complex,TopoIV,O=C(O)c1cn(C2CC2)c2cc(N3CCNCC3)c(F)cc2c1=O,O=c1ccn(C2CC2)c2cc(N3CCNCC3)ccc12,331.34700000000004,1.5833,4,2,True,6.26
CHEMBL6083136,CC(C)C(=O)c1c2c(c(O)c3c1OC1=C(C(=O)C(C)(C)C(=O)C1(C)C)[C@@H]3C(C)C)[C@@H](C(C)C)C1=C(O2)C(C)(C)C(=O)C(C)(C)C1=O,6.26,IC50,550.0,CHEMBL3038508,S. aureus complex,TopoIV,CC(C)C(=O)c1c2c(c(O)c3c1OC1=C(C(=O)C(C)(C)C(=O)C1(C)C)[C@@H]3C(C)C)[C@@H](C(C)C)C1=C(O2)C(C)(C)C(=O)C(C)(C)C1=O,O=C1CC(=O)C2=C(C1)Oc1cc3c(cc1C2)CC1=C(CC(=O)CC1=O)O3,632.7940000000001,7.411500000000008,8,1,True,6.26
CHEMBL6148317,CC(C)C(=O)c1c2c(c(OCc3ccc([N+](=O)[O-])cc3)c3c1OC1=C(C(=O)C(C)(C)C(=O)C1(C)C)[C@@H]3C(C)C)[C@H](C(C)C)C1=C(O2)C(C)(C)C(=O)C(C)(C)C1=O,6.25,IC50,560.0,CHEMBL3038508,S. aureus complex,TopoIV,CC(C)C(=O)c1c2c(c(OCc3ccc([N+](=O)[O-])cc3)c3c1OC1=C(C(=O)C(C)(C)C(=O)C1(C)C)[C@@H]3C(C)C)[C@H](C(C)C)C1=C(O2)C(C)(C)C(=O)C(C)(C)C1=O,O=C1CC(=O)C2=C(C1)Oc1cc3c(c(OCc4ccccc4)c1C2)CC1=C(CC(=O)CC1=O)O3,767.9159999999999,9.193100000000001,10,0,True,6.25
CHEMBL5394250,COc1ccc2nccc(OC[C@@H]3CC[C@@H](NC(=O)c4cc(F)c(Cl)c(F)c4)CO3)c2n1,6.24,IC50,579.0,CHEMBL3038508,S. aureus complex,TopoIV,COc1ccc2nccc(OC[C@@H]3CC[C@@H](NC(=O)c4cc(F)c(Cl)c(F)c4)CO3)c2n1,O=C(NC1CCC(COc2ccnc3cccnc23)OC1)c1ccccc1,463.86800000000017,3.926400000000002,6,1,True,6.24
CHEMBL6103138,CC(C)C(=O)c1c2c(c(OCC3CC3)c3c1OC1=C(C(=O)C(C)(C)C(=O)C1(C)C)[C@@H]3C(C)C)[C@H](C(C)C)C1=C(O2)C(C)(C)C(=O)C(C)(C)C1=O,6.24,IC50,580.0,CHEMBL3038508,S. aureus complex,TopoIV,CC(C)C(=O)c1c2c(c(OCC3CC3)c3c1OC1=C(C(=O)C(C)(C)C(=O)C1(C)C)[C@@H]3C(C)C)[C@H](C(C)C)C1=C(O2)C(C)(C)C(=O)C(C)(C)C1=O,O=C1CC(=O)C2=C(C1)Oc1cc3c(c(OCC4CC4)c1C2)CC1=C(CC(=O)CC1=O)O3,686.8860000000001,8.494700000000005,8,0,True,6.24
CHEMBL3317856,O=c1ccc2ncc(=O)n3c2n1C[C@H]3CN1CCC(NCc2cc3c(cn2)OCCC3)CC1,6.22,IC50,600.0,CHEMBL3038508,S. aureus complex,TopoIV,O=c1ccc2ncc(=O)n3c2n1C[C@H]3CN1CCC(NCc2cc3c(cn2)OCCC3)CC1,O=c1ccc2ncc(=O)n3c2n1CC3CN1CCC(NCc2cc3c(cn2)OCCC3)CC1,448.5270000000003,1.0870999999999995,7,1,True,6.22
CHEMBL4850745,COc1ccc2ncc(F)c(C(O)C[C@H]3OC[C@H](NCc4ccc(Cl)c(Cl)c4)CO3)c2n1,6.22,IC50,600.0,CHEMBL3038508,S. aureus complex,TopoIV,COc1ccc2ncc(F)c(C(O)C[C@H]3OC[C@H](NCc4ccc(Cl)c(Cl)c4)CO3)c2n1,c1ccc(CNC2COC(CCc3ccnc4cccnc34)OC2)cc1,482.33900000000017,4.039100000000003,7,2,True,6.22
CHEMBL5092701,NS(=O)(=O)c1ccc(NC(=O)CCN2CCN(c3cc4c(cc3F)c(=O)c(C(=O)O)cn4C3CC3)CC2)cc1,6.22,IC50,600.0,CHEMBL3038508,S. aureus complex,TopoIV,NS(=O)(=O)c1ccc(NC(=O)CCN2CCN(c3cc4c(cc3F)c(=O)c(C(=O)O)cn4C3CC3)CC2)cc1,O=C(CCN1CCN(c2ccc3c(=O)ccn(C4CC4)c3c2)CC1)Nc1ccccc1,557.6040000000002,1.9719,7,3,True,6.22
CHEMBL5201666,O=c1ccc2ccc(F)c3c2n1CC3C[C@H]1OC[C@H](NCc2ccc3c(c2)OCCO3)CO1,6.22,IC50,600.0,CHEMBL3038508,S. aureus complex,TopoIV,O=c1ccc2ccc(F)c3c2n1CC3C[C@H]1OC[C@H](NCc2ccc3c(c2)OCCO3)CO1,O=c1ccc2cccc3c2n1CC3CC1OCC(NCc2ccc3c(c2)OCCO3)CO1,452.48200000000026,2.9304000000000006,6,1,True,6.22
CHEMBL5084320,NC(N)=NS(=O)(=O)c1ccc(/N=N/N2CCN(c3cc4c(cc3F)c(=O)c(C(=O)O)cn4C3CC3)CC2)cc1,6.19,IC50,640.0,CHEMBL3038508,S. aureus complex,TopoIV,NC(N)=NS(=O)(=O)c1ccc(/N=N/N2CCN(c3cc4c(cc3F)c(=O)c(C(=O)O)cn4C3CC3)CC2)cc1,O=c1ccn(C2CC2)c2cc(N3CCN(N=Nc4ccccc4)CC3)ccc12,556.5800000000002,1.9567000000000005,7,3,True,6.19
CHEMBL4752072,Cc1[nH]c(C(=O)Nc2ccc(C(=O)N[C@@H](C)C(=O)O)cc2OC2CCNCC2)c(Cl)c1Cl.Cl,6.16,IC50,690.0,CHEMBL3038508,S. aureus complex,TopoIV,Cc1[nH]c(C(=O)Nc2ccc(C(=O)N[C@@H](C)C(=O)O)cc2OC2CCNCC2)c(Cl)c1Cl.Cl,O=C(Nc1ccccc1OC1CCNCC1)c1ccc[nH]1,519.8130000000003,3.637720000000002,5,5,True,6.16
CHEMBL4759626,COc1ccc2nccc(CC[C@H]3OC[C@H](NC(=O)c4ccc5c(c4)NC(=O)CS5)CO3)c2c1,6.16,IC50,700.0,CHEMBL3038508,S. aureus complex,TopoIV,COc1ccc2nccc(CC[C@H]3OC[C@H](NC(=O)c4ccc5c(c4)NC(=O)CS5)CO3)c2c1,O=C1CSc2ccc(C(=O)NC3COC(CCc4ccnc5ccccc45)OC3)cc2N1,479.5580000000002,3.391700000000002,7,2,True,6.16
CHEMBL5590170,COc1ccc2ncc(F)c(CCN3CCC(NCc4ccc(C)cc4)CC3)c2n1,6.16,IC50,690.0,CHEMBL3038508,S. aureus complex,TopoIV,COc1ccc2ncc(F)c(CCN3CCC(NCc4ccc(C)cc4)CC3)c2n1,c1ccc(CNC2CCN(CCc3ccnc4cccnc34)CC2)cc1,408.5210000000002,3.882620000000003,5,1,True,6.16
CHEMBL4544202,O=C(CCN1CCN(c2nccc3ccc(F)cc23)CC1)Nc1cc(=O)oc2ccccc12,6.16,IC50,700.0,CHEMBL1895,E. coli ParC,TopoIV,O=C(CCN1CCN(c2nccc3ccc(F)cc23)CC1)Nc1cc(=O)oc2ccccc12,O=C(CCN1CCN(c2nccc3ccccc23)CC1)Nc1cc(=O)oc2ccccc12,446.48200000000026,3.6311000000000018,6,1,True,6.16
CHEMBL3235085,CCNC(=O)Nc1cc(-c2nc(C(F)(F)F)cs2)c(-c2cncc(C(=O)O)c2)cn1,6.16,IC50,700.0,CHEMBL3329081,E. coli ParE,TopoIV,CCNC(=O)Nc1cc(-c2nc(C(F)(F)F)cs2)c(-c2cncc(C(=O)O)c2)cn1,c1cncc(-c2cnccc2-c2nccs2)c1,437.4030000000001,4.125500000000003,6,3,True,6.16
CHEMBL4864750,COc1ccc2nccc(CCN3CCC(NCc4ccc(I)c(F)c4F)CC3)c2n1,6.14,IC50,725.0,CHEMBL3038508,S. aureus complex,TopoIV,COc1ccc2nccc(CCN3CCC(NCc4ccc(I)c(F)c4F)CC3)c2n1,c1ccc(CNC2CCN(CCc3ccnc4cccnc34)CC2)cc1,538.38,4.317900000000003,5,1,True,6.14
CHEMBL6078734,CC(C)C(=O)c1c2c(c(OCCN(C)C)c3c1OC1=C(C(=O)C(C)(C)C(=O)C1(C)C)[C@@H]3C(C)C)[C@H](C(C)C)C1=C(O2)C(C)(C)C(=O)C(C)(C)C1=O,6.12,IC50,750.0,CHEMBL3038508,S. aureus complex,TopoIV,CC(C)C(=O)c1c2c(c(OCCN(C)C)c3c1OC1=C(C(=O)C(C)(C)C(=O)C1(C)C)[C@@H]3C(C)C)[C@H](C(C)C)C1=C(O2)C(C)(C)C(=O)C(C)(C)C1=O,O=C1CC(=O)C2=C(C1)Oc1cc3c(cc1C2)CC1=C(CC(=O)CC1=O)O3,703.917,7.64630000000001,9,0,True,6.12
CHEMBL5421348,COc1ccc2nccc(OC[C@@H]3CC[C@@H](NC(=O)c4ccc(I)c(F)c4)CO3)c2n1,6.11,IC50,783.0,CHEMBL3038508,S. aureus complex,TopoIV,COc1ccc2nccc(OC[C@@H]3CC[C@@H](NC(=O)c4ccc(I)c(F)c4)CO3)c2n1,O=C(NC1CCC(COc2ccnc3cccnc23)OC1)c1ccccc1,537.3290000000001,3.738500000000002,6,1,True,6.11
CHEMBL3329318,CCNC(=O)Nc1cc(Nc2cccc(O)c2)c(C(=O)Nc2cccnc2)cn1,6.11,IC50,780.0,CHEMBL3329081,E. coli ParE,TopoIV,CCNC(=O)Nc1cc(Nc2cccc(O)c2)c(C(=O)Nc2cccnc2)cn1,O=C(Nc1cccnc1)c1cnccc1Nc1ccccc1,392.4190000000001,3.3195000000000006,6,5,True,6.11
CHEMBL6143113,CC(C)[C@@H]1C2=C(Oc3cc4c(c(O)c31)[C@@H](C(C)C)C1=C(O4)C(C)(C)C(=O)C(C)(C)C1=O)C(C)(C)C(=O)C(C)(C)C2=O,6.1,IC50,800.0,CHEMBL3038508,S. aureus complex,TopoIV,CC(C)[C@@H]1C2=C(Oc3cc4c(c(O)c31)[C@@H](C(C)C)C1=C(O4)C(C)(C)C(=O)C(C)(C)C1=O)C(C)(C)C(=O)C(C)(C)C2=O,O=C1CC(=O)C2=C(C1)Oc1cc3c(cc1C2)CC1=C(CC(=O)CC1=O)O3,562.7030000000003,6.572800000000006,7,1,True,6.1
CHEMBL6133271,COc1c2c(c(C(=O)C(C)C)c3c1[C@@H](C(C)C)C1=C(O3)C(C)(C)C(=O)C(C)(C)C1=O)OC1=C(C(=O)C(C)(C)C(=O)C1(C)C)[C@H]2C(C)C,6.09,IC50,820.0,CHEMBL3038508,S. aureus complex,TopoIV,COc1c2c(c(C(=O)C(C)C)c3c1[C@@H](C(C)C)C1=C(O3)C(C)(C)C(=O)C(C)(C)C1=O)OC1=C(C(=O)C(C)(C)C(=O)C1(C)C)[C@H]2C(C)C,O=C1CC(=O)C2=C(C1)Oc1cc3c(cc1C2)CC1=C(CC(=O)CC1=O)O3,646.8210000000003,7.714500000000009,8,0,True,6.09
CHEMBL6142687,CC(C)C(=O)c1c2c(c(OCC3CO3)c3c1OC1=C(C(=O)C(C)(C)C(=O)C1(C)C)[C@@H]3C(C)C)[C@H](C(C)C)C1=C(O2)C(C)(C)C(=O)C(C)(C)C1=O,6.09,IC50,810.0,CHEMBL3038508,S. aureus complex,TopoIV,CC(C)C(=O)c1c2c(c(OCC3CO3)c3c1OC1=C(C(=O)C(C)(C)C(=O)C1(C)C)[C@@H]3C(C)C)[C@H](C(C)C)C1=C(O2)C(C)(C)C(=O)C(C)(C)C1=O,O=C1CC(=O)C2=C(C1)Oc1cc3c(c(OCC4CO4)c1C2)CC1=C(CC(=O)CC1=O)O3,688.8580000000001,7.483500000000009,9,0,True,6.09
CHEMBL4785583,Cc1[nH]c(C(=O)Nc2ccc(C(=O)N[C@@H](C)C(=O)O)cc2OC2CCN(C(=O)OC(C)(C)C)CC2)c(Cl)c1Cl,6.08,IC50,830.0,CHEMBL3038508,S. aureus complex,TopoIV,Cc1[nH]c(C(=O)Nc2ccc(C(=O)N[C@@H](C)C(=O)O)cc2OC2CCN(C(=O)OC(C)(C)C)CC2)c(Cl)c1Cl,O=C(Nc1ccccc1OC1CCNCC1)c1ccc[nH]1,583.4690000000004,4.863420000000003,6,4,True,6.08
CHEMBL4851183,COc1ccc2ccc(F)c(C[C@H](O)[C@H]3OC[C@H](NCc4cc5c(cn4)OCCO5)CO3)c2n1,6.06,IC50,870.0,CHEMBL3038508,S. aureus complex,TopoIV,COc1ccc2ccc(F)c(C[C@H](O)[C@H]3OC[C@H](NCc4cc5c(cn4)OCCO5)CO3)c2n1,c1cnc2c(CCC3OCC(NCc4cc5c(cn4)OCCO5)CO3)cccc2c1,471.4850000000003,1.9833999999999998,9,2,True,6.06
CHEMBL4755744,COc1ccc2nccc(CC[C@H]3OC[C@H](NC(=O)c4ccc5c(c4)NC(=O)CO5)CO3)c2c1,6.05,IC50,890.0,CHEMBL3038508,S. aureus complex,TopoIV,COc1ccc2nccc(CC[C@H]3OC[C@H](NC(=O)c4ccc5c(c4)NC(=O)CO5)CO3)c2c1,O=C1COc2ccc(C(=O)NC3COC(CCc4ccnc5ccccc45)OC3)cc2N1,463.49000000000024,2.678400000000001,7,2,True,6.05
CHEMBL6143167,CC(C)C(=O)c1c2c(c(O)c3c1OC1=C(C(=O)C(C)(C)C(=O)C1(C)C)[C@H]3C(C)C)[C@H](C(C)C)C1=C(O2)C(C)(C)C(=O)C(C)(C)C1=O,6.05,IC50,900.0,CHEMBL3038508,S. aureus complex,TopoIV,CC(C)C(=O)c1c2c(c(O)c3c1OC1=C(C(=O)C(C)(C)C(=O)C1(C)C)[C@H]3C(C)C)[C@H](C(C)C)C1=C(O2)C(C)(C)C(=O)C(C)(C)C1=O,O=C1CC(=O)C2=C(C1)Oc1cc3c(cc1C2)CC1=C(CC(=O)CC1=O)O3,632.7940000000001,7.411500000000008,8,1,True,6.05
CHEMBL6161976,N#Cc1ccc2ccc(=O)n(CCN3CCC(NCc4ccc5c(c4)OCCO5)CC3)c2c1,6.05,IC50,900.0,CHEMBL3038508,S. aureus complex,TopoIV,N#Cc1ccc2ccc(=O)n(CCN3CCC(NCc4ccc5c(c4)OCCO5)CC3)c2c1,O=c1ccc2ccccc2n1CCN1CCC(NCc2ccc3c(c2)OCCO3)CC1,444.5350000000003,2.898580000000001,6,1,True,6.05
CHEMBL4441397,O=c1cc(N[C@H]2C[C@@H](N3CCN(c4nccc5ccccc45)CC3)C2)c2ccccc2o1,6.05,IC50,900.0,CHEMBL1895,E. coli ParC,TopoIV,O=c1cc(N[C@H]2C[C@@H](N3CCN(c4nccc5ccccc45)CC3)C2)c2ccccc2o1,O=c1cc(NC2CC(N3CCN(c4nccc5ccccc45)CC3)C2)c2ccccc2o1,426.52000000000027,4.106300000000004,6,1,True,6.05
CHEMBL4569403,COc1ccc2ccnc(N3CCN(CCCNc4cc(=O)oc5ccccc45)CC3)c2c1,6.05,IC50,900.0,CHEMBL1895,E. coli ParC,TopoIV,COc1ccc2ccnc(N3CCN(CCCNc4cc(=O)oc5ccccc45)CC3)c2c1,O=c1cc(NCCCN2CCN(c3nccc4ccccc34)CC2)c2ccccc2o1,444.5350000000002,3.974000000000003,7,1,True,6.05
CHEMBL4792173,Cc1[nH]c(C(=O)Nc2ccc3nc(NC(=O)C(=O)O)sc3c2)c(Cl)c1Cl,6.04,IC50,910.0,CHEMBL3038508,S. aureus complex,TopoIV,Cc1[nH]c(C(=O)Nc2ccc3nc(NC(=O)C(=O)O)sc3c2)c(Cl)c1Cl,O=C(Nc1ccc2ncsc2c1)c1ccc[nH]1,413.2420000000001,3.5150200000000007,5,4,True,6.04
CHEMBL3329317,CCNC(=O)Nc1cc(Nc2ccc(O)cc2)c(C(=O)Nc2cccnc2)cn1,6.03,IC50,940.0,CHEMBL3329081,E. coli ParE,TopoIV,CCNC(=O)Nc1cc(Nc2ccc(O)cc2)c(C(=O)Nc2cccnc2)cn1,O=C(Nc1cccnc1)c1cnccc1Nc1ccccc1,392.4190000000001,3.3195000000000006,6,5,True,6.03
CHEMBL4795890,Cc1[nH]c(C(=O)Nc2ccc(C(=O)N[C@H](C)C(=O)O)cc2OC2CCNCC2)c(Cl)c1Cl.Cl,6.02,IC50,960.0,CHEMBL3038508,S. aureus complex,TopoIV,Cc1[nH]c(C(=O)Nc2ccc(C(=O)N[C@H](C)C(=O)O)cc2OC2CCNCC2)c(Cl)c1Cl.Cl,O=C(Nc1ccccc1OC1CCNCC1)c1ccc[nH]1,519.8130000000003,3.637720000000002,5,5,True,6.02
CHEMBL4848487,COc1ccc2ccc(F)c(C[C@H](O)[C@H]3OC[C@H](NCc4ccc5c(n4)NC(=O)CO5)CO3)c2n1,6.0,IC50,990.0,CHEMBL3038508,S. aureus complex,TopoIV,COc1ccc2ccc(F)c(C[C@H](O)[C@H]3OC[C@H](NCc4ccc5c(n4)NC(=O)CO5)CO3)c2n1,O=C1COc2ccc(CNC3COC(CCc4cccc5cccnc45)OC3)nc2N1,484.48400000000026,1.5431000000000001,9,3,True,6.0
CHEMBL4862136,COc1ccc2nccc(CCN3CCC(NCc4ccc(Cl)c(F)c4)CC3)c2n1,5.99,IC50,1023.0,CHEMBL3038508,S. aureus complex,TopoIV,COc1ccc2nccc(CCN3CCC(NCc4ccc(Cl)c(F)c4)CC3)c2n1,c1ccc(CNC2CCN(CCc3ccnc4cccnc34)CC2)cc1,428.9390000000001,4.227600000000003,5,1,True,5.99
CHEMBL4869986,COc1ccc2ncc(F)c(C[C@H](O)[C@H]3OC[C@H](NCc4ccc(Cl)c(Cl)c4)CO3)c2n1,5.96,IC50,1100.0,CHEMBL3038508,S. aureus complex,TopoIV,COc1ccc2ncc(F)c(C[C@H](O)[C@H]3OC[C@H](NCc4ccc(Cl)c(Cl)c4)CO3)c2n1,c1ccc(CNC2COC(CCc3ccnc4cccnc34)OC2)cc1,482.33900000000017,3.519000000000001,7,2,True,5.96
CHEMBL5177294,COc1ccc2ncc(F)c(C[C@H](O)[C@H]3OC[C@H](NC(=O)c4ccc5c(n4)NC(=O)CO5)CO3)c2n1,5.96,IC50,1100.0,CHEMBL3038508,S. aureus complex,TopoIV,COc1ccc2ncc(F)c(C[C@H](O)[C@H]3OC[C@H](NC(=O)c4ccc5c(n4)NC(=O)CO5)CO3)c2n1,O=C1COc2ccc(C(=O)NC3COC(CCc4ccnc5cccnc45)OC3)nc2N1,499.45500000000027,0.5782999999999995,10,3,True,5.96
CHEMBL6092059,CCOc1c2c(c(C(=O)C(C)C)c3c1[C@@H](C(C)C)C1=C(O3)C(C)(C)C(=O)C(C)(C)C1=O)OC1=C(C(=O)C(C)(C)C(=O)C1(C)C)[C@H]2C(C)C,5.96,IC50,1100.0,CHEMBL3038508,S. aureus complex,TopoIV,CCOc1c2c(c(C(=O)C(C)C)c3c1[C@@H](C(C)C)C1=C(O3)C(C)(C)C(=O)C(C)(C)C1=O)OC1=C(C(=O)C(C)(C)C(=O)C1(C)C)[C@H]2C(C)C,O=C1CC(=O)C2=C(C1)Oc1cc3c(cc1C2)CC1=C(CC(=O)CC1=O)O3,660.8480000000002,8.10460000000001,8,0,True,5.96
CHEMBL4536608,O=c1cc(NC[C@H](O)CN2CCN(c3nccc4ccc(F)cc34)CC2)c2ccccc2o1,5.96,IC50,1100.0,CHEMBL1895,E. coli ParC,TopoIV,O=c1cc(NC[C@H](O)CN2CCN(c3nccc4ccc(F)cc34)CC2)c2ccccc2o1,O=c1cc(NCCCN2CCN(c3nccc4ccccc34)CC2)c2ccccc2o1,448.4980000000002,3.075300000000002,7,2,True,5.96
CHEMBL5087899,CC(C(=O)Nc1ccc(S(=O)(=O)Nc2cnc3ccccc3n2)cc1)N1CCN(c2cc3c(cc2F)c(=O)c(C(=O)O)cn3C2CC2)CC1,5.92,IC50,1210.0,CHEMBL3038508,S. aureus complex,TopoIV,CC(C(=O)Nc1ccc(S(=O)(=O)Nc2cnc3ccccc3n2)cc1)N1CCN(c2cc3c(cc2F)c(=O)c(C(=O)O)cn3C2CC2)CC1,O=C(CN1CCN(c2ccc3c(=O)ccn(C4CC4)c3c2)CC1)Nc1ccc(S(=O)(=O)Nc2cnc3ccccc3n2)cc1,685.7379999999999,4.066900000000003,9,3,True,5.92
CHEMBL6134347,CC(C)C(=O)c1c2c(c(OCCO)c3c1OC1=C(C(=O)C(C)(C)C(=O)C1(C)C)[C@@H]3C(C)C)[C@H](C(C)C)C1=C(O2)C(C)(C)C(=O)C(C)(C)C1=O,5.92,IC50,1200.0,CHEMBL3038508,S. aureus complex,TopoIV,CC(C)C(=O)c1c2c(c(OCCO)c3c1OC1=C(C(=O)C(C)(C)C(=O)C1(C)C)[C@@H]3C(C)C)[C@H](C(C)C)C1=C(O2)C(C)(C)C(=O)C(C)(C)C1=O,O=C1CC(=O)C2=C(C1)Oc1cc3c(cc1C2)CC1=C(CC(=O)CC1=O)O3,676.8470000000001,7.077000000000009,9,1,True,5.92
CHEMBL4567626,O=c1cc(NCCCN2CCN(c3nccc4ccccc34)CC2)c2cc(Cl)ccc2o1,5.92,IC50,1200.0,CHEMBL1895,E. coli ParC,TopoIV,O=c1cc(NCCCN2CCN(c3nccc4ccccc34)CC2)c2cc(Cl)ccc2o1,O=c1cc(NCCCN2CCN(c3nccc4ccccc34)CC2)c2ccccc2o1,448.95400000000024,4.618800000000004,6,1,True,5.92
CHEMBL4862951,COc1ccc2nccc(CCN3CCC(NCc4ccc(Br)c(F)c4F)CC3)c2n1,5.91,IC50,1238.0,CHEMBL3038508,S. aureus complex,TopoIV,COc1ccc2nccc(CCN3CCC(NCc4ccc(Br)c(F)c4F)CC3)c2n1,c1ccc(CNC2CCN(CCc3ccnc4cccnc34)CC2)cc1,491.3800000000001,4.475800000000004,5,1,True,5.91
CHEMBL4867350,COc1ccc2ncc(F)c(C[C@H](O)[C@H]3OC[C@H](NCc4ccc5c(n4)NC(=O)CO5)CO3)c2c1,5.89,IC50,1300.0,CHEMBL3038508,S. aureus complex,TopoIV,COc1ccc2ncc(F)c(C[C@H](O)[C@H]3OC[C@H](NCc4ccc5c(n4)NC(=O)CO5)CO3)c2c1,O=C1COc2ccc(CNC3COC(CCc4ccnc5ccccc45)OC3)nc2N1,484.48400000000026,1.5430999999999995,9,3,True,5.89
CHEMBL4875838,COc1ccc2ncc(F)c(C[C@H](O)[C@H]3OC[C@H](NCc4ccc(Cl)c(Cl)c4)CO3)c2c1,5.89,IC50,1300.0,CHEMBL3038508,S. aureus complex,TopoIV,COc1ccc2ncc(F)c(C[C@H](O)[C@H]3OC[C@H](NCc4ccc(Cl)c(Cl)c4)CO3)c2c1,c1ccc(CNC2COC(CCc3ccnc4ccccc34)OC2)cc1,481.35100000000017,4.124000000000002,6,2,True,5.89
CHEMBL4865826,COc1ccc2ncc(F)c(C[C@H](O)[C@H]3OC[C@H](NCc4cc5c(cn4)OCCO5)CO3)c2n1,5.89,IC50,1300.0,CHEMBL3038508,S. aureus complex,TopoIV,COc1ccc2ncc(F)c(C[C@H](O)[C@H]3OC[C@H](NCc4cc5c(cn4)OCCO5)CO3)c2n1,c1cnc2c(CCC3OCC(NCc4cc5c(cn4)OCCO5)CO3)ccnc2c1,472.4730000000003,1.3783999999999994,10,2,True,5.89
CHEMBL4874489,COc1ccc2ncc(F)c(C[C@H](O)[C@H]3OC[C@H](NCc4cc5c(cn4)OCCC5)CO3)c2n1,5.89,IC50,1300.0,CHEMBL3038508,S. aureus complex,TopoIV,COc1ccc2ncc(F)c(C[C@H](O)[C@H]3OC[C@H](NCc4cc5c(cn4)OCCC5)CO3)c2n1,c1cnc2c(CCC3OCC(NCc4cc5c(cn4)OCCC5)CO3)ccnc2c1,470.5010000000003,1.9321999999999997,9,2,True,5.89
CHEMBL5197372,O=C1COc2ccc(CN[C@H]3CO[C@H](CC4Cn5c(=O)ccc6ccc(F)c4c65)OC3)nc2N1,5.89,IC50,1300.0,CHEMBL3038508,S. aureus complex,TopoIV,O=C1COc2ccc(CN[C@H]3CO[C@H](CC4Cn5c(=O)ccc6ccc(F)c4c65)OC3)nc2N1,O=C1COc2ccc(CNC3COC(CC4Cn5c(=O)ccc6cccc4c65)OC3)nc2N1,466.46900000000016,1.8850999999999989,7,2,True,5.89
CHEMBL6152473,N#Cc1ccc2ccc(=O)n(CCN3CCC(NCc4ccc5c(c4)NC(=O)CO5)CC3)c2c1,5.89,IC50,1300.0,CHEMBL3038508,S. aureus complex,TopoIV,N#Cc1ccc2ccc(=O)n(CCN3CCC(NCc4ccc5c(c4)NC(=O)CO5)CC3)c2c1,O=C1COc2ccc(CNC3CCN(CCn4c(=O)ccc5ccccc54)CC3)cc2N1,457.5340000000003,2.4582800000000002,6,2,True,5.89
CHEMBL4465361,O=c1cc(NC[C@@H](O)CN2CCN(c3nccc4ccc(F)cc34)CC2)c2ccccc2o1,5.89,IC50,1300.0,CHEMBL1895,E. coli ParC,TopoIV,O=c1cc(NC[C@@H](O)CN2CCN(c3nccc4ccc(F)cc34)CC2)c2ccccc2o1,O=c1cc(NCCCN2CCN(c3nccc4ccccc34)CC2)c2ccccc2o1,448.4980000000002,3.075300000000002,7,2,True,5.89
CHEMBL4467826,O=c1cc(NCCCN2CCN(c3nccc4ccccc34)CC2)c2cc(F)ccc2o1,5.89,IC50,1300.0,CHEMBL1895,E. coli ParC,TopoIV,O=c1cc(NCCCN2CCN(c3nccc4ccccc34)CC2)c2cc(F)ccc2o1,O=c1cc(NCCCN2CCN(c3nccc4ccccc34)CC2)c2ccccc2o1,432.49900000000025,4.1045000000000025,6,1,True,5.89
CHEMBL5183589,O=C1COc2ccc(CN[C@H]3CO[C@H](CC4Cn5c(=O)ccc6ncc(F)c4c65)OC3)nc2N1,5.85,IC50,1400.0,CHEMBL3038508,S. aureus complex,TopoIV,O=C1COc2ccc(CN[C@H]3CO[C@H](CC4Cn5c(=O)ccc6ncc(F)c4c65)OC3)nc2N1,O=C1COc2ccc(CNC3COC(CC4Cn5c(=O)ccc6nccc4c65)OC3)nc2N1,467.45700000000016,1.2800999999999991,8,2,True,5.85
CHEMBL4847289,COc1ccc2ncc(F)c(C(O)C[C@H]3OC[C@H](NCc4ccc5c(n4)NC(=O)CS5)CO3)c2c1,5.82,IC50,1500.0,CHEMBL3038508,S. aureus complex,TopoIV,COc1ccc2ncc(F)c(C(O)C[C@H]3OC[C@H](NCc4ccc5c(n4)NC(=O)CS5)CO3)c2c1,O=C1CSc2ccc(CNC3COC(CCc4ccnc5ccccc45)OC3)nc2N1,500.55200000000025,2.7765000000000004,9,3,True,5.82
CHEMBL6096590,CCOC(CCCOc1c2c(c(C(=O)C(C)C)c3c1[C@@H](C(C)C)C1=C(O3)C(C)(C)C(=O)C(C)(C)C1=O)OC1=C(C(=O)C(C)(C)C(=O)C1(C)C)[C@H]2C(C)C)OCC,5.82,IC50,1500.0,CHEMBL3038508,S. aureus complex,TopoIV,CCOC(CCCOc1c2c(c(C(=O)C(C)C)c3c1[C@@H](C(C)C)C1=C(O3)C(C)(C)C(=O)C(C)(C)C1=O)OC1=C(C(=O)C(C)(C)C(=O)C1(C)C)[C@H]2C(C)C)OCC,O=C1CC(=O)C2=C(C1)Oc1cc3c(cc1C2)CC1=C(CC(=O)CC1=O)O3,777.008,9.264000000000003,10,0,True,5.82
CHEMBL5428752,COc1ccc2nccc(C(O)C[C@H]3CC[C@H](NCc4cc(F)c(Br)c(F)c4)CC3)c2n1,5.81,IC50,1557.0,CHEMBL3038508,S. aureus complex,TopoIV,COc1ccc2nccc(C(O)C[C@H]3CC[C@H](NCc4cc(F)c(Br)c(F)c4)CC3)c2n1,c1ccc(CNC2CCC(CCc3ccnc4cccnc34)CC2)cc1,506.3910000000002,5.4512000000000045,5,2,True,5.81
CHEMBL4792402,CC(=O)Nc1ccc2nc(NC(=O)c3[nH]c(C)c(Cl)c3Cl)sc2c1,5.8,IC50,1600.0,CHEMBL3038508,S. aureus complex,TopoIV,CC(=O)Nc1ccc2nc(NC(=O)c3[nH]c(C)c(Cl)c3Cl)sc2c1,O=C(Nc1nc2ccccc2s1)c1ccc[nH]1,383.26000000000005,4.450320000000001,4,3,True,5.8
CHEMBL5190565,O=c1ccc2ncc(F)c3c2n1CC3C[C@H]1OC[C@H](NCc2cc3c(cn2)OCCC3)CO1,5.8,IC50,1600.0,CHEMBL3038508,S. aureus complex,TopoIV,O=c1ccc2ncc(F)c3c2n1CC3C[C@H]1OC[C@H](NCc2cc3c(cn2)OCCC3)CO1,O=c1ccc2nccc3c2n1CC3CC1OCC(NCc2cc3c(cn2)OCCC3)CO1,452.48600000000033,2.2742000000000004,7,1,True,5.8
CHEMBL6144635,CC(C)Oc1c2c(c(C(=O)C(C)C)c3c1[C@@H](C(C)C)C1=C(O3)C(C)(C)C(=O)C(C)(C)C1=O)OC1=C(C(=O)C(C)(C)C(=O)C1(C)C)[C@H]2C(C)C,5.8,IC50,1600.0,CHEMBL3038508,S. aureus complex,TopoIV,CC(C)Oc1c2c(c(C(=O)C(C)C)c3c1[C@@H](C(C)C)C1=C(O3)C(C)(C)C(=O)C(C)(C)C1=O)OC1=C(C(=O)C(C)(C)C(=O)C1(C)C)[C@H]2C(C)C,O=C1CC(=O)C2=C(C1)Oc1cc3c(cc1C2)CC1=C(CC(=O)CC1=O)O3,674.8750000000002,8.493100000000005,8,0,True,5.8
CHEMBL6103462,CC(C)CCOc1c2c(c(C(=O)C(C)C)c3c1[C@@H](C(C)C)C1=C(O3)C(C)(C)C(=O)C(C)(C)C1=O)OC1=C(C(=O)C(C)(C)C(=O)C1(C)C)[C@H]2C(C)C,5.8,IC50,1600.0,CHEMBL3038508,S. aureus complex,TopoIV,CC(C)CCOc1c2c(c(C(=O)C(C)C)c3c1[C@@H](C(C)C)C1=C(O3)C(C)(C)C(=O)C(C)(C)C1=O)OC1=C(C(=O)C(C)(C)C(=O)C1(C)C)[C@H]2C(C)C,O=C1CC(=O)C2=C(C1)Oc1cc3c(cc1C2)CC1=C(CC(=O)CC1=O)O3,702.9290000000002,9.130800000000002,8,0,True,5.8
CHEMBL6134684,CC(C)C(=O)c1c2c(c(OCc3ccccc3)c3c1OC1=C(C(=O)C(C)(C)C(=O)C1(C)C)[C@@H]3C(C)C)[C@H](C(C)C)C1=C(O2)C(C)(C)C(=O)C(C)(C)C1=O,5.8,IC50,1600.0,CHEMBL3038508,S. aureus complex,TopoIV,CC(C)C(=O)c1c2c(c(OCc3ccccc3)c3c1OC1=C(C(=O)C(C)(C)C(=O)C1(C)C)[C@@H]3C(C)C)[C@H](C(C)C)C1=C(O2)C(C)(C)C(=O)C(C)(C)C1=O,O=C1CC(=O)C2=C(C1)Oc1cc3c(c(OCc4ccccc4)c1C2)CC1=C(CC(=O)CC1=O)O3,722.9190000000001,9.2849,8,0,True,5.8
CHEMBL5171625,COc1ccc2ncc(F)c(C[C@H](O)[C@H]3OC[C@H](NC(=O)c4ccc5c(c4)OCCO5)CO3)c2n1,5.77,IC50,1700.0,CHEMBL3038508,S. aureus complex,TopoIV,COc1ccc2ncc(F)c(C[C@H](O)[C@H]3OC[C@H](NC(=O)c4ccc5c(c4)OCCO5)CO3)c2n1,O=C(NC1COC(CCc2ccnc3cccnc23)OC1)c1ccc2c(c1)OCCO2,485.4680000000003,1.6236,9,2,True,5.77
CHEMBL6096580,CC(C)C(=O)c1c2c(c(OCCC3OCCO3)c3c1OC1=C(C(=O)C(C)(C)C(=O)C1(C)C)[C@@H]3C(C)C)[C@H](C(C)C)C1=C(O2)C(C)(C)C(=O)C(C)(C)C1=O,5.77,IC50,1700.0,CHEMBL3038508,S. aureus complex,TopoIV,CC(C)C(=O)c1c2c(c(OCCC3OCCO3)c3c1OC1=C(C(=O)C(C)(C)C(=O)C1(C)C)[C@@H]3C(C)C)[C@H](C(C)C)C1=C(O2)C(C)(C)C(=O)C(C)(C)C1=O,O=C1CC(=O)C2=C(C1)Oc1cc3c(c(OCCC4OCCO4)c1C2)CC1=C(CC(=O)CC1=O)O3,732.9110000000001,7.8477000000000094,10,0,True,5.77
CHEMBL6091845,CC(C)C(=O)c1c2c(c(OCCCc3ccccc3)c3c1OC1=C(C(=O)C(C)(C)C(=O)C1(C)C)[C@@H]3C(C)C)[C@H](C(C)C)C1=C(O2)C(C)(C)C(=O)C(C)(C)C1=O,5.77,IC50,1700.0,CHEMBL3038508,S. aureus complex,TopoIV,CC(C)C(=O)c1c2c(c(OCCCc3ccccc3)c3c1OC1=C(C(=O)C(C)(C)C(=O)C1(C)C)[C@@H]3C(C)C)[C@H](C(C)C)C1=C(O2)C(C)(C)C(=O)C(C)(C)C1=O,O=C1CC(=O)C2=C(C1)Oc1cc3c(c(OCCCc4ccccc4)c1C2)CC1=C(CC(=O)CC1=O)O3,750.9730000000001,9.717499999999998,8,0,True,5.77
CHEMBL4554663,N#Cc1ccc2ccnc(N3CCN(CCCNc4cc(=O)oc5ccccc45)CC3)c2c1,5.77,IC50,1700.0,CHEMBL1895,E. coli ParC,TopoIV,N#Cc1ccc2ccnc(N3CCN(CCCNc4cc(=O)oc5ccccc45)CC3)c2c1,O=c1cc(NCCCN2CCN(c3nccc4ccccc34)CC2)c2ccccc2o1,439.5190000000002,3.837080000000002,7,1,True,5.77
CHEMBL4445613,O=c1cc(NCCCN2CCN(c3nccc4ccc(F)cc34)CC2)c2ccccc2o1,5.77,IC50,1700.0,CHEMBL1895,E. coli ParC,TopoIV,O=c1cc(NCCCN2CCN(c3nccc4ccc(F)cc34)CC2)c2ccccc2o1,O=c1cc(NCCCN2CCN(c3nccc4ccccc34)CC2)c2ccccc2o1,432.49900000000025,4.104500000000003,6,1,True,5.77
CHEMBL5093987,O=C(CCN1CCN(c2cc3c(cc2F)c(=O)c(C(=O)O)cn3C2CC2)CC1)Nc1ccc(S(=O)(=O)Nc2ncccn2)cc1,5.75,IC50,1800.0,CHEMBL3038508,S. aureus complex,TopoIV,O=C(CCN1CCN(c2cc3c(cc2F)c(=O)c(C(=O)O)cn3C2CC2)CC1)Nc1ccc(S(=O)(=O)Nc2ncccn2)cc1,O=C(CCN1CCN(c2ccc3c(=O)ccn(C4CC4)c3c2)CC1)Nc1ccc(S(=O)(=O)Nc2ncccn2)cc1,635.6780000000001,2.9153000000000002,9,3,True,5.75
CHEMBL5176331,COc1ccc2ncc(F)c(/C=C/CN3CCN(CCSc4cccs4)C[C@@H]3C(=O)O)c2c1,5.74,IC50,1810.0,CHEMBL3038508,S. aureus complex,TopoIV,COc1ccc2ncc(F)c(/C=C/CN3CCN(CCSc4cccs4)C[C@@H]3C(=O)O)c2c1,C(=Cc1ccnc2ccccc12)CN1CCN(CCSc2cccs2)CC1,487.62200000000024,4.320300000000003,7,1,True,5.74
CHEMBL4866999,COc1ccc2nccc(CCN3CCC(NCc4cc(F)c(Br)cc4F)CC3)c2n1,5.72,IC50,1882.0,CHEMBL3038508,S. aureus complex,TopoIV,COc1ccc2nccc(CCN3CCC(NCc4cc(F)c(Br)cc4F)CC3)c2n1,c1ccc(CNC2CCN(CCc3ccnc4cccnc34)CC2)cc1,491.3800000000001,4.475800000000004,5,1,True,5.72
CHEMBL4537564,O=c1cc(NCCCN2CCN(c3nc(F)cc4ccccc34)CC2)c2ccccc2o1,5.72,IC50,1900.0,CHEMBL1895,E. coli ParC,TopoIV,O=c1cc(NCCCN2CCN(c3nc(F)cc4ccccc34)CC2)c2ccccc2o1,O=c1cc(NCCCN2CCN(c3nccc4ccccc34)CC2)c2ccccc2o1,432.4990000000002,4.104500000000003,6,1,True,5.72
CHEMBL2424836,COc1cnc2cccc([C@@H](O)[C@H](O)[C@@H]3CC[C@@H](NCc4ccc5c(n4)NC(=O)CS5)CO3)c2n1,5.7,IC50,2000.0,CHEMBL3038508,S. aureus complex,TopoIV,COc1cnc2cccc([C@@H](O)[C@H](O)[C@@H]3CC[C@@H](NCc4ccc5c(n4)NC(=O)CS5)CO3)c2n1,O=C1CSc2ccc(CNC3CCC(CCc4cccc5nccnc45)OC3)nc2N1,497.5770000000003,1.8092999999999997,10,4,True,5.7
CHEMBL2424892,COc1cnc2ccc(F)c([C@@H](O)[C@H](O)[C@@H]3CC[C@@H](NCc4ccc5c(n4)NC(=O)CS5)CO3)c2n1,5.7,IC50,2000.0,CHEMBL3038508,S. aureus complex,TopoIV,COc1cnc2ccc(F)c([C@@H](O)[C@H](O)[C@@H]3CC[C@@H](NCc4ccc5c(n4)NC(=O)CS5)CO3)c2n1,O=C1CSc2ccc(CNC3CCC(CCc4cccc5nccnc45)OC3)nc2N1,515.5670000000002,1.9484,10,4,True,5.7
CHEMBL2424881,COc1ccc2nccc(/C=C/[C@@H]3CC[C@@H](NCc4ccc5c(n4)NC(=O)CS5)CO3)c2n1,5.7,IC50,2000.0,CHEMBL3038508,S. aureus complex,TopoIV,COc1ccc2nccc(/C=C/[C@@H]3CC[C@@H](NCc4ccc5c(n4)NC(=O)CS5)CO3)c2n1,O=C1CSc2ccc(CNC3CCC(C=Cc4ccnc5cccnc45)OC3)nc2N1,463.5630000000002,3.4282000000000012,8,2,True,5.7
CHEMBL2424897,COc1ccc2nccc(NC(=O)[C@@H]3CC[C@@H](NCc4ccc5c(n4)NC(=O)CS5)CO3)c2n1,5.7,IC50,2000.0,CHEMBL3038508,S. aureus complex,TopoIV,COc1ccc2nccc(NC(=O)[C@@H]3CC[C@@H](NCc4ccc5c(n4)NC(=O)CS5)CO3)c2n1,O=C1CSc2ccc(CNC3CCC(C(=O)Nc4ccnc5cccnc45)OC3)nc2N1,480.5500000000003,2.3534999999999995,9,3,True,5.7
CHEMBL2424894,O=c1ccc2ccc(F)c3c2n1CC3CN1CCC(NCc2cc3c(cn2)OCCO3)CC1,5.7,IC50,2000.0,CHEMBL3038508,S. aureus complex,TopoIV,O=c1ccc2ccc(F)c3c2n1CC3CN1CCC(NCc2cc3c(cn2)OCCO3)CC1,O=c1ccc2cccc3c2n1CC3CN1CCC(NCc2cc3c(cn2)OCCO3)CC1,450.5140000000003,2.658200000000001,6,1,True,5.7
CHEMBL4448131,O=C1COc2ccc(N3C[C@H](CCCN[C@@H]4Cn5c(=O)ccc6ccc(F)c4c65)OC3=O)nc2N1,5.7,IC50,2000.0,CHEMBL3038508,S. aureus complex,TopoIV,O=C1COc2ccc(N3C[C@H](CCCN[C@@H]4Cn5c(=O)ccc6ccc(F)c4c65)OC3=O)nc2N1,O=C1COc2ccc(N3CC(CCCNC4Cn5c(=O)ccc6cccc4c65)OC3=O)nc2N1,479.4680000000002,2.3163999999999993,7,2,True,5.7
CHEMBL4286625,CCNC(=O)Nc1cc(-c2nc(C(F)(F)F)cs2)c(-c2cnc3cccnc3c2)cn1,5.7,IC50,2010.0,CHEMBL3329081,E. coli ParE,TopoIV,CCNC(=O)Nc1cc(-c2nc(C(F)(F)F)cs2)c(-c2cnc3cccnc3c2)cn1,c1cnc2cc(-c3cnccc3-c3nccs3)cnc2c1,444.44200000000006,4.975500000000004,6,2,True,5.7
CHEMBL5078898,O=C(CN1CCN(c2cc3c(cc2F)c(=O)c(C(=O)O)cn3C2CC2)CC1)Nc1ccc(S(=O)(=O)Nc2ncccn2)cc1,5.68,IC50,2080.0,CHEMBL3038508,S. aureus complex,TopoIV,O=C(CN1CCN(c2cc3c(cc2F)c(=O)c(C(=O)O)cn3C2CC2)CC1)Nc1ccc(S(=O)(=O)Nc2ncccn2)cc1,O=C(CN1CCN(c2ccc3c(=O)ccn(C4CC4)c3c2)CC1)Nc1ccc(S(=O)(=O)Nc2ncccn2)cc1,621.6510000000002,2.5252,9,3,True,5.68
CHEMBL5208691,O=C1CSc2ccc(CN[C@H]3CO[C@H](CC4Cn5c(=O)ccc6ncc(F)c4c65)OC3)nc2N1,5.68,IC50,2100.0,CHEMBL3038508,S. aureus complex,TopoIV,O=C1CSc2ccc(CN[C@H]3CO[C@H](CC4Cn5c(=O)ccc6ncc(F)c4c65)OC3)nc2N1,O=C1CSc2ccc(CNC3COC(CC4Cn5c(=O)ccc6nccc4c65)OC3)nc2N1,483.5250000000002,1.9933999999999996,8,2,True,5.68
CHEMBL4873185,COc1ccc2nccc(CCN3CCC(NCc4ccc(I)cc4)CC3)c2n1,5.67,IC50,2130.0,CHEMBL3038508,S. aureus complex,TopoIV,COc1ccc2nccc(CCN3CCC(NCc4ccc(I)cc4)CC3)c2n1,c1ccc(CNC2CCN(CCc3ccnc4cccnc34)CC2)cc1,502.4000000000001,4.039700000000003,5,1,True,5.67
CHEMBL4453182,Cc1c(NCCCN2CCN(c3nccc4ccc(F)cc34)CC2)c2ccccc2oc1=O,5.66,IC50,2200.0,CHEMBL1895,E. coli ParC,TopoIV,Cc1c(NCCCN2CCN(c3nccc4ccc(F)cc34)CC2)c2ccccc2oc1=O,O=c1cc(NCCCN2CCN(c3nccc4ccccc34)CC2)c2ccccc2o1,446.5260000000003,4.412920000000004,6,1,True,5.66
CHEMBL4877845,COc1ccc2ncc(F)c(C[C@H](O)[C@H]3OC[C@H](NCc4ccc5c(c4)OCCO5)CO3)c2c1,5.64,IC50,2300.0,CHEMBL3038508,S. aureus complex,TopoIV,COc1ccc2ncc(F)c(C[C@H](O)[C@H]3OC[C@H](NCc4ccc5c(c4)OCCO5)CO3)c2c1,c1ccc2c(CCC3OCC(NCc4ccc5c(c4)OCCO5)CO3)ccnc2c1,470.4970000000003,2.5884,8,2,True,5.64
CHEMBL4855186,COc1ccc2ccc(F)c(C[C@H](O)[C@H]3OC[C@H](NCc4ccc(Cl)c(Cl)c4)CO3)c2n1,5.64,IC50,2300.0,CHEMBL3038508,S. aureus complex,TopoIV,COc1ccc2ccc(F)c(C[C@H](O)[C@H]3OC[C@H](NCc4ccc(Cl)c(Cl)c4)CO3)c2n1,c1ccc(CNC2COC(CCc3cccc4cccnc34)OC2)cc1,481.3510000000002,4.124000000000003,6,2,True,5.64
CHEMBL5086519,O=C(CN1CCN(c2cc3c(cc2F)c(=O)c(C(=O)O)cn3C2CC2)CC1)Nc1ccc(S(=O)(=O)Nc2cncc(Cl)n2)cc1,5.64,IC50,2290.0,CHEMBL3038508,S. aureus complex,TopoIV,O=C(CN1CCN(c2cc3c(cc2F)c(=O)c(C(=O)O)cn3C2CC2)CC1)Nc1ccc(S(=O)(=O)Nc2cncc(Cl)n2)cc1,O=C(CN1CCN(c2ccc3c(=O)ccn(C4CC4)c3c2)CC1)Nc1ccc(S(=O)(=O)Nc2cnccn2)cc1,656.0960000000001,3.1786000000000003,9,3,True,5.64
CHEMBL5595242,COc1ccc2ncc(F)c(CCN3CCC(C(O)Cc4ccc(C)cc4)CC3)c2n1,5.64,IC50,2290.0,CHEMBL3038508,S. aureus complex,TopoIV,COc1ccc2ncc(F)c(CCN3CCC(C(O)Cc4ccc(C)cc4)CC3)c2n1,c1ccc(CCC2CCN(CCc3ccnc4cccnc34)CC2)cc1,423.5320000000002,3.9440200000000027,5,1,True,5.64
CHEMBL5178214,COc1ccc2ncc(F)c(CCCN3CCN(C/C=C/c4cc(F)ccc4F)C[C@@H]3C(=O)O)c2c1,5.62,IC50,2410.0,CHEMBL3038508,S. aureus complex,TopoIV,COc1ccc2ncc(F)c(CCCN3CCN(C/C=C/c4cc(F)ccc4F)C[C@@H]3C(=O)O)c2c1,C(=Cc1ccccc1)CN1CCN(CCCc2ccnc3ccccc23)CC1,499.5330000000002,4.377500000000003,5,1,True,5.62
CHEMBL4435611,COc1cc2ccccc2c(N2CCN(CCCNc3cc(=O)oc4ccccc34)CC2)n1,5.62,IC50,2400.0,CHEMBL1895,E. coli ParC,TopoIV,COc1cc2ccccc2c(N2CCN(CCCNc3cc(=O)oc4ccccc34)CC2)n1,O=c1cc(NCCCN2CCN(c3nccc4ccccc34)CC2)c2ccccc2o1,444.53500000000014,3.974000000000003,7,1,True,5.62
CHEMBL4570423,O=c1cc(NCCCN2CCN(c3nccc4ccc(Cl)cc34)CC2)c2ccccc2o1,5.62,IC50,2400.0,CHEMBL1895,E. coli ParC,TopoIV,O=c1cc(NCCCN2CCN(c3nccc4ccc(Cl)cc34)CC2)c2ccccc2o1,O=c1cc(NCCCN2CCN(c3nccc4ccccc34)CC2)c2ccccc2o1,448.95400000000024,4.618800000000004,6,1,True,5.62
CHEMBL5092628,NS(=O)(=O)c1ccc(/N=N/N2CCN(c3cc4c(cc3F)c(=O)c(C(=O)O)cn4C3CC3)CC2)cc1,5.61,IC50,2430.0,CHEMBL3038508,S. aureus complex,TopoIV,NS(=O)(=O)c1ccc(/N=N/N2CCN(c3cc4c(cc3F)c(=O)c(C(=O)O)cn4C3CC3)CC2)cc1,O=c1ccn(C2CC2)c2cc(N3CCN(N=Nc4ccccc4)CC3)ccc12,514.5390000000003,2.6420000000000012,7,2,True,5.61
CHEMBL5206355,COc1ccc2ncc(F)c(C#CCN3CCN(CCSc4cccs4)C[C@@H]3C(=O)O)c2c1,5.61,IC50,2470.0,CHEMBL3038508,S. aureus complex,TopoIV,COc1ccc2ncc(F)c(C#CCN3CCN(CCSc4cccs4)C[C@@H]3C(=O)O)c2c1,C(#Cc1ccnc2ccccc12)CN1CCN(CCSc2cccs2)CC1,485.6060000000002,3.6586000000000025,7,1,True,5.61
CHEMBL6102943,CC(C)[C@@H]1C2=C(Oc3cc4c(c(O)c31)[C@H](C(C)C)C1=C(O4)C(C)(C)C(=O)C(C)(C)C1=O)C(C)(C)C(=O)C(C)(C)C2=O,5.6,IC50,2500.0,CHEMBL3038508,S. aureus complex,TopoIV,CC(C)[C@@H]1C2=C(Oc3cc4c(c(O)c31)[C@H](C(C)C)C1=C(O4)C(C)(C)C(=O)C(C)(C)C1=O)C(C)(C)C(=O)C(C)(C)C2=O,O=C1CC(=O)C2=C(C1)Oc1cc3c(cc1C2)CC1=C(CC(=O)CC1=O)O3,562.7030000000003,6.572800000000006,7,1,True,5.6
CHEMBL6096617,CC(C)C(=O)c1c2c(c(OCCCCl)c3c1OC1=C(C(=O)C(C)(C)C(=O)C1(C)C)[C@@H]3C(C)C)[C@H](C(C)C)C1=C(O2)C(C)(C)C(=O)C(C)(C)C1=O,5.6,IC50,2500.0,CHEMBL3038508,S. aureus complex,TopoIV,CC(C)C(=O)c1c2c(c(OCCCCl)c3c1OC1=C(C(=O)C(C)(C)C(=O)C1(C)C)[C@@H]3C(C)C)[C@H](C(C)C)C1=C(O2)C(C)(C)C(=O)C(C)(C)C1=O,O=C1CC(=O)C2=C(C1)Oc1cc3c(cc1C2)CC1=C(CC(=O)CC1=O)O3,709.3199999999999,8.713600000000005,8,0,True,5.6
CHEMBL4438807,O=c1cc(CC(O)CCN2CCN(c3nccc4ccc(F)cc34)CC2)c2ccccc2o1,5.6,IC50,2500.0,CHEMBL1895,E. coli ParC,TopoIV,O=c1cc(CC(O)CCN2CCN(c3nccc4ccc(F)cc34)CC2)c2ccccc2o1,O=c1cc(CCCCN2CCN(c3nccc4ccccc34)CC2)c2ccccc2o1,447.5100000000002,3.596000000000002,6,1,True,5.6
CHEMBL5084570,Cc1cc(NS(=O)(=O)c2ccc(/N=N/N3CCN(c4cc5c(cc4F)c(=O)c(C(=O)O)cn5C4CC4)CC3)cc2)no1,5.59,IC50,2580.0,CHEMBL3038508,S. aureus complex,TopoIV,Cc1cc(NS(=O)(=O)c2ccc(/N=N/N3CCN(c4cc5c(cc4F)c(=O)c(C(=O)O)cn5C4CC4)CC3)cc2)no1,O=c1ccn(C2CC2)c2cc(N3CCN(N=Nc4ccc(S(=O)(=O)Nc5ccon5)cc4)CC3)ccc12,595.6130000000002,4.091820000000003,9,2,True,5.59
CHEMBL4848795,COc1ccc2ncc(F)c(C(O)C[C@H]3OC[C@H](NCc4ccc5c(n4)NC(=O)CO5)CO3)c2c1,5.58,IC50,2600.0,CHEMBL3038508,S. aureus complex,TopoIV,COc1ccc2ncc(F)c(C(O)C[C@H]3OC[C@H](NCc4ccc5c(n4)NC(=O)CO5)CO3)c2c1,O=C1COc2ccc(CNC3COC(CCc4ccnc5ccccc45)OC3)nc2N1,484.48400000000026,2.0631999999999997,9,3,True,5.58
CHEMBL4549719,O=c1cc(N[C@H]2C[C@H](N3CCN(c4nccc5ccccc45)CC3)C2)c2ccccc2o1,5.58,IC50,2600.0,CHEMBL1895,E. coli ParC,TopoIV,O=c1cc(N[C@H]2C[C@H](N3CCN(c4nccc5ccccc45)CC3)C2)c2ccccc2o1,O=c1cc(NC2CC(N3CCN(c4nccc5ccccc45)CC3)C2)c2ccccc2o1,426.52000000000027,4.106300000000004,6,1,True,5.58
CHEMBL4868523,COc1ccc2ncc(F)c(C[C@H](O)[C@H]3OC[C@H](NCc4ccc(C)cc4)CO3)c2n1,5.57,IC50,2700.0,CHEMBL3038508,S. aureus complex,TopoIV,COc1ccc2ncc(F)c(C[C@H](O)[C@H]3OC[C@H](NCc4ccc(C)cc4)CO3)c2n1,c1ccc(CNC2COC(CCc3ccnc4cccnc34)OC2)cc1,427.47600000000017,2.52062,7,2,True,5.57
CHEMBL6145459,CC(C)[C@H]1C2=C(Oc3cc4c(c(O)c31)[C@@H](C(C)C)C1=C(O4)C(C)(C)C(=O)C(C)(C)C1=O)C(C)(C)C(=O)C(C)(C)C2=O,5.57,IC50,2700.0,CHEMBL3038508,S. aureus complex,TopoIV,CC(C)[C@H]1C2=C(Oc3cc4c(c(O)c31)[C@@H](C(C)C)C1=C(O4)C(C)(C)C(=O)C(C)(C)C1=O)C(C)(C)C(=O)C(C)(C)C2=O,O=C1CC(=O)C2=C(C1)Oc1cc3c(cc1C2)CC1=C(CC(=O)CC1=O)O3,562.7030000000003,6.572800000000006,7,1,True,5.57
CHEMBL4859342,COc1ccc2ncc(F)c(C(O)C[C@H]3OC[C@H](NCc4ccc5c(n4)NC(=O)CS5)CO3)c2n1,5.55,IC50,2800.0,CHEMBL3038508,S. aureus complex,TopoIV,COc1ccc2ncc(F)c(C(O)C[C@H]3OC[C@H](NCc4ccc5c(n4)NC(=O)CS5)CO3)c2n1,O=C1CSc2ccc(CNC3COC(CCc4ccnc5cccnc45)OC3)nc2N1,501.54000000000025,2.1715,10,3,True,5.55
CHEMBL4537408,O=c1ccc2ncc(=O)n3c2n1CC3CN1CCC(NCc2cc3c(cn2)OCCC3)CC1,5.55,IC50,2800.0,CHEMBL3038508,S. aureus complex,TopoIV,O=c1ccc2ncc(=O)n3c2n1CC3CN1CCC(NCc2cc3c(cn2)OCCC3)CC1,O=c1ccc2ncc(=O)n3c2n1CC3CN1CCC(NCc2cc3c(cn2)OCCC3)CC1,448.5270000000003,1.0870999999999995,7,1,True,5.55
CHEMBL5195074,O=c1ccc2ccc(F)c3c2n1CC3C[C@H]1OC[C@H](NCc2cc3c(cn2)OCCC3)CO1,5.54,IC50,2900.0,CHEMBL3038508,S. aureus complex,TopoIV,O=c1ccc2ccc(F)c3c2n1CC3C[C@H]1OC[C@H](NCc2cc3c(cn2)OCCC3)CO1,O=c1ccc2cccc3c2n1CC3CC1OCC(NCc2cc3c(cn2)OCCC3)CO1,451.4980000000003,2.879200000000001,6,1,True,5.54
CHEMBL5402120,COc1ccc2nccc(OC[C@H]3CC[C@H](NCc4cc(F)c(Br)c(F)c4)CC3)c2n1,5.51,IC50,3118.0,CHEMBL3038508,S. aureus complex,TopoIV,COc1ccc2nccc(OC[C@H]3CC[C@H](NCc4cc(F)c(Br)c(F)c4)CC3)c2n1,c1ccc(CNC2CCC(COc3ccnc4cccnc34)CC2)cc1,492.36400000000015,5.406500000000005,5,1,True,5.51
CHEMBL4465692,Cc1cccc2oc(=O)cc(NCCCN3CCN(c4nccc5ccc(F)cc45)CC3)c12,5.51,IC50,3100.0,CHEMBL1895,E. coli ParC,TopoIV,Cc1cccc2oc(=O)cc(NCCCN3CCN(c4nccc5ccc(F)cc45)CC3)c12,O=c1cc(NCCCN2CCN(c3nccc4ccccc34)CC2)c2ccccc2o1,446.5260000000002,4.412920000000004,6,1,True,5.51
CHEMBL4854247,COc1ccc2ncc(F)c(C(O)C[C@H]3OC[C@H](NCc4ccc5c(c4)OCCO5)CO3)c2n1,5.5,IC50,3200.0,CHEMBL3038508,S. aureus complex,TopoIV,COc1ccc2ncc(F)c(C(O)C[C@H]3OC[C@H](NCc4ccc5c(c4)OCCO5)CO3)c2n1,c1cnc2c(CCC3OCC(NCc4ccc5c(c4)OCCO5)CO3)ccnc2c1,471.4850000000003,2.5035000000000007,9,2,True,5.5
CHEMBL4538428,O=c1cc(NCCCN2CCN(c3nc(Cl)cc4ccccc34)CC2)c2ccccc2o1,5.5,IC50,3200.0,CHEMBL1895,E. coli ParC,TopoIV,O=c1cc(NCCCN2CCN(c3nc(Cl)cc4ccccc34)CC2)c2ccccc2o1,O=c1cc(NCCCN2CCN(c3nccc4ccccc34)CC2)c2ccccc2o1,448.95400000000024,4.618800000000004,6,1,True,5.5
CHEMBL4527338,Cc1ccc2ccnc(N3CCN(CCCNc4cc(=O)oc5ccccc45)CC3)c2c1,5.42,IC50,3800.0,CHEMBL1895,E. coli ParC,TopoIV,Cc1ccc2ccnc(N3CCN(CCCNc4cc(=O)oc5ccccc45)CC3)c2c1,O=c1cc(NCCCN2CCN(c3nccc4ccccc34)CC2)c2ccccc2o1,428.5360000000002,4.273820000000003,6,1,True,5.42
CHEMBL4591085,N#Cc1cc2ccccc2c(N2CCN(CCCNc3cc(=O)oc4ccccc34)CC2)n1,5.41,IC50,3900.0,CHEMBL1895,E. coli ParC,TopoIV,N#Cc1cc2ccccc2c(N2CCN(CCCNc3cc(=O)oc4ccccc34)CC2)n1,O=c1cc(NCCCN2CCN(c3nccc4ccccc34)CC2)c2ccccc2o1,439.5190000000002,3.837080000000002,7,1,True,5.41
CHEMBL579300,O=c1cc(NC2CCN(CCCc3ccccc3)CC2)c2cc(Cl)ccc2o1,5.39,IC50,4100.0,CHEMBL1895,E. coli ParC,TopoIV,O=c1cc(NC2CCN(CCCc3ccccc3)CC2)c2cc(Cl)ccc2o1,O=c1cc(NC2CCN(CCCc3ccccc3)CC2)c2ccccc2o1,396.9180000000002,4.955500000000005,4,1,True,5.39
CHEMBL4538641,O=c1cc(NCCN2CCN(c3nccc4ccccc34)CC2)c2ccccc2o1,5.17,IC50,6700.0,CHEMBL1895,E. coli ParC,TopoIV,O=c1cc(NCCN2CCN(c3nccc4ccccc34)CC2)c2ccccc2o1,O=c1cc(NCCN2CCN(c3nccc4ccccc34)CC2)c2ccccc2o1,400.48200000000026,3.575300000000002,6,1,True,5.17
CHEMBL4557243,O=c1cc(NCCCN2CCN(c3nccc4ccc(F)cc34)CC2)c2c(o1)CCNC2,5.14,IC50,7300.0,CHEMBL1895,E. coli ParC,TopoIV,O=c1cc(NCCCN2CCN(c3nccc4ccc(F)cc34)CC2)c2c(o1)CCNC2,O=c1cc(NCCCN2CCN(c3nccc4ccccc34)CC2)c2c(o1)CCNC2,437.51900000000035,2.5969999999999995,7,2,True,5.14
CHEMBL4548671,O=c1cc(NCCCN2CCN(c3nccc4ccccc34)CC2)c2c(o1)CCCC2,5.11,IC50,7800.0,CHEMBL1895,E. coli ParC,TopoIV,O=c1cc(NCCCN2CCN(c3nccc4ccccc34)CC2)c2c(o1)CCCC2,O=c1cc(NCCCN2CCN(c3nccc4ccccc34)CC2)c2c(o1)CCCC2,418.5410000000004,3.6910000000000025,6,1,True,5.11
CHEMBL4575351,O=c1cc(NCCCN2CCN(c3nccc4ccc(F)cc34)CC2)c2c(o1)CCSC2,5.1,IC50,8000.0,CHEMBL1895,E. coli ParC,TopoIV,O=c1cc(NCCCN2CCN(c3nccc4ccc(F)cc34)CC2)c2c(o1)CCSC2,O=c1cc(NCCCN2CCN(c3nccc4ccccc34)CC2)c2c(o1)CCSC2,454.57100000000037,3.7406000000000024,7,1,True,5.1
CHEMBL4583024,CN(C)c1ccc2ccnc(N3CCN(CCCNc4cc(=O)oc5ccccc45)CC3)c2c1,5.06,IC50,8800.0,CHEMBL1895,E. coli ParC,TopoIV,CN(C)c1ccc2ccnc(N3CCN(CCCNc4cc(=O)oc5ccccc45)CC3)c2c1,O=c1cc(NCCCN2CCN(c3nccc4ccccc34)CC2)c2ccccc2o1,457.57800000000015,4.031400000000003,7,1,True,5.06
CHEMBL4531900,O=c1cc(NCCCN2CCN(c3nccc4ccccc34)CC2)c2ccccc2o1,5.0,IC50,10000.0,CHEMBL1895,E. coli ParC,TopoIV,O=c1cc(NCCCN2CCN(c3nccc4ccccc34)CC2)c2ccccc2o1,O=c1cc(NCCCN2CCN(c3nccc4ccccc34)CC2)c2ccccc2o1,414.50900000000024,3.9654000000000025,6,1,True,5.0
CHEMBL4530941,Cc1cc2ccccc2c(N2CCN(CCCNc3cc(=O)oc4ccccc34)CC2)n1,4.88,IC50,13100.0,CHEMBL1895,E. coli ParC,TopoIV,Cc1cc2ccccc2c(N2CCN(CCCNc3cc(=O)oc4ccccc34)CC2)n1,O=c1cc(NCCCN2CCN(c3nccc4ccccc34)CC2)c2ccccc2o1,428.5360000000002,4.273820000000003,6,1,True,4.88
CHEMBL4515683,O=c1cc(OCCCN2CCN(c3nccc4ccccc34)CC2)c2ccccc2o1,4.65,IC50,22600.0,CHEMBL1895,E. coli ParC,TopoIV,O=c1cc(OCCCN2CCN(c3nccc4ccccc34)CC2)c2ccccc2o1,O=c1cc(OCCCN2CCN(c3nccc4ccccc34)CC2)c2ccccc2o1,415.4930000000002,3.9323000000000032,6,0,True,4.65
CHEMBL4585210,CN(CCCN1CCN(c2nccc3ccccc23)CC1)c1cc(=O)oc2ccccc12,4.64,IC50,22900.0,CHEMBL1895,E. coli ParC,TopoIV,CN(CCCN1CCN(c2nccc3ccccc23)CC1)c1cc(=O)oc2ccccc12,O=c1cc(NCCCN2CCN(c3nccc4ccccc34)CC2)c2ccccc2o1,428.5360000000003,3.9897000000000027,6,0,True,4.64
CHEMBL4559061,O=C1CN(c2nccc3ccccc23)CCN1CCCNc1cc(=O)oc2ccccc12,4.54,IC50,28500.0,CHEMBL1895,E. coli ParC,TopoIV,O=C1CN(c2nccc3ccccc23)CCN1CCCNc1cc(=O)oc2ccccc12,O=C1CN(c2nccc3ccccc23)CCN1CCCNc1cc(=O)oc2ccccc12,428.49200000000013,3.4920000000000018,6,1,True,4.54
CHEMBL4451890,O=c1cc(NCCCN2CCN(c3nccc4ncccc34)CC2)c2ccccc2o1,4.53,IC50,29300.0,CHEMBL1895,E. coli ParC,TopoIV,O=c1cc(NCCCN2CCN(c3nccc4ncccc34)CC2)c2ccccc2o1,O=c1cc(NCCCN2CCN(c3nccc4ncccc34)CC2)c2ccccc2o1,415.49700000000024,3.360400000000001,7,1,True,4.53
CHEMBL3329319,CCNC(=O)Nc1cc(Nc2ccc(OC)cc2OC)c(C(=O)Nc2cccnc2)cn1,4.38,IC50,42000.0,CHEMBL3329081,E. coli ParE,TopoIV,CCNC(=O)Nc1cc(Nc2ccc(OC)cc2OC)c(C(=O)Nc2cccnc2)cn1,O=C(Nc1cccnc1)c1cnccc1Nc1ccccc1,436.47200000000015,3.6311000000000018,7,4,True,4.38
CHEMBL4476525,O=c1cc(NCCCN2CCN(c3nccc4ccc(F)cc34)CC2)c2c(o1)CCS(=O)(=O)C2,4.28,IC50,52500.0,CHEMBL1895,E. coli ParC,TopoIV,O=c1cc(NCCCN2CCN(c3nccc4ccc(F)cc34)CC2)c2c(o1)CCS(=O)(=O)C2,O=c1cc(NCCCN2CCN(c3nccc4ccccc34)CC2)c2c(o1)CCS(=O)(=O)C2,486.5690000000004,2.4222,8,1,True,4.28
CHEMBL4453061,O=c1cc(NCCCN2CCN(c3nccc4ccc(F)cc34)CC2)c2c(o1)CCOC2,4.23,IC50,59000.0,CHEMBL1895,E. coli ParC,TopoIV,O=c1cc(NCCCN2CCN(c3nccc4ccc(F)cc34)CC2)c2c(o1)CCOC2,O=c1cc(NCCCN2CCN(c3nccc4ccccc34)CC2)c2c(o1)CCOC2,438.5030000000004,3.024000000000001,7,1,True,4.23
